{
  "icao_code": "AAL",
  "iata_code": "AAL",
  "airline_shares": {
    "NAX": 0.3225806451612903,
    "SAS": 0.25806451612903225,
    "DTR": 0.12903225806451613,
    "THY": 0.12903225806451613,
    "NFA": 0.06451612903225806,
    "VLG": 0.06451612903225806,
    "FIN": 0.03225806451612903
  },
  "domestic_route_shares": {
    "BLL": 0.5555555555555556,
    "CPH": 0.4444444444444444
  },
  "international_route_shares": {
    "OSL": 0.22727272727272727,
    "IST": 0.13636363636363635,
    "SVG": 0.09090909090909091,
    "AGP": 0.09090909090909091,
    "ALC": 0.09090909090909091,
    "LGW": 0.09090909090909091,
    "PMI": 0.09090909090909091,
    "ARN": 0.09090909090909091,
    "BCN": 0.09090909090909091
  },
  "domestic_ratio": 0.29,
  "fleet_mix": {
    "NAX": {
      "B738": 0.8333333333333334,
      "AT76": 0.16666666666666666
    },
    "SAS": {
      "A319": 0.26666666666666666,
      "B738": 0.2,
      "A320": 0.13333333333333333,
      "CRJ9": 0.13333333333333333,
      "A321": 0.13333333333333333,
      "B737": 0.13333333333333333
    },
    "THY": {
      "A319": 0.5714285714285714,
      "B738": 0.42857142857142855
    },
    "VLG": {
      "A320": 1.0
    }
  },
  "hourly_profile": [],
  "delay_rate": 0.0,
  "delay_distribution": {},
  "mean_delay_minutes": 0.0,
  "data_source": "openflights",
  "region": "",
  "profile_date": "2026-03-21",
  "sample_size": 31
}