{
  "icao_code": "ABJ",
  "iata_code": "ABJ",
  "airline_shares": {
    "HLF": 0.20481927710843373,
    "ETH": 0.0963855421686747,
    "GRN": 0.07228915662650602,
    "DAT": 0.07228915662650602,
    "VBW": 0.060240963855421686,
    "SGG": 0.04819277108433735,
    "KQA": 0.04819277108433735,
    "MAI": 0.04819277108433735,
    "MEA": 0.04819277108433735,
    "AFR": 0.024096385542168676,
    "DAH": 0.024096385542168676,
    "RAM": 0.024096385542168676,
    "UAE": 0.024096385542168676,
    "MSR": 0.024096385542168676,
    "CRD": 0.024096385542168676,
    "HSA": 0.024096385542168676,
    "SAA": 0.024096385542168676,
    "CRL": 0.024096385542168676,
    "THY": 0.024096385542168676,
    "TAR": 0.024096385542168676,
    "WSS": 0.024096385542168676,
    "ACA": 0.012048192771084338
  },
  "domestic_route_shares": {},
  "international_route_shares": {
    "ACC": 0.18072289156626506,
    "OUA": 0.0963855421686747,
    "COO": 0.0963855421686747,
    "DKR": 0.07228915662650602,
    "LOS": 0.07228915662650602,
    "BKO": 0.060240963855421686,
    "LFW": 0.060240963855421686,
    "CKY": 0.04819277108433735,
    "BRU": 0.03614457831325301,
    "BOY": 0.024096385542168676,
    "CDG": 0.024096385542168676,
    "ALG": 0.024096385542168676,
    "CMN": 0.024096385542168676,
    "FNA": 0.024096385542168676,
    "ROB": 0.024096385542168676,
    "DLA": 0.024096385542168676,
    "LBV": 0.024096385542168676,
    "NBO": 0.024096385542168676,
    "ORY": 0.024096385542168676,
    "TUN": 0.024096385542168676,
    "IST": 0.012048192771084338
  },
  "domestic_ratio": 0.0,
  "fleet_mix": {
    "VBW": {
      "CRJ9": 0.6666666666666666,
      "E175": 0.3333333333333333
    },
    "ACA": {
      "A330": 1.0
    },
    "AFR": {
      "B777": 1.0
    },
    "DAH": {
      "B738": 1.0
    },
    "RAM": {
      "B738": 0.5,
      "B737": 0.5
    },
    "SGG": {
      "A320": 1.0
    },
    "UAE": {
      "B777": 1.0
    },
    "ETH": {
      "B752": 1.0
    },
    "HLF": {
      "A319": 0.5714285714285714,
      "E175": 0.42857142857142855
    },
    "KQA": {
      "B738": 1.0
    },
    "MAI": {
      "B737": 1.0
    },
    "MEA": {
      "A330": 1.0
    },
    "MSR": {
      "B738": 1.0
    },
    "CRD": {
      "B737": 1.0
    },
    "SAA": {
      "A330": 1.0
    },
    "DAT": {
      "A330": 1.0
    },
    "CRL": {
      "A330": 1.0
    },
    "THY": {
      "B739": 1.0
    },
    "TAR": {
      "A320": 1.0
    },
    "WSS": {
      "CRJ9": 1.0
    }
  },
  "hourly_profile": [],
  "delay_rate": 0.0,
  "delay_distribution": {},
  "mean_delay_minutes": 0.0,
  "data_source": "openflights",
  "region": "",
  "profile_date": "2026-03-21",
  "sample_size": 83
}