{
  "icao_code": "ABV",
  "iata_code": "ABV",
  "airline_shares": {
    "WSS": 0.6818181818181818,
    "AFR": 0.09090909090909091,
    "GEC": 0.09090909090909091,
    "BAW": 0.045454545454545456,
    "ETH": 0.045454545454545456,
    "MSR": 0.045454545454545456
  },
  "domestic_route_shares": {
    "PHC": 0.25,
    "ABB": 0.125,
    "ENU": 0.125,
    "ILR": 0.125,
    "KAN": 0.125,
    "LOS": 0.125,
    "SKO": 0.125
  },
  "international_route_shares": {
    "CDG": 0.07142857142857142,
    "LHR": 0.07142857142857142,
    "ADD": 0.07142857142857142,
    "FRA": 0.07142857142857142,
    "SSG": 0.07142857142857142,
    "CAI": 0.07142857142857142,
    "ACC": 0.07142857142857142,
    "BNI": 0.07142857142857142,
    "CBQ": 0.07142857142857142,
    "GMO": 0.07142857142857142,
    "IBA": 0.07142857142857142,
    "QOW": 0.07142857142857142,
    "QRW": 0.07142857142857142,
    "YOL": 0.07142857142857142
  },
  "domestic_ratio": 0.364,
  "fleet_mix": {
    "AFR": {
      "A330": 1.0
    },
    "BAW": {
      "B777": 1.0
    },
    "ETH": {
      "B777": 1.0
    },
    "MSR": {
      "B738": 1.0
    },
    "WSS": {
      "B737": 0.4090909090909091,
      "CRJ9": 0.3181818181818182,
      "DH8D": 0.22727272727272727,
      "B738": 0.045454545454545456
    }
  },
  "hourly_profile": [],
  "delay_rate": 0.0,
  "delay_distribution": {},
  "mean_delay_minutes": 0.0,
  "data_source": "openflights",
  "region": "",
  "profile_date": "2026-03-21",
  "sample_size": 44
}