{
  "icao_code": "ABZ",
  "iata_code": "ABZ",
  "airline_shares": {
    "EZE": 0.2903225806451613,
    "BYE": 0.1935483870967742,
    "BEE": 0.0967741935483871,
    "SAS": 0.0967741935483871,
    "EZY": 0.06451612903225806,
    "WIF": 0.06451612903225806,
    "AFR": 0.03225806451612903,
    "BAW": 0.03225806451612903,
    "BTI": 0.03225806451612903,
    "KLM": 0.03225806451612903,
    "GEC": 0.03225806451612903,
    "TSO": 0.03225806451612903
  },
  "domestic_route_shares": {
    "LHR": 0.18181818181818182,
    "MAN": 0.18181818181818182,
    "BHX": 0.09090909090909091,
    "BRS": 0.09090909090909091,
    "EMA": 0.09090909090909091,
    "LBA": 0.09090909090909091,
    "NCL": 0.09090909090909091,
    "LGW": 0.09090909090909091,
    "LTN": 0.09090909090909091
  },
  "international_route_shares": {
    "SVG": 0.15,
    "NWI": 0.1,
    "OSL": 0.1,
    "CDG": 0.05,
    "BHD": 0.05,
    "EBJ": 0.05,
    "KSU": 0.05,
    "RIX": 0.05,
    "AMS": 0.05,
    "FRA": 0.05,
    "CPH": 0.05,
    "HUY": 0.05,
    "MME": 0.05,
    "SYY": 0.05,
    "WIC": 0.05,
    "BGO": 0.05
  },
  "domestic_ratio": 0.355,
  "fleet_mix": {
    "AFR": {
      "E175": 1.0
    },
    "BAW": {
      "A321": 0.3333333333333333,
      "A320": 0.3333333333333333,
      "A319": 0.3333333333333333
    },
    "BEE": {
      "DH8D": 0.6,
      "E175": 0.4
    },
    "KLM": {
      "B737": 1.0
    },
    "SAS": {
      "CRJ9": 0.3333333333333333,
      "B738": 0.3333333333333333,
      "B737": 0.3333333333333333
    },
    "EZY": {
      "A319": 0.6666666666666666,
      "A320": 0.3333333333333333
    },
    "TSO": {
      "A330": 1.0
    },
    "WIF": {
      "DH8D": 1.0
    }
  },
  "hourly_profile": [],
  "delay_rate": 0.0,
  "delay_distribution": {},
  "mean_delay_minutes": 0.0,
  "data_source": "openflights",
  "region": "",
  "profile_date": "2026-03-21",
  "sample_size": 62
}