{
  "icao_code": "ACA",
  "iata_code": "ACA",
  "airline_shares": {
    "4O": 0.3076923076923077,
    "AMX": 0.15384615384615385,
    "VB": 0.15384615384615385,
    "TAO": 0.15384615384615385,
    "VOI": 0.15384615384615385,
    "DAL": 0.07692307692307693
  },
  "domestic_route_shares": {
    "MEX": 0.5384615384615384,
    "TLC": 0.15384615384615385,
    "MTY": 0.15384615384615385,
    "TIJ": 0.15384615384615385
  },
  "international_route_shares": {},
  "domestic_ratio": 1.0,
  "fleet_mix": {
    "4O": {
      "A320": 1.0
    },
    "AMX": {
      "E175": 0.6666666666666666,
      "B737": 0.3333333333333333
    },
    "DAL": {
      "B738": 1.0
    },
    "VOI": {
      "A319": 1.0
    }
  },
  "hourly_profile": [],
  "delay_rate": 0.0,
  "delay_distribution": {},
  "mean_delay_minutes": 0.0,
  "data_source": "openflights",
  "region": "",
  "profile_date": "2026-03-21",
  "sample_size": 13
}