{
  "icao_code": "ACC",
  "iata_code": "ACC",
  "airline_shares": {
    "KQA": 0.08247422680412371,
    "O4": 0.08247422680412371,
    "HSA": 0.08247422680412371,
    "WSS": 0.08247422680412371,
    "AYZ": 0.061855670103092786,
    "AWM": 0.061855670103092786,
    "DAL": 0.041237113402061855,
    "GRN": 0.041237113402061855,
    "UAE": 0.041237113402061855,
    "HLF": 0.041237113402061855,
    "MEA": 0.041237113402061855,
    "MSR": 0.041237113402061855,
    "SAA": 0.041237113402061855,
    "THY": 0.030927835051546393,
    "VBW": 0.020618556701030927,
    "SSV": 0.020618556701030927,
    "RAM": 0.020618556701030927,
    "AZA": 0.020618556701030927,
    "BAW": 0.020618556701030927,
    "ETH": 0.020618556701030927,
    "IBE": 0.020618556701030927,
    "KLM": 0.020618556701030927,
    "NMB": 0.020618556701030927,
    "TAP": 0.020618556701030927,
    "RWD": 0.020618556701030927
  },
  "domestic_route_shares": {
    "KMS": 0.5714285714285714,
    "TML": 0.42857142857142855
  },
  "international_route_shares": {
    "ABJ": 0.18072289156626506,
    "LOS": 0.10843373493975904,
    "ROB": 0.0963855421686747,
    "DKR": 0.07228915662650602,
    "FNA": 0.04819277108433735,
    "TKD": 0.04819277108433735,
    "OUA": 0.024096385542168676,
    "LHR": 0.024096385542168676,
    "JFK": 0.024096385542168676,
    "DXB": 0.024096385542168676,
    "ADD": 0.024096385542168676,
    "COO": 0.024096385542168676,
    "MAD": 0.024096385542168676,
    "AMS": 0.024096385542168676,
    "NBO": 0.024096385542168676,
    "BEY": 0.024096385542168676,
    "CAI": 0.024096385542168676,
    "NYI": 0.024096385542168676,
    "JNB": 0.024096385542168676,
    "WDH": 0.024096385542168676,
    "IST": 0.024096385542168676,
    "LIS": 0.024096385542168676,
    "ABV": 0.024096385542168676,
    "CMN": 0.012048192771084338,
    "LFW": 0.012048192771084338,
    "FCO": 0.012048192771084338
  },
  "domestic_ratio": 0.144,
  "fleet_mix": {
    "VBW": {
      "CRJ9": 1.0
    },
    "AYZ": {
      "A319": 1.0
    },
    "SSV": {
      "AT76": 1.0
    },
    "RAM": {
      "B738": 0.6666666666666666,
      "B737": 0.3333333333333333
    },
    "BAW": {
      "B744": 1.0
    },
    "UAE": {
      "B777": 1.0
    },
    "ETH": {
      "B738": 1.0
    },
    "HLF": {
      "E175": 0.5,
      "A319": 0.5
    },
    "IBE": {
      "A319": 1.0
    },
    "KQA": {
      "B738": 1.0
    },
    "MEA": {
      "A330": 1.0
    },
    "MSR": {
      "B738": 1.0
    },
    "SAA": {
      "A330": 1.0
    },
    "NMB": {
      "A319": 1.0
    },
    "THY": {
      "B739": 1.0
    },
    "TAP": {
      "A320": 1.0
    },
    "WSS": {
      "CRJ9": 0.4,
      "B737": 0.3,
      "B738": 0.3
    },
    "RWD": {
      "B738": 1.0
    }
  },
  "hourly_profile": [],
  "delay_rate": 0.0,
  "delay_distribution": {},
  "mean_delay_minutes": 0.0,
  "data_source": "openflights",
  "region": "",
  "profile_date": "2026-03-21",
  "sample_size": 97
}