{
  "icao_code": "ACE",
  "iata_code": "ACE",
  "airline_shares": {
    "RYR": 0.26976744186046514,
    "CFG": 0.08837209302325581,
    "BER": 0.07906976744186046,
    "TVF": 0.07441860465116279,
    "TCX": 0.06976744186046512,
    "EXS": 0.06511627906976744,
    "TOM": 0.06511627906976744,
    "MON": 0.05581395348837209,
    "AEA": 0.037209302325581395,
    "HLX": 0.027906976744186046,
    "EIN": 0.018604651162790697,
    "TRA": 0.018604651162790697,
    "IBB": 0.018604651162790697,
    "EZY": 0.018604651162790697,
    "VLG": 0.018604651162790697,
    "NLY": 0.013953488372093023,
    "LGL": 0.013953488372093023,
    "BAW": 0.009302325581395349,
    "NAX": 0.009302325581395349,
    "HMY": 0.009302325581395349,
    "TOS": 0.009302325581395349,
    "GMI": 0.009302325581395349
  },
  "domestic_route_shares": {
    "FUE": 0.17142857142857143,
    "LPA": 0.14285714285714285,
    "BCN": 0.11428571428571428,
    "MAD": 0.11428571428571428,
    "SCQ": 0.11428571428571428,
    "BIO": 0.11428571428571428,
    "SVQ": 0.05714285714285714,
    "ZAZ": 0.05714285714285714,
    "TFN": 0.05714285714285714,
    "OVD": 0.05714285714285714
  },
  "international_route_shares": {
    "LGW": 0.07777777777777778,
    "EMA": 0.06666666666666667,
    "MAN": 0.06666666666666667,
    "BHX": 0.05555555555555555,
    "GLA": 0.044444444444444446,
    "NCL": 0.044444444444444446,
    "LBA": 0.03333333333333333,
    "LTN": 0.03333333333333333,
    "STN": 0.03333333333333333,
    "DUS": 0.022222222222222223,
    "HAM": 0.022222222222222223,
    "LEJ": 0.022222222222222223,
    "MUC": 0.022222222222222223,
    "FRA": 0.022222222222222223,
    "HAJ": 0.022222222222222223,
    "STR": 0.022222222222222223,
    "DUB": 0.022222222222222223,
    "ORK": 0.022222222222222223,
    "BRS": 0.022222222222222223,
    "LPL": 0.022222222222222223,
    "BFS": 0.016666666666666666,
    "CGN": 0.011111111111111112,
    "TXL": 0.011111111111111112,
    "ZRH": 0.011111111111111112,
    "SZG": 0.011111111111111112,
    "VIE": 0.011111111111111112,
    "PAD": 0.011111111111111112,
    "SXF": 0.011111111111111112,
    "BGY": 0.011111111111111112,
    "BLQ": 0.011111111111111112,
    "BOH": 0.011111111111111112,
    "BVA": 0.011111111111111112,
    "CRL": 0.011111111111111112,
    "EDI": 0.011111111111111112,
    "EIN": 0.011111111111111112,
    "FKB": 0.011111111111111112,
    "HHN": 0.011111111111111112,
    "NOC": 0.011111111111111112,
    "NRN": 0.011111111111111112,
    "PIK": 0.011111111111111112,
    "SDR": 0.011111111111111112,
    "SNN": 0.011111111111111112,
    "AMS": 0.011111111111111112,
    "LUX": 0.011111111111111112,
    "BLK": 0.011111111111111112,
    "BRE": 0.011111111111111112,
    "BRU": 0.005555555555555556
  },
  "domestic_ratio": 0.163,
  "fleet_mix": {
    "BER": {
      "B738": 0.3333333333333333,
      "A321": 0.2857142857142857,
      "A320": 0.2857142857142857,
      "A330": 0.09523809523809523
    },
    "BAW": {
      "A320": 1.0
    },
    "NAX": {
      "B738": 1.0
    },
    "EIN": {
      "A320": 1.0
    },
    "RYR": {
      "B738": 1.0
    },
    "NLY": {
      "A321": 0.5,
      "A320": 0.5
    },
    "HMY": {
      "A320": 1.0
    },
    "TRA": {
      "B738": 1.0
    },
    "LGL": {
      "B738": 1.0
    },
    "EXS": {
      "B738": 0.5714285714285714,
      "B752": 0.42857142857142855
    },
    "IBB": {
      "AT76": 0.6666666666666666,
      "CRJ9": 0.3333333333333333
    },
    "GMI": {
      "A319": 1.0
    },
    "TCX": {
      "B752": 0.6666666666666666,
      "A321": 0.2222222222222222,
      "A320": 0.1111111111111111
    },
    "TVF": {
      "B738": 1.0
    },
    "TOM": {
      "B738": 1.0
    },
    "EZY": {
      "A320": 1.0
    },
    "AEA": {
      "B738": 0.6,
      "A330": 0.4
    },
    "VLG": {
      "A320": 1.0
    },
    "HLX": {
      "B738": 1.0
    },
    "MON": {
      "A321": 0.5555555555555556,
      "A320": 0.4444444444444444
    }
  },
  "hourly_profile": [],
  "delay_rate": 0.0,
  "delay_distribution": {},
  "mean_delay_minutes": 0.0,
  "data_source": "openflights",
  "region": "",
  "profile_date": "2026-03-21",
  "sample_size": 215
}