{
  "icao_code": "ADA",
  "iata_code": "ADA",
  "airline_shares": {
    "PGT": 0.4,
    "KKK": 0.2,
    "SXS": 0.13333333333333333,
    "OHY": 0.06666666666666667,
    "THY": 0.06666666666666667,
    "KNE": 0.06666666666666667,
    "OOM": 0.06666666666666667
  },
  "domestic_route_shares": {
    "IST": 0.375,
    "ADB": 0.25,
    "AYT": 0.25,
    "SAW": 0.125
  },
  "international_route_shares": {
    "EBL": 0.2857142857142857,
    "ECN": 0.2857142857142857,
    "TZX": 0.14285714285714285,
    "VAN": 0.14285714285714285,
    "JED": 0.14285714285714285
  },
  "domestic_ratio": 0.533,
  "fleet_mix": {
    "OHY": {
      "A320": 1.0
    },
    "KKK": {
      "A320": 1.0
    },
    "PGT": {
      "B738": 0.8571428571428571,
      "A320": 0.14285714285714285
    },
    "THY": {
      "A319": 0.2,
      "B738": 0.2,
      "A320": 0.2,
      "A321": 0.2,
      "B739": 0.2
    },
    "SXS": {
      "B738": 1.0
    },
    "KNE": {
      "A320": 1.0
    },
    "OOM": {
      "A321": 1.0
    }
  },
  "hourly_profile": [],
  "delay_rate": 0.0,
  "delay_distribution": {},
  "mean_delay_minutes": 0.0,
  "data_source": "openflights",
  "region": "",
  "profile_date": "2026-03-21",
  "sample_size": 30
}