{
  "icao_code": "ADB",
  "iata_code": "ADB",
  "airline_shares": {
    "SXS": 0.42748091603053434,
    "PGT": 0.33587786259541985,
    "THY": 0.04580152671755725,
    "TVF": 0.04580152671755725,
    "KKK": 0.030534351145038167,
    "TRA": 0.022900763358778626,
    "OHY": 0.015267175572519083,
    "EIN": 0.015267175572519083,
    "HMY": 0.015267175572519083,
    "LGL": 0.015267175572519083,
    "GEC": 0.015267175572519083,
    "EZY": 0.015267175572519083
  },
  "domestic_route_shares": {
    "IST": 0.22857142857142856,
    "SAW": 0.17142857142857143,
    "ADA": 0.11428571428571428,
    "ASR": 0.11428571428571428,
    "AYT": 0.11428571428571428,
    "GZT": 0.11428571428571428,
    "ESB": 0.05714285714285714,
    "GNY": 0.05714285714285714,
    "BJV": 0.02857142857142857
  },
  "international_route_shares": {
    "AMS": 0.0625,
    "CDG": 0.041666666666666664,
    "ECN": 0.041666666666666664,
    "MUC": 0.041666666666666664,
    "BSL": 0.041666666666666664,
    "DIY": 0.041666666666666664,
    "DUS": 0.041666666666666664,
    "STR": 0.041666666666666664,
    "TZX": 0.041666666666666664,
    "HAM": 0.041666666666666664,
    "LGW": 0.041666666666666664,
    "DUB": 0.020833333333333332,
    "LUX": 0.020833333333333332,
    "ATH": 0.020833333333333332,
    "BRU": 0.020833333333333332,
    "EZS": 0.020833333333333332,
    "HTY": 0.020833333333333332,
    "MQM": 0.020833333333333332,
    "STN": 0.020833333333333332,
    "VAS": 0.020833333333333332,
    "BHX": 0.020833333333333332,
    "MAN": 0.020833333333333332,
    "ARN": 0.020833333333333332,
    "BRE": 0.020833333333333332,
    "CGN": 0.020833333333333332,
    "CPH": 0.020833333333333332,
    "DTM": 0.020833333333333332,
    "FRA": 0.020833333333333332,
    "HAJ": 0.020833333333333332,
    "HEL": 0.020833333333333332,
    "LYS": 0.020833333333333332,
    "NTE": 0.020833333333333332,
    "SXB": 0.020833333333333332,
    "TXL": 0.020833333333333332,
    "VIE": 0.020833333333333332,
    "ZRH": 0.020833333333333332
  },
  "domestic_ratio": 0.267,
  "fleet_mix": {
    "OHY": {
      "A320": 1.0
    },
    "EIN": {
      "A320": 1.0
    },
    "HMY": {
      "A320": 1.0
    },
    "TRA": {
      "B738": 1.0
    },
    "KKK": {
      "A320": 1.0
    },
    "LGL": {
      "B738": 1.0
    },
    "GEC": {
      "A319": 0.3333333333333333,
      "A321": 0.3333333333333333,
      "A320": 0.3333333333333333
    },
    "PGT": {
      "B738": 0.9565217391304348,
      "A320": 0.043478260869565216
    },
    "THY": {
      "A320": 0.3333333333333333,
      "B738": 0.2222222222222222,
      "A319": 0.1111111111111111,
      "B739": 0.1111111111111111,
      "A321": 0.1111111111111111,
      "B777": 0.1111111111111111
    },
    "EZY": {
      "A320": 1.0
    },
    "SXS": {
      "B738": 1.0
    }
  },
  "hourly_profile": [],
  "delay_rate": 0.0,
  "delay_distribution": {},
  "mean_delay_minutes": 0.0,
  "data_source": "openflights",
  "region": "",
  "profile_date": "2026-03-21",
  "sample_size": 131
}