{
  "icao_code": "ADD",
  "iata_code": "ADD",
  "airline_shares": {
    "ETH": 0.7572254335260116,
    "MSR": 0.03468208092485549,
    "CCA": 0.023121387283236993,
    "KQA": 0.023121387283236993,
    "SVA": 0.023121387283236993,
    "UAE": 0.011560693641618497,
    "FDB": 0.011560693641618497,
    "GBA": 0.011560693641618497,
    "IYE": 0.011560693641618497,
    "KAC": 0.011560693641618497,
    "GEC": 0.011560693641618497,
    "OZR": 0.011560693641618497,
    "QTR": 0.011560693641618497,
    "SUD": 0.011560693641618497,
    "SQC": 0.011560693641618497,
    "THY": 0.011560693641618497,
    "OMA": 0.011560693641618497
  },
  "domestic_route_shares": {
    "DIR": 0.5,
    "JIJ": 0.5
  },
  "international_route_shares": {
    "DXB": 0.03550295857988166,
    "JED": 0.03550295857988166,
    "JIB": 0.03550295857988166,
    "NBO": 0.03550295857988166,
    "CAN": 0.023668639053254437,
    "PEK": 0.023668639053254437,
    "BKK": 0.023668639053254437,
    "CAI": 0.023668639053254437,
    "KRT": 0.023668639053254437,
    "KWI": 0.023668639053254437,
    "LAD": 0.023668639053254437,
    "MCT": 0.023668639053254437,
    "RUH": 0.023668639053254437,
    "ABV": 0.011834319526627219,
    "ACC": 0.011834319526627219,
    "AMH": 0.011834319526627219,
    "ASO": 0.011834319526627219,
    "AXU": 0.011834319526627219,
    "BEY": 0.011834319526627219,
    "BJR": 0.011834319526627219,
    "BKO": 0.011834319526627219,
    "BOM": 0.011834319526627219,
    "CDG": 0.011834319526627219,
    "COO": 0.011834319526627219,
    "DAR": 0.011834319526627219,
    "DEL": 0.011834319526627219,
    "DLA": 0.011834319526627219,
    "DMM": 0.011834319526627219,
    "EBB": 0.011834319526627219,
    "ENU": 0.011834319526627219,
    "FCO": 0.011834319526627219,
    "FRA": 0.011834319526627219,
    "GDQ": 0.011834319526627219,
    "GMB": 0.011834319526627219,
    "HGA": 0.011834319526627219,
    "HKG": 0.011834319526627219,
    "HRE": 0.011834319526627219,
    "JIM": 0.011834319526627219,
    "JNB": 0.011834319526627219,
    "JRO": 0.011834319526627219,
    "JUB": 0.011834319526627219,
    "KGL": 0.011834319526627219,
    "LBV": 0.011834319526627219,
    "LFW": 0.011834319526627219,
    "LHR": 0.011834319526627219,
    "LOS": 0.011834319526627219,
    "LUN": 0.011834319526627219,
    "MBA": 0.011834319526627219,
    "MPM": 0.011834319526627219,
    "MQX": 0.011834319526627219,
    "NDJ": 0.011834319526627219,
    "NIM": 0.011834319526627219,
    "OUA": 0.011834319526627219,
    "PNR": 0.011834319526627219,
    "PVG": 0.011834319526627219,
    "SSG": 0.011834319526627219,
    "SZE": 0.011834319526627219,
    "TLV": 0.011834319526627219,
    "BAH": 0.011834319526627219,
    "SAH": 0.011834319526627219,
    "DOH": 0.011834319526627219,
    "IST": 0.011834319526627219,
    "FBM": 0.005917159763313609,
    "FIH": 0.005917159763313609,
    "LLW": 0.005917159763313609,
    "ARN": 0.005917159763313609,
    "BLZ": 0.005917159763313609,
    "BZV": 0.005917159763313609,
    "IAD": 0.005917159763313609,
    "LLI": 0.005917159763313609,
    "NLA": 0.005917159763313609,
    "YYZ": 0.005917159763313609,
    "ZNZ": 0.005917159763313609
  },
  "domestic_ratio": 0.023,
  "fleet_mix": {
    "CCA": {
      "B777": 1.0
    },
    "UAE": {
      "A330": 1.0
    },
    "ETH": {
      "B738": 0.31932773109243695,
      "B767": 0.21008403361344538,
      "B787": 0.18487394957983194,
      "B777": 0.15966386554621848,
      "B752": 0.12605042016806722
    },
    "FDB": {
      "B738": 1.0
    },
    "GBA": {
      "A320": 1.0
    },
    "KQA": {
      "E190": 1.0
    },
    "GEC": {
      "A330": 1.0
    },
    "MSR": {
      "B738": 0.5,
      "B777": 0.5
    },
    "OZR": {
      "B767": 1.0
    },
    "QTR": {
      "A320": 1.0
    },
    "SUD": {
      "A320": 1.0
    },
    "SQC": {
      "B767": 1.0
    },
    "SVA": {
      "A320": 1.0
    },
    "THY": {
      "B738": 1.0
    },
    "OMA": {
      "B737": 1.0
    }
  },
  "hourly_profile": [],
  "delay_rate": 0.0,
  "delay_distribution": {},
  "mean_delay_minutes": 0.0,
  "data_source": "openflights",
  "region": "",
  "profile_date": "2026-03-21",
  "sample_size": 173
}