{
  "icao_code": "ADE",
  "iata_code": "ADE",
  "airline_shares": {
    "IYE": 0.40476190476190477,
    "ATM": 0.30952380952380953,
    "TEP": 0.09523809523809523,
    "RJA": 0.047619047619047616,
    "SVA": 0.047619047619047616,
    "THY": 0.047619047619047616,
    "XU": 0.047619047619047616
  },
  "domestic_route_shares": {
    "SAH": 0.5555555555555556,
    "GXF": 0.2222222222222222,
    "RIY": 0.2222222222222222
  },
  "international_route_shares": {
    "AMM": 0.12121212121212122,
    "DXB": 0.12121212121212122,
    "JED": 0.12121212121212122,
    "AHB": 0.06060606060606061,
    "DMM": 0.06060606060606061,
    "SHJ": 0.06060606060606061,
    "AUH": 0.06060606060606061,
    "BOM": 0.06060606060606061,
    "CAI": 0.06060606060606061,
    "DOH": 0.06060606060606061,
    "ASM": 0.06060606060606061,
    "BBO": 0.06060606060606061,
    "MGQ": 0.030303030303030304,
    "RUH": 0.030303030303030304,
    "IST": 0.030303030303030304
  },
  "domestic_ratio": 0.214,
  "fleet_mix": {
    "ATM": {
      "CRJ7": 1.0
    },
    "IYE": {
      "A320": 1.0
    },
    "RJA": {
      "A320": 0.3333333333333333,
      "E190": 0.3333333333333333,
      "E175": 0.3333333333333333
    },
    "SVA": {
      "A320": 1.0
    },
    "THY": {
      "B738": 1.0
    },
    "TEP": {
      "A320": 1.0
    }
  },
  "hourly_profile": [],
  "delay_rate": 0.0,
  "delay_distribution": {},
  "mean_delay_minutes": 0.0,
  "data_source": "openflights",
  "region": "",
  "profile_date": "2026-03-21",
  "sample_size": 42
}