{
  "icao_code": "ADL",
  "iata_code": "ADL",
  "airline_shares": {
    "JST": 0.25,
    "RXA": 0.2222222222222222,
    "QFA": 0.19444444444444445,
    "TGW": 0.08333333333333333,
    "CPA": 0.027777777777777776,
    "XAX": 0.027777777777777776,
    "UAE": 0.027777777777777776,
    "ETH": 0.027777777777777776,
    "MAS": 0.027777777777777776,
    "ANZ": 0.027777777777777776,
    "SHA": 0.027777777777777776,
    "SQC": 0.027777777777777776,
    "VOZ": 0.027777777777777776
  },
  "domestic_route_shares": {
    "BNE": 0.2,
    "MEL": 0.2,
    "SYD": 0.2,
    "DRW": 0.13333333333333333,
    "PER": 0.13333333333333333,
    "CNS": 0.06666666666666667,
    "OOL": 0.06666666666666667
  },
  "international_route_shares": {
    "KUL": 0.09523809523809523,
    "SIN": 0.09523809523809523,
    "AKL": 0.09523809523809523,
    "DPS": 0.09523809523809523,
    "HKG": 0.047619047619047616,
    "DXB": 0.047619047619047616,
    "ASP": 0.047619047619047616,
    "CBR": 0.047619047619047616,
    "PUG": 0.047619047619047616,
    "BHQ": 0.047619047619047616,
    "CED": 0.047619047619047616,
    "CPD": 0.047619047619047616,
    "KGC": 0.047619047619047616,
    "MGB": 0.047619047619047616,
    "MQL": 0.047619047619047616,
    "PLO": 0.047619047619047616,
    "WYA": 0.047619047619047616
  },
  "domestic_ratio": 0.417,
  "fleet_mix": {
    "CPA": {
      "A330": 1.0
    },
    "UAE": {
      "B777": 1.0
    },
    "ETH": {
      "A330": 1.0
    },
    "JST": {
      "A320": 1.0
    },
    "MAS": {
      "A330": 1.0
    },
    "ANZ": {
      "A320": 1.0
    },
    "QFA": {
      "B738": 1.0
    },
    "SQC": {
      "A330": 1.0
    },
    "TGW": {
      "A320": 1.0
    },
    "VOZ": {
      "B738": 1.0
    }
  },
  "hourly_profile": [],
  "delay_rate": 0.0,
  "delay_distribution": {},
  "mean_delay_minutes": 0.0,
  "data_source": "openflights",
  "region": "",
  "profile_date": "2026-03-21",
  "sample_size": 72
}