{
  "icao_code": "AEP",
  "iata_code": "AEP",
  "airline_shares": {
    "ARG": 0.6352941176470588,
    "LAN": 0.12941176470588237,
    "TIB": 0.09411764705882353,
    "5Q": 0.047058823529411764,
    "OAE": 0.047058823529411764,
    "SEH": 0.023529411764705882,
    "TAM": 0.023529411764705882
  },
  "domestic_route_shares": {
    "SLA": 0.16666666666666666,
    "BRC": 0.13333333333333333,
    "MDZ": 0.13333333333333333,
    "TUC": 0.1,
    "ROS": 0.06666666666666667,
    "COR": 0.06666666666666667,
    "CRD": 0.06666666666666667,
    "JUJ": 0.06666666666666667,
    "NQN": 0.06666666666666667,
    "RES": 0.06666666666666667,
    "RGL": 0.06666666666666667
  },
  "international_route_shares": {
    "GRU": 0.10909090909090909,
    "MVD": 0.07272727272727272,
    "MDQ": 0.07272727272727272,
    "IGR": 0.07272727272727272,
    "SCL": 0.07272727272727272,
    "UAQ": 0.05454545454545454,
    "PDP": 0.03636363636363636,
    "PRA": 0.03636363636363636,
    "SFN": 0.03636363636363636,
    "ASU": 0.03636363636363636,
    "BHI": 0.03636363636363636,
    "FLN": 0.03636363636363636,
    "FTE": 0.03636363636363636,
    "GIG": 0.03636363636363636,
    "POA": 0.03636363636363636,
    "PSS": 0.03636363636363636,
    "REL": 0.03636363636363636,
    "RGA": 0.03636363636363636,
    "SDE": 0.03636363636363636,
    "USH": 0.03636363636363636,
    "PMY": 0.03636363636363636
  },
  "domestic_ratio": 0.353,
  "fleet_mix": {
    "5Q": {
      "AT76": 1.0
    },
    "ARG": {
      "B737": 1.0
    },
    "SEH": {
      "B738": 1.0
    },
    "TAM": {
      "A320": 1.0
    },
    "LAN": {
      "A320": 1.0
    }
  },
  "hourly_profile": [],
  "delay_rate": 0.0,
  "delay_distribution": {},
  "mean_delay_minutes": 0.0,
  "data_source": "openflights",
  "region": "",
  "profile_date": "2026-03-21",
  "sample_size": 85
}