{
  "icao_code": "AER",
  "iata_code": "AER",
  "airline_shares": {
    "AFL": 0.3076923076923077,
    "SVR": 0.11538461538461539,
    "TSO": 0.07692307692307693,
    "Y7": 0.07692307692307693,
    "ARD": 0.038461538461538464,
    "7J": 0.038461538461538464,
    "MLD": 0.038461538461538464,
    "BRU": 0.038461538461538464,
    "UZB": 0.038461538461538464,
    "PGT": 0.038461538461538464,
    "ARR": 0.038461538461538464,
    "SYL": 0.038461538461538464,
    "SBI": 0.038461538461538464,
    "SZ": 0.038461538461538464,
    "THY": 0.038461538461538464
  },
  "domestic_route_shares": {
    "DME": 0.25,
    "KRR": 0.14285714285714285,
    "SVX": 0.14285714285714285,
    "KZN": 0.07142857142857142,
    "LED": 0.07142857142857142,
    "OMS": 0.07142857142857142,
    "SVO": 0.07142857142857142,
    "VKO": 0.07142857142857142,
    "KJA": 0.07142857142857142,
    "NSK": 0.03571428571428571
  },
  "international_route_shares": {
    "TAS": 0.16666666666666666,
    "EVN": 0.16666666666666666,
    "IST": 0.16666666666666666,
    "LBD": 0.16666666666666666,
    "DYU": 0.08333333333333333,
    "KIV": 0.08333333333333333,
    "MSQ": 0.08333333333333333,
    "TZX": 0.08333333333333333
  },
  "domestic_ratio": 0.538,
  "fleet_mix": {
    "BRU": {
      "CRJ9": 1.0
    },
    "UZB": {
      "B767": 1.0
    },
    "PGT": {
      "B738": 1.0
    },
    "SYL": {
      "DH8D": 1.0
    },
    "SBI": {
      "A319": 0.3333333333333333,
      "A320": 0.3333333333333333,
      "B738": 0.3333333333333333
    },
    "AFL": {
      "A319": 0.6363636363636364,
      "A320": 0.18181818181818182,
      "A321": 0.09090909090909091,
      "B738": 0.09090909090909091
    },
    "SZ": {
      "B737": 1.0
    },
    "THY": {
      "A321": 1.0
    },
    "SVR": {
      "A320": 1.0
    },
    "TSO": {
      "B737": 1.0
    },
    "Y7": {
      "B738": 1.0
    }
  },
  "hourly_profile": [],
  "delay_rate": 0.0,
  "delay_distribution": {},
  "mean_delay_minutes": 0.0,
  "data_source": "openflights",
  "region": "",
  "profile_date": "2026-03-21",
  "sample_size": 52
}