{
  "icao_code": "AES",
  "iata_code": "AES",
  "airline_shares": {
    "SAS": 0.36363636363636365,
    "NAX": 0.2727272727272727,
    "WZZ": 0.18181818181818182,
    "BTI": 0.09090909090909091,
    "WIF": 0.09090909090909091
  },
  "domestic_route_shares": {
    "OSL": 0.4,
    "BGO": 0.4,
    "TRD": 0.2
  },
  "international_route_shares": {
    "RIX": 0.16666666666666666,
    "ALC": 0.16666666666666666,
    "LGW": 0.16666666666666666,
    "CPH": 0.16666666666666666,
    "GDN": 0.16666666666666666,
    "VNO": 0.16666666666666666
  },
  "domestic_ratio": 0.455,
  "fleet_mix": {
    "BTI": {
      "DH8D": 1.0
    },
    "NAX": {
      "B738": 1.0
    },
    "SAS": {
      "B738": 0.5,
      "CRJ9": 0.25,
      "B737": 0.25
    },
    "WZZ": {
      "A320": 1.0
    },
    "WIF": {
      "DH8D": 1.0
    }
  },
  "hourly_profile": [],
  "delay_rate": 0.0,
  "delay_distribution": {},
  "mean_delay_minutes": 0.0,
  "data_source": "openflights",
  "region": "",
  "profile_date": "2026-03-21",
  "sample_size": 22
}