{
  "icao_code": "AGA",
  "iata_code": "AGA",
  "airline_shares": {
    "RAM": 0.18518518518518517,
    "CFG": 0.14814814814814814,
    "TVF": 0.14814814814814814,
    "EZY": 0.14814814814814814,
    "RYR": 0.07407407407407407,
    "HMY": 0.07407407407407407,
    "TOM": 0.07407407407407407,
    "TRA": 0.037037037037037035,
    "LGL": 0.037037037037037035,
    "DAT": 0.037037037037037035,
    "MON": 0.037037037037037035
  },
  "domestic_route_shares": {
    "CMN": 0.6666666666666666,
    "RAK": 0.3333333333333333
  },
  "international_route_shares": {
    "BRU": 0.11764705882352941,
    "LGW": 0.11764705882352941,
    "MAN": 0.11764705882352941,
    "ORY": 0.0784313725490196,
    "LIL": 0.058823529411764705,
    "EUN": 0.0392156862745098,
    "VIL": 0.0392156862745098,
    "DUS": 0.0392156862745098,
    "FRA": 0.0392156862745098,
    "LEJ": 0.0392156862745098,
    "MUC": 0.0392156862745098,
    "CRL": 0.0392156862745098,
    "MRS": 0.0392156862745098,
    "LUX": 0.0392156862745098,
    "CDG": 0.0392156862745098,
    "LYS": 0.0392156862745098,
    "SXF": 0.0392156862745098,
    "LGG": 0.0196078431372549,
    "AMS": 0.0196078431372549
  },
  "domestic_ratio": 0.056,
  "fleet_mix": {
    "RAM": {
      "B738": 0.5714285714285714,
      "A319": 0.14285714285714285,
      "B737": 0.14285714285714285,
      "AT76": 0.14285714285714285
    },
    "RYR": {
      "B738": 1.0
    },
    "HMY": {
      "A320": 1.0
    },
    "TRA": {
      "B738": 1.0
    },
    "LGL": {
      "B738": 1.0
    },
    "DAT": {
      "A319": 1.0
    },
    "TVF": {
      "B738": 0.8,
      "A320": 0.2
    },
    "TOM": {
      "B738": 1.0
    },
    "EZY": {
      "A319": 0.75,
      "A320": 0.25
    },
    "MON": {
      "A320": 1.0
    }
  },
  "hourly_profile": [],
  "delay_rate": 0.0,
  "delay_distribution": {},
  "mean_delay_minutes": 0.0,
  "data_source": "openflights",
  "region": "",
  "profile_date": "2026-03-21",
  "sample_size": 54
}