{
  "icao_code": "AGP",
  "iata_code": "AGP",
  "airline_shares": {
    "RYR": 0.2881844380403458,
    "VLG": 0.11527377521613832,
    "NAX": 0.09221902017291066,
    "EZY": 0.08645533141210375,
    "EXS": 0.04610951008645533,
    "BER": 0.040345821325648415,
    "TVF": 0.040345821325648415,
    "MON": 0.02881844380403458,
    "EIN": 0.023054755043227664,
    "SAS": 0.023054755043227664,
    "AEA": 0.023054755043227664,
    "TRA": 0.01729106628242075,
    "GEC": 0.01729106628242075,
    "GWI": 0.011527377521613832,
    "BAW": 0.011527377521613832,
    "BEE": 0.011527377521613832,
    "IBE": 0.011527377521613832,
    "LGL": 0.011527377521613832,
    "SWR": 0.011527377521613832,
    "HMY": 0.008645533141210375,
    "RAM": 0.005763688760806916,
    "FIN": 0.005763688760806916,
    "AZA": 0.005763688760806916,
    "LZB": 0.005763688760806916,
    "NLY": 0.005763688760806916,
    "CSA": 0.005763688760806916,
    "DAT": 0.005763688760806916,
    "AFL": 0.005763688760806916,
    "THY": 0.005763688760806916,
    "TSC": 0.005763688760806916,
    "TSO": 0.005763688760806916,
    "VOE": 0.005763688760806916,
    "CWA": 0.005763688760806916,
    "WZZ": 0.005763688760806916
  },
  "domestic_route_shares": {
    "PMI": 0.28125,
    "BCN": 0.125,
    "SCQ": 0.125,
    "TFN": 0.125,
    "IBZ": 0.09375,
    "MAD": 0.0625,
    "BIO": 0.0625,
    "LPA": 0.0625,
    "OVD": 0.0625
  },
  "international_route_shares": {
    "LGW": 0.031746031746031744,
    "MAN": 0.031746031746031744,
    "MUC": 0.025396825396825397,
    "BRU": 0.022222222222222223,
    "CGN": 0.01904761904761905,
    "HAM": 0.01904761904761905,
    "CPH": 0.01904761904761905,
    "EMA": 0.01904761904761905,
    "GLA": 0.01904761904761905,
    "NCL": 0.01904761904761905,
    "LTN": 0.01904761904761905,
    "STR": 0.012698412698412698,
    "TXL": 0.012698412698412698,
    "DUS": 0.012698412698412698,
    "HEL": 0.012698412698412698,
    "FCO": 0.012698412698412698,
    "ARN": 0.012698412698412698,
    "GOT": 0.012698412698412698,
    "OSL": 0.012698412698412698,
    "RYG": 0.012698412698412698,
    "TRF": 0.012698412698412698,
    "DUB": 0.012698412698412698,
    "ORK": 0.012698412698412698,
    "SNN": 0.012698412698412698,
    "BHX": 0.012698412698412698,
    "BRS": 0.012698412698412698,
    "EDI": 0.012698412698412698,
    "EIN": 0.012698412698412698,
    "LBA": 0.012698412698412698,
    "LPL": 0.012698412698412698,
    "STN": 0.012698412698412698,
    "AMS": 0.012698412698412698,
    "LYS": 0.012698412698412698,
    "BFS": 0.012698412698412698,
    "GVA": 0.012698412698412698,
    "CWL": 0.012698412698412698,
    "ORY": 0.012698412698412698,
    "CDG": 0.012698412698412698,
    "CMN": 0.006349206349206349,
    "LHR": 0.006349206349206349,
    "EXT": 0.006349206349206349,
    "SOU": 0.006349206349206349,
    "AAL": 0.006349206349206349,
    "BGO": 0.006349206349206349,
    "SVG": 0.006349206349206349,
    "TRD": 0.006349206349206349,
    "WAW": 0.006349206349206349,
    "BHD": 0.006349206349206349,
    "SOF": 0.006349206349206349,
    "AAR": 0.006349206349206349,
    "BGY": 0.006349206349206349,
    "BLL": 0.006349206349206349,
    "BLQ": 0.006349206349206349,
    "BOH": 0.006349206349206349,
    "BRE": 0.006349206349206349,
    "BTS": 0.006349206349206349,
    "BVA": 0.006349206349206349,
    "CIA": 0.006349206349206349,
    "CRL": 0.006349206349206349,
    "DTM": 0.006349206349206349,
    "FKB": 0.006349206349206349,
    "FMM": 0.006349206349206349,
    "FMO": 0.006349206349206349,
    "GSE": 0.006349206349206349,
    "HAU": 0.006349206349206349,
    "HHN": 0.006349206349206349,
    "KRK": 0.006349206349206349,
    "MMX": 0.006349206349206349,
    "MRS": 0.006349206349206349,
    "NOC": 0.006349206349206349,
    "NRN": 0.006349206349206349,
    "NUE": 0.006349206349206349,
    "NYO": 0.006349206349206349,
    "PIK": 0.006349206349206349,
    "SDR": 0.006349206349206349,
    "TMP": 0.006349206349206349,
    "TSF": 0.006349206349206349,
    "VST": 0.006349206349206349,
    "WRO": 0.006349206349206349,
    "VIE": 0.006349206349206349,
    "RTM": 0.006349206349206349,
    "LUX": 0.006349206349206349,
    "FRA": 0.006349206349206349,
    "BLK": 0.006349206349206349,
    "ZRH": 0.006349206349206349,
    "PRG": 0.006349206349206349,
    "SVO": 0.006349206349206349,
    "IST": 0.006349206349206349,
    "YUL": 0.006349206349206349,
    "BSL": 0.006349206349206349,
    "MXP": 0.006349206349206349,
    "SEN": 0.006349206349206349,
    "SXF": 0.006349206349206349,
    "VKO": 0.006349206349206349,
    "BOD": 0.006349206349206349,
    "DME": 0.006349206349206349,
    "HAJ": 0.006349206349206349,
    "NTE": 0.006349206349206349,
    "TLS": 0.006349206349206349,
    "MLN": 0.006349206349206349,
    "BUD": 0.006349206349206349,
    "LIL": 0.0031746031746031746,
    "FAO": 0.0031746031746031746,
    "BVE": 0.0031746031746031746,
    "XRY": 0.0031746031746031746
  },
  "domestic_ratio": 0.092,
  "fleet_mix": {
    "GWI": {
      "A319": 0.6666666666666666,
      "A320": 0.3333333333333333
    },
    "BER": {
      "B738": 0.3076923076923077,
      "A321": 0.3076923076923077,
      "A320": 0.3076923076923077,
      "A330": 0.07692307692307693
    },
    "RAM": {
      "AT76": 1.0
    },
    "FIN": {
      "A320": 0.5,
      "A321": 0.5
    },
    "AZA": {
      "A319": 0.5,
      "A320": 0.5
    },
    "BAW": {
      "A320": 0.6666666666666666,
      "A319": 0.3333333333333333
    },
    "BEE": {
      "E190": 1.0
    },
    "NAX": {
      "B738": 1.0
    },
    "EIN": {
      "A320": 1.0
    },
    "LZB": {
      "A320": 0.5,
      "A319": 0.5
    },
    "RYR": {
      "B738": 1.0
    },
    "NLY": {
      "A321": 0.5,
      "A320": 0.5
    },
    "HMY": {
      "A320": 1.0
    },
    "TRA": {
      "B738": 1.0
    },
    "IBE": {
      "A320": 1.0
    },
    "LGL": {
      "B738": 1.0
    },
    "GEC": {
      "A320": 0.6,
      "A321": 0.4
    },
    "EXS": {
      "B738": 0.6666666666666666,
      "B752": 0.3333333333333333
    },
    "SWR": {
      "A320": 0.6666666666666666,
      "A321": 0.3333333333333333
    },
    "CSA": {
      "B738": 1.0
    },
    "SAS": {
      "B738": 0.75,
      "A321": 0.25
    },
    "DAT": {
      "A320": 0.5,
      "A319": 0.5
    },
    "AFL": {
      "A320": 1.0
    },
    "THY": {
      "B738": 1.0
    },
    "TVF": {
      "B738": 1.0
    },
    "EZY": {
      "A319": 0.5882352941176471,
      "A320": 0.4117647058823529
    },
    "TSO": {
      "B738": 1.0
    },
    "AEA": {
      "B738": 1.0
    },
    "VLG": {
      "A320": 1.0
    },
    "WZZ": {
      "A320": 1.0
    },
    "MON": {
      "A321": 0.625,
      "A320": 0.25,
      "B752": 0.125
    }
  },
  "hourly_profile": [],
  "delay_rate": 0.0,
  "delay_distribution": {},
  "mean_delay_minutes": 0.0,
  "data_source": "openflights",
  "region": "",
  "profile_date": "2026-03-21",
  "sample_size": 347
}