{
  "icao_code": "AHB",
  "iata_code": "AHB",
  "airline_shares": {
    "SVA": 0.4827586206896552,
    "KNE": 0.13793103448275862,
    "ATM": 0.10344827586206896,
    "FDB": 0.06896551724137931,
    "ABY": 0.06896551724137931,
    "MSR": 0.06896551724137931,
    "LMU": 0.06896551724137931
  },
  "domestic_route_shares": {
    "JED": 0.25,
    "RUH": 0.25,
    "DMM": 0.125,
    "MED": 0.125,
    "TIF": 0.125,
    "TUU": 0.125
  },
  "international_route_shares": {
    "CAI": 0.46153846153846156,
    "ADE": 0.15384615384615385,
    "DXB": 0.15384615384615385,
    "SHJ": 0.15384615384615385,
    "SAH": 0.07692307692307693
  },
  "domestic_ratio": 0.552,
  "fleet_mix": {
    "ATM": {
      "CRJ7": 1.0
    },
    "FDB": {
      "B738": 1.0
    },
    "ABY": {
      "A320": 1.0
    },
    "MSR": {
      "E175": 0.5,
      "A320": 0.5
    },
    "SVA": {
      "A320": 0.7333333333333333,
      "A321": 0.13333333333333333,
      "E175": 0.13333333333333333
    },
    "LMU": {
      "A320": 1.0
    },
    "KNE": {
      "A320": 1.0
    }
  },
  "hourly_profile": [],
  "delay_rate": 0.0,
  "delay_distribution": {},
  "mean_delay_minutes": 0.0,
  "data_source": "openflights",
  "region": "",
  "profile_date": "2026-03-21",
  "sample_size": 29
}