{
  "icao_code": "AKL",
  "iata_code": "AKL",
  "airline_shares": {
    "ANZ": 0.4298245614035088,
    "JST": 0.15789473684210525,
    "UAE": 0.05263157894736842,
    "QFA": 0.05263157894736842,
    "CAL": 0.03508771929824561,
    "LAN": 0.03508771929824561,
    "FJI": 0.02631578947368421,
    "CPA": 0.017543859649122806,
    "CSN": 0.017543859649122806,
    "ETH": 0.017543859649122806,
    "KAL": 0.017543859649122806,
    "MAS": 0.017543859649122806,
    "AVN": 0.017543859649122806,
    "OZR": 0.017543859649122806,
    "ACI": 0.017543859649122806,
    "SQC": 0.017543859649122806,
    "THA": 0.017543859649122806,
    "THT": 0.017543859649122806,
    "ACA": 0.008771929824561403,
    "HAL": 0.008771929824561403
  },
  "domestic_route_shares": {
    "CHC": 0.3333333333333333,
    "WLG": 0.3333333333333333,
    "ZQN": 0.3333333333333333
  },
  "international_route_shares": {
    "SYD": 0.11764705882352941,
    "MEL": 0.0784313725490196,
    "BNE": 0.058823529411764705,
    "SIN": 0.058823529411764705,
    "PPT": 0.058823529411764705,
    "HKG": 0.0392156862745098,
    "NAN": 0.0392156862745098,
    "ADL": 0.0392156862745098,
    "DUD": 0.0392156862745098,
    "OOL": 0.0392156862745098,
    "VLI": 0.0392156862745098,
    "NRT": 0.0392156862745098,
    "NOU": 0.029411764705882353,
    "YVR": 0.0196078431372549,
    "CAN": 0.0196078431372549,
    "HNL": 0.0196078431372549,
    "ICN": 0.0196078431372549,
    "SCL": 0.0196078431372549,
    "KUL": 0.0196078431372549,
    "APW": 0.0196078431372549,
    "CNS": 0.0196078431372549,
    "LAX": 0.0196078431372549,
    "PER": 0.0196078431372549,
    "PVG": 0.0196078431372549,
    "RAR": 0.0196078431372549,
    "SFO": 0.0196078431372549,
    "TBU": 0.0196078431372549,
    "BKK": 0.0196078431372549,
    "SUV": 0.00980392156862745,
    "IUE": 0.00980392156862745,
    "NLK": 0.00980392156862745
  },
  "domestic_ratio": 0.105,
  "fleet_mix": {
    "ACA": {
      "B777": 1.0
    },
    "CAL": {
      "A330": 1.0
    },
    "CSN": {
      "B787": 1.0
    },
    "UAE": {
      "A380": 1.0
    },
    "ETH": {
      "B777": 1.0
    },
    "FJI": {
      "B738": 0.5,
      "A330": 0.5
    },
    "HAL": {
      "A330": 1.0
    },
    "JST": {
      "A320": 0.8888888888888888,
      "A330": 0.1111111111111111
    },
    "KAL": {
      "B777": 1.0
    },
    "MAS": {
      "B777": 1.0
    },
    "AVN": {
      "B738": 1.0
    },
    "ANZ": {
      "A320": 0.39759036144578314,
      "B777": 0.3493975903614458,
      "B767": 0.2289156626506024,
      "B744": 0.024096385542168676
    },
    "OZR": {
      "B777": 1.0
    },
    "QFA": {
      "B738": 1.0
    },
    "ACI": {
      "A320": 0.6666666666666666,
      "A330": 0.3333333333333333
    },
    "SQC": {
      "B777": 1.0
    },
    "THA": {
      "B777": 1.0
    },
    "THT": {
      "B767": 1.0
    }
  },
  "hourly_profile": [],
  "delay_rate": 0.0,
  "delay_distribution": {},
  "mean_delay_minutes": 0.0,
  "data_source": "openflights",
  "region": "",
  "profile_date": "2026-03-21",
  "sample_size": 114
}