{
  "icao_code": "ALA",
  "iata_code": "ALA",
  "airline_shares": {
    "KZR": 0.45454545454545453,
    "VSV": 0.18181818181818182,
    "GEC": 0.030303030303030304,
    "TSO": 0.030303030303030304,
    "Z9": 0.030303030303030304,
    "7J": 0.015151515151515152,
    "BAW": 0.015151515151515152,
    "CSN": 0.015151515151515152,
    "ETD": 0.015151515151515152,
    "ABY": 0.015151515151515152,
    "CHH": 0.015151515151515152,
    "UZB": 0.015151515151515152,
    "KLM": 0.015151515151515152,
    "CSA": 0.015151515151515152,
    "OZR": 0.015151515151515152,
    "PGT": 0.015151515151515152,
    "AUI": 0.015151515151515152,
    "SBI": 0.015151515151515152,
    "AFL": 0.015151515151515152,
    "SZ": 0.015151515151515152,
    "THY": 0.015151515151515152,
    "IRM": 0.015151515151515152,
    "YK": 0.015151515151515152
  },
  "domestic_route_shares": {
    "AKX": 0.1,
    "CIT": 0.1,
    "KGF": 0.1,
    "SCO": 0.1,
    "UKK": 0.1,
    "GUW": 0.1,
    "DMB": 0.05,
    "DZN": 0.05,
    "KOV": 0.05,
    "KSN": 0.05,
    "PLX": 0.05,
    "PPK": 0.05,
    "KZO": 0.05,
    "PWQ": 0.05
  },
  "international_route_shares": {
    "TSE": 0.08695652173913043,
    "DYU": 0.06521739130434782,
    "LHR": 0.043478260869565216,
    "URC": 0.043478260869565216,
    "AUH": 0.043478260869565216,
    "PEK": 0.043478260869565216,
    "TAS": 0.043478260869565216,
    "FRU": 0.043478260869565216,
    "ICN": 0.043478260869565216,
    "IST": 0.043478260869565216,
    "KBP": 0.043478260869565216,
    "LED": 0.043478260869565216,
    "SHJ": 0.021739130434782608,
    "BKK": 0.021739130434782608,
    "DEL": 0.021739130434782608,
    "GYD": 0.021739130434782608,
    "HKG": 0.021739130434782608,
    "KUF": 0.021739130434782608,
    "KUL": 0.021739130434782608,
    "KZN": 0.021739130434782608,
    "SGN": 0.021739130434782608,
    "SVO": 0.021739130434782608,
    "TBS": 0.021739130434782608,
    "AMS": 0.021739130434782608,
    "FRA": 0.021739130434782608,
    "PRG": 0.021739130434782608,
    "SAW": 0.021739130434782608,
    "OVB": 0.021739130434782608,
    "DME": 0.021739130434782608,
    "VKO": 0.021739130434782608,
    "IKA": 0.021739130434782608
  },
  "domestic_ratio": 0.303,
  "fleet_mix": {
    "BAW": {
      "B767": 1.0
    },
    "CSN": {
      "B737": 1.0
    },
    "VSV": {
      "CRJ9": 1.0
    },
    "ETD": {
      "A320": 1.0
    },
    "ABY": {
      "A320": 1.0
    },
    "CHH": {
      "B738": 1.0
    },
    "UZB": {
      "A320": 1.0
    },
    "KZR": {
      "A320": 0.34,
      "E190": 0.28,
      "A321": 0.14,
      "A319": 0.14,
      "B767": 0.08,
      "B738": 0.02
    },
    "GEC": {
      "A330": 1.0
    },
    "CSA": {
      "A319": 1.0
    },
    "OZR": {
      "A330": 0.5,
      "B767": 0.5
    },
    "PGT": {
      "B738": 1.0
    },
    "AUI": {
      "B739": 1.0
    },
    "SBI": {
      "A320": 1.0
    },
    "AFL": {
      "A320": 0.5,
      "A319": 0.5
    },
    "SZ": {
      "B737": 1.0
    },
    "THY": {
      "B738": 0.5,
      "A320": 0.5
    },
    "TSO": {
      "B738": 1.0
    }
  },
  "hourly_profile": [],
  "delay_rate": 0.0,
  "delay_distribution": {},
  "mean_delay_minutes": 0.0,
  "data_source": "openflights",
  "region": "",
  "profile_date": "2026-03-21",
  "sample_size": 132
}