{
  "icao_code": "ALB",
  "iata_code": "ALB",
  "airline_shares": {
    "SWA": 0.4,
    "KAP": 0.2,
    "AAL": 0.13333333333333333,
    "USA": 0.13333333333333333,
    "DAL": 0.06666666666666667,
    "UAL": 0.06666666666666667
  },
  "domestic_route_shares": {
    "CLT": 0.15384615384615385,
    "BOS": 0.07692307692307693,
    "PHL": 0.07692307692307693,
    "ATL": 0.07692307692307693,
    "ORD": 0.07692307692307693,
    "DCA": 0.07692307692307693,
    "BWI": 0.07692307692307693,
    "FLL": 0.07692307692307693,
    "LAS": 0.07692307692307693,
    "MCO": 0.07692307692307693,
    "MDW": 0.07692307692307693,
    "TPA": 0.07692307692307693
  },
  "international_route_shares": {
    "MSS": 0.5,
    "OGS": 0.5
  },
  "domestic_ratio": 0.867,
  "fleet_mix": {
    "AAL": {
      "A319": 1.0
    },
    "UAL": {
      "A319": 0.25,
      "B737": 0.25,
      "B738": 0.25,
      "B739": 0.25
    },
    "USA": {
      "A319": 0.5,
      "CRJ9": 0.5
    },
    "SWA": {
      "B738": 1.0
    }
  },
  "hourly_profile": [],
  "delay_rate": 0.0,
  "delay_distribution": {},
  "mean_delay_minutes": 0.0,
  "data_source": "openflights",
  "region": "",
  "profile_date": "2026-03-21",
  "sample_size": 30
}