{
  "icao_code": "ALC",
  "iata_code": "ALC",
  "airline_shares": {
    "RYR": 0.29577464788732394,
    "NAX": 0.16901408450704225,
    "EZY": 0.08450704225352113,
    "VLG": 0.08450704225352113,
    "BER": 0.056338028169014086,
    "EXS": 0.056338028169014086,
    "TVF": 0.056338028169014086,
    "SAS": 0.04225352112676056,
    "MON": 0.035211267605633804,
    "BEE": 0.02112676056338028,
    "TRA": 0.02112676056338028,
    "DAH": 0.014084507042253521,
    "EIN": 0.014084507042253521,
    "BAW": 0.007042253521126761,
    "IBE": 0.007042253521126761,
    "SBI": 0.007042253521126761,
    "DAT": 0.007042253521126761,
    "TSO": 0.007042253521126761,
    "AEA": 0.007042253521126761,
    "BMI": 0.007042253521126761
  },
  "domestic_route_shares": {
    "PMI": 0.2857142857142857,
    "SCQ": 0.14285714285714285,
    "TFS": 0.14285714285714285,
    "BCN": 0.14285714285714285,
    "BIO": 0.14285714285714285,
    "IBZ": 0.14285714285714285
  },
  "international_route_shares": {
    "LGW": 0.037037037037037035,
    "MAN": 0.037037037037037035,
    "BHX": 0.02962962962962963,
    "EMA": 0.02962962962962963,
    "BRS": 0.022222222222222223,
    "BRU": 0.022222222222222223,
    "EDI": 0.022222222222222223,
    "GLA": 0.022222222222222223,
    "NCL": 0.022222222222222223,
    "DME": 0.022222222222222223,
    "HAM": 0.014814814814814815,
    "MUC": 0.014814814814814815,
    "ORN": 0.014814814814814815,
    "ARN": 0.014814814814814815,
    "BGO": 0.014814814814814815,
    "BLL": 0.014814814814814815,
    "CPH": 0.014814814814814815,
    "OSL": 0.014814814814814815,
    "RYG": 0.014814814814814815,
    "SVG": 0.014814814814814815,
    "TRD": 0.014814814814814815,
    "TRF": 0.014814814814814815,
    "DUB": 0.014814814814814815,
    "EIN": 0.014814814814814815,
    "LBA": 0.014814814814814815,
    "LPL": 0.014814814814814815,
    "AMS": 0.014814814814814815,
    "FCO": 0.014814814814814815,
    "BFS": 0.014814814814814815,
    "CWL": 0.014814814814814815,
    "LTN": 0.014814814814814815,
    "DUS": 0.007407407407407408,
    "FRA": 0.007407407407407408,
    "STR": 0.007407407407407408,
    "TXL": 0.007407407407407408,
    "ZRH": 0.007407407407407408,
    "ALG": 0.007407407407407408,
    "EXT": 0.007407407407407408,
    "SOU": 0.007407407407407408,
    "AAL": 0.007407407407407408,
    "AES": 0.007407407407407408,
    "CGN": 0.007407407407407408,
    "EVE": 0.007407407407407408,
    "GOT": 0.007407407407407408,
    "HEL": 0.007407407407407408,
    "KSD": 0.007407407407407408,
    "MOL": 0.007407407407407408,
    "OUL": 0.007407407407407408,
    "TKU": 0.007407407407407408,
    "TOS": 0.007407407407407408,
    "UME": 0.007407407407407408,
    "ORK": 0.007407407407407408,
    "BGY": 0.007407407407407408,
    "BLQ": 0.007407407407407408,
    "BOH": 0.007407407407407408,
    "BRE": 0.007407407407407408,
    "BVA": 0.007407407407407408,
    "CRL": 0.007407407407407408,
    "FKB": 0.007407407407407408,
    "FMM": 0.007407407407407408,
    "GSE": 0.007407407407407408,
    "HAU": 0.007407407407407408,
    "HHN": 0.007407407407407408,
    "KIR": 0.007407407407407408,
    "KRK": 0.007407407407407408,
    "KTW": 0.007407407407407408,
    "KUN": 0.007407407407407408,
    "MST": 0.007407407407407408,
    "NOC": 0.007407407407407408,
    "NRN": 0.007407407407407408,
    "NUE": 0.007407407407407408,
    "NYO": 0.007407407407407408,
    "PIK": 0.007407407407407408,
    "SNN": 0.007407407407407408,
    "STN": 0.007407407407407408,
    "TMP": 0.007407407407407408,
    "VST": 0.007407407407407408,
    "VXO": 0.007407407407407408,
    "WMI": 0.007407407407407408,
    "WRO": 0.007407407407407408,
    "RTM": 0.007407407407407408,
    "BLK": 0.007407407407407408,
    "KRS": 0.007407407407407408,
    "BSL": 0.007407407407407408,
    "GVA": 0.007407407407407408,
    "SEN": 0.007407407407407408,
    "ORY": 0.007407407407407408,
    "KEF": 0.007407407407407408
  },
  "domestic_ratio": 0.049,
  "fleet_mix": {
    "BER": {
      "A320": 0.5,
      "A321": 0.21428571428571427,
      "B738": 0.14285714285714285,
      "A330": 0.07142857142857142,
      "B737": 0.07142857142857142
    },
    "BAW": {
      "A319": 1.0
    },
    "BEE": {
      "E190": 0.6666666666666666,
      "E175": 0.3333333333333333
    },
    "NAX": {
      "B738": 1.0
    },
    "EIN": {
      "A320": 1.0
    },
    "RYR": {
      "B738": 1.0
    },
    "TRA": {
      "B738": 1.0
    },
    "IBE": {
      "A320": 1.0
    },
    "EXS": {
      "B738": 0.7142857142857143,
      "B752": 0.2857142857142857
    },
    "SBI": {
      "A320": 1.0
    },
    "SAS": {
      "B738": 0.875,
      "B737": 0.125
    },
    "DAT": {
      "A319": 1.0
    },
    "TVF": {
      "B738": 1.0
    },
    "EZY": {
      "A319": 0.5714285714285714,
      "A320": 0.42857142857142855
    },
    "AEA": {
      "B738": 1.0
    },
    "VLG": {
      "A320": 1.0
    },
    "BMI": {
      "A320": 1.0
    },
    "MON": {
      "A321": 0.5555555555555556,
      "A320": 0.3333333333333333,
      "B752": 0.1111111111111111
    }
  },
  "hourly_profile": [],
  "delay_rate": 0.0,
  "delay_distribution": {},
  "mean_delay_minutes": 0.0,
  "data_source": "openflights",
  "region": "",
  "profile_date": "2026-03-21",
  "sample_size": 284
}