{
  "icao_code": "ALG",
  "iata_code": "ALG",
  "airline_shares": {
    "DAH": 0.7023809523809523,
    "AAF": 0.08333333333333333,
    "AFR": 0.023809523809523808,
    "GWI": 0.011904761904761904,
    "RAM": 0.011904761904761904,
    "AZA": 0.011904761904761904,
    "BAW": 0.011904761904761904,
    "UAE": 0.011904761904761904,
    "IBE": 0.011904761904761904,
    "AMC": 0.011904761904761904,
    "GEC": 0.011904761904761904,
    "LAA": 0.011904761904761904,
    "MSR": 0.011904761904761904,
    "QTR": 0.011904761904761904,
    "RJA": 0.011904761904761904,
    "SVA": 0.011904761904761904,
    "THY": 0.011904761904761904,
    "TAR": 0.011904761904761904,
    "VLG": 0.011904761904761904
  },
  "domestic_route_shares": {
    "AAE": 0.125,
    "BJA": 0.125,
    "BLJ": 0.125,
    "BSK": 0.125,
    "CZL": 0.125,
    "ORN": 0.125,
    "TLM": 0.125,
    "DJG": 0.0625,
    "TMR": 0.0625
  },
  "international_route_shares": {
    "CDG": 0.039473684210526314,
    "MRS": 0.039473684210526314,
    "AMM": 0.02631578947368421,
    "BCN": 0.02631578947368421,
    "CAI": 0.02631578947368421,
    "CMN": 0.02631578947368421,
    "DXB": 0.02631578947368421,
    "FCO": 0.02631578947368421,
    "FRA": 0.02631578947368421,
    "IST": 0.02631578947368421,
    "LIL": 0.02631578947368421,
    "LYS": 0.02631578947368421,
    "MAD": 0.02631578947368421,
    "ORY": 0.02631578947368421,
    "TIP": 0.02631578947368421,
    "TLS": 0.02631578947368421,
    "TUN": 0.02631578947368421,
    "CGN": 0.013157894736842105,
    "ABJ": 0.013157894736842105,
    "ALC": 0.013157894736842105,
    "AZR": 0.013157894736842105,
    "BEY": 0.013157894736842105,
    "BKO": 0.013157894736842105,
    "BOD": 0.013157894736842105,
    "BRU": 0.013157894736842105,
    "DKR": 0.013157894736842105,
    "EBH": 0.013157894736842105,
    "ELU": 0.013157894736842105,
    "ETZ": 0.013157894736842105,
    "GHA": 0.013157894736842105,
    "GVA": 0.013157894736842105,
    "HME": 0.013157894736842105,
    "HRM": 0.013157894736842105,
    "INZ": 0.013157894736842105,
    "LHR": 0.013157894736842105,
    "LIS": 0.013157894736842105,
    "MUW": 0.013157894736842105,
    "MXP": 0.013157894736842105,
    "MZW": 0.013157894736842105,
    "NCE": 0.013157894736842105,
    "NIM": 0.013157894736842105,
    "OGX": 0.013157894736842105,
    "OUA": 0.013157894736842105,
    "PEK": 0.013157894736842105,
    "PMI": 0.013157894736842105,
    "QSF": 0.013157894736842105,
    "SVO": 0.013157894736842105,
    "TEE": 0.013157894736842105,
    "TGR": 0.013157894736842105,
    "TID": 0.013157894736842105,
    "VIE": 0.013157894736842105,
    "YUL": 0.013157894736842105,
    "LGW": 0.013157894736842105,
    "MLA": 0.013157894736842105,
    "DOH": 0.013157894736842105,
    "MLH": 0.013157894736842105,
    "MED": 0.006578947368421052,
    "JED": 0.006578947368421052
  },
  "domestic_ratio": 0.095,
  "fleet_mix": {
    "GWI": {
      "A319": 1.0
    },
    "AFR": {
      "A319": 0.6666666666666666,
      "A320": 0.3333333333333333
    },
    "DAH": {
      "B738": 0.9090909090909091,
      "B767": 0.09090909090909091
    },
    "RAM": {
      "B767": 0.5,
      "B738": 0.5
    },
    "AZA": {
      "A319": 1.0
    },
    "BAW": {
      "A319": 1.0
    },
    "UAE": {
      "B777": 1.0
    },
    "IBE": {
      "A319": 1.0
    },
    "AMC": {
      "A319": 1.0
    },
    "GEC": {
      "A319": 1.0
    },
    "LAA": {
      "CRJ9": 1.0
    },
    "MSR": {
      "A320": 1.0
    },
    "QTR": {
      "B777": 1.0
    },
    "RJA": {
      "A320": 0.6666666666666666,
      "A319": 0.3333333333333333
    },
    "THY": {
      "B738": 0.5,
      "A321": 0.5
    },
    "TAR": {
      "A320": 1.0
    },
    "VLG": {
      "A320": 1.0
    },
    "AAF": {
      "A319": 0.5,
      "A320": 0.5
    }
  },
  "hourly_profile": [],
  "delay_rate": 0.0,
  "delay_distribution": {},
  "mean_delay_minutes": 0.0,
  "data_source": "openflights",
  "region": "",
  "profile_date": "2026-03-21",
  "sample_size": 168
}