{
  "icao_code": "AMD",
  "iata_code": "AMD",
  "airline_shares": {
    "IGO": 0.28125,
    "SEJ": 0.21875,
    "AIC": 0.125,
    "GUJ": 0.09375,
    "JAI": 0.0625,
    "UAE": 0.03125,
    "ETD": 0.03125,
    "FDB": 0.03125,
    "ABY": 0.03125,
    "MXD": 0.03125,
    "QTR": 0.03125,
    "SQC": 0.03125
  },
  "domestic_route_shares": {
    "BOM": 0.23809523809523808,
    "DEL": 0.19047619047619047,
    "HYD": 0.14285714285714285,
    "CCU": 0.09523809523809523,
    "MAA": 0.09523809523809523,
    "PNQ": 0.09523809523809523,
    "BLR": 0.047619047619047616,
    "GOI": 0.047619047619047616,
    "JAI": 0.047619047619047616
  },
  "international_route_shares": {
    "AUH": 0.18181818181818182,
    "DXB": 0.18181818181818182,
    "KWI": 0.09090909090909091,
    "DWC": 0.09090909090909091,
    "SHJ": 0.09090909090909091,
    "KUL": 0.09090909090909091,
    "DOH": 0.09090909090909091,
    "MCT": 0.09090909090909091,
    "SIN": 0.09090909090909091
  },
  "domestic_ratio": 0.656,
  "fleet_mix": {
    "IGO": {
      "A320": 1.0
    },
    "JAI": {
      "A320": 0.5,
      "B738": 0.5
    },
    "AIC": {
      "A320": 0.42857142857142855,
      "A321": 0.2857142857142857,
      "B777": 0.14285714285714285,
      "A319": 0.14285714285714285
    },
    "UAE": {
      "A330": 1.0
    },
    "ETD": {
      "A320": 1.0
    },
    "FDB": {
      "B738": 1.0
    },
    "GUJ": {
      "A320": 1.0
    },
    "ABY": {
      "A320": 1.0
    },
    "MXD": {
      "B739": 1.0
    },
    "QTR": {
      "A321": 1.0
    },
    "SEJ": {
      "B737": 1.0
    },
    "SQC": {
      "A330": 1.0
    }
  },
  "hourly_profile": [],
  "delay_rate": 0.0,
  "delay_distribution": {},
  "mean_delay_minutes": 0.0,
  "data_source": "openflights",
  "region": "",
  "profile_date": "2026-03-21",
  "sample_size": 64
}