{
  "icao_code": "AMM",
  "iata_code": "AMM",
  "airline_shares": {
    "RJA": 0.538860103626943,
    "RFJ": 0.046632124352331605,
    "IYE": 0.04145077720207254,
    "USA": 0.031088082901554404,
    "KNE": 0.031088082901554404,
    "SVA": 0.025906735751295335,
    "AAW": 0.02072538860103627,
    "FDB": 0.02072538860103627,
    "LAA": 0.02072538860103627,
    "AFR": 0.010362694300518135,
    "DAH": 0.010362694300518135,
    "AZA": 0.010362694300518135,
    "BAW": 0.010362694300518135,
    "RBG": 0.010362694300518135,
    "UAE": 0.010362694300518135,
    "ETD": 0.010362694300518135,
    "ABY": 0.010362694300518135,
    "GBA": 0.010362694300518135,
    "AIZ": 0.010362694300518135,
    "JZR": 0.010362694300518135,
    "KAC": 0.010362694300518135,
    "GEC": 0.010362694300518135,
    "MEA": 0.010362694300518135,
    "MSR": 0.010362694300518135,
    "QTR": 0.010362694300518135,
    "ROT": 0.010362694300518135,
    "THY": 0.010362694300518135,
    "ALK": 0.010362694300518135,
    "OMA": 0.010362694300518135,
    "OOM": 0.010362694300518135,
    "SUD": 0.0051813471502590676
  },
  "domestic_route_shares": {
    "AQJ": 1.0
  },
  "international_route_shares": {
    "JED": 0.041884816753926704,
    "BEN": 0.031413612565445025,
    "TIP": 0.031413612565445025,
    "DXB": 0.031413612565445025,
    "AUH": 0.031413612565445025,
    "BEY": 0.031413612565445025,
    "KWI": 0.031413612565445025,
    "CAI": 0.031413612565445025,
    "EBL": 0.031413612565445025,
    "RUH": 0.031413612565445025,
    "MED": 0.02617801047120419,
    "CDG": 0.020942408376963352,
    "ALG": 0.020942408376963352,
    "FCO": 0.020942408376963352,
    "LHR": 0.020942408376963352,
    "ADE": 0.020942408376963352,
    "SAH": 0.020942408376963352,
    "TLV": 0.020942408376963352,
    "FRA": 0.020942408376963352,
    "DOH": 0.020942408376963352,
    "IST": 0.020942408376963352,
    "JFK": 0.020942408376963352,
    "MCT": 0.020942408376963352,
    "ORD": 0.020942408376963352,
    "OSM": 0.020942408376963352,
    "OTP": 0.020942408376963352,
    "YUL": 0.020942408376963352,
    "KRT": 0.015706806282722512,
    "HBE": 0.010471204188481676,
    "DWC": 0.010471204188481676,
    "SHJ": 0.010471204188481676,
    "BAH": 0.010471204188481676,
    "HOD": 0.010471204188481676,
    "AMS": 0.010471204188481676,
    "ATH": 0.010471204188481676,
    "BCN": 0.010471204188481676,
    "BGW": 0.010471204188481676,
    "BKK": 0.010471204188481676,
    "BOM": 0.010471204188481676,
    "BSR": 0.010471204188481676,
    "DEL": 0.010471204188481676,
    "DME": 0.010471204188481676,
    "DMM": 0.010471204188481676,
    "GVA": 0.010471204188481676,
    "ISU": 0.010471204188481676,
    "KBP": 0.010471204188481676,
    "LCA": 0.010471204188481676,
    "LOS": 0.010471204188481676,
    "MAD": 0.010471204188481676,
    "MRA": 0.010471204188481676,
    "MUC": 0.010471204188481676,
    "SSH": 0.010471204188481676,
    "TUN": 0.010471204188481676,
    "TXL": 0.010471204188481676,
    "VIE": 0.010471204188481676,
    "ZRH": 0.010471204188481676,
    "NJF": 0.005235602094240838
  },
  "domestic_ratio": 0.01,
  "fleet_mix": {
    "AAW": {
      "A320": 0.6666666666666666,
      "A330": 0.3333333333333333
    },
    "AFR": {
      "A320": 1.0
    },
    "AZA": {
      "A319": 1.0
    },
    "BAW": {
      "A321": 1.0
    },
    "RBG": {
      "A320": 1.0
    },
    "UAE": {
      "B777": 1.0
    },
    "ETD": {
      "A320": 1.0
    },
    "FDB": {
      "B738": 1.0
    },
    "ABY": {
      "A320": 1.0
    },
    "GBA": {
      "A320": 0.5,
      "A321": 0.5
    },
    "AIZ": {
      "AT76": 1.0
    },
    "JZR": {
      "A320": 1.0
    },
    "KAC": {
      "A320": 1.0
    },
    "GEC": {
      "A321": 1.0
    },
    "LAA": {
      "A320": 1.0
    },
    "MEA": {
      "A321": 0.5,
      "A320": 0.5
    },
    "MSR": {
      "B738": 0.3333333333333333,
      "A320": 0.3333333333333333,
      "E175": 0.3333333333333333
    },
    "QTR": {
      "B777": 0.5,
      "A330": 0.5
    },
    "RJA": {
      "A320": 0.2679425837320574,
      "A319": 0.23444976076555024,
      "E190": 0.21052631578947367,
      "E175": 0.1722488038277512,
      "A321": 0.0861244019138756,
      "B737": 0.009569377990430622,
      "B739": 0.009569377990430622,
      "A318": 0.009569377990430622
    },
    "RFJ": {
      "A320": 0.7777777777777778,
      "B737": 0.2222222222222222
    },
    "ROT": {
      "A318": 1.0
    },
    "SUD": {
      "A320": 1.0
    },
    "SVA": {
      "A320": 1.0
    },
    "THY": {
      "A321": 0.5,
      "A320": 0.5
    },
    "ALK": {
      "A320": 1.0
    },
    "OMA": {
      "B737": 0.5,
      "B738": 0.5
    },
    "KNE": {
      "A320": 1.0
    },
    "OOM": {
      "A321": 1.0
    }
  },
  "hourly_profile": [],
  "delay_rate": 0.0,
  "delay_distribution": {},
  "mean_delay_minutes": 0.0,
  "data_source": "openflights",
  "region": "",
  "profile_date": "2026-03-21",
  "sample_size": 193
}