{
  "icao_code": "ANC",
  "iata_code": "ANC",
  "airline_shares": {
    "ASA": 0.391304347826087,
    "ERR": 0.21739130434782608,
    "PEN": 0.1956521739130435,
    "UAL": 0.06521739130434782,
    "DAL": 0.043478260869565216,
    "AAL": 0.021739130434782608,
    "ARF": 0.021739130434782608,
    "AER": 0.021739130434782608,
    "USA": 0.021739130434782608
  },
  "domestic_route_shares": {
    "PHX": 0.15384615384615385,
    "ORD": 0.15384615384615385,
    "SEA": 0.15384615384615385,
    "HNL": 0.07692307692307693,
    "LAS": 0.07692307692307693,
    "LAX": 0.07692307692307693,
    "PDX": 0.07692307692307693,
    "MSP": 0.07692307692307693,
    "SLC": 0.07692307692307693,
    "DEN": 0.07692307692307693
  },
  "international_route_shares": {
    "ANI": 0.09090909090909091,
    "ADQ": 0.06060606060606061,
    "BET": 0.06060606060606061,
    "CDV": 0.06060606060606061,
    "ENA": 0.06060606060606061,
    "FAI": 0.06060606060606061,
    "UNK": 0.06060606060606061,
    "MCG": 0.06060606060606061,
    "HOM": 0.030303030303030304,
    "KSM": 0.030303030303030304,
    "VDZ": 0.030303030303030304,
    "ADK": 0.030303030303030304,
    "BRW": 0.030303030303030304,
    "JNU": 0.030303030303030304,
    "OME": 0.030303030303030304,
    "OTZ": 0.030303030303030304,
    "SCC": 0.030303030303030304,
    "ILI": 0.030303030303030304,
    "AKN": 0.030303030303030304,
    "CDB": 0.030303030303030304,
    "DLG": 0.030303030303030304,
    "SDP": 0.030303030303030304,
    "SNP": 0.030303030303030304,
    "STG": 0.030303030303030304
  },
  "domestic_ratio": 0.283,
  "fleet_mix": {
    "AAL": {
      "A320": 0.6666666666666666,
      "A319": 0.3333333333333333
    },
    "ASA": {
      "B738": 0.52,
      "B739": 0.28,
      "B737": 0.2
    },
    "DAL": {
      "B738": 1.0
    },
    "UAL": {
      "B738": 0.75,
      "B739": 0.25
    },
    "USA": {
      "A320": 0.6666666666666666,
      "A319": 0.3333333333333333
    }
  },
  "hourly_profile": [],
  "delay_rate": 0.0,
  "delay_distribution": {},
  "mean_delay_minutes": 0.0,
  "data_source": "openflights",
  "region": "",
  "profile_date": "2026-03-21",
  "sample_size": 92
}