{
  "icao_code": "ANF",
  "iata_code": "ANF",
  "airline_shares": {
    "SKU": 0.6,
    "LAN": 0.26666666666666666,
    "5P": 0.13333333333333333
  },
  "domestic_route_shares": {
    "SCL": 0.5555555555555556,
    "IQQ": 0.4444444444444444
  },
  "international_route_shares": {
    "CJC": 0.5,
    "LSC": 0.3333333333333333,
    "ARI": 0.16666666666666666
  },
  "domestic_ratio": 0.6,
  "fleet_mix": {
    "5P": {
      "B737": 1.0
    },
    "SKU": {
      "A319": 0.5294117647058824,
      "A320": 0.47058823529411764
    },
    "LAN": {
      "A320": 0.6666666666666666,
      "A319": 0.3333333333333333
    }
  },
  "hourly_profile": [],
  "delay_rate": 0.0,
  "delay_distribution": {},
  "mean_delay_minutes": 0.0,
  "data_source": "openflights",
  "region": "",
  "profile_date": "2026-03-21",
  "sample_size": 15
}