{
  "icao_code": "ANU",
  "iata_code": "ANU",
  "airline_shares": {
    "LIA": 0.2903225806451613,
    "BAW": 0.12903225806451613,
    "AAL": 0.0967741935483871,
    "USA": 0.0967741935483871,
    "BWA": 0.06451612903225806,
    "VIR": 0.06451612903225806,
    "3S": 0.03225806451612903,
    "SIB": 0.03225806451612903,
    "ACA": 0.03225806451612903,
    "CFG": 0.03225806451612903,
    "PNR": 0.03225806451612903,
    "TJA": 0.03225806451612903,
    "UAL": 0.03225806451612903,
    "WJA": 0.03225806451612903
  },
  "domestic_route_shares": {},
  "international_route_shares": {
    "PTP": 0.06451612903225806,
    "CLT": 0.06451612903225806,
    "JFK": 0.06451612903225806,
    "MIA": 0.06451612903225806,
    "YYZ": 0.06451612903225806,
    "LGW": 0.06451612903225806,
    "SKB": 0.06451612903225806,
    "BGI": 0.06451612903225806,
    "SBH": 0.06451612903225806,
    "NEV": 0.03225806451612903,
    "PUJ": 0.03225806451612903,
    "TAB": 0.03225806451612903,
    "KIN": 0.03225806451612903,
    "AXA": 0.03225806451612903,
    "DOM": 0.03225806451612903,
    "SDQ": 0.03225806451612903,
    "SJU": 0.03225806451612903,
    "SLU": 0.03225806451612903,
    "SXM": 0.03225806451612903,
    "EWR": 0.03225806451612903,
    "UVF": 0.03225806451612903,
    "FRA": 0.016129032258064516,
    "POP": 0.016129032258064516
  },
  "domestic_ratio": 0.0,
  "fleet_mix": {
    "3S": {
      "AT76": 1.0
    },
    "AAL": {
      "B738": 0.6666666666666666,
      "A319": 0.3333333333333333
    },
    "ACA": {
      "A320": 1.0
    },
    "BAW": {
      "B777": 1.0
    },
    "BWA": {
      "B738": 1.0
    },
    "CFG": {
      "B767": 1.0
    },
    "LIA": {
      "AT76": 1.0
    },
    "UAL": {
      "B738": 0.5,
      "B739": 0.5
    },
    "USA": {
      "B738": 0.6666666666666666,
      "A319": 0.3333333333333333
    },
    "VIR": {
      "A330": 1.0
    }
  },
  "hourly_profile": [],
  "delay_rate": 0.0,
  "delay_distribution": {},
  "mean_delay_minutes": 0.0,
  "data_source": "openflights",
  "region": "",
  "profile_date": "2026-03-21",
  "sample_size": 62
}