{
  "icao_code": "ARN",
  "iata_code": "ARN",
  "airline_shares": {
    "SAS": 0.34411764705882353,
    "NAX": 0.25882352941176473,
    "NTJ": 0.07647058823529412,
    "CCA": 0.029411764705882353,
    "ETH": 0.020588235294117647,
    "GWI": 0.01764705882352941,
    "GEC": 0.011764705882352941,
    "SWR": 0.011764705882352941,
    "GMI": 0.011764705882352941,
    "AFL": 0.011764705882352941,
    "AEE": 0.0058823529411764705,
    "BER": 0.0058823529411764705,
    "AFR": 0.0058823529411764705,
    "RAM": 0.0058823529411764705,
    "FIN": 0.0058823529411764705,
    "BRU": 0.0058823529411764705,
    "BAW": 0.0058823529411764705,
    "BTI": 0.0058823529411764705,
    "EIN": 0.0058823529411764705,
    "UAE": 0.0058823529411764705,
    "IRC": 0.0058823529411764705,
    "ETD": 0.0058823529411764705,
    "ICE": 0.0058823529411764705,
    "NLY": 0.0058823529411764705,
    "IRA": 0.0058823529411764705,
    "ASL": 0.0058823529411764705,
    "KLM": 0.0058823529411764705,
    "LGL": 0.0058823529411764705,
    "LOT": 0.0058823529411764705,
    "CSA": 0.0058823529411764705,
    "ELL": 0.0058823529411764705,
    "PGT": 0.0058823529411764705,
    "QTR": 0.0058823529411764705,
    "TVS": 0.0058823529411764705,
    "THA": 0.0058823529411764705,
    "THY": 0.0058823529411764705,
    "TAP": 0.0058823529411764705,
    "EZY": 0.0058823529411764705,
    "UAL": 0.0058823529411764705,
    "VLG": 0.0058823529411764705,
    "CWA": 0.0058823529411764705,
    "SXS": 0.0058823529411764705,
    "OOM": 0.0058823529411764705,
    "LBT": 0.0029411764705882353,
    "CHH": 0.0029411764705882353,
    "KAL": 0.0029411764705882353,
    "RZO": 0.0029411764705882353
  },
  "domestic_route_shares": {
    "GOT": 0.18518518518518517,
    "VBY": 0.14814814814814814,
    "KRN": 0.14814814814814814,
    "LLA": 0.14814814814814814,
    "MMX": 0.14814814814814814,
    "UME": 0.14814814814814814,
    "OSD": 0.07407407407407407
  },
  "international_route_shares": {
    "PRG": 0.02875399361022364,
    "HEL": 0.025559105431309903,
    "GVA": 0.025559105431309903,
    "AMS": 0.019169329073482427,
    "BCN": 0.019169329073482427,
    "BEG": 0.019169329073482427,
    "CPH": 0.019169329073482427,
    "OSL": 0.019169329073482427,
    "TXL": 0.01597444089456869,
    "GEV": 0.012779552715654952,
    "DUS": 0.012779552715654952,
    "HAM": 0.012779552715654952,
    "KLX": 0.012779552715654952,
    "CDG": 0.012779552715654952,
    "LHR": 0.012779552715654952,
    "RIX": 0.012779552715654952,
    "VAA": 0.012779552715654952,
    "AGP": 0.012779552715654952,
    "ALC": 0.012779552715654952,
    "ATH": 0.012779552715654952,
    "BGO": 0.012779552715654952,
    "DBV": 0.012779552715654952,
    "EDI": 0.012779552715654952,
    "FCO": 0.012779552715654952,
    "MAN": 0.012779552715654952,
    "MUC": 0.012779552715654952,
    "NCE": 0.012779552715654952,
    "PMI": 0.012779552715654952,
    "SPU": 0.012779552715654952,
    "VNO": 0.012779552715654952,
    "DUB": 0.012779552715654952,
    "IKA": 0.012779552715654952,
    "FRA": 0.012779552715654952,
    "ZRH": 0.012779552715654952,
    "BKK": 0.012779552715654952,
    "EWR": 0.012779552715654952,
    "IST": 0.012779552715654952,
    "LED": 0.012779552715654952,
    "SVO": 0.012779552715654952,
    "EBL": 0.012779552715654952,
    "HAD": 0.006389776357827476,
    "JKG": 0.006389776357827476,
    "KRF": 0.006389776357827476,
    "KSD": 0.006389776357827476,
    "LYC": 0.006389776357827476,
    "MHQ": 0.006389776357827476,
    "OER": 0.006389776357827476,
    "POR": 0.006389776357827476,
    "TRF": 0.006389776357827476,
    "VHM": 0.006389776357827476,
    "VXO": 0.006389776357827476,
    "CGN": 0.006389776357827476,
    "CMN": 0.006389776357827476,
    "MSQ": 0.006389776357827476,
    "PEK": 0.006389776357827476,
    "TMP": 0.006389776357827476,
    "AJA": 0.006389776357827476,
    "BUD": 0.006389776357827476,
    "CHQ": 0.006389776357827476,
    "CTA": 0.006389776357827476,
    "FAO": 0.006389776357827476,
    "KRK": 0.006389776357827476,
    "LCA": 0.006389776357827476,
    "LGW": 0.006389776357827476,
    "LPA": 0.006389776357827476,
    "OLB": 0.006389776357827476,
    "ORY": 0.006389776357827476,
    "PMO": 0.006389776357827476,
    "PSA": 0.006389776357827476,
    "SJJ": 0.006389776357827476,
    "SXF": 0.006389776357827476,
    "TLV": 0.006389776357827476,
    "VCE": 0.006389776357827476,
    "DXB": 0.006389776357827476,
    "KEF": 0.006389776357827476,
    "VIE": 0.006389776357827476,
    "LUX": 0.006389776357827476,
    "WAW": 0.006389776357827476,
    "TLL": 0.006389776357827476,
    "SAW": 0.006389776357827476,
    "DOH": 0.006389776357827476,
    "AAL": 0.006389776357827476,
    "AGH": 0.006389776357827476,
    "BHX": 0.006389776357827476,
    "BLL": 0.006389776357827476,
    "BLQ": 0.006389776357827476,
    "BRU": 0.006389776357827476,
    "KLR": 0.006389776357827476,
    "LIN": 0.006389776357827476,
    "MAD": 0.006389776357827476,
    "MLA": 0.006389776357827476,
    "ORD": 0.006389776357827476,
    "PUY": 0.006389776357827476,
    "RNB": 0.006389776357827476,
    "SDL": 0.006389776357827476,
    "SFT": 0.006389776357827476,
    "SKG": 0.006389776357827476,
    "TOS": 0.006389776357827476,
    "TRD": 0.006389776357827476,
    "ISU": 0.006389776357827476,
    "LIS": 0.006389776357827476,
    "BGW": 0.006389776357827476,
    "ADB": 0.006389776357827476,
    "ADD": 0.003194888178913738,
    "PDL": 0.003194888178913738,
    "TKU": 0.003194888178913738
  },
  "domestic_ratio": 0.079,
  "fleet_mix": {
    "GWI": {
      "CRJ9": 1.0
    },
    "AEE": {
      "A319": 1.0
    },
    "BER": {
      "A321": 0.25,
      "B738": 0.25,
      "A320": 0.25,
      "A319": 0.25
    },
    "AFR": {
      "A320": 0.3333333333333333,
      "A321": 0.3333333333333333,
      "A319": 0.3333333333333333
    },
    "RAM": {
      "B738": 1.0
    },
    "FIN": {
      "A319": 0.5,
      "A320": 0.5
    },
    "BRU": {
      "CRJ9": 1.0
    },
    "BAW": {
      "A320": 0.25,
      "A321": 0.25,
      "A319": 0.25,
      "B767": 0.25
    },
    "LBT": {
      "A320": 1.0
    },
    "BTI": {
      "DH8D": 1.0
    },
    "CCA": {
      "B738": 0.3333333333333333,
      "A330": 0.3333333333333333,
      "AT76": 0.3333333333333333
    },
    "NAX": {
      "B738": 1.0
    },
    "EIN": {
      "A320": 1.0
    },
    "UAE": {
      "B777": 1.0
    },
    "ETH": {
      "B738": 0.4,
      "B752": 0.2,
      "A320": 0.2,
      "A321": 0.2
    },
    "ETD": {
      "A319": 1.0
    },
    "NLY": {
      "E190": 1.0
    },
    "CHH": {
      "B738": 0.25,
      "A320": 0.25,
      "A319": 0.25,
      "A321": 0.25
    },
    "ASL": {
      "A319": 1.0
    },
    "KAL": {
      "A319": 1.0
    },
    "KLM": {
      "B737": 1.0
    },
    "GEC": {
      "A321": 0.4,
      "A320": 0.2,
      "CRJ9": 0.2,
      "A319": 0.2
    },
    "LOT": {
      "E175": 1.0
    },
    "SWR": {
      "A320": 0.5,
      "A319": 0.25,
      "A321": 0.25
    },
    "CSA": {
      "A319": 1.0
    },
    "ELL": {
      "E175": 0.5,
      "CRJ9": 0.5
    },
    "PGT": {
      "B738": 0.5,
      "A320": 0.5
    },
    "QTR": {
      "B787": 1.0
    },
    "TVS": {
      "A319": 1.0
    },
    "RZO": {
      "A320": 1.0
    },
    "SAS": {
      "B738": 0.5673758865248227,
      "B737": 0.22695035460992907,
      "AT76": 0.09219858156028368,
      "A321": 0.028368794326241134,
      "A319": 0.028368794326241134,
      "A330": 0.028368794326241134,
      "B777": 0.014184397163120567,
      "A320": 0.014184397163120567
    },
    "GMI": {
      "B737": 1.0
    },
    "AFL": {
      "A319": 0.5,
      "A320": 0.5
    },
    "THA": {
      "B777": 1.0
    },
    "THY": {
      "B738": 0.5,
      "A321": 0.5
    },
    "TAP": {
      "A320": 1.0
    },
    "EZY": {
      "A319": 1.0
    },
    "UAL": {
      "B752": 1.0
    },
    "VLG": {
      "A320": 1.0
    },
    "CWA": {
      "A320": 1.0
    },
    "SXS": {
      "B738": 1.0
    },
    "OOM": {
      "A321": 1.0
    }
  },
  "hourly_profile": [],
  "delay_rate": 0.0,