{
  "icao_code": "ASB",
  "iata_code": "ASB",
  "airline_shares": {
    "TUA": 0.5714285714285714,
    "BRU": 0.07142857142857142,
    "CSN": 0.07142857142857142,
    "FDB": 0.07142857142857142,
    "GEC": 0.07142857142857142,
    "SBI": 0.07142857142857142,
    "THY": 0.07142857142857142
  },
  "domestic_route_shares": {},
  "international_route_shares": {
    "DXB": 0.14285714285714285,
    "DME": 0.14285714285714285,
    "IST": 0.14285714285714285,
    "MSQ": 0.07142857142857142,
    "URC": 0.07142857142857142,
    "GYD": 0.07142857142857142,
    "ATQ": 0.07142857142857142,
    "BHX": 0.07142857142857142,
    "DEL": 0.07142857142857142,
    "FRA": 0.07142857142857142,
    "LHR": 0.07142857142857142
  },
  "domestic_ratio": 0.0,
  "fleet_mix": {
    "CSN": {
      "B737": 1.0
    },
    "FDB": {
      "B738": 1.0
    },
    "GEC": {
      "A330": 1.0
    },
    "SBI": {
      "A319": 1.0
    },
    "TUA": {
      "B752": 0.625,
      "B738": 0.375
    },
    "THY": {
      "A321": 1.0
    }
  },
  "hourly_profile": [],
  "delay_rate": 0.0,
  "delay_distribution": {},
  "mean_delay_minutes": 0.0,
  "data_source": "openflights",
  "region": "",
  "profile_date": "2026-03-21",
  "sample_size": 28
}