{
  "icao_code": "ASR",
  "iata_code": "ASR",
  "airline_shares": {
    "PGT": 0.5384615384615384,
    "SXS": 0.3076923076923077,
    "THY": 0.15384615384615385
  },
  "domestic_route_shares": {
    "ADB": 0.5,
    "SAW": 0.25,
    "IST": 0.25
  },
  "international_route_shares": {
    "AMS": 0.6,
    "DUS": 0.4
  },
  "domestic_ratio": 0.615,
  "fleet_mix": {
    "PGT": {
      "B738": 0.7777777777777778,
      "A320": 0.2222222222222222
    },
    "THY": {
      "A321": 0.2,
      "B738": 0.2,
      "A320": 0.2,
      "B739": 0.2,
      "A319": 0.2
    },
    "SXS": {
      "B738": 1.0
    }
  },
  "hourly_profile": [],
  "delay_rate": 0.0,
  "delay_distribution": {},
  "mean_delay_minutes": 0.0,
  "data_source": "openflights",
  "region": "",
  "profile_date": "2026-03-21",
  "sample_size": 13
}