{
  "icao_code": "ATQ",
  "iata_code": "ATQ",
  "airline_shares": {
    "SEJ": 0.375,
    "JAI": 0.125,
    "AIC": 0.125,
    "UZB": 0.125,
    "QTR": 0.125,
    "TUA": 0.125
  },
  "domestic_route_shares": {
    "DEL": 0.6,
    "BOM": 0.2,
    "SXR": 0.2
  },
  "international_route_shares": {
    "TAS": 0.3333333333333333,
    "DOH": 0.3333333333333333,
    "ASB": 0.3333333333333333
  },
  "domestic_ratio": 0.625,
  "fleet_mix": {
    "JAI": {
      "B738": 1.0
    },
    "AIC": {
      "A321": 0.3333333333333333,
      "B787": 0.3333333333333333,
      "A320": 0.3333333333333333
    },
    "UZB": {
      "A320": 1.0
    },
    "QTR": {
      "A321": 1.0
    },
    "SEJ": {
      "B737": 1.0
    },
    "TUA": {
      "B752": 1.0
    }
  },
  "hourly_profile": [],
  "delay_rate": 0.0,
  "delay_distribution": {},
  "mean_delay_minutes": 0.0,
  "data_source": "openflights",
  "region": "",
  "profile_date": "2026-03-21",
  "sample_size": 16
}