{
  "icao_code": "AUA",
  "iata_code": "AUA",
  "airline_shares": {
    "7I": 0.12790697674418605,
    "8I": 0.06976744186046512,
    "AAL": 0.06976744186046512,
    "DAL": 0.06976744186046512,
    "TRS": 0.06976744186046512,
    "USA": 0.06976744186046512,
    "TNM": 0.05813953488372093,
    "VC9": 0.046511627906976744,
    "JBU": 0.046511627906976744,
    "TFL": 0.046511627906976744,
    "SLM": 0.046511627906976744,
    "UAL": 0.046511627906976744,
    "ACA": 0.023255813953488372,
    "AVA": 0.023255813953488372,
    "CMP": 0.023255813953488372,
    "SEH": 0.023255813953488372,
    "KLM": 0.023255813953488372,
    "OMS": 0.023255813953488372,
    "NKS": 0.023255813953488372,
    "RLN": 0.023255813953488372,
    "OCA": 0.023255813953488372,
    "WJA": 0.023255813953488372
  },
  "domestic_route_shares": {},
  "international_route_shares": {
    "CCS": 0.13953488372093023,
    "MIA": 0.11627906976744186,
    "CUR": 0.05813953488372093,
    "MAR": 0.046511627906976744,
    "VLN": 0.046511627906976744,
    "CLT": 0.046511627906976744,
    "PHL": 0.046511627906976744,
    "YYZ": 0.046511627906976744,
    "JFK": 0.046511627906976744,
    "ATL": 0.046511627906976744,
    "AMS": 0.03488372093023256,
    "LSP": 0.023255813953488372,
    "LRM": 0.023255813953488372,
    "BON": 0.023255813953488372,
    "BOG": 0.023255813953488372,
    "BOS": 0.023255813953488372,
    "PTY": 0.023255813953488372,
    "LGA": 0.023255813953488372,
    "BWI": 0.023255813953488372,
    "MCO": 0.023255813953488372,
    "JBQ": 0.023255813953488372,
    "FLL": 0.023255813953488372,
    "PBM": 0.023255813953488372,
    "EWR": 0.023255813953488372,
    "IAD": 0.023255813953488372
  },
  "domestic_ratio": 0.0,
  "fleet_mix": {
    "AAL": {
      "A320": 0.5,
      "A319": 0.25,
      "B738": 0.25
    },
    "ACA": {
      "A319": 1.0
    },
    "AVA": {
      "A320": 0.5,
      "A319": 0.5
    },
    "JBU": {
      "A320": 1.0
    },
    "CMP": {
      "B738": 0.5,
      "E190": 0.5
    },
    "DAL": {
      "B738": 1.0
    },
    "TRS": {
      "B737": 1.0
    },
    "SEH": {
      "B738": 1.0
    },
    "NKS": {
      "A319": 1.0
    },
    "TFL": {
      "B767": 1.0
    },
    "UAL": {
      "B739": 0.6666666666666666,
      "B752": 0.3333333333333333
    },
    "USA": {
      "A320": 0.4,
      "B752": 0.2,
      "A319": 0.2,
      "B738": 0.2
    }
  },
  "hourly_profile": [],
  "delay_rate": 0.0,
  "delay_distribution": {},
  "mean_delay_minutes": 0.0,
  "data_source": "openflights",
  "region": "",
  "profile_date": "2026-03-21",
  "sample_size": 86
}