{
  "icao_code": "AUS",
  "iata_code": "AUS",
  "airline_shares": {
    "SWA": 0.3464566929133858,
    "AAL": 0.13385826771653545,
    "UAL": 0.10236220472440945,
    "JBU": 0.09448818897637795,
    "USA": 0.09448818897637795,
    "DAL": 0.07086614173228346,
    "TRS": 0.031496062992125984,
    "ASA": 0.015748031496062992,
    "FIN": 0.015748031496062992,
    "BAW": 0.015748031496062992,
    "FFT": 0.015748031496062992,
    "AAY": 0.015748031496062992,
    "IBE": 0.015748031496062992,
    "TAO": 0.015748031496062992,
    "VRD": 0.015748031496062992
  },
  "domestic_route_shares": {
    "JFK": 0.07339449541284404,
    "LAX": 0.05504587155963303,
    "ORD": 0.05504587155963303,
    "PHX": 0.05504587155963303,
    "SFO": 0.05504587155963303,
    "ATL": 0.05504587155963303,
    "DEN": 0.05504587155963303,
    "DFW": 0.03669724770642202,
    "MSY": 0.03669724770642202,
    "PHL": 0.03669724770642202,
    "FLL": 0.03669724770642202,
    "MCO": 0.03669724770642202,
    "LAS": 0.03669724770642202,
    "EWR": 0.03669724770642202,
    "SEA": 0.01834862385321101,
    "BOS": 0.01834862385321101,
    "LGB": 0.01834862385321101,
    "DTW": 0.01834862385321101,
    "SLC": 0.01834862385321101,
    "IAH": 0.01834862385321101,
    "BNA": 0.01834862385321101,
    "BWI": 0.01834862385321101,
    "DAL": 0.01834862385321101,
    "DCA": 0.01834862385321101,
    "ELP": 0.01834862385321101,
    "HOU": 0.01834862385321101,
    "MDW": 0.01834862385321101,
    "OAK": 0.01834862385321101,
    "SAN": 0.01834862385321101,
    "SJC": 0.01834862385321101,
    "TPA": 0.01834862385321101,
    "CLT": 0.009174311926605505,
    "MSP": 0.009174311926605505,
    "IAD": 0.009174311926605505
  },
  "international_route_shares": {
    "LHR": 0.4444444444444444,
    "CUN": 0.2222222222222222,
    "MEX": 0.1111111111111111,
    "HRL": 0.1111111111111111,
    "LBB": 0.1111111111111111
  },
  "domestic_ratio": 0.858,
  "fleet_mix": {
    "AAL": {
      "B738": 0.375,
      "A319": 0.25,
      "B787": 0.125,
      "E190": 0.125,
      "CRJ9": 0.125
    },
    "ASA": {
      "B739": 0.5,
      "B738": 0.5
    },
    "FIN": {
      "B787": 1.0
    },
    "JBU": {
      "A320": 0.5714285714285714,
      "E190": 0.42857142857142855
    },
    "BAW": {
      "B787": 1.0
    },
    "DAL": {
      "A319": 1.0
    },
    "FFT": {
      "A319": 1.0
    },
    "TRS": {
      "B737": 1.0
    },
    "IBE": {
      "B787": 1.0
    },
    "UAL": {
      "B739": 0.25,
      "B738": 0.2222222222222222,
      "A320": 0.19444444444444445,
      "A319": 0.19444444444444445,
      "B737": 0.08333333333333333,
      "B752": 0.05555555555555555
    },
    "USA": {
      "B738": 0.5,
      "A319": 0.3333333333333333,
      "E190": 0.16666666666666666
    },
    "TAO": {
      "CRJ9": 1.0
    },
    "VRD": {
      "A319": 1.0
    },
    "SWA": {
      "B738": 1.0
    }
  },
  "hourly_profile": [],
  "delay_rate": 0.0,
  "delay_distribution": {},
  "mean_delay_minutes": 0.0,
  "data_source": "openflights",
  "region": "",
  "profile_date": "2026-03-21",
  "sample_size": 127
}