{
  "icao_code": "AYT",
  "iata_code": "AYT",
  "airline_shares": {
    "SXS": 0.16194331983805668,
    "BER": 0.08906882591093117,
    "PGT": 0.08906882591093117,
    "CFG": 0.08097165991902834,
    "GMI": 0.08097165991902834,
    "HLX": 0.0728744939271255,
    "THY": 0.048582995951417005,
    "TVF": 0.044534412955465584,
    "TCX": 0.03643724696356275,
    "NAX": 0.032388663967611336,
    "TRA": 0.032388663967611336,
    "MON": 0.032388663967611336,
    "OHY": 0.024291497975708502,
    "NLY": 0.024291497975708502,
    "AFL": 0.024291497975708502,
    "TOM": 0.024291497975708502,
    "EZY": 0.024291497975708502,
    "BHP": 0.008097165991902834,
    "GWI": 0.008097165991902834,
    "FIN": 0.008097165991902834,
    "HMY": 0.008097165991902834,
    "KKK": 0.008097165991902834,
    "LGL": 0.008097165991902834,
    "GEC": 0.008097165991902834,
    "TVS": 0.008097165991902834,
    "TSO": 0.008097165991902834,
    "LMU": 0.004048582995951417
  },
  "domestic_route_shares": {
    "IST": 0.3,
    "SAW": 0.3,
    "ADA": 0.2,
    "ADB": 0.2
  },
  "international_route_shares": {
    "CGN": 0.04405286343612335,
    "DUS": 0.04405286343612335,
    "HAM": 0.04405286343612335,
    "LGW": 0.04405286343612335,
    "MAN": 0.039647577092511016,
    "LEJ": 0.03524229074889868,
    "MUC": 0.03524229074889868,
    "STR": 0.03524229074889868,
    "FRA": 0.03524229074889868,
    "NUE": 0.02643171806167401,
    "PAD": 0.02643171806167401,
    "TXL": 0.02643171806167401,
    "HAJ": 0.02643171806167401,
    "VIE": 0.02643171806167401,
    "BHX": 0.02643171806167401,
    "ZRH": 0.01762114537444934,
    "SVO": 0.01762114537444934,
    "DRS": 0.01762114537444934,
    "SXF": 0.01762114537444934,
    "GRZ": 0.01762114537444934,
    "SZG": 0.01762114537444934,
    "BRU": 0.01762114537444934,
    "AMS": 0.01762114537444934,
    "VKO": 0.01762114537444934,
    "LTN": 0.01762114537444934,
    "BSL": 0.01762114537444934,
    "BRS": 0.013215859030837005,
    "KZN": 0.00881057268722467,
    "FMO": 0.00881057268722467,
    "HEL": 0.00881057268722467,
    "BGO": 0.00881057268722467,
    "OSL": 0.00881057268722467,
    "TRD": 0.00881057268722467,
    "TRF": 0.00881057268722467,
    "EIN": 0.00881057268722467,
    "RTM": 0.00881057268722467,
    "LUX": 0.00881057268722467,
    "BLL": 0.00881057268722467,
    "CPH": 0.00881057268722467,
    "ECN": 0.00881057268722467,
    "GVA": 0.00881057268722467,
    "TZX": 0.00881057268722467,
    "PRG": 0.00881057268722467,
    "BRE": 0.00881057268722467,
    "ERF": 0.00881057268722467,
    "FDH": 0.00881057268722467,
    "KSF": 0.00881057268722467,
    "RLG": 0.00881057268722467,
    "LED": 0.00881057268722467,
    "ROV": 0.00881057268722467,
    "GLA": 0.00881057268722467,
    "BGW": 0.00881057268722467,
    "EBL": 0.00881057268722467,
    "ORY": 0.00881057268722467,
    "ZQW": 0.00881057268722467,
    "LNZ": 0.00881057268722467,
    "LBA": 0.00881057268722467,
    "GRQ": 0.004405286343612335,
    "MST": 0.004405286343612335,
    "KBP": 0.004405286343612335
  },
  "domestic_ratio": 0.081,
  "fleet_mix": {
    "BHP": {
      "A320": 1.0
    },
    "GWI": {
      "A320": 1.0
    },
    "OHY": {
      "A321": 0.6666666666666666,
      "A320": 0.3333333333333333
    },
    "BER": {
      "B738": 0.5625,
      "A320": 0.25,
      "A321": 0.1875
    },
    "FIN": {
      "A320": 1.0
    },
    "CFG": {
      "A321": 1.0
    },
    "NAX": {
      "B738": 1.0
    },
    "NLY": {
      "A321": 1.0
    },
    "HMY": {
      "A320": 1.0
    },
    "TRA": {
      "B738": 1.0
    },
    "KKK": {
      "A320": 1.0
    },
    "LGL": {
      "B738": 1.0
    },
    "GEC": {
      "A320": 1.0
    },
    "PGT": {
      "B738": 0.9166666666666666,
      "A320": 0.08333333333333333
    },
    "TVS": {
      "B738": 1.0
    },
    "GMI": {
      "A321": 0.45454545454545453,
      "B737": 0.36363636363636365,
      "A319": 0.18181818181818182
    },
    "AFL": {
      "B767": 0.25,
      "A319": 0.25,
      "A321": 0.25,
      "A320": 0.25
    },
    "TCX": {
      "B752": 0.6153846153846154,
      "A330": 0.15384615384615385,
      "A321": 0.15384615384615385,
      "A320": 0.07692307692307693
    },
    "THY": {
      "B738": 0.4,
      "A320": 0.2,
      "A321": 0.2,
      "A319": 0.1,
      "B739": 0.1
    },
    "TVF": {
      "B738": 1.0
    },
    "TOM": {
      "B738": 1.0
    },
    "EZY": {
      "A320": 0.75,
      "A319": 0.25
    },
    "LMU": {
      "A320": 1.0
    },
    "HLX": {
      "B738": 1.0
    },
    "SXS": {
      "B738": 1.0
    },
    "MON": {
      "A320": 0.6,
      "A321": 0.4
    }
  },
  "hourly_profile": [],
  "delay_rate": 0.0,
  "delay_distribution": {},
  "mean_delay_minutes": 0.0,
  "data_source": "openflights",
  "region": "",
  "profile_date": "2026-03-21",
  "sample_size": 247
}