{
  "icao_code": "BAH",
  "iata_code": "BAH",
  "airline_shares": {
    "GBA": 0.556390977443609,
    "BAW": 0.03007518796992481,
    "FDB": 0.03007518796992481,
    "AXB": 0.03007518796992481,
    "SVA": 0.03007518796992481,
    "THY": 0.03007518796992481,
    "PIA": 0.022556390977443608,
    "OMA": 0.022556390977443608,
    "JAI": 0.015037593984962405,
    "AIC": 0.015037593984962405,
    "CPA": 0.015037593984962405,
    "UAE": 0.015037593984962405,
    "ETD": 0.015037593984962405,
    "ABY": 0.015037593984962405,
    "IRA": 0.015037593984962405,
    "JZR": 0.015037593984962405,
    "KLM": 0.015037593984962405,
    "KAC": 0.015037593984962405,
    "GEC": 0.015037593984962405,
    "MAS": 0.015037593984962405,
    "LPR": 0.015037593984962405,
    "MSR": 0.015037593984962405,
    "QTR": 0.015037593984962405,
    "UAL": 0.015037593984962405,
    "AZA": 0.007518796992481203
  },
  "domestic_route_shares": {},
  "international_route_shares": {
    "DOH": 0.09022556390977443,
    "AUH": 0.06766917293233082,
    "KWI": 0.06015037593984962,
    "DXB": 0.05263157894736842,
    "MCT": 0.045112781954887216,
    "BOM": 0.03007518796992481,
    "LHR": 0.03007518796992481,
    "DWC": 0.03007518796992481,
    "BKK": 0.03007518796992481,
    "CAI": 0.03007518796992481,
    "IST": 0.03007518796992481,
    "JED": 0.03007518796992481,
    "LHE": 0.03007518796992481,
    "MHD": 0.03007518796992481,
    "RUH": 0.03007518796992481,
    "DEL": 0.022556390977443608,
    "SHJ": 0.015037593984962405,
    "ADD": 0.015037593984962405,
    "AMM": 0.015037593984962405,
    "BEY": 0.015037593984962405,
    "BGW": 0.015037593984962405,
    "CDG": 0.015037593984962405,
    "COK": 0.015037593984962405,
    "DMM": 0.015037593984962405,
    "FRA": 0.015037593984962405,
    "IKA": 0.015037593984962405,
    "ISB": 0.015037593984962405,
    "KHI": 0.015037593984962405,
    "KRT": 0.015037593984962405,
    "LCA": 0.015037593984962405,
    "MAA": 0.015037593984962405,
    "MED": 0.015037593984962405,
    "MNL": 0.015037593984962405,
    "NJF": 0.015037593984962405,
    "PEW": 0.015037593984962405,
    "SAH": 0.015037593984962405,
    "SKT": 0.015037593984962405,
    "TRV": 0.015037593984962405,
    "CMB": 0.015037593984962405,
    "IXE": 0.007518796992481203,
    "CCJ": 0.007518796992481203
  },
  "domestic_ratio": 0.0,
  "fleet_mix": {
    "JAI": {
      "B738": 1.0
    },
    "AIC": {
      "A319": 1.0
    },
    "AZA": {
      "A320": 1.0
    },
    "BAW": {
      "B777": 1.0
    },
    "CPA": {
      "A330": 1.0
    },
    "UAE": {
      "B777": 0.6666666666666666,
      "A330": 0.3333333333333333
    },
    "ETD": {
      "A320": 0.5,
      "A330": 0.5
    },
    "FDB": {
      "B738": 1.0
    },
    "ABY": {
      "A320": 1.0
    },
    "GBA": {
      "A320": 0.5454545454545454,
      "A321": 0.32323232323232326,
      "A330": 0.13131313131313133
    },
    "IRA": {
      "A320": 1.0
    },
    "AXB": {
      "B738": 1.0
    },
    "JZR": {
      "A320": 1.0
    },
    "KAC": {
      "A320": 1.0
    },
    "GEC": {
      "A330": 1.0
    },
    "MAS": {
      "A330": 1.0
    },
    "LPR": {
      "A320": 0.5,
      "A321": 0.5
    },
    "MSR": {
      "E175": 1.0
    },
    "PIA": {
      "B738": 0.5,
      "B737": 0.5
    },
    "QTR": {
      "A320": 0.25,
      "A321": 0.25,
      "A319": 0.25,
      "A330": 0.25
    },
    "SVA": {
      "E175": 0.6666666666666666,
      "A320": 0.3333333333333333
    },
    "THY": {
      "A321": 1.0
    },
    "UAL": {
      "B777": 1.0
    },
    "OMA": {
      "B738": 0.42857142857142855,
      "E175": 0.2857142857142857,
      "B737": 0.2857142857142857
    }
  },
  "hourly_profile": [],
  "delay_rate": 0.0,
  "delay_distribution": {},
  "mean_delay_minutes": 0.0,
  "data_source": "openflights",
  "region": "",
  "profile_date": "2026-03-21",
  "sample_size": 133
}