{
  "icao_code": "BAQ",
  "iata_code": "BAQ",
  "airline_shares": {
    "AVA": 0.5714285714285714,
    "CMP": 0.2857142857142857,
    "USA": 0.14285714285714285
  },
  "domestic_route_shares": {
    "BOG": 0.5,
    "CLO": 0.25,
    "MDE": 0.25
  },
  "international_route_shares": {
    "MIA": 0.6666666666666666,
    "PTY": 0.3333333333333333
  },
  "domestic_ratio": 0.571,
  "fleet_mix": {
    "AVA": {
      "A318": 0.4,
      "A320": 0.4,
      "A319": 0.2
    },
    "CMP": {
      "A320": 0.2857142857142857,
      "A318": 0.2857142857142857,
      "E190": 0.2857142857142857,
      "A319": 0.14285714285714285
    },
    "USA": {
      "A318": 0.5,
      "A320": 0.5
    }
  },
  "hourly_profile": [],
  "delay_rate": 0.0,
  "delay_distribution": {},
  "mean_delay_minutes": 0.0,
  "data_source": "openflights",
  "region": "",
  "profile_date": "2026-03-21",
  "sample_size": 14
}