{
  "icao_code": "BAV",
  "iata_code": "BAV",
  "airline_shares": {
    "CSN": 0.3181818181818182,
    "GUN": 0.09090909090909091,
    "KN": 0.09090909090909091,
    "CDG": 0.09090909090909091,
    "RHC": 0.045454545454545456,
    "CCA": 0.045454545454545456,
    "CSH": 0.045454545454545456,
    "G5": 0.045454545454545456,
    "DKH": 0.045454545454545456,
    "CHH": 0.045454545454545456,
    "JAS": 0.045454545454545456,
    "CES": 0.045454545454545456,
    "CSZ": 0.045454545454545456
  },
  "domestic_route_shares": {
    "XIY": 0.1,
    "PEK": 0.1,
    "CGO": 0.1,
    "SJW": 0.1,
    "TSN": 0.1,
    "CSX": 0.05,
    "CTU": 0.05,
    "SHE": 0.05,
    "URC": 0.05,
    "WUH": 0.05,
    "SHA": 0.05,
    "PVG": 0.05,
    "NKG": 0.05,
    "TYN": 0.05,
    "CAN": 0.05
  },
  "international_route_shares": {
    "CIF": 0.5,
    "NAY": 0.5
  },
  "domestic_ratio": 0.909,
  "fleet_mix": {
    "RHC": {
      "B738": 1.0
    },
    "CCA": {
      "B738": 0.5,
      "B737": 0.5
    },
    "CSN": {
      "A320": 0.4,
      "B738": 0.2,
      "A321": 0.2,
      "A319": 0.2
    },
    "CSH": {
      "B738": 0.5,
      "B737": 0.5
    },
    "G5": {
      "CRJ9": 1.0
    },
    "DKH": {
      "A320": 1.0
    },
    "CHH": {
      "B738": 1.0
    },
    "JAS": {
      "A320": 1.0
    },
    "KN": {
      "B737": 1.0
    },
    "CES": {
      "A320": 1.0
    },
    "CDG": {
      "CRJ7": 1.0
    },
    "CSZ": {
      "A320": 1.0
    }
  },
  "hourly_profile": [],
  "delay_rate": 0.0,
  "delay_distribution": {},
  "mean_delay_minutes": 0.0,
  "data_source": "openflights",
  "region": "",
  "profile_date": "2026-03-21",
  "sample_size": 44
}