{
  "icao_code": "BCN",
  "iata_code": "BCN",
  "airline_shares": {
    "VLG": 0.34050179211469533,
    "RYR": 0.13978494623655913,
    "EZY": 0.05017921146953405,
    "NAX": 0.03942652329749104,
    "IBE": 0.035842293906810034,
    "WZZ": 0.035842293906810034,
    "AEA": 0.021505376344086023,
    "GWI": 0.017921146953405017,
    "MON": 0.014336917562724014,
    "USA": 0.012544802867383513,
    "3O": 0.010752688172043012,
    "AAL": 0.010752688172043012,
    "FIN": 0.010752688172043012,
    "TRA": 0.010752688172043012,
    "GEC": 0.010752688172043012,
    "EXS": 0.010752688172043012,
    "SAS": 0.010752688172043012,
    "SQC": 0.010752688172043012,
    "BER": 0.007168458781362007,
    "DAH": 0.007168458781362007,
    "RAM": 0.007168458781362007,
    "AZA": 0.007168458781362007,
    "BAW": 0.007168458781362007,
    "EIN": 0.007168458781362007,
    "SWR": 0.007168458781362007,
    "CSA": 0.007168458781362007,
    "PIA": 0.007168458781362007,
    "AFL": 0.007168458781362007,
    "TSC": 0.007168458781362007,
    "AYZ": 0.0035842293906810036,
    "AEE": 0.0035842293906810036,
    "AFR": 0.0035842293906810036,
    "ARG": 0.0035842293906810036,
    "AVA": 0.0035842293906810036,
    "BRU": 0.0035842293906810036,
    "BTI": 0.0035842293906810036,
    "CCA": 0.0035842293906810036,
    "CPA": 0.0035842293906810036,
    "DAL": 0.0035842293906810036,
    "UAE": 0.0035842293906810036,
    "LZB": 0.0035842293906810036,
    "NLY": 0.0035842293906810036,
    "CHH": 0.0035842293906810036,
    "AIZ": 0.0035842293906810036,
    "KLM": 0.0035842293906810036,
    "LGL": 0.0035842293906810036,
    "LOT": 0.0035842293906810036,
    "ELY": 0.0035842293906810036,
    "MSR": 0.0035842293906810036,
    "CES": 0.0035842293906810036,
    "CTN": 0.0035842293906810036,
    "PGT": 0.0035842293906810036,
    "AUI": 0.0035842293906810036,
    "QTR": 0.0035842293906810036,
    "TVS": 0.0035842293906810036,
    "RJA": 0.0035842293906810036,
    "ROT": 0.0035842293906810036,
    "DAT": 0.0035842293906810036,
    "STS": 0.0035842293906810036,
    "THY": 0.0035842293906810036,
    "TAP": 0.0035842293906810036,
    "TAR": 0.0035842293906810036,
    "UAL": 0.0035842293906810036,
    "TSO": 0.0035842293906810036,
    "EB": 0.0017921146953405018
  },
  "domestic_route_shares": {
    "PMI": 0.12698412698412698,
    "MAD": 0.1111111111111111,
    "TFN": 0.09523809523809523,
    "ACE": 0.06349206349206349,
    "AGP": 0.06349206349206349,
    "FUE": 0.06349206349206349,
    "IBZ": 0.06349206349206349,
    "LPA": 0.06349206349206349,
    "MAH": 0.06349206349206349,
    "SCQ": 0.06349206349206349,
    "SVQ": 0.06349206349206349,
    "TFS": 0.06349206349206349,
    "ALC": 0.031746031746031744,
    "BIO": 0.031746031746031744,
    "OVD": 0.031746031746031744
  },
  "international_route_shares": {
    "LGW": 0.020202020202020204,
    "WAW": 0.020202020202020204,
    "JFK": 0.01616161616161616,
    "CDG": 0.01616161616161616,
    "BRU": 0.01616161616161616,
    "AMS": 0.01616161616161616,
    "PRG": 0.01616161616161616,
    "TLV": 0.014141414141414142,
    "CMN": 0.012121212121212121,
    "NDR": 0.012121212121212121,
    "TNG": 0.012121212121212121,
    "DUS": 0.012121212121212121,
    "HAM": 0.012121212121212121,
    "MIA": 0.012121212121212121,
    "TXL": 0.012121212121212121,
    "HEL": 0.012121212121212121,
    "FCO": 0.012121212121212121,
    "VIE": 0.012121212121212121,
    "ARN": 0.012121212121212121,
    "CPH": 0.012121212121212121,
    "OSL": 0.012121212121212121,
    "MAN": 0.012121212121212121,
    "OPO": 0.012121212121212121,
    "XRY": 0.012121212121212121,
    "OTP": 0.012121212121212121,
    "MXP": 0.012121212121212121,
    "DOH": 0.010101010101010102,
    "BJL": 0.00808080808080808,
    "HAJ": 0.00808080808080808,
    "STR": 0.00808080808080808,
    "ATH": 0.00808080808080808,
    "PHL": 0.00808080808080808,
    "ALG": 0.00808080808080808,
    "ORN": 0.00808080808080808,
    "BGO": 0.00808080808080808,
    "GOT": 0.00808080808080808,
    "SXF": 0.00808080808080808,
    "DUB": 0.00808080808080808,
    "SOF": 0.00808080808080808,
    "BHX": 0.00808080808080808,
    "BLQ": 0.00808080808080808,
    "BUD": 0.00808080808080808,
    "EDI": 0.00808080808080808,
    "FEZ": 0.00808080808080808,
    "LPL": 0.00808080808080808,
    "SDR": 0.00808080808080808,
    "TRN": 0.00808080808080808,
    "VLL": 0.00808080808080808,
    "VNO": 0.00808080808080808,
    "DKR": 0.00808080808080808,
    "DTM": 0.00808080808080808,
    "LCG": 0.00808080808080808,
    "LIL": 0.00808080808080808,
    "LUX": 0.00808080808080808,
    "FRA": 0.00808080808080808,
    "MUC": 0.00808080808080808,
    "LBA": 0.00808080808080808,
    "GVA": 0.00808080808080808,
    "ZRH": 0.00808080808080808,
    "ZAG": 0.00808080808080808,
    "LED": 0.00808080808080808,
    "SVO": 0.00808080808080808,
    "LIS": 0.00808080808080808,
    "LYS": 0.00808080808080808,
    "NCE": 0.00808080808080808,
    "DME": 0.00808080808080808,
    "CTA": 0.006060606060606061,
    "CGN": 0.00404040404040404,
    "EZE": 0.00404040404040404,
    "BOG": 0.00404040404040404,
    "LIN": 0.00404040404040404,
    "MSQ": 0.00404040404040404,
    "LHR": 0.00404040404040404,
    "RIX": 0.00404040404040404,
    "TRF": 0.00404040404040404,
    "ORK": 0.00404040404040404,
    "DXB": 0.00404040404040404,
    "BGY": 0.00404040404040404,
    "BVA": 0.00404040404040404,
    "CIA": 0.00404040404040404,
    "CRL": 0.00404040404040404,
    "EMA": 0.00404040404040404,
    "NYO": 0.00404040404040404,
    "PIK": 0.00404040404040404,
    "RYG": 0.00404040404040404,
    "STN": 0.00404040404040404,
    "TSF": 0.00404040404040404,
    "WMI": 0.00404040404040404,
    "EIN": 0.00404040404040404,
    "RTM": 0.00404040404040404,
    "GLA": 0.00404040404040404,
    "CAI": 0.00404040404040404,
    "SAW": 0.00404040404040404,
    "ISB": 0.00404040404040404,
    "LHE": 0.00404040404040404,
    "KBP": 0.00404040404040404,
    "AMM": 0.00404040404040404,
    "GRU": 0.00404040404040404,
    "SIN": 0.00404040404040404,
    "BRN": 0.00404040404040404,
    "IST": 0.00404040404040404,
    "YUL": 0.00404040404040404,
    "YYZ": 0.00404040404040404,
    "TUN": 0.00404040404040404,
    "BFS": 0.00404040404040404,
    "BRS": 0.00404040404040404,
    "BSL": 0.00404040404040404,
    "LTN": 0.00404040404040404,
    "NCL": 0.00404040404040404,
    "SEN": 0.00404040404040404,
    "EWR": 0.00404040404040404,
    "BJZ": 0.00404040404040404,
    "AAL": 0.00404040404040404,
    "BES": 0.00404040404040404,
    "BOD": 0.00404040404040404,
    "BRI": 0.00404040404040404,
    "CWL": 0.00404040404040404,
    "DBV": 0.00404040404040404,
    "DRS": 0.00404040404040404,
    "EAS": 0.00404040404040404,
    "FLR": 0.00404040404040404,
    "GOA": 0.00404040404040404,
    "GRX": 0.00404040404040404,
    "IEV": 0.00404040404040404,
    "LEI": 0.00404040404040404,
    "LEJ": 0.00404040404040404,
    "MLA": 0.00404040404040404,
    "MRS": 0.00404040404040404,
    "NAP": 0.00404040404040404,
    "NTE": 0.00404040404040404,
    "NUE": 0.00404040404040404,
    "ORY": 0.00404040404040404,
    "PMO": 0.00404040404040404,
    "PSA": 0.00404040404040404,
    "RAK": 0.00404040404040404,
    "RNS": 0.00404040404040404,
    "SVG": 0.00404040404040404,
    "TLS": 0.00404040404040404,
    "VCE": 0.00404040404040404,
    "VGO": 0.00404040404040404,
    "CLJ": 0.00404040404040404,
    "GDN": 0.00404040404040404,
    "KTW": 0.00404040404040404,
    "POZ": 0.00404040404040404,
    "TSR": 0.00404040404040404
  },
  "domestic_ratio": 0.113,
  "fleet_mix": {
    "AYZ": {
      "A319": 1.0
    },
    "3O": {
      "A320": 1.0
    },
    "GWI": {
      "A319": 0.625,
      "A320": 0.375
    },
    "AEE": {
      "A320": 0.5,
      "A321": 0.5
    },
    "AAL": {
      "B767": 0.6666666666666666,
      "A330": 0.3333333333333333
    },
    "BER": {
      "B738": 0.4,
      "A321": 0.4,
      "A320": 0.2
    },
    "AFR": {
      "A321": 0.3333333333333333,
      "A318": 0.3333333333333333,
      "A320": 0.3333333333333333
    },