{
  "icao_code": "BDA",
  "iata_code": "BDA",
  "airline_shares": {
    "AAL": 0.21428571428571427,
    "DAL": 0.21428571428571427,
    "USA": 0.21428571428571427,
    "ACA": 0.07142857142857142,
    "JBU": 0.07142857142857142,
    "BAW": 0.07142857142857142,
    "UAL": 0.07142857142857142,
    "WJA": 0.07142857142857142
  },
  "domestic_route_shares": {},
  "international_route_shares": {
    "JFK": 0.2857142857142857,
    "MIA": 0.14285714285714285,
    "PHL": 0.14285714285714285,
    "YYZ": 0.14285714285714285,
    "LGW": 0.07142857142857142,
    "ATL": 0.07142857142857142,
    "BOS": 0.07142857142857142,
    "EWR": 0.07142857142857142
  },
  "domestic_ratio": 0.0,
  "fleet_mix": {
    "AAL": {
      "B738": 0.6666666666666666,
      "A319": 0.3333333333333333
    },
    "ACA": {
      "A319": 1.0
    },
    "JBU": {
      "A320": 1.0
    },
    "BAW": {
      "B777": 1.0
    },
    "DAL": {
      "B738": 0.6666666666666666,
      "A319": 0.3333333333333333
    },
    "UAL": {
      "B738": 1.0
    },
    "USA": {
      "B738": 0.6666666666666666,
      "A319": 0.3333333333333333
    }
  },
  "hourly_profile": [],
  "delay_rate": 0.0,
  "delay_distribution": {},
  "mean_delay_minutes": 0.0,
  "data_source": "openflights",
  "region": "",
  "profile_date": "2026-03-21",
  "sample_size": 28
}