{
  "icao_code": "BDJ",
  "iata_code": "BDJ",
  "airline_shares": {
    "LNI": 0.4444444444444444,
    "GIA": 0.14814814814814814,
    "QG": 0.14814814814814814,
    "SJY": 0.14814814814814814,
    "ILY": 0.1111111111111111
  },
  "domestic_route_shares": {
    "CGK": 0.34782608695652173,
    "SUB": 0.30434782608695654,
    "BPN": 0.17391304347826086,
    "JOG": 0.08695652173913043,
    "SRG": 0.08695652173913043
  },
  "international_route_shares": {
    "PKN": 0.5,
    "BDO": 0.5
  },
  "domestic_ratio": 0.852,
  "fleet_mix": {
    "GIA": {
      "B738": 1.0
    },
    "ILY": {
      "AT76": 1.0
    },
    "LNI": {
      "B738": 0.5,
      "B739": 0.5
    },
    "QG": {
      "A320": 1.0
    }
  },
  "hourly_profile": [],
  "delay_rate": 0.0,
  "delay_distribution": {},
  "mean_delay_minutes": 0.0,
  "data_source": "openflights",
  "region": "",
  "profile_date": "2026-03-21",
  "sample_size": 27
}