{
  "icao_code": "BDL",
  "iata_code": "BDL",
  "airline_shares": {
    "SWA": 0.25806451612903225,
    "USA": 0.22580645161290322,
    "AAL": 0.16129032258064516,
    "JBU": 0.16129032258064516,
    "DAL": 0.0967741935483871,
    "UAL": 0.06451612903225806,
    "TRS": 0.03225806451612903
  },
  "domestic_route_shares": {
    "CLT": 0.06666666666666667,
    "DFW": 0.06666666666666667,
    "LAX": 0.06666666666666667,
    "MIA": 0.06666666666666667,
    "PHL": 0.06666666666666667,
    "FLL": 0.06666666666666667,
    "MCO": 0.06666666666666667,
    "TPA": 0.06666666666666667,
    "ATL": 0.06666666666666667,
    "ORD": 0.06666666666666667,
    "PBI": 0.03333333333333333,
    "DTW": 0.03333333333333333,
    "MSP": 0.03333333333333333,
    "IAD": 0.03333333333333333,
    "DCA": 0.03333333333333333,
    "BWI": 0.03333333333333333,
    "DEN": 0.03333333333333333,
    "LAS": 0.03333333333333333,
    "MDW": 0.03333333333333333,
    "RSW": 0.03333333333333333
  },
  "international_route_shares": {
    "SJU": 1.0
  },
  "domestic_ratio": 0.968,
  "fleet_mix": {
    "AAL": {
      "B738": 0.4,
      "A319": 0.2,
      "A320": 0.13333333333333333,
      "A321": 0.13333333333333333,
      "E190": 0.13333333333333333
    },
    "JBU": {
      "A320": 0.8,
      "E190": 0.2
    },
    "DAL": {
      "A319": 0.6666666666666666,
      "A320": 0.3333333333333333
    },
    "UAL": {
      "B738": 0.3333333333333333,
      "A319": 0.3333333333333333,
      "A320": 0.16666666666666666,
      "B737": 0.16666666666666666
    },
    "USA": {
      "B738": 0.3157894736842105,
      "A319": 0.15789473684210525,
      "A320": 0.10526315789473684,
      "A321": 0.10526315789473684,
      "CRJ9": 0.10526315789473684,
      "E175": 0.10526315789473684,
      "E190": 0.10526315789473684
    },
    "SWA": {
      "B738": 1.0
    }
  },
  "hourly_profile": [],
  "delay_rate": 0.0,
  "delay_distribution": {},
  "mean_delay_minutes": 0.0,
  "data_source": "openflights",
  "region": "",
  "profile_date": "2026-03-21",
  "sample_size": 62
}