{
  "icao_code": "BDQ",
  "iata_code": "BDQ",
  "airline_shares": {
    "IGO": 0.4444444444444444,
    "JAI": 0.2222222222222222,
    "AIC": 0.2222222222222222,
    "RSH": 0.1111111111111111
  },
  "domestic_route_shares": {
    "BOM": 0.5555555555555556,
    "DEL": 0.4444444444444444
  },
  "international_route_shares": {},
  "domestic_ratio": 1.0,
  "fleet_mix": {
    "IGO": {
      "A320": 1.0
    },
    "JAI": {
      "B738": 1.0
    },
    "AIC": {
      "A320": 1.0
    },
    "RSH": {
      "B738": 1.0
    }
  },
  "hourly_profile": [],
  "delay_rate": 0.0,
  "delay_distribution": {},
  "mean_delay_minutes": 0.0,
  "data_source": "openflights",
  "region": "",
  "profile_date": "2026-03-21",
  "sample_size": 9
}