{
  "icao_code": "BDS",
  "iata_code": "BDS",
  "airline_shares": {
    "RYR": 0.5641025641025641,
    "EZY": 0.15384615384615385,
    "BER": 0.10256410256410256,
    "AZA": 0.07692307692307693,
    "OAW": 0.05128205128205128,
    "GWI": 0.05128205128205128
  },
  "domestic_route_shares": {
    "FCO": 0.11764705882352941,
    "BGY": 0.11764705882352941,
    "BLQ": 0.11764705882352941,
    "CIA": 0.11764705882352941,
    "PSA": 0.11764705882352941,
    "TRN": 0.11764705882352941,
    "TSF": 0.11764705882352941,
    "MXP": 0.11764705882352941,
    "LIN": 0.058823529411764705
  },
  "international_route_shares": {
    "ZRH": 0.18181818181818182,
    "STR": 0.09090909090909091,
    "MUC": 0.09090909090909091,
    "BVA": 0.09090909090909091,
    "CRL": 0.09090909090909091,
    "EIN": 0.09090909090909091,
    "GRO": 0.09090909090909091,
    "STN": 0.09090909090909091,
    "BSL": 0.09090909090909091,
    "GVA": 0.09090909090909091
  },
  "domestic_ratio": 0.436,
  "fleet_mix": {
    "GWI": {
      "A319": 1.0
    },
    "BER": {
      "B737": 0.2857142857142857,
      "B738": 0.2857142857142857,
      "A320": 0.2857142857142857,
      "A321": 0.14285714285714285
    },
    "AZA": {
      "A319": 0.2857142857142857,
      "A321": 0.2857142857142857,
      "A320": 0.2857142857142857,
      "E190": 0.14285714285714285
    },
    "RYR": {
      "B738": 1.0
    },
    "EZY": {
      "A320": 0.6,
      "A319": 0.4
    }
  },
  "hourly_profile": [],
  "delay_rate": 0.0,
  "delay_distribution": {},
  "mean_delay_minutes": 0.0,
  "data_source": "openflights",
  "region": "",
  "profile_date": "2026-03-21",
  "sample_size": 39
}