{
  "icao_code": "BEG",
  "iata_code": "BEG",
  "airline_shares": {
    "ASL": 0.4049079754601227,
    "WZZ": 0.147239263803681,
    "ETD": 0.05521472392638037,
    "BER": 0.049079754601226995,
    "EZY": 0.03680981595092025,
    "NAX": 0.024539877300613498,
    "SWR": 0.024539877300613498,
    "SAS": 0.024539877300613498,
    "MGX": 0.024539877300613498,
    "GWI": 0.012269938650306749,
    "AEE": 0.012269938650306749,
    "AZA": 0.012269938650306749,
    "BRU": 0.012269938650306749,
    "BBO": 0.012269938650306749,
    "FDB": 0.012269938650306749,
    "BON": 0.012269938650306749,
    "GEC": 0.012269938650306749,
    "LOT": 0.012269938650306749,
    "OAL": 0.012269938650306749,
    "CTN": 0.012269938650306749,
    "PGT": 0.012269938650306749,
    "QTR": 0.012269938650306749,
    "ROT": 0.012269938650306749,
    "AFL": 0.012269938650306749,
    "THY": 0.012269938650306749,
    "TAR": 0.012269938650306749
  },
  "domestic_route_shares": {},
  "international_route_shares": {
    "FRA": 0.06134969325153374,
    "STR": 0.03680981595092025,
    "ATH": 0.03680981595092025,
    "FCO": 0.03680981595092025,
    "ARN": 0.03680981595092025,
    "GVA": 0.03680981595092025,
    "DUS": 0.024539877300613498,
    "TXL": 0.024539877300613498,
    "BUD": 0.024539877300613498,
    "AMS": 0.024539877300613498,
    "AUH": 0.024539877300613498,
    "SJJ": 0.024539877300613498,
    "LCA": 0.024539877300613498,
    "MXP": 0.024539877300613498,
    "OTP": 0.024539877300613498,
    "SAW": 0.024539877300613498,
    "SVO": 0.024539877300613498,
    "TGD": 0.024539877300613498,
    "TIV": 0.024539877300613498,
    "WAW": 0.024539877300613498,
    "ZRH": 0.024539877300613498,
    "LHR": 0.018404907975460124,
    "OSL": 0.012269938650306749,
    "DXB": 0.012269938650306749,
    "BNX": 0.012269938650306749,
    "BRU": 0.012269938650306749,
    "CDG": 0.012269938650306749,
    "CPH": 0.012269938650306749,
    "LJU": 0.012269938650306749,
    "PRG": 0.012269938650306749,
    "SKG": 0.012269938650306749,
    "SKP": 0.012269938650306749,
    "SOF": 0.012269938650306749,
    "TLV": 0.012269938650306749,
    "VAR": 0.012269938650306749,
    "VIE": 0.012269938650306749,
    "SPU": 0.012269938650306749,
    "ESB": 0.012269938650306749,
    "MUC": 0.012269938650306749,
    "IST": 0.012269938650306749,
    "TUN": 0.012269938650306749,
    "BVA": 0.012269938650306749,
    "CRL": 0.012269938650306749,
    "DTM": 0.012269938650306749,
    "EIN": 0.012269938650306749,
    "FMM": 0.012269938650306749,
    "GSE": 0.012269938650306749,
    "LTN": 0.012269938650306749,
    "MLH": 0.012269938650306749,
    "MMX": 0.012269938650306749,
    "NYO": 0.012269938650306749,
    "TRF": 0.012269938650306749
  },
  "domestic_ratio": 0.0,
  "fleet_mix": {
    "GWI": {
      "A319": 1.0
    },
    "AEE": {
      "DH8D": 1.0
    },
    "BER": {
      "A319": 1.0
    },
    "AZA": {
      "E190": 0.3333333333333333,
      "E175": 0.3333333333333333,
      "A319": 0.3333333333333333
    },
    "BRU": {
      "CRJ9": 1.0
    },
    "NAX": {
      "B738": 1.0
    },
    "ETD": {
      "A319": 0.8181818181818182,
      "A320": 0.18181818181818182
    },
    "FDB": {
      "B738": 1.0
    },
    "BON": {
      "AT76": 1.0
    },
    "ASL": {
      "A319": 0.5263157894736842,
      "AT76": 0.2631578947368421,
      "A320": 0.13157894736842105,
      "E175": 0.06578947368421052,
      "E190": 0.013157894736842105
    },
    "GEC": {
      "A320": 0.3333333333333333,
      "A319": 0.3333333333333333,
      "A321": 0.3333333333333333
    },
    "LOT": {
      "E175": 1.0
    },
    "SWR": {
      "A320": 1.0
    },
    "OAL": {
      "DH8D": 1.0
    },
    "CTN": {
      "DH8D": 1.0
    },
    "PGT": {
      "B738": 1.0
    },
    "QTR": {
      "A320": 1.0
    },
    "ROT": {
      "AT76": 1.0
    },
    "SAS": {
      "A320": 0.25,
      "A319": 0.25,
      "A321": 0.25,
      "E190": 0.25
    },
    "AFL": {
      "A320": 0.25,
      "A321": 0.25,
      "B738": 0.25,
      "A319": 0.25
    },
    "THY": {
      "B738": 0.3333333333333333,
      "A319": 0.3333333333333333,
      "A321": 0.3333333333333333
    },
    "EZY": {
      "A319": 1.0
    },
    "WZZ": {
      "A320": 1.0
    }
  },
  "hourly_profile": [],
  "delay_rate": 0.0,
  "delay_distribution": {},
  "mean_delay_minutes": 0.0,
  "data_source": "openflights",
  "region": "",
  "profile_date": "2026-03-21",
  "sample_size": 163
}