{
  "icao_code": "BEL",
  "iata_code": "BEL",
  "airline_shares": {
    "TAM": 0.29850746268656714,
    "AZU": 0.2835820895522388,
    "SEH": 0.26865671641791045,
    "AJT": 0.07462686567164178,
    "SLM": 0.05970149253731343,
    "TSJ": 0.014925373134328358
  },
  "domestic_route_shares": {
    "FOR": 0.2,
    "MAO": 0.2,
    "BSB": 0.13333333333333333,
    "GIG": 0.13333333333333333,
    "GRU": 0.13333333333333333,
    "SLZ": 0.13333333333333333,
    "CNF": 0.06666666666666667
  },
  "international_route_shares": {
    "MAB": 0.1891891891891892,
    "MCP": 0.16216216216216217,
    "STM": 0.16216216216216217,
    "ATM": 0.10810810810810811,
    "CKS": 0.05405405405405406,
    "IMP": 0.05405405405405406,
    "MIA": 0.05405405405405406,
    "MEU": 0.05405405405405406,
    "CAY": 0.05405405405405406,
    "PBM": 0.05405405405405406,
    "TUR": 0.02702702702702703,
    "BVS": 0.02702702702702703
  },
  "domestic_ratio": 0.448,
  "fleet_mix": {
    "AZU": {
      "AT76": 0.5238095238095238,
      "E190": 0.47619047619047616
    },
    "SEH": {
      "B738": 0.5714285714285714,
      "B737": 0.42857142857142855
    },
    "TAM": {
      "A320": 0.9,
      "B767": 0.1
    }
  },
  "hourly_profile": [],
  "delay_rate": 0.0,
  "delay_distribution": {},
  "mean_delay_minutes": 0.0,
  "data_source": "openflights",
  "region": "",
  "profile_date": "2026-03-21",
  "sample_size": 67
}