{
  "icao_code": "BES",
  "iata_code": "BES",
  "airline_shares": {
    "AFR": 0.23076923076923078,
    "RLA": 0.15384615384615385,
    "VOE": 0.15384615384615385,
    "BEE": 0.07692307692307693,
    "NTW": 0.07692307692307693,
    "RYR": 0.07692307692307693,
    "EZY": 0.07692307692307693,
    "VLG": 0.07692307692307693,
    "BCY": 0.07692307692307693
  },
  "domestic_route_shares": {
    "LYS": 0.2222222222222222,
    "MRS": 0.2222222222222222,
    "NCE": 0.1111111111111111,
    "CDG": 0.1111111111111111,
    "ORY": 0.1111111111111111,
    "BOD": 0.1111111111111111,
    "BIA": 0.1111111111111111
  },
  "international_route_shares": {
    "SOU": 0.25,
    "AJA": 0.25,
    "BCN": 0.25,
    "LCY": 0.25
  },
  "domestic_ratio": 0.692,
  "fleet_mix": {
    "RLA": {
      "CRJ7": 1.0
    },
    "AFR": {
      "A319": 0.5,
      "A318": 0.25,
      "A321": 0.25
    },
    "BEE": {
      "DH8D": 1.0
    },
    "RYR": {
      "B738": 1.0
    },
    "EZY": {
      "A319": 1.0
    },
    "VLG": {
      "A320": 1.0
    }
  },
  "hourly_profile": [],
  "delay_rate": 0.0,
  "delay_distribution": {},
  "mean_delay_minutes": 0.0,
  "data_source": "openflights",
  "region": "",
  "profile_date": "2026-03-21",
  "sample_size": 26
}