{
  "icao_code": "BEW",
  "iata_code": "BEW",
  "airline_shares": {
    "TM": 1.0
  },
  "domestic_route_shares": {
    "APL": 0.3333333333333333,
    "MPM": 0.3333333333333333,
    "TET": 0.3333333333333333
  },
  "international_route_shares": {
    "JNB": 0.3333333333333333,
    "POL": 0.3333333333333333,
    "UEL": 0.3333333333333333
  },
  "domestic_ratio": 0.5,
  "fleet_mix": {
    "TM": {
      "DH8D": 0.6666666666666666,
      "E190": 0.3333333333333333
    }
  },
  "hourly_profile": [],
  "delay_rate": 0.0,
  "delay_distribution": {},
  "mean_delay_minutes": 0.0,
  "data_source": "openflights",
  "region": "",
  "profile_date": "2026-03-21",
  "sample_size": 12
}