{
  "icao_code": "BEY",
  "iata_code": "BEY",
  "airline_shares": {
    "MEA": 0.4496124031007752,
    "SVA": 0.03875968992248062,
    "AZA": 0.031007751937984496,
    "IRA": 0.031007751937984496,
    "IYE": 0.031007751937984496,
    "MSR": 0.031007751937984496,
    "AFR": 0.015503875968992248,
    "DAH": 0.015503875968992248,
    "RAM": 0.015503875968992248,
    "BRU": 0.015503875968992248,
    "BAW": 0.015503875968992248,
    "CYP": 0.015503875968992248,
    "UAE": 0.015503875968992248,
    "ETH": 0.015503875968992248,
    "ETD": 0.015503875968992248,
    "FDB": 0.015503875968992248,
    "ABY": 0.015503875968992248,
    "GBA": 0.015503875968992248,
    "JZR": 0.015503875968992248,
    "KAC": 0.015503875968992248,
    "GEC": 0.015503875968992248,
    "PGT": 0.015503875968992248,
    "QTR": 0.015503875968992248,
    "RJA": 0.015503875968992248,
    "ROT": 0.015503875968992248,
    "GMI": 0.015503875968992248,
    "AFL": 0.015503875968992248,
    "THY": 0.015503875968992248,
    "TAR": 0.015503875968992248,
    "OMA": 0.015503875968992248,
    "OOM": 0.015503875968992248
  },
  "domestic_route_shares": {},
  "international_route_shares": {
    "AMM": 0.046511627906976744,
    "KWI": 0.046511627906976744,
    "CDG": 0.031007751937984496,
    "FCO": 0.031007751937984496,
    "MXP": 0.031007751937984496,
    "LHR": 0.031007751937984496,
    "LCA": 0.031007751937984496,
    "DXB": 0.031007751937984496,
    "AUH": 0.031007751937984496,
    "FRA": 0.031007751937984496,
    "CAI": 0.031007751937984496,
    "DOH": 0.031007751937984496,
    "EBL": 0.031007751937984496,
    "IST": 0.031007751937984496,
    "JED": 0.031007751937984496,
    "RUH": 0.031007751937984496,
    "SVO": 0.031007751937984496,
    "OTP": 0.023255813953488372,
    "ALG": 0.015503875968992248,
    "CMN": 0.015503875968992248,
    "MSQ": 0.015503875968992248,
    "ADD": 0.015503875968992248,
    "DWC": 0.015503875968992248,
    "SHJ": 0.015503875968992248,
    "BAH": 0.015503875968992248,
    "IKA": 0.015503875968992248,
    "MHD": 0.015503875968992248,
    "SAH": 0.015503875968992248,
    "ACC": 0.015503875968992248,
    "ATH": 0.015503875968992248,
    "BGW": 0.015503875968992248,
    "BRU": 0.015503875968992248,
    "BSR": 0.015503875968992248,
    "DMM": 0.015503875968992248,
    "EVN": 0.015503875968992248,
    "GVA": 0.015503875968992248,
    "KAN": 0.015503875968992248,
    "LOS": 0.015503875968992248,
    "MED": 0.015503875968992248,
    "NJF": 0.015503875968992248,
    "HBE": 0.015503875968992248,
    "SAW": 0.015503875968992248,
    "SXF": 0.015503875968992248,
    "TUN": 0.015503875968992248,
    "MCT": 0.015503875968992248
  },
  "domestic_ratio": 0.0,
  "fleet_mix": {
    "AFR": {
      "B777": 1.0
    },
    "RAM": {
      "B738": 1.0
    },
    "AZA": {
      "A320": 0.6666666666666666,
      "A319": 0.3333333333333333
    },
    "BRU": {
      "CRJ9": 1.0
    },
    "BAW": {
      "A321": 1.0
    },
    "CYP": {
      "A320": 1.0
    },
    "UAE": {
      "B777": 1.0
    },
    "ETH": {
      "B738": 1.0
    },
    "ETD": {
      "A320": 1.0
    },
    "FDB": {
      "B738": 1.0
    },
    "ABY": {
      "A320": 1.0
    },
    "GBA": {
      "A320": 1.0
    },
    "IRA": {
      "A320": 1.0
    },
    "JZR": {
      "A320": 1.0
    },
    "KAC": {
      "A320": 1.0
    },
    "GEC": {
      "A321": 0.5,
      "A320": 0.5
    },
    "MEA": {
      "A320": 0.5529411764705883,
      "A330": 0.21176470588235294,
      "A321": 0.18823529411764706,
      "A319": 0.047058823529411764
    },
    "MSR": {
      "E175": 0.5,
      "B738": 0.25,
      "A320": 0.25
    },
    "PGT": {
      "B738": 1.0
    },
    "QTR": {
      "A320": 0.5,
      "A321": 0.5
    },
    "RJA": {
      "E175": 0.25,
      "E190": 0.25,
      "A320": 0.25,
      "A319": 0.25
    },
    "GMI": {
      "B737": 1.0
    },
    "AFL": {
      "A320": 0.5,
      "A319": 0.5
    },
    "SVA": {
      "A320": 0.45454545454545453,
      "A330": 0.36363636363636365,
      "A321": 0.18181818181818182
    },
    "THY": {
      "A321": 0.3333333333333333,
      "B739": 0.3333333333333333,
      "B738": 0.3333333333333333
    },
    "TAR": {
      "A320": 1.0
    },
    "OMA": {
      "B738": 0.5,
      "B737": 0.5
    },
    "OOM": {
      "A321": 1.0
    }
  },
  "hourly_profile": [],
  "delay_rate": 0.0,
  "delay_distribution": {},
  "mean_delay_minutes": 0.0,
  "data_source": "openflights",
  "region": "",
  "profile_date": "2026-03-21",
  "sample_size": 129
}