{
  "icao_code": "BFS",
  "iata_code": "BFS",
  "airline_shares": {
    "EZY": 0.5882352941176471,
    "EXS": 0.2647058823529412,
    "TCX": 0.11764705882352941,
    "UAL": 0.029411764705882353
  },
  "domestic_route_shares": {
    "BHX": 0.1,
    "BRS": 0.1,
    "EDI": 0.1,
    "GLA": 0.1,
    "LGW": 0.1,
    "LPL": 0.1,
    "LTN": 0.1,
    "MAN": 0.1,
    "NCL": 0.1,
    "STN": 0.1
  },
  "international_route_shares": {
    "PMI": 0.10416666666666667,
    "AGP": 0.08333333333333333,
    "ALC": 0.08333333333333333,
    "FAO": 0.08333333333333333,
    "TFS": 0.08333333333333333,
    "ACE": 0.0625,
    "DBV": 0.041666666666666664,
    "MJV": 0.041666666666666664,
    "REU": 0.041666666666666664,
    "DLM": 0.041666666666666664,
    "AMS": 0.041666666666666664,
    "BCN": 0.041666666666666664,
    "CDG": 0.041666666666666664,
    "KRK": 0.041666666666666664,
    "MLA": 0.041666666666666664,
    "NCE": 0.041666666666666664,
    "EWR": 0.041666666666666664,
    "LCA": 0.020833333333333332,
    "NBE": 0.020833333333333332
  },
  "domestic_ratio": 0.294,
  "fleet_mix": {
    "TCX": {
      "A321": 1.0
    },
    "EZY": {
      "A319": 0.7692307692307693,
      "A320": 0.23076923076923078
    },
    "UAL": {
      "B752": 1.0
    }
  },
  "hourly_profile": [],
  "delay_rate": 0.0,
  "delay_distribution": {},
  "mean_delay_minutes": 0.0,
  "data_source": "openflights",
  "region": "",
  "profile_date": "2026-03-21",
  "sample_size": 68
}