{
  "icao_code": "BGI",
  "iata_code": "BGI",
  "airline_shares": {
    "LIA": 0.3333333333333333,
    "BWA": 0.19047619047619047,
    "VIR": 0.09523809523809523,
    "AAL": 0.047619047619047616,
    "ACA": 0.047619047619047616,
    "JBU": 0.047619047619047616,
    "BAW": 0.047619047619047616,
    "CFG": 0.047619047619047616,
    "SEH": 0.047619047619047616,
    "USA": 0.047619047619047616,
    "WJA": 0.047619047619047616
  },
  "domestic_route_shares": {},
  "international_route_shares": {
    "MIA": 0.09523809523809523,
    "YYZ": 0.09523809523809523,
    "LGW": 0.09523809523809523,
    "ANU": 0.09523809523809523,
    "JFK": 0.047619047619047616,
    "KIN": 0.047619047619047616,
    "POS": 0.047619047619047616,
    "SXM": 0.047619047619047616,
    "GRU": 0.047619047619047616,
    "DOM": 0.047619047619047616,
    "FDF": 0.047619047619047616,
    "GND": 0.047619047619047616,
    "OGL": 0.047619047619047616,
    "SLU": 0.047619047619047616,
    "SVD": 0.047619047619047616,
    "MAN": 0.047619047619047616,
    "FRA": 0.023809523809523808,
    "TAB": 0.023809523809523808
  },
  "domestic_ratio": 0.0,
  "fleet_mix": {
    "ACA": {
      "A319": 1.0
    },
    "JBU": {
      "A321": 1.0
    },
    "BAW": {
      "B777": 1.0
    },
    "BWA": {
      "B738": 1.0
    },
    "CFG": {
      "B767": 1.0
    },
    "SEH": {
      "B738": 1.0
    },
    "LIA": {
      "AT76": 1.0
    },
    "VIR": {
      "B744": 0.6666666666666666,
      "A330": 0.3333333333333333
    }
  },
  "hourly_profile": [],
  "delay_rate": 0.0,
  "delay_distribution": {},
  "mean_delay_minutes": 0.0,
  "data_source": "openflights",
  "region": "",
  "profile_date": "2026-03-21",
  "sample_size": 42
}