{
  "icao_code": "BGO",
  "iata_code": "BGO",
  "airline_shares": {
    "NAX": 0.38333333333333336,
    "WIF": 0.26666666666666666,
    "SAS": 0.13333333333333333,
    "WZZ": 0.06666666666666667,
    "ICE": 0.025,
    "FLI": 0.025,
    "GWI": 0.016666666666666666,
    "BAW": 0.016666666666666666,
    "BTI": 0.016666666666666666,
    "KLM": 0.016666666666666666,
    "EZY": 0.016666666666666666,
    "VLG": 0.016666666666666666
  },
  "domestic_route_shares": {
    "SVG": 0.25806451612903225,
    "TRD": 0.16129032258064516,
    "OSL": 0.12903225806451613,
    "TRF": 0.12903225806451613,
    "AES": 0.12903225806451613,
    "BOO": 0.06451612903225806,
    "KRS": 0.06451612903225806,
    "TOS": 0.06451612903225806
  },
  "international_route_shares": {
    "RIX": 0.0449438202247191,
    "ALC": 0.0449438202247191,
    "ARN": 0.0449438202247191,
    "BCN": 0.0449438202247191,
    "CPH": 0.0449438202247191,
    "LGW": 0.0449438202247191,
    "KEF": 0.033707865168539325,
    "HAM": 0.02247191011235955,
    "LHR": 0.02247191011235955,
    "AGP": 0.02247191011235955,
    "AYT": 0.02247191011235955,
    "CHQ": 0.02247191011235955,
    "DBV": 0.02247191011235955,
    "EDI": 0.02247191011235955,
    "FCO": 0.02247191011235955,
    "KRK": 0.02247191011235955,
    "LPA": 0.02247191011235955,
    "NCE": 0.02247191011235955,
    "ORY": 0.02247191011235955,
    "PMI": 0.02247191011235955,
    "PRG": 0.02247191011235955,
    "SXF": 0.02247191011235955,
    "AMS": 0.02247191011235955,
    "FAE": 0.02247191011235955,
    "MAN": 0.02247191011235955,
    "GDN": 0.02247191011235955,
    "KTW": 0.02247191011235955,
    "VNO": 0.02247191011235955,
    "ABZ": 0.02247191011235955,
    "BNN": 0.02247191011235955,
    "FDE": 0.02247191011235955,
    "FRO": 0.02247191011235955,
    "HAU": 0.02247191011235955,
    "HOV": 0.02247191011235955,
    "KSU": 0.02247191011235955,
    "MOL": 0.02247191011235955,
    "SKE": 0.02247191011235955,
    "SOG": 0.02247191011235955
  },
  "domestic_ratio": 0.258,
  "fleet_mix": {
    "GWI": {
      "CRJ9": 1.0
    },
    "BAW": {
      "A319": 1.0
    },
    "BTI": {
      "DH8D": 1.0
    },
    "NAX": {
      "B738": 1.0
    },
    "KLM": {
      "B737": 1.0
    },
    "FLI": {
      "A319": 1.0
    },
    "SAS": {
      "B738": 0.4,
      "B737": 0.2,
      "A320": 0.1,
      "A319": 0.1,
      "CRJ9": 0.1,
      "A321": 0.1
    },
    "EZY": {
      "A319": 1.0
    },
    "VLG": {
      "A320": 1.0
    },
    "WZZ": {
      "A320": 1.0
    },
    "WIF": {
      "DH8D": 1.0
    }
  },
  "hourly_profile": [],
  "delay_rate": 0.0,
  "delay_distribution": {},
  "mean_delay_minutes": 0.0,
  "data_source": "openflights",
  "region": "",
  "profile_date": "2026-03-21",
  "sample_size": 120
}