{
  "icao_code": "BGW",
  "iata_code": "BGW",
  "airline_shares": {
    "THY": 0.21428571428571427,
    "UAE": 0.07142857142857142,
    "ETD": 0.07142857142857142,
    "FDB": 0.07142857142857142,
    "ABY": 0.07142857142857142,
    "GBA": 0.07142857142857142,
    "MEA": 0.07142857142857142,
    "MSR": 0.07142857142857142,
    "QTR": 0.07142857142857142,
    "RJA": 0.07142857142857142,
    "UYC": 0.07142857142857142,
    "CWA": 0.07142857142857142
  },
  "domestic_route_shares": {},
  "international_route_shares": {
    "DXB": 0.14285714285714285,
    "AUH": 0.07142857142857142,
    "SHJ": 0.07142857142857142,
    "BAH": 0.07142857142857142,
    "BEY": 0.07142857142857142,
    "CAI": 0.07142857142857142,
    "DOH": 0.07142857142857142,
    "AMM": 0.07142857142857142,
    "AYT": 0.07142857142857142,
    "ESB": 0.07142857142857142,
    "IST": 0.07142857142857142,
    "TBS": 0.07142857142857142,
    "ARN": 0.07142857142857142
  },
  "domestic_ratio": 0.0,
  "fleet_mix": {
    "UAE": {
      "A330": 1.0
    },
    "ETD": {
      "A320": 1.0
    },
    "FDB": {
      "B738": 1.0
    },
    "ABY": {
      "A320": 1.0
    },
    "GBA": {
      "A320": 1.0
    },
    "MEA": {
      "A321": 0.5,
      "A320": 0.5
    },
    "MSR": {
      "A320": 1.0
    },
    "QTR": {
      "A320": 1.0
    },
    "RJA": {
      "A320": 0.3333333333333333,
      "E175": 0.3333333333333333,
      "E190": 0.3333333333333333
    },
    "THY": {
      "B738": 1.0
    },
    "CWA": {
      "A320": 1.0
    }
  },
  "hourly_profile": [],
  "delay_rate": 0.0,
  "delay_distribution": {},
  "mean_delay_minutes": 0.0,
  "data_source": "openflights",
  "region": "",
  "profile_date": "2026-03-21",
  "sample_size": 28
}