{
  "icao_code": "BHK",
  "iata_code": "BHK",
  "airline_shares": {
    "UZB": 0.5384615384615384,
    "GAI": 0.15384615384615385,
    "AFL": 0.15384615384615385,
    "TSO": 0.15384615384615385
  },
  "domestic_route_shares": {
    "TAS": 0.6666666666666666,
    "UGC": 0.3333333333333333
  },
  "international_route_shares": {
    "DME": 0.6,
    "LED": 0.4
  },
  "domestic_ratio": 0.231,
  "fleet_mix": {
    "UZB": {
      "A320": 1.0
    },
    "AFL": {
      "A320": 1.0
    }
  },
  "hourly_profile": [],
  "delay_rate": 0.0,
  "delay_distribution": {},
  "mean_delay_minutes": 0.0,
  "data_source": "openflights",
  "region": "",
  "profile_date": "2026-03-21",
  "sample_size": 13
}