{
  "icao_code": "BHX",
  "iata_code": "BHX",
  "airline_shares": {
    "MON": 0.2032520325203252,
    "BEE": 0.17886178861788618,
    "RYR": 0.17073170731707318,
    "TVF": 0.15040650406504066,
    "TOM": 0.07317073170731707,
    "TCX": 0.06097560975609756,
    "GWI": 0.016260162601626018,
    "SAS": 0.016260162601626018,
    "AFR": 0.008130081300813009,
    "AIC": 0.008130081300813009,
    "BYE": 0.008130081300813009,
    "EIN": 0.008130081300813009,
    "UAE": 0.008130081300813009,
    "KLM": 0.008130081300813009,
    "AMC": 0.008130081300813009,
    "GEC": 0.008130081300813009,
    "SWR": 0.008130081300813009,
    "PIA": 0.008130081300813009,
    "DAT": 0.008130081300813009,
    "EZE": 0.008130081300813009,
    "TUA": 0.008130081300813009,
    "THY": 0.008130081300813009,
    "EZY": 0.008130081300813009,
    "UAL": 0.008130081300813009
  },
  "domestic_route_shares": {
    "ABZ": 0.2,
    "EDI": 0.2,
    "GLA": 0.2,
    "NCL": 0.2,
    "BFS": 0.2
  },
  "international_route_shares": {
    "ACE": 0.0423728813559322,
    "FUE": 0.0423728813559322,
    "PMI": 0.0423728813559322,
    "TFS": 0.0423728813559322,
    "ALC": 0.03389830508474576,
    "DLM": 0.03389830508474576,
    "SSH": 0.029661016949152543,
    "DBV": 0.025423728813559324,
    "FAO": 0.025423728813559324,
    "LPA": 0.025423728813559324,
    "AYT": 0.025423728813559324,
    "CDG": 0.01694915254237288,
    "AMS": 0.01694915254237288,
    "DUB": 0.01694915254237288,
    "AGP": 0.01694915254237288,
    "BCN": 0.01694915254237288,
    "MLA": 0.01694915254237288,
    "LCA": 0.01694915254237288,
    "NBE": 0.01694915254237288,
    "BVC": 0.01694915254237288,
    "FNC": 0.01694915254237288,
    "PFO": 0.01694915254237288,
    "HER": 0.01694915254237288,
    "BJV": 0.012711864406779662,
    "HAM": 0.00847457627118644,
    "TXL": 0.00847457627118644,
    "DEL": 0.00847457627118644,
    "BHD": 0.00847457627118644,
    "CGN": 0.00847457627118644,
    "DUS": 0.00847457627118644,
    "FLR": 0.00847457627118644,
    "GCI": 0.00847457627118644,
    "HAJ": 0.00847457627118644,
    "INV": 0.00847457627118644,
    "IOM": 0.00847457627118644,
    "JER": 0.00847457627118644,
    "LYS": 0.00847457627118644,
    "MXP": 0.00847457627118644,
    "NOC": 0.00847457627118644,
    "OPO": 0.00847457627118644,
    "STR": 0.00847457627118644,
    "WAT": 0.00847457627118644,
    "GOT": 0.00847457627118644,
    "DXB": 0.00847457627118644,
    "BTS": 0.00847457627118644,
    "BZG": 0.00847457627118644,
    "GDN": 0.00847457627118644,
    "IBZ": 0.00847457627118644,
    "KRK": 0.00847457627118644,
    "KTW": 0.00847457627118644,
    "KUN": 0.00847457627118644,
    "LDY": 0.00847457627118644,
    "MJV": 0.00847457627118644,
    "REU": 0.00847457627118644,
    "FRA": 0.00847457627118644,
    "ZRH": 0.00847457627118644,
    "ISB": 0.00847457627118644,
    "ARN": 0.00847457627118644,
    "CPH": 0.00847457627118644,
    "BRU": 0.00847457627118644,
    "ASB": 0.00847457627118644,
    "IST": 0.00847457627118644,
    "ADB": 0.00847457627118644,
    "RAK": 0.00847457627118644,
    "EWR": 0.00847457627118644,
    "FCO": 0.00847457627118644,
    "GIB": 0.00847457627118644,
    "HRG": 0.00847457627118644,
    "LEI": 0.00847457627118644,
    "MAH": 0.00847457627118644,
    "NCE": 0.00847457627118644,
    "SPU": 0.00847457627118644,
    "VCE": 0.00847457627118644
  },
  "domestic_ratio": 0.041,
  "fleet_mix": {
    "GWI": {
      "CRJ9": 0.5,
      "A319": 0.5
    },
    "AFR": {
      "A319": 0.5,
      "A320": 0.5
    },
    "AIC": {
      "B787": 1.0
    },
    "BEE": {
      "E175": 0.5151515151515151,
      "DH8D": 0.42424242424242425,
      "E190": 0.06060606060606061
    },
    "EIN": {
      "A320": 1.0
    },
    "UAE": {
      "B777": 1.0
    },
    "RYR": {
      "B738": 1.0
    },
    "KLM": {
      "B737": 1.0
    },
    "AMC": {
      "A320": 0.5,
      "A319": 0.5
    },
    "GEC": {
      "A319": 0.3333333333333333,
      "A321": 0.3333333333333333,
      "A320": 0.3333333333333333
    },
    "PIA": {
      "B777": 1.0
    },
    "SAS": {
      "CRJ9": 0.3333333333333333,
      "A319": 0.3333333333333333,
      "A320": 0.3333333333333333
    },
    "DAT": {
      "DH8D": 1.0
    },
    "TUA": {
      "B752": 1.0
    },
    "TCX": {
      "B752": 0.9375,
      "A321": 0.0625
    },
    "THY": {
      "B739": 0.5,
      "B738": 0.5
    },
    "TVF": {
      "B738": 1.0
    },
    "TOM": {
      "B738": 1.0
    },
    "EZY": {
      "A319": 1.0
    },
    "UAL": {
      "B752": 1.0
    },
    "MON": {
      "A321": 0.6052631578947368,
      "A320": 0.39473684210526316
    }
  },
  "hourly_profile": [],
  "delay_rate": 0.0,
  "delay_distribution": {},
  "mean_delay_minutes": 0.0,
  "data_source": "openflights",
  "region": "",
  "profile_date": "2026-03-21",
  "sample_size": 246
}