{
  "icao_code": "BIA",
  "iata_code": "BIA",
  "airline_shares": {
    "CCM": 0.22580645161290322,
    "VOE": 0.1935483870967742,
    "GWI": 0.16129032258064516,
    "EZY": 0.16129032258064516,
    "AFR": 0.06451612903225806,
    "AZA": 0.06451612903225806,
    "RLA": 0.03225806451612903,
    "LGL": 0.03225806451612903,
    "GEC": 0.03225806451612903,
    "DAT": 0.03225806451612903
  },
  "domestic_route_shares": {
    "LIL": 0.125,
    "ORY": 0.125,
    "MRS": 0.125,
    "NCE": 0.125,
    "LYS": 0.125,
    "TLS": 0.125,
    "CDG": 0.0625,
    "BES": 0.0625,
    "BOD": 0.0625,
    "SXB": 0.0625
  },
  "international_route_shares": {
    "LGG": 0.13333333333333333,
    "NTE": 0.13333333333333333,
    "CGN": 0.06666666666666667,
    "DUS": 0.06666666666666667,
    "HAM": 0.06666666666666667,
    "STR": 0.06666666666666667,
    "TXL": 0.06666666666666667,
    "LUX": 0.06666666666666667,
    "FRA": 0.06666666666666667,
    "BRU": 0.06666666666666667,
    "GVA": 0.06666666666666667,
    "LGW": 0.06666666666666667,
    "EBU": 0.06666666666666667
  },
  "domestic_ratio": 0.516,
  "fleet_mix": {
    "GWI": {
      "A319": 0.4,
      "A320": 0.4,
      "CRJ9": 0.2
    },
    "RLA": {
      "E175": 1.0
    },
    "AFR": {
      "A320": 0.3333333333333333,
      "A321": 0.3333333333333333,
      "A319": 0.3333333333333333
    },
    "AZA": {
      "A320": 0.5,
      "AT76": 0.5
    },
    "GEC": {
      "E190": 1.0
    },
    "DAT": {
      "A319": 1.0
    },
    "EZY": {
      "A319": 0.8333333333333334,
      "A320": 0.16666666666666666
    },
    "CCM": {
      "A320": 0.5714285714285714,
      "AT76": 0.2857142857142857,
      "A319": 0.14285714285714285
    }
  },
  "hourly_profile": [],
  "delay_rate": 0.0,
  "delay_distribution": {},
  "mean_delay_minutes": 0.0,
  "data_source": "openflights",
  "region": "",
  "profile_date": "2026-03-21",
  "sample_size": 62
}