{
  "icao_code": "BIO",
  "iata_code": "BIO",
  "airline_shares": {
    "VLG": 0.3855421686746988,
    "AEA": 0.13253012048192772,
    "EZY": 0.0963855421686747,
    "GWI": 0.04819277108433735,
    "IBE": 0.04819277108433735,
    "GEC": 0.04819277108433735,
    "THY": 0.04819277108433735,
    "BER": 0.024096385542168676,
    "AFR": 0.024096385542168676,
    "AZA": 0.024096385542168676,
    "NAX": 0.024096385542168676,
    "EIN": 0.024096385542168676,
    "CHH": 0.024096385542168676,
    "DAT": 0.024096385542168676,
    "VOE": 0.024096385542168676
  },
  "domestic_route_shares": {
    "PMI": 0.16216216216216217,
    "MAD": 0.10810810810810811,
    "ACE": 0.10810810810810811,
    "LPA": 0.10810810810810811,
    "TFN": 0.10810810810810811,
    "IBZ": 0.08108108108108109,
    "SCQ": 0.05405405405405406,
    "AGP": 0.05405405405405406,
    "ALC": 0.05405405405405406,
    "BCN": 0.05405405405405406,
    "FUE": 0.05405405405405406,
    "SVQ": 0.05405405405405406
  },
  "international_route_shares": {
    "BRU": 0.08695652173913043,
    "LHR": 0.08695652173913043,
    "DUS": 0.043478260869565216,
    "STR": 0.043478260869565216,
    "CDG": 0.043478260869565216,
    "FCO": 0.043478260869565216,
    "OSL": 0.043478260869565216,
    "DUB": 0.043478260869565216,
    "FRA": 0.043478260869565216,
    "MUC": 0.043478260869565216,
    "IST": 0.043478260869565216,
    "GVA": 0.043478260869565216,
    "LIS": 0.043478260869565216,
    "MAN": 0.043478260869565216,
    "STN": 0.043478260869565216,
    "VCE": 0.043478260869565216,
    "AMS": 0.043478260869565216,
    "LCG": 0.043478260869565216,
    "MXP": 0.043478260869565216,
    "ORY": 0.043478260869565216,
    "TXL": 0.043478260869565216
  },
  "domestic_ratio": 0.446,
  "fleet_mix": {
    "GWI": {
      "CRJ9": 0.6666666666666666,
      "A319": 0.3333333333333333
    },
    "BER": {
      "A320": 0.5,
      "B738": 0.5
    },
    "AFR": {
      "E175": 0.5,
      "E190": 0.5
    },
    "AZA": {
      "A320": 1.0
    },
    "NAX": {
      "B738": 1.0
    },
    "EIN": {
      "A320": 1.0
    },
    "CHH": {
      "A319": 1.0
    },
    "IBE": {
      "A320": 0.5,
      "A321": 0.25,
      "A319": 0.25
    },
    "GEC": {
      "A320": 0.3333333333333333,
      "A319": 0.3333333333333333,
      "A321": 0.16666666666666666,
      "E190": 0.16666666666666666
    },
    "DAT": {
      "A319": 1.0
    },
    "THY": {
      "A320": 1.0
    },
    "EZY": {
      "A319": 0.8,
      "A320": 0.2
    },
    "AEA": {
      "B738": 0.6666666666666666,
      "E190": 0.3333333333333333
    },
    "VLG": {
      "A320": 1.0
    }
  },
  "hourly_profile": [],
  "delay_rate": 0.0,
  "delay_distribution": {},
  "mean_delay_minutes": 0.0,
  "data_source": "openflights",
  "region": "",
  "profile_date": "2026-03-21",
  "sample_size": 83
}