{
  "icao_code": "BJL",
  "iata_code": "BJL",
  "airline_shares": {
    "AYZ": 0.3333333333333333,
    "RAM": 0.3333333333333333,
    "DAT": 0.1111111111111111,
    "VLG": 0.1111111111111111,
    "WSS": 0.1111111111111111
  },
  "domestic_route_shares": {},
  "international_route_shares": {
    "BCN": 0.2222222222222222,
    "DKR": 0.2222222222222222,
    "FNA": 0.2222222222222222,
    "CMN": 0.1111111111111111,
    "OXB": 0.1111111111111111,
    "RAI": 0.1111111111111111
  },
  "domestic_ratio": 0.0,
  "fleet_mix": {
    "AYZ": {
      "A319": 1.0
    },
    "RAM": {
      "B738": 1.0
    },
    "DAT": {
      "A330": 1.0
    },
    "VLG": {
      "A320": 1.0
    },
    "WSS": {
      "B737": 1.0
    }
  },
  "hourly_profile": [],
  "delay_rate": 0.0,
  "delay_distribution": {},
  "mean_delay_minutes": 0.0,
  "data_source": "openflights",
  "region": "",
  "profile_date": "2026-03-21",
  "sample_size": 18
}