{
  "icao_code": "BJV",
  "iata_code": "BJV",
  "airline_shares": {
    "EXS": 0.16393442622950818,
    "EZY": 0.16393442622950818,
    "MON": 0.16393442622950818,
    "TVF": 0.13114754098360656,
    "TRA": 0.11475409836065574,
    "PGT": 0.09836065573770492,
    "THY": 0.06557377049180328,
    "OHY": 0.03278688524590164,
    "KKK": 0.03278688524590164,
    "TCX": 0.03278688524590164
  },
  "domestic_route_shares": {
    "IST": 0.46153846153846156,
    "SAW": 0.3076923076923077,
    "ESB": 0.15384615384615385,
    "ADB": 0.07692307692307693
  },
  "international_route_shares": {
    "MAN": 0.16666666666666666,
    "LGW": 0.125,
    "LBA": 0.08333333333333333,
    "GLA": 0.0625,
    "BHX": 0.0625,
    "AMS": 0.041666666666666664,
    "EIN": 0.041666666666666664,
    "RTM": 0.041666666666666664,
    "EMA": 0.041666666666666664,
    "NCL": 0.041666666666666664,
    "BRU": 0.041666666666666664,
    "ORY": 0.041666666666666664,
    "BRS": 0.041666666666666664,
    "EDI": 0.041666666666666664,
    "LPL": 0.041666666666666664,
    "STN": 0.041666666666666664,
    "LTN": 0.041666666666666664
  },
  "domestic_ratio": 0.213,
  "fleet_mix": {
    "OHY": {
      "A320": 1.0
    },
    "TRA": {
      "B738": 1.0
    },
    "KKK": {
      "A320": 1.0
    },
    "EXS": {
      "B738": 0.6666666666666666,
      "B752": 0.3333333333333333
    },
    "PGT": {
      "B738": 0.75,
      "A320": 0.25
    },
    "TCX": {
      "A321": 1.0
    },
    "THY": {
      "B738": 0.5,
      "A321": 0.25,
      "A320": 0.25
    },
    "TVF": {
      "B738": 1.0
    },
    "EZY": {
      "A320": 0.6,
      "A319": 0.4
    },
    "MON": {
      "A321": 0.6666666666666666,
      "A320": 0.3333333333333333
    }
  },
  "hourly_profile": [],
  "delay_rate": 0.0,
  "delay_distribution": {},
  "mean_delay_minutes": 0.0,
  "data_source": "openflights",
  "region": "",
  "profile_date": "2026-03-21",
  "sample_size": 61
}