{
  "icao_code": "BKI",
  "iata_code": "BKI",
  "airline_shares": {
    "AXM": 0.3488372093023256,
    "MAS": 0.3023255813953488,
    "CEB": 0.023255813953488372,
    "9C": 0.023255813953488372,
    "RBA": 0.023255813953488372,
    "CPA": 0.023255813953488372,
    "CSN": 0.023255813953488372,
    "JAL": 0.023255813953488372,
    "HDA": 0.023255813953488372,
    "KAL": 0.023255813953488372,
    "SLK": 0.023255813953488372,
    "MXD": 0.023255813953488372,
    "OZR": 0.023255813953488372,
    "AWQ": 0.023255813953488372,
    "HKE": 0.023255813953488372,
    "Z2": 0.023255813953488372,
    "ESR": 0.023255813953488372
  },
  "domestic_route_shares": {
    "KUL": 0.42857142857142855,
    "KCH": 0.2857142857142857,
    "JHB": 0.14285714285714285,
    "PEN": 0.14285714285714285
  },
  "international_route_shares": {
    "HKG": 0.1388888888888889,
    "ICN": 0.08333333333333333,
    "MNL": 0.05555555555555555,
    "PVG": 0.05555555555555555,
    "SDK": 0.05555555555555555,
    "SIN": 0.05555555555555555,
    "SZX": 0.05555555555555555,
    "TPE": 0.05555555555555555,
    "TWU": 0.05555555555555555,
    "BWN": 0.05555555555555555,
    "NRT": 0.05555555555555555,
    "CAN": 0.027777777777777776,
    "CGK": 0.027777777777777776,
    "HGH": 0.027777777777777776,
    "KBR": 0.027777777777777776,
    "MYY": 0.027777777777777776,
    "LBU": 0.027777777777777776,
    "MZV": 0.027777777777777776,
    "PER": 0.027777777777777776,
    "PPS": 0.027777777777777776,
    "DPS": 0.027777777777777776
  },
  "domestic_ratio": 0.163,
  "fleet_mix": {
    "CEB": {
      "A320": 1.0
    },
    "9C": {
      "A320": 1.0
    },
    "AXM": {
      "A320": 1.0
    },
    "RBA": {
      "A320": 1.0
    },
    "CPA": {
      "A321": 0.5,
      "A320": 0.5
    },
    "CSN": {
      "A321": 1.0
    },
    "JAL": {
      "B738": 1.0
    },
    "HDA": {
      "A321": 0.5,
      "A320": 0.5
    },
    "KAL": {
      "B739": 1.0
    },
    "MAS": {
      "B738": 0.625,
      "AT76": 0.25,
      "A320": 0.125
    },
    "SLK": {
      "A320": 0.5,
      "A319": 0.5
    },
    "MXD": {
      "B739": 1.0
    },
    "OZR": {
      "A321": 1.0
    },
    "AWQ": {
      "A320": 1.0
    },
    "HKE": {
      "A320": 1.0
    },
    "Z2": {
      "A320": 1.0
    },
    "ESR": {
      "B738": 1.0
    }
  },
  "hourly_profile": [],
  "delay_rate": 0.0,
  "delay_distribution": {},
  "mean_delay_minutes": 0.0,
  "data_source": "openflights",
  "region": "",
  "profile_date": "2026-03-21",
  "sample_size": 86
}