{
  "icao_code": "BKO",
  "iata_code": "BKO",
  "airline_shares": {
    "DSY": 0.13333333333333333,
    "SGG": 0.13333333333333333,
    "MAI": 0.13333333333333333,
    "VBW": 0.1111111111111111,
    "ETH": 0.08888888888888889,
    "KQA": 0.08888888888888889,
    "AFR": 0.044444444444444446,
    "DAH": 0.044444444444444446,
    "RAM": 0.044444444444444446,
    "HLF": 0.044444444444444446,
    "TAP": 0.044444444444444446,
    "TAR": 0.044444444444444446,
    "AAF": 0.044444444444444446
  },
  "domestic_route_shares": {},
  "international_route_shares": {
    "DKR": 0.17777777777777778,
    "COO": 0.13333333333333333,
    "ABJ": 0.1111111111111111,
    "OUA": 0.08888888888888889,
    "CDG": 0.044444444444444446,
    "ALG": 0.044444444444444446,
    "CMN": 0.044444444444444446,
    "CKY": 0.044444444444444446,
    "LOS": 0.044444444444444446,
    "ADD": 0.044444444444444446,
    "NBO": 0.044444444444444446,
    "NKC": 0.044444444444444446,
    "LIS": 0.044444444444444446,
    "TUN": 0.044444444444444446,
    "ORY": 0.044444444444444446
  },
  "domestic_ratio": 0.0,
  "fleet_mix": {
    "VBW": {
      "CRJ9": 1.0
    },
    "DAH": {
      "B738": 1.0
    },
    "RAM": {
      "B738": 1.0
    },
    "DSY": {
      "AT76": 1.0
    },
    "SGG": {
      "A320": 1.0
    },
    "ETH": {
      "B767": 1.0
    },
    "HLF": {
      "A319": 1.0
    },
    "MAI": {
      "B737": 1.0
    },
    "TAP": {
      "A319": 0.5,
      "A320": 0.5
    },
    "TAR": {
      "A320": 1.0
    },
    "AAF": {
      "A320": 1.0
    }
  },
  "hourly_profile": [],
  "delay_rate": 0.0,
  "delay_distribution": {},
  "mean_delay_minutes": 0.0,
  "data_source": "openflights",
  "region": "",
  "profile_date": "2026-03-21",
  "sample_size": 45
}