{
  "icao_code": "BLL",
  "iata_code": "BLL",
  "airline_shares": {
    "RYR": 0.5142857142857142,
    "DTR": 0.08571428571428572,
    "SAS": 0.08571428571428572,
    "NAX": 0.05714285714285714,
    "THY": 0.05714285714285714,
    "AFR": 0.02857142857142857,
    "BTI": 0.02857142857142857,
    "ICE": 0.02857142857142857,
    "KLM": 0.02857142857142857,
    "GEC": 0.02857142857142857,
    "PGT": 0.02857142857142857,
    "FLI": 0.02857142857142857
  },
  "domestic_route_shares": {
    "AAL": 1.0
  },
  "international_route_shares": {
    "ALC": 0.06153846153846154,
    "OSL": 0.06153846153846154,
    "IST": 0.046153846153846156,
    "CDG": 0.03076923076923077,
    "RIX": 0.03076923076923077,
    "EBJ": 0.03076923076923077,
    "SVG": 0.03076923076923077,
    "KEF": 0.03076923076923077,
    "AGP": 0.03076923076923077,
    "AHO": 0.03076923076923077,
    "BGY": 0.03076923076923077,
    "BUD": 0.03076923076923077,
    "CCF": 0.03076923076923077,
    "CFU": 0.03076923076923077,
    "CHQ": 0.03076923076923077,
    "CIA": 0.03076923076923077,
    "FAO": 0.03076923076923077,
    "GRO": 0.03076923076923077,
    "MLA": 0.03076923076923077,
    "PMI": 0.03076923076923077,
    "PSA": 0.03076923076923077,
    "STN": 0.03076923076923077,
    "TFS": 0.03076923076923077,
    "TSF": 0.03076923076923077,
    "ZAD": 0.03076923076923077,
    "AMS": 0.03076923076923077,
    "FRA": 0.03076923076923077,
    "AYT": 0.03076923076923077,
    "FAE": 0.03076923076923077,
    "ARN": 0.03076923076923077
  },
  "domestic_ratio": 0.071,
  "fleet_mix": {
    "AFR": {
      "E190": 1.0
    },
    "BTI": {
      "DH8D": 1.0
    },
    "DTR": {
      "AT76": 1.0
    },
    "NAX": {
      "B738": 1.0
    },
    "RYR": {
      "B738": 1.0
    },
    "KLM": {
      "B737": 1.0
    },
    "PGT": {
      "B738": 1.0
    },
    "FLI": {
      "A319": 1.0
    },
    "SAS": {
      "A319": 0.4,
      "AT76": 0.4,
      "B738": 0.2
    },
    "THY": {
      "A319": 0.5714285714285714,
      "B738": 0.42857142857142855
    }
  },
  "hourly_profile": [],
  "delay_rate": 0.0,
  "delay_distribution": {},
  "mean_delay_minutes": 0.0,
  "data_source": "openflights",
  "region": "",
  "profile_date": "2026-03-21",
  "sample_size": 70
}