{
  "icao_code": "BLQ",
  "iata_code": "BLQ",
  "airline_shares": {
    "RYR": 0.4266666666666667,
    "ISS": 0.05333333333333334,
    "WZZ": 0.05333333333333334,
    "AZA": 0.04,
    "GWI": 0.02666666666666667,
    "ADH": 0.02666666666666667,
    "GEC": 0.02666666666666667,
    "SAS": 0.02666666666666667,
    "TAP": 0.02666666666666667,
    "EZY": 0.02666666666666667,
    "VLG": 0.02666666666666667,
    "3O": 0.013333333333333334,
    "MLD": 0.013333333333333334,
    "RLA": 0.013333333333333334,
    "AFR": 0.013333333333333334,
    "RAM": 0.013333333333333334,
    "BAW": 0.013333333333333334,
    "BPA": 0.013333333333333334,
    "EIN": 0.013333333333333334,
    "TRA": 0.013333333333333334,
    "IBE": 0.013333333333333334,
    "XLA": 0.013333333333333334,
    "CES": 0.013333333333333334,
    "PGT": 0.013333333333333334,
    "ROT": 0.013333333333333334,
    "DAT": 0.013333333333333334,
    "AFL": 0.013333333333333334,
    "THY": 0.013333333333333334,
    "TAR": 0.013333333333333334
  },
  "domestic_route_shares": {
    "CTA": 0.36363636363636365,
    "FCO": 0.09090909090909091,
    "BDS": 0.09090909090909091,
    "BRI": 0.09090909090909091,
    "PMO": 0.09090909090909091,
    "SUF": 0.09090909090909091,
    "CAG": 0.09090909090909091,
    "OLB": 0.09090909090909091
  },
  "international_route_shares": {
    "TIA": 0.046875,
    "CMN": 0.03125,
    "KIV": 0.03125,
    "CDG": 0.03125,
    "IAS": 0.03125,
    "DUB": 0.03125,
    "BCN": 0.03125,
    "ORY": 0.03125,
    "CGN": 0.015625,
    "TXL": 0.015625,
    "LYS": 0.015625,
    "LHR": 0.015625,
    "ACE": 0.015625,
    "AGP": 0.015625,
    "AHO": 0.015625,
    "ALC": 0.015625,
    "BOD": 0.015625,
    "BRS": 0.015625,
    "BVA": 0.015625,
    "CRL": 0.015625,
    "EDI": 0.015625,
    "IBZ": 0.015625,
    "KRK": 0.015625,
    "MAD": 0.015625,
    "MAN": 0.015625,
    "MLA": 0.015625,
    "NRN": 0.015625,
    "OPO": 0.015625,
    "PMI": 0.015625,
    "RYG": 0.015625,
    "STN": 0.015625,
    "SVQ": 0.015625,
    "TFS": 0.015625,
    "TPS": 0.015625,
    "VLC": 0.015625,
    "WMI": 0.015625,
    "WRO": 0.015625,
    "EIN": 0.015625,
    "FRA": 0.015625,
    "MUC": 0.015625,
    "AMS": 0.015625,
    "SAW": 0.015625,
    "ARN": 0.015625,
    "CPH": 0.015625,
    "BRU": 0.015625,
    "SVO": 0.015625,
    "IST": 0.015625,
    "LIS": 0.015625,
    "ZAG": 0.015625,
    "TUN": 0.015625,
    "LGW": 0.015625,
    "CLJ": 0.015625,
    "OTP": 0.015625,
    "SOF": 0.015625,
    "TSR": 0.015625
  },
  "domestic_ratio": 0.147,
  "fleet_mix": {
    "3O": {
      "A320": 1.0
    },
    "GWI": {
      "A319": 1.0
    },
    "MLD": {
      "E190": 1.0
    },
    "RLA": {
      "AT76": 1.0
    },
    "AFR": {
      "E190": 0.5,
      "E175": 0.5
    },
    "ADH": {
      "A320": 1.0
    },
    "RAM": {
      "B738": 0.5,
      "B737": 0.5
    },
    "AZA": {
      "A320": 0.3333333333333333,
      "A319": 0.3333333333333333,
      "E175": 0.3333333333333333
    },
    "BAW": {
      "A319": 0.5,
      "A320": 0.5
    },
    "BPA": {
      "B737": 1.0
    },
    "EIN": {
      "A320": 1.0
    },
    "RYR": {
      "B738": 1.0
    },
    "IBE": {
      "A320": 1.0
    },
    "ISS": {
      "B737": 0.6666666666666666,
      "A320": 0.3333333333333333
    },
    "XLA": {
      "A320": 1.0
    },
    "GEC": {
      "A321": 0.25,
      "A319": 0.25,
      "A320": 0.25,
      "E190": 0.25
    },
    "PGT": {
      "A320": 0.5,
      "B738": 0.5
    },
    "SAS": {
      "CRJ9": 0.5,
      "A319": 0.5
    },
    "DAT": {
      "A319": 1.0
    },
    "AFL": {
      "A320": 1.0
    },
    "THY": {
      "A320": 0.5,
      "A321": 0.5
    },
    "TAP": {
      "A319": 0.5,
      "A320": 0.5
    },
    "TAR": {
      "A320": 0.5,
      "A319": 0.5
    },
    "EZY": {
      "A319": 0.6666666666666666,
      "A320": 0.3333333333333333
    },
    "VLG": {
      "A320": 1.0
    },
    "WZZ": {
      "A320": 1.0
    }
  },
  "hourly_profile": [],
  "delay_rate": 0.0,
  "delay_distribution": {},
  "mean_delay_minutes": 0.0,
  "data_source": "openflights",
  "region": "",
  "profile_date": "2026-03-21",
  "sample_size": 150
}