{
  "icao_code": "BLR",
  "iata_code": "BLR",
  "airline_shares": {
    "IGO": 0.2302158273381295,
    "SEJ": 0.2158273381294964,
    "AIC": 0.12949640287769784,
    "GUJ": 0.05755395683453238,
    "JAI": 0.050359712230215826,
    "SVA": 0.04316546762589928,
    "AFR": 0.014388489208633094,
    "AXM": 0.014388489208633094,
    "AZA": 0.014388489208633094,
    "BAW": 0.014388489208633094,
    "CPA": 0.014388489208633094,
    "UAE": 0.014388489208633094,
    "ETD": 0.014388489208633094,
    "ABY": 0.014388489208633094,
    "HDA": 0.014388489208633094,
    "GEC": 0.014388489208633094,
    "MAS": 0.014388489208633094,
    "SLK": 0.014388489208633094,
    "MAU": 0.014388489208633094,
    "QTR": 0.014388489208633094,
    "SQC": 0.014388489208633094,
    "THA": 0.014388489208633094,
    "TGW": 0.014388489208633094,
    "ALK": 0.014388489208633094,
    "OMA": 0.014388489208633094
  },
  "domestic_route_shares": {
    "BOM": 0.11363636363636363,
    "DEL": 0.11363636363636363,
    "GOI": 0.09090909090909091,
    "MAA": 0.07954545454545454,
    "CCU": 0.06818181818181818,
    "COK": 0.06818181818181818,
    "HYD": 0.06818181818181818,
    "PNQ": 0.06818181818181818,
    "IXE": 0.056818181818181816,
    "TRV": 0.045454545454545456,
    "VTZ": 0.045454545454545456,
    "AMD": 0.022727272727272728,
    "BBI": 0.022727272727272728,
    "GAU": 0.022727272727272728,
    "JAI": 0.022727272727272728,
    "LKO": 0.022727272727272728,
    "NAG": 0.022727272727272728,
    "CCJ": 0.022727272727272728,
    "VGA": 0.022727272727272728
  },
  "international_route_shares": {
    "AUH": 0.11764705882352941,
    "SIN": 0.11764705882352941,
    "KUL": 0.0784313725490196,
    "HKG": 0.0784313725490196,
    "CDG": 0.0392156862745098,
    "LHR": 0.0392156862745098,
    "DXB": 0.0392156862745098,
    "SHJ": 0.0392156862745098,
    "FRA": 0.0392156862745098,
    "DOH": 0.0392156862745098,
    "HBX": 0.0392156862745098,
    "IXG": 0.0392156862745098,
    "MYQ": 0.0392156862745098,
    "DMM": 0.0392156862745098,
    "JED": 0.0392156862745098,
    "RUH": 0.0392156862745098,
    "BKK": 0.0392156862745098,
    "CMB": 0.0392156862745098,
    "MCT": 0.0392156862745098,
    "MRU": 0.0196078431372549
  },
  "domestic_ratio": 0.633,
  "fleet_mix": {
    "IGO": {
      "A320": 1.0
    },
    "JAI": {
      "B738": 0.7333333333333333,
      "A320": 0.13333333333333333,
      "B739": 0.13333333333333333
    },
    "AFR": {
      "A330": 1.0
    },
    "AIC": {
      "A319": 0.5,
      "A320": 0.375,
      "B787": 0.125
    },
    "AXM": {
      "A320": 1.0
    },
    "AZA": {
      "A320": 1.0
    },
    "BAW": {
      "B777": 1.0
    },
    "CPA": {
      "A330": 1.0
    },
    "UAE": {
      "B777": 1.0
    },
    "ETD": {
      "B737": 0.5,
      "A320": 0.5
    },
    "GUJ": {
      "A320": 1.0
    },
    "ABY": {
      "A320": 1.0
    },
    "HDA": {
      "A330": 1.0
    },
    "MAS": {
      "B738": 1.0
    },
    "SLK": {
      "A320": 1.0
    },
    "MAU": {
      "A330": 1.0
    },
    "QTR": {
      "B787": 1.0
    },
    "SEJ": {
      "B737": 1.0
    },
    "SQC": {
      "B777": 1.0
    },
    "SVA": {
      "A330": 1.0
    },
    "TGW": {
      "A320": 1.0
    },
    "ALK": {
      "A320": 1.0
    },
    "OMA": {
      "B738": 0.5,
      "B737": 0.5
    }
  },
  "hourly_profile": [],
  "delay_rate": 0.0,
  "delay_distribution": {},
  "mean_delay_minutes": 0.0,
  "data_source": "openflights",
  "region": "",
  "profile_date": "2026-03-21",
  "sample_size": 139
}