{
  "icao_code": "BNA",
  "iata_code": "BNA",
  "airline_shares": {
    "SWA": 0.5825242718446602,
    "USA": 0.1553398058252427,
    "AAL": 0.0970873786407767,
    "DAL": 0.06796116504854369,
    "FFT": 0.038834951456310676,
    "SQH": 0.038834951456310676,
    "TRS": 0.019417475728155338
  },
  "domestic_route_shares": {
    "LAX": 0.08602150537634409,
    "PHL": 0.053763440860215055,
    "CLT": 0.043010752688172046,
    "DFW": 0.043010752688172046,
    "MIA": 0.043010752688172046,
    "DTW": 0.043010752688172046,
    "DEN": 0.043010752688172046,
    "LGA": 0.043010752688172046,
    "DCA": 0.03225806451612903,
    "RDU": 0.03225806451612903,
    "ATL": 0.021505376344086023,
    "ORD": 0.021505376344086023,
    "AUS": 0.021505376344086023,
    "BOS": 0.021505376344086023,
    "BWI": 0.021505376344086023,
    "CHS": 0.021505376344086023,
    "CLE": 0.021505376344086023,
    "CMH": 0.021505376344086023,
    "EWR": 0.021505376344086023,
    "FLL": 0.021505376344086023,
    "HOU": 0.021505376344086023,
    "JAX": 0.021505376344086023,
    "LAS": 0.021505376344086023,
    "MCI": 0.021505376344086023,
    "MCO": 0.021505376344086023,
    "MDW": 0.021505376344086023,
    "MSY": 0.021505376344086023,
    "PHX": 0.021505376344086023,
    "PIT": 0.021505376344086023,
    "PNS": 0.021505376344086023,
    "SAN": 0.021505376344086023,
    "SAT": 0.021505376344086023,
    "STL": 0.021505376344086023,
    "TPA": 0.021505376344086023,
    "JFK": 0.010752688172043012,
    "PVD": 0.010752688172043012
  },
  "international_route_shares": {
    "TTN": 0.2,
    "AHN": 0.2,
    "MKL": 0.2,
    "ECP": 0.2,
    "GSP": 0.2
  },
  "domestic_ratio": 0.903,
  "fleet_mix": {
    "AAL": {
      "B738": 0.5,
      "A319": 0.16666666666666666,
      "CRJ7": 0.16666666666666666,
      "CRJ9": 0.16666666666666666
    },
    "DAL": {
      "B738": 0.5625,
      "A320": 0.25,
      "A319": 0.125,
      "CRJ9": 0.0625
    },
    "FFT": {
      "A319": 0.6666666666666666,
      "A320": 0.3333333333333333
    },
    "USA": {
      "CRJ7": 0.35294117647058826,
      "B738": 0.29411764705882354,
      "CRJ9": 0.23529411764705882,
      "A319": 0.11764705882352941
    },
    "SWA": {
      "B738": 1.0
    }
  },
  "hourly_profile": [],
  "delay_rate": 0.0,
  "delay_distribution": {},
  "mean_delay_minutes": 0.0,
  "data_source": "openflights",
  "region": "",
  "profile_date": "2026-03-21",
  "sample_size": 103
}