{
  "icao_code": "BNE",
  "iata_code": "BNE",
  "airline_shares": {
    "QFA": 0.25625,
    "JST": 0.175,
    "VOZ": 0.09375,
    "TGW": 0.0625,
    "UAE": 0.0375,
    "ANZ": 0.0375,
    "CAL": 0.025,
    "CPA": 0.025,
    "AVN": 0.025,
    "CDP": 0.025,
    "SQC": 0.025,
    "FIN": 0.0125,
    "EVA": 0.0125,
    "TOK": 0.0125,
    "CSN": 0.0125,
    "ETH": 0.0125,
    "ETD": 0.0125,
    "FJI": 0.0125,
    "GIA": 0.0125,
    "HAL": 0.0125,
    "SOL": 0.0125,
    "KAL": 0.0125,
    "MAS": 0.0125,
    "RON": 0.0125,
    "PAL": 0.0125,
    "ANG": 0.0125,
    "ACI": 0.0125,
    "THA": 0.0125
  },
  "domestic_route_shares": {
    "CNS": 0.17391304347826086,
    "DRW": 0.17391304347826086,
    "ADL": 0.13043478260869565,
    "MEL": 0.13043478260869565,
    "SYD": 0.13043478260869565,
    "PER": 0.08695652173913043,
    "HBA": 0.043478260869565216,
    "NTL": 0.043478260869565216,
    "BME": 0.043478260869565216,
    "PHE": 0.043478260869565216
  },
  "international_route_shares": {
    "SIN": 0.08771929824561403,
    "HKG": 0.05263157894736842,
    "AKL": 0.05263157894736842,
    "DPS": 0.05263157894736842,
    "TPE": 0.03508771929824561,
    "POM": 0.03508771929824561,
    "MKY": 0.03508771929824561,
    "TSV": 0.03508771929824561,
    "CHC": 0.03508771929824561,
    "LAX": 0.03508771929824561,
    "NOU": 0.03508771929824561,
    "ROK": 0.02631578947368421,
    "CAN": 0.017543859649122806,
    "DXB": 0.017543859649122806,
    "NAN": 0.017543859649122806,
    "HNL": 0.017543859649122806,
    "HIR": 0.017543859649122806,
    "HTI": 0.017543859649122806,
    "LST": 0.017543859649122806,
    "PPP": 0.017543859649122806,
    "ICN": 0.017543859649122806,
    "KUL": 0.017543859649122806,
    "SON": 0.017543859649122806,
    "VLI": 0.017543859649122806,
    "NLK": 0.017543859649122806,
    "INU": 0.017543859649122806,
    "RMA": 0.017543859649122806,
    "TWB": 0.017543859649122806,
    "CBR": 0.017543859649122806,
    "EMD": 0.017543859649122806,
    "ISA": 0.017543859649122806,
    "KTA": 0.017543859649122806,
    "PQQ": 0.017543859649122806,
    "CNJ": 0.017543859649122806,
    "BKK": 0.017543859649122806,
    "BDB": 0.017543859649122806,
    "GLT": 0.017543859649122806,
    "MOV": 0.017543859649122806,
    "WLG": 0.017543859649122806,
    "DFW": 0.008771929824561403
  },
  "domestic_ratio": 0.287,
  "fleet_mix": {
    "FIN": {
      "A330": 1.0
    },
    "EVA": {
      "A330": 1.0
    },
    "TOK": {
      "B737": 1.0
    },
    "CAL": {
      "A330": 1.0
    },
    "CPA": {
      "A330": 1.0
    },
    "CSN": {
      "A330": 1.0
    },
    "UAE": {
      "A380": 0.6666666666666666,
      "B777": 0.3333333333333333
    },
    "ETH": {
      "A330": 1.0
    },
    "ETD": {
      "A330": 1.0
    },
    "FJI": {
      "B738": 1.0
    },
    "GIA": {
      "B738": 1.0
    },
    "HAL": {
      "B767": 1.0
    },
    "SOL": {
      "A320": 1.0
    },
    "JST": {
      "A320": 0.8125,
      "A321": 0.125,
      "B787": 0.0625
    },
    "KAL": {
      "A330": 1.0
    },
    "MAS": {
      "A330": 1.0
    },
    "AVN": {
      "B738": 1.0
    },
    "ANZ": {
      "A320": 0.5,
      "B777": 0.3333333333333333,
      "B767": 0.16666666666666666
    },
    "PAL": {
      "A320": 1.0
    },
    "ANG": {
      "B767": 0.5,
      "B738": 0.5
    },
    "QFA": {
      "B738": 0.4642857142857143,
      "B767": 0.14285714285714285,
      "DH8D": 0.14285714285714285,
      "A330": 0.14285714285714285,
      "B744": 0.10714285714285714
    },
    "ACI": {
      "A320": 1.0
    },
    "SQC": {
      "E190": 0.5,
      "A330": 0.5
    },
    "THA": {
      "B777": 1.0
    },
    "TGW": {
      "A320": 1.0
    },
    "VOZ": {
      "AT76": 0.4666666666666667,
      "B738": 0.26666666666666666,
      "A320": 0.13333333333333333,
      "B777": 0.13333333333333333
    }
  },
  "hourly_profile": [],
  "delay_rate": 0.0,
  "delay_distribution": {},
  "mean_delay_minutes": 0.0,
  "data_source": "openflights",
  "region": "",
  "profile_date": "2026-03-21",
  "sample_size": 160
}