{
  "icao_code": "BOD",
  "iata_code": "BOD",
  "airline_shares": {
    "EZY": 0.22033898305084745,
    "VOE": 0.22033898305084745,
    "RYR": 0.13559322033898305,
    "RLA": 0.1016949152542373,
    "AFR": 0.05084745762711865,
    "RAM": 0.03389830508474576,
    "NTW": 0.03389830508474576,
    "VLG": 0.03389830508474576,
    "OAW": 0.01694915254237288,
    "AEE": 0.01694915254237288,
    "DAH": 0.01694915254237288,
    "AZA": 0.01694915254237288,
    "BAW": 0.01694915254237288,
    "EIN": 0.01694915254237288,
    "BBO": 0.01694915254237288,
    "KLM": 0.01694915254237288,
    "TSC": 0.01694915254237288,
    "TAR": 0.01694915254237288
  },
  "domestic_route_shares": {
    "LIL": 0.125,
    "LYS": 0.125,
    "NCE": 0.125,
    "SXB": 0.125,
    "MRS": 0.125,
    "CDG": 0.0625,
    "ORY": 0.0625,
    "BES": 0.0625,
    "BSL": 0.0625,
    "BIA": 0.0625,
    "FSC": 0.0625
  },
  "international_route_shares": {
    "FCO": 0.046511627906976744,
    "RAK": 0.046511627906976744,
    "LGW": 0.046511627906976744,
    "GVA": 0.046511627906976744,
    "AMS": 0.046511627906976744,
    "PMI": 0.046511627906976744,
    "ZRH": 0.023255813953488372,
    "HER": 0.023255813953488372,
    "NTE": 0.023255813953488372,
    "ALG": 0.023255813953488372,
    "CMN": 0.023255813953488372,
    "RNS": 0.023255813953488372,
    "DUB": 0.023255813953488372,
    "BLQ": 0.023255813953488372,
    "CIA": 0.023255813953488372,
    "CRL": 0.023255813953488372,
    "EDI": 0.023255813953488372,
    "OPO": 0.023255813953488372,
    "STN": 0.023255813953488372,
    "SVQ": 0.023255813953488372,
    "YUL": 0.023255813953488372,
    "TUN": 0.023255813953488372,
    "BRS": 0.023255813953488372,
    "BRU": 0.023255813953488372,
    "LIS": 0.023255813953488372,
    "LTN": 0.023255813953488372,
    "MXP": 0.023255813953488372,
    "AGP": 0.023255813953488372,
    "AJA": 0.023255813953488372,
    "CLY": 0.023255813953488372,
    "FLR": 0.023255813953488372,
    "MUC": 0.023255813953488372,
    "OLB": 0.023255813953488372,
    "PMO": 0.023255813953488372,
    "TFS": 0.023255813953488372,
    "VCE": 0.023255813953488372,
    "BCN": 0.023255813953488372
  },
  "domestic_ratio": 0.271,
  "fleet_mix": {
    "AEE": {
      "A320": 1.0
    },
    "RLA": {
      "E175": 0.4,
      "E190": 0.3,
      "CRJ7": 0.3
    },
    "AFR": {
      "A320": 0.375,
      "A321": 0.25,
      "A319": 0.25,
      "A318": 0.125
    },
    "RAM": {
      "B738": 0.6666666666666666,
      "B737": 0.3333333333333333
    },
    "AZA": {
      "E175": 0.3333333333333333,
      "E190": 0.3333333333333333,
      "CRJ7": 0.3333333333333333
    },
    "BAW": {
      "A319": 1.0
    },
    "EIN": {
      "A320": 1.0
    },
    "BBO": {
      "AT76": 1.0
    },
    "RYR": {
      "B738": 1.0
    },
    "EZY": {
      "A319": 0.6666666666666666,
      "A320": 0.3333333333333333
    },
    "VLG": {
      "A320": 1.0
    }
  },
  "hourly_profile": [],
  "delay_rate": 0.0,
  "delay_distribution": {},
  "mean_delay_minutes": 0.0,
  "data_source": "openflights",
  "region": "",
  "profile_date": "2026-03-21",
  "sample_size": 118
}