{
  "icao_code": "BOG",
  "iata_code": "BOG",
  "airline_shares": {
    "AVA": 0.4694835680751174,
    "NSE": 0.1784037558685446,
    "CMP": 0.0892018779342723,
    "USA": 0.046948356807511735,
    "GLG": 0.018779342723004695,
    "AAL": 0.018779342723004695,
    "JBU": 0.018779342723004695,
    "DAL": 0.018779342723004695,
    "TAE": 0.018779342723004695,
    "UAL": 0.018779342723004695,
    "4O": 0.009389671361502348,
    "ACA": 0.009389671361502348,
    "AFR": 0.009389671361502348,
    "AMX": 0.009389671361502348,
    "ARG": 0.009389671361502348,
    "CUB": 0.009389671361502348,
    "IBE": 0.009389671361502348,
    "TAM": 0.009389671361502348,
    "GEC": 0.009389671361502348,
    "NKS": 0.009389671361502348,
    "VCV": 0.009389671361502348
  },
  "domestic_route_shares": {
    "BAQ": 0.21052631578947367,
    "CLO": 0.21052631578947367,
    "CTG": 0.21052631578947367,
    "MDE": 0.21052631578947367,
    "ADZ": 0.15789473684210525
  },
  "international_route_shares": {
    "FLL": 0.041237113402061855,
    "MEX": 0.030927835051546393,
    "MIA": 0.030927835051546393,
    "CCS": 0.030927835051546393,
    "JFK": 0.030927835051546393,
    "MCO": 0.030927835051546393,
    "UIO": 0.020618556701030927,
    "FLA": 0.020618556701030927,
    "PSO": 0.020618556701030927,
    "DFW": 0.020618556701030927,
    "EZE": 0.020618556701030927,
    "BGA": 0.020618556701030927,
    "EWR": 0.020618556701030927,
    "GRU": 0.020618556701030927,
    "HAV": 0.020618556701030927,
    "IAH": 0.020618556701030927,
    "MAD": 0.020618556701030927,
    "PEI": 0.020618556701030927,
    "PTY": 0.020618556701030927,
    "PUJ": 0.020618556701030927,
    "SMR": 0.020618556701030927,
    "GYE": 0.010309278350515464,
    "APO": 0.010309278350515464,
    "AUC": 0.010309278350515464,
    "BUN": 0.010309278350515464,
    "CZU": 0.010309278350515464,
    "EOH": 0.010309278350515464,
    "IPI": 0.010309278350515464,
    "MVP": 0.010309278350515464,
    "PCR": 0.010309278350515464,
    "PDA": 0.010309278350515464,
    "PUU": 0.010309278350515464,
    "RVE": 0.010309278350515464,
    "SJE": 0.010309278350515464,
    "SVI": 0.010309278350515464,
    "TME": 0.010309278350515464,
    "UIB": 0.010309278350515464,
    "VGZ": 0.010309278350515464,
    "VVC": 0.010309278350515464,
    "YYZ": 0.010309278350515464,
    "CDG": 0.010309278350515464,
    "AUA": 0.010309278350515464,
    "AXM": 0.010309278350515464,
    "BCN": 0.010309278350515464,
    "CUC": 0.010309278350515464,
    "CUN": 0.010309278350515464,
    "CUR": 0.010309278350515464,
    "EJA": 0.010309278350515464,
    "EYP": 0.010309278350515464,
    "GIG": 0.010309278350515464,
    "GUA": 0.010309278350515464,
    "IAD": 0.010309278350515464,
    "IBE": 0.010309278350515464,
    "LET": 0.010309278350515464,
    "LIM": 0.010309278350515464,
    "LPB": 0.010309278350515464,
    "MTR": 0.010309278350515464,
    "MZL": 0.010309278350515464,
    "NVA": 0.010309278350515464,
    "PPN": 0.010309278350515464,
    "RCH": 0.010309278350515464,
    "SAL": 0.010309278350515464,
    "SCL": 0.010309278350515464,
    "SDQ": 0.010309278350515464,
    "SJO": 0.010309278350515464,
    "SJU": 0.010309278350515464,
    "VUP": 0.010309278350515464,
    "ATL": 0.010309278350515464,
    "FRA": 0.010309278350515464
  },
  "domestic_ratio": 0.089,
  "fleet_mix": {
    "GLG": {
      "A319": 0.6666666666666666,
      "A320": 0.3333333333333333
    },
    "4O": {
      "A320": 1.0
    },
    "NSE": {
      "AT76": 0.7058823529411765,
      "E175": 0.29411764705882354
    },
    "AAL": {
      "A319": 0.5,
      "B767": 0.5
    },
    "ACA": {
      "B767": 1.0
    },
    "AMX": {
      "B737": 1.0
    },
    "AVA": {
      "A319": 0.3225806451612903,
      "A320": 0.26881720430107525,
      "A318": 0.21505376344086022,
      "AT76": 0.11827956989247312,
      "B737": 0.043010752688172046,
      "E190": 0.021505376344086023,
      "B752": 0.010752688172043012
    },
    "JBU": {
      "A320": 1.0
    },
    "CMP": {
      "A320": 0.35714285714285715,
      "A318": 0.19047619047619047,
      "A319": 0.19047619047619047,
      "B737": 0.09523809523809523,
      "E190": 0.09523809523809523,
      "B738": 0.047619047619047616,
      "AT76": 0.023809523809523808
    },
    "CUB": {
      "A319": 1.0
    },
    "TAE": {
      "E175": 1.0
    },
    "TAM": {
      "B767": 1.0
    },
    "NKS": {
      "A319": 1.0
    },
    "UAL": {
      "B737": 0.6666666666666666,
      "B752": 0.3333333333333333
    },
    "USA": {
      "A319": 0.5555555555555556,
      "A320": 0.2222222222222222,
      "B767": 0.2222222222222222
    },
    "VCV": {
      "E190": 1.0
    }
  },
  "hourly_profile": [],
  "delay_rate": 0.0,
  "delay_distribution": {},
  "mean_delay_minutes": 0.0,
  "data_source": "openflights",
  "region": "",
  "profile_date": "2026-03-21",
  "sample_size": 213
}