{
  "icao_code": "BOI",
  "iata_code": "BOI",
  "airline_shares": {
    "SWA": 0.45454545454545453,
    "DAL": 0.18181818181818182,
    "AAL": 0.09090909090909091,
    "AAY": 0.09090909090909091,
    "UAL": 0.09090909090909091,
    "USA": 0.09090909090909091
  },
  "domestic_route_shares": {
    "PHX": 0.2727272727272727,
    "LAS": 0.18181818181818182,
    "DEN": 0.18181818181818182,
    "MSP": 0.09090909090909091,
    "SLC": 0.09090909090909091,
    "GEG": 0.09090909090909091,
    "OAK": 0.09090909090909091
  },
  "international_route_shares": {},
  "domestic_ratio": 1.0,
  "fleet_mix": {
    "AAL": {
      "A319": 1.0
    },
    "DAL": {
      "B738": 0.5,
      "A320": 0.3333333333333333,
      "A319": 0.16666666666666666
    },
    "UAL": {
      "A320": 0.25,
      "A319": 0.25,
      "B738": 0.25,
      "B739": 0.25
    },
    "USA": {
      "A319": 1.0
    }
  },
  "hourly_profile": [],
  "delay_rate": 0.0,
  "delay_distribution": {},
  "mean_delay_minutes": 0.0,
  "data_source": "openflights",
  "region": "",
  "profile_date": "2026-03-21",
  "sample_size": 22
}