{
  "icao_code": "BOJ",
  "iata_code": "BOJ",
  "airline_shares": {
    "LZB": 0.3333333333333333,
    "NAX": 0.25,
    "EIN": 0.08333333333333333,
    "HMY": 0.08333333333333333,
    "SBI": 0.08333333333333333,
    "AFL": 0.08333333333333333,
    "WZZ": 0.08333333333333333
  },
  "domestic_route_shares": {
    "SOF": 0.5,
    "VAR": 0.5
  },
  "international_route_shares": {
    "LED": 0.2,
    "CPH": 0.1,
    "HEL": 0.1,
    "OSL": 0.1,
    "DUB": 0.1,
    "SVO": 0.1,
    "BRU": 0.1,
    "DME": 0.1,
    "LTN": 0.1
  },
  "domestic_ratio": 0.167,
  "fleet_mix": {
    "NAX": {
      "B738": 1.0
    },
    "EIN": {
      "A320": 1.0
    },
    "LZB": {
      "A320": 0.6,
      "E190": 0.4
    },
    "HMY": {
      "A320": 1.0
    },
    "SBI": {
      "B767": 0.5,
      "A320": 0.5
    },
    "AFL": {
      "A320": 1.0
    },
    "WZZ": {
      "A320": 1.0
    }
  },
  "hourly_profile": [],
  "delay_rate": 0.0,
  "delay_distribution": {},
  "mean_delay_minutes": 0.0,
  "data_source": "openflights",
  "region": "",
  "profile_date": "2026-03-21",
  "sample_size": 24
}