{
  "icao_code": "BOM",
  "iata_code": "BOM",
  "airline_shares": {
    "JAI": 0.2134502923976608,
    "AIC": 0.2046783625730994,
    "IGO": 0.13157894736842105,
    "SEJ": 0.08771929824561403,
    "GUJ": 0.07017543859649122,
    "AXB": 0.03508771929824561,
    "SVA": 0.017543859649122806,
    "ETD": 0.011695906432748537,
    "GEC": 0.011695906432748537,
    "ANA": 0.011695906432748537,
    "IYE": 0.008771929824561403,
    "AFR": 0.005847953216374269,
    "AZA": 0.005847953216374269,
    "BAW": 0.005847953216374269,
    "CCA": 0.005847953216374269,
    "CPA": 0.005847953216374269,
    "DAL": 0.005847953216374269,
    "UAE": 0.005847953216374269,
    "ETH": 0.005847953216374269,
    "ABY": 0.005847953216374269,
    "GIA": 0.005847953216374269,
    "GBA": 0.005847953216374269,
    "IRA": 0.005847953216374269,
    "KAL": 0.005847953216374269,
    "KQA": 0.005847953216374269,
    "KAC": 0.005847953216374269,
    "SWR": 0.005847953216374269,
    "ELY": 0.005847953216374269,
    "MAS": 0.005847953216374269,
    "MAU": 0.005847953216374269,
    "MSR": 0.005847953216374269,
    "MXD": 0.005847953216374269,
    "BKP": 0.005847953216374269,
    "PIA": 0.005847953216374269,
    "QTR": 0.005847953216374269,
    "RJA": 0.005847953216374269,
    "SAA": 0.005847953216374269,
    "SQC": 0.005847953216374269,
    "THA": 0.005847953216374269,
    "THY": 0.005847953216374269,
    "UAL": 0.005847953216374269,
    "ALK": 0.005847953216374269,
    "VIR": 0.005847953216374269,
    "OMA": 0.005847953216374269,
    "RSH": 0.0029239766081871343
  },
  "domestic_route_shares": {
    "COK": 0.07317073170731707,
    "MAA": 0.07317073170731707,
    "AMD": 0.06097560975609756,
    "BLR": 0.06097560975609756,
    "DEL": 0.06097560975609756,
    "GOI": 0.06097560975609756,
    "TRV": 0.06097560975609756,
    "CCU": 0.04878048780487805,
    "HYD": 0.04878048780487805,
    "LKO": 0.04878048780487805,
    "IXE": 0.04878048780487805,
    "JAI": 0.042682926829268296,
    "CJB": 0.036585365853658534,
    "IXC": 0.036585365853658534,
    "NAG": 0.036585365853658534,
    "BDQ": 0.03048780487804878,
    "BBI": 0.024390243902439025,
    "IDR": 0.024390243902439025,
    "SXR": 0.018292682926829267,
    "VTZ": 0.018292682926829267,
    "GAU": 0.012195121951219513,
    "PNQ": 0.012195121951219513,
    "BHO": 0.012195121951219513,
    "VNS": 0.012195121951219513,
    "CCJ": 0.012195121951219513,
    "ATQ": 0.012195121951219513,
    "STV": 0.012195121951219513
  },
  "international_route_shares": {
    "BKK": 0.056179775280898875,
    "DXB": 0.0449438202247191,
    "MCT": 0.0449438202247191,
    "AUH": 0.0449438202247191,
    "LHR": 0.0449438202247191,
    "DOH": 0.033707865168539325,
    "HKG": 0.033707865168539325,
    "JED": 0.033707865168539325,
    "RUH": 0.033707865168539325,
    "SIN": 0.033707865168539325,
    "BAH": 0.02247191011235955,
    "CMB": 0.02247191011235955,
    "DMM": 0.02247191011235955,
    "IXU": 0.02247191011235955,
    "JDH": 0.02247191011235955,
    "JNB": 0.02247191011235955,
    "KWI": 0.02247191011235955,
    "EWR": 0.02247191011235955,
    "KUL": 0.02247191011235955,
    "IXJ": 0.011235955056179775,
    "PAT": 0.011235955056179775,
    "IXR": 0.011235955056179775,
    "BHJ": 0.011235955056179775,
    "BRU": 0.011235955056179775,
    "DAC": 0.011235955056179775,
    "KTM": 0.011235955056179775,
    "CDG": 0.011235955056179775,
    "AGR": 0.011235955056179775,
    "GWL": 0.011235955056179775,
    "IXD": 0.011235955056179775,
    "JGA": 0.011235955056179775,
    "RAJ": 0.011235955056179775,
    "UDR": 0.011235955056179775,
    "CTU": 0.011235955056179775,
    "AMS": 0.011235955056179775,
    "ADD": 0.011235955056179775,
    "SHJ": 0.011235955056179775,
    "IKA": 0.011235955056179775,
    "ADE": 0.011235955056179775,
    "ICN": 0.011235955056179775,
    "NBO": 0.011235955056179775,
    "FRA": 0.011235955056179775,
    "MUC": 0.011235955056179775,
    "ZRH": 0.011235955056179775,
    "TLV": 0.011235955056179775,
    "MRU": 0.011235955056179775,
    "CAI": 0.011235955056179775,
    "NRT": 0.011235955056179775,
    "KHI": 0.011235955056179775,
    "AMM": 0.011235955056179775,
    "HBX": 0.011235955056179775,
    "JLR": 0.011235955056179775,
    "IST": 0.011235955056179775,
    "RPR": 0.0056179775280898875,
    "SAH": 0.0056179775280898875
  },
  "domestic_ratio": 0.48,
  "fleet_mix": {
    "IGO": {
      "A320": 1.0
    },
    "JAI": {
      "B738": 0.74,
      "B739": 0.14,
      "A330": 0.06,
      "B777": 0.04,
      "A320": 0.02
    },
    "AFR": {
      "A330": 1.0
    },
    "AIC": {
      "A319": 0.4186046511627907,
      "A321": 0.18604651162790697,
      "A320": 0.11627906976744186,
      "B777": 0.11627906976744186,
      "CRJ7": 0.06976744186046512,
      "B787": 0.046511627906976744,
      "B744": 0.023255813953488372,
      "A330": 0.023255813953488372
    },
    "AZA": {
      "A320": 1.0
    },
    "BAW": {
      "B777": 1.0
    },
    "CCA": {
      "A319": 1.0
    },
    "CPA": {
      "A330": 1.0
    },
    "UAE": {
      "B777": 0.6,
      "B738": 0.2,
      "A330": 0.2
    },
    "ETH": {
      "B787": 1.0
    },
    "ETD": {
      "A320": 0.5,
      "B777": 0.5
    },
    "GUJ": {
      "A320": 1.0
    },
    "ABY": {
      "A320": 1.0
    },
    "GIA": {
      "B738": 1.0
    },
    "GBA": {
      "A321": 0.5,
      "A320": 0.5
    },
    "AXB": {
      "B738": 1.0
    },
    "IYE": {
      "A320": 1.0
    },
    "KAL": {
      "A330": 1.0
    },
    "KQA": {
      "B777": 0.6666666666666666,
      "B767": 0.3333333333333333
    },
    "KAC": {
      "B777": 1.0
    },
    "GEC": {
      "B744": 0.5,
      "A330": 0.5
    },
    "SWR": {
      "A330": 1.0
    },
    "ELY": {
      "B767": 1.0
    },
    "MAS": {
      "B777": 0.5,
      "B738": 0.5
    },
    "MAU": {
      "A330": 1.0
    },
    "MSR": {
      "B738": 1.0
    },
    "ANA": {
      "B777": 0.5,
      "B737": 0.5
    },
    "MXD": {
      "B739": 1.0
    },
    "BKP": {
      "A320": 1.0
    },
    "PIA": {
      "B737": 0.5,
      "A320": 0.5
    },
    "QTR": {
      "B777": 1.0
    },
    "RJA": {
      "A319": 1.0
    },
    "RSH": {
      "B738": 1.0
    },
    "SAA": {
      "A330": 1.0
    },
    "SEJ": {
      "B737": 1.0
    },
    "SQC": {
      "B777": 1.0
    },
    "SVA": {
      "B777": 0.6666666666666666,
      "A320": 0.3333333333333333
    },
    "THA": {
      "B777": 1.0
    },
    "THY": {
      "B777": 1.0
    },
    "UAL": {
      "B777": 1.0
    },
    "ALK": {
      "A320": 1.0
    },
    "VIR": {
      "A330": 1.0
    },
    "OMA": {
      "B738": 1.0
    }
  },
  "hourly_profile": [],
  "delay_rate": 0.0,
  "delay_distribution": {},
  "mean_delay_minutes": 0.0,
  "data_source": "openflights",
  "region": "",
  "profile_date": "2026-03-21",
  "sample_size": 342
}