{
  "icao_code": "BON",
  "iata_code": "BON",
  "airline_shares": {
    "TFL": 0.2222222222222222,
    "UAL": 0.2222222222222222,
    "7I": 0.16666666666666666,
    "DAL": 0.1111111111111111,
    "VSV": 0.1111111111111111,
    "KLM": 0.1111111111111111,
    "TNM": 0.05555555555555555
  },
  "domestic_route_shares": {},
  "international_route_shares": {
    "CUR": 0.3888888888888889,
    "AMS": 0.16666666666666666,
    "AUA": 0.1111111111111111,
    "ATL": 0.1111111111111111,
    "EWR": 0.1111111111111111,
    "IAH": 0.1111111111111111
  },
  "domestic_ratio": 0.0,
  "fleet_mix": {
    "TFL": {
      "B767": 1.0
    },
    "UAL": {
      "B738": 1.0
    }
  },
  "hourly_profile": [],
  "delay_rate": 0.0,
  "delay_distribution": {},
  "mean_delay_minutes": 0.0,
  "data_source": "openflights",
  "region": "",
  "profile_date": "2026-03-21",
  "sample_size": 18
}