{
  "icao_code": "BPN",
  "iata_code": "BPN",
  "airline_shares": {
    "LNI": 0.29411764705882354,
    "GIA": 0.23529411764705882,
    "SJY": 0.23529411764705882,
    "QG": 0.14705882352941177,
    "AXM": 0.029411764705882353,
    "ITK": 0.029411764705882353,
    "SLK": 0.029411764705882353
  },
  "domestic_route_shares": {
    "CGK": 0.20833333333333334,
    "JOG": 0.16666666666666666,
    "SUB": 0.16666666666666666,
    "UPG": 0.16666666666666666,
    "MDC": 0.08333333333333333,
    "BDJ": 0.08333333333333333,
    "BTH": 0.041666666666666664,
    "SRG": 0.041666666666666664,
    "DPS": 0.041666666666666664
  },
  "international_route_shares": {
    "TRK": 0.3,
    "BEJ": 0.2,
    "SIN": 0.2,
    "PLW": 0.2,
    "KUL": 0.1
  },
  "domestic_ratio": 0.706,
  "fleet_mix": {
    "AXM": {
      "A320": 1.0
    },
    "GIA": {
      "B738": 0.8,
      "A330": 0.2
    },
    "ITK": {
      "B739": 1.0
    },
    "LNI": {
      "B738": 0.5,
      "B739": 0.5
    },
    "SLK": {
      "A319": 0.5,
      "A320": 0.5
    },
    "QG": {
      "A320": 1.0
    },
    "SJY": {
      "B738": 1.0
    }
  },
  "hourly_profile": [],
  "delay_rate": 0.0,
  "delay_distribution": {},
  "mean_delay_minutes": 0.0,
  "data_source": "openflights",
  "region": "",
  "profile_date": "2026-03-21",
  "sample_size": 68
}