{
  "icao_code": "BRE",
  "iata_code": "BRE",
  "airline_shares": {
    "RYR": 0.5319148936170213,
    "GMI": 0.23404255319148937,
    "GEC": 0.0425531914893617,
    "CWA": 0.0425531914893617,
    "GWI": 0.02127659574468085,
    "BER": 0.02127659574468085,
    "AFR": 0.02127659574468085,
    "BYE": 0.02127659574468085,
    "SAS": 0.02127659574468085,
    "THY": 0.02127659574468085,
    "SXS": 0.02127659574468085
  },
  "domestic_route_shares": {
    "STR": 0.2,
    "FRA": 0.2,
    "MUC": 0.2,
    "LEJ": 0.2,
    "FMO": 0.2
  },
  "international_route_shares": {
    "PMI": 0.07142857142857142,
    "FUE": 0.047619047619047616,
    "LPA": 0.047619047619047616,
    "TFS": 0.047619047619047616,
    "CDG": 0.023809523809523808,
    "TLS": 0.023809523809523808,
    "AGP": 0.023809523809523808,
    "ALC": 0.023809523809523808,
    "BGY": 0.023809523809523808,
    "BZR": 0.023809523809523808,
    "CFU": 0.023809523809523808,
    "CHQ": 0.023809523809523808,
    "DUB": 0.023809523809523808,
    "EDI": 0.023809523809523808,
    "FAO": 0.023809523809523808,
    "GRO": 0.023809523809523808,
    "HAU": 0.023809523809523808,
    "MAN": 0.023809523809523808,
    "NYO": 0.023809523809523808,
    "OPO": 0.023809523809523808,
    "RIX": 0.023809523809523808,
    "SKG": 0.023809523809523808,
    "STN": 0.023809523809523808,
    "TLL": 0.023809523809523808,
    "TMP": 0.023809523809523808,
    "TSF": 0.023809523809523808,
    "VNO": 0.023809523809523808,
    "CPH": 0.023809523809523808,
    "ACE": 0.023809523809523808,
    "AYT": 0.023809523809523808,
    "FNC": 0.023809523809523808,
    "IBZ": 0.023809523809523808,
    "NBE": 0.023809523809523808,
    "VIE": 0.023809523809523808,
    "IST": 0.023809523809523808,
    "ZRH": 0.023809523809523808,
    "ADB": 0.023809523809523808
  },
  "domestic_ratio": 0.106,
  "fleet_mix": {
    "GWI": {
      "A319": 0.5,
      "CRJ9": 0.5
    },
    "BER": {
      "A320": 0.3333333333333333,
      "B738": 0.3333333333333333,
      "A319": 0.3333333333333333
    },
    "AFR": {
      "E175": 1.0
    },
    "RYR": {
      "B738": 1.0
    },
    "GEC": {
      "A319": 0.2857142857142857,
      "A321": 0.2857142857142857,
      "E190": 0.2857142857142857,
      "A320": 0.14285714285714285
    },
    "SAS": {
      "AT76": 1.0
    },
    "GMI": {
      "A319": 0.75,
      "A321": 0.25
    },
    "THY": {
      "A320": 1.0
    },
    "SXS": {
      "B738": 1.0
    }
  },
  "hourly_profile": [],
  "delay_rate": 0.0,
  "delay_distribution": {},
  "mean_delay_minutes": 0.0,
  "data_source": "openflights",
  "region": "",
  "profile_date": "2026-03-21",
  "sample_size": 94
}