{
  "icao_code": "BRI",
  "iata_code": "BRI",
  "airline_shares": {
    "RYR": 0.43478260869565216,
    "AZA": 0.08695652173913043,
    "VOE": 0.08695652173913043,
    "GWI": 0.06521739130434782,
    "EZY": 0.06521739130434782,
    "WZZ": 0.06521739130434782,
    "BPA": 0.043478260869565216,
    "VLG": 0.043478260869565216,
    "BER": 0.021739130434782608,
    "BAW": 0.021739130434782608,
    "DLA": 0.021739130434782608,
    "TRA": 0.021739130434782608,
    "IBE": 0.021739130434782608
  },
  "domestic_route_shares": {
    "TRN": 0.09523809523809523,
    "CTA": 0.09523809523809523,
    "PMO": 0.09523809523809523,
    "FLR": 0.09523809523809523,
    "FCO": 0.047619047619047616,
    "LIN": 0.047619047619047616,
    "BGY": 0.047619047619047616,
    "BLQ": 0.047619047619047616,
    "CAG": 0.047619047619047616,
    "CIA": 0.047619047619047616,
    "GOA": 0.047619047619047616,
    "PSA": 0.047619047619047616,
    "TRS": 0.047619047619047616,
    "TSF": 0.047619047619047616,
    "MXP": 0.047619047619047616,
    "VCE": 0.047619047619047616,
    "VRN": 0.047619047619047616
  },
  "international_route_shares": {
    "LGW": 0.08,
    "CGN": 0.04,
    "DUS": 0.04,
    "STR": 0.04,
    "TXL": 0.04,
    "TIA": 0.04,
    "MUC": 0.04,
    "BVA": 0.04,
    "CRL": 0.04,
    "DUB": 0.04,
    "FKB": 0.04,
    "HHN": 0.04,
    "MLA": 0.04,
    "MST": 0.04,
    "NRN": 0.04,
    "STN": 0.04,
    "SVQ": 0.04,
    "VLC": 0.04,
    "AMS": 0.04,
    "CDG": 0.04,
    "BCN": 0.04,
    "BUD": 0.04,
    "OTP": 0.04,
    "PRG": 0.04
  },
  "domestic_ratio": 0.457,
  "fleet_mix": {
    "GWI": {
      "A319": 0.6666666666666666,
      "CRJ9": 0.3333333333333333
    },
    "BER": {
      "B738": 0.5,
      "A320": 0.5
    },
    "AZA": {
      "A319": 0.46153846153846156,
      "A320": 0.3076923076923077,
      "A321": 0.15384615384615385,
      "E175": 0.07692307692307693
    },
    "BPA": {
      "B737": 1.0
    },
    "DLA": {
      "E190": 1.0
    },
    "RYR": {
      "B738": 1.0
    },
    "TRA": {
      "B738": 1.0
    },
    "IBE": {
      "A320": 1.0
    },
    "EZY": {
      "A319": 0.75,
      "A320": 0.25
    },
    "VLG": {
      "A320": 0.5,
      "A319": 0.5
    },
    "WZZ": {
      "A320": 1.0
    }
  },
  "hourly_profile": [],
  "delay_rate": 0.0,
  "delay_distribution": {},
  "mean_delay_minutes": 0.0,
  "data_source": "openflights",
  "region": "",
  "profile_date": "2026-03-21",
  "sample_size": 92
}