{
  "icao_code": "BRS",
  "iata_code": "BRS",
  "airline_shares": {
    "EZY": 0.3723404255319149,
    "RYR": 0.2978723404255319,
    "TVF": 0.11702127659574468,
    "TCX": 0.06382978723404255,
    "BYE": 0.05319148936170213,
    "TOM": 0.031914893617021274,
    "GMI": 0.02127659574468085,
    "OAW": 0.010638297872340425,
    "GCO": 0.010638297872340425,
    "AMC": 0.010638297872340425,
    "SIH": 0.010638297872340425
  },
  "domestic_route_shares": {
    "ABZ": 0.2,
    "BFS": 0.2,
    "EDI": 0.2,
    "GLA": 0.2,
    "NCL": 0.2
  },
  "international_route_shares": {
    "TFS": 0.056179775280898875,
    "PMI": 0.05056179775280899,
    "ALC": 0.033707865168539325,
    "LPA": 0.033707865168539325,
    "DLM": 0.033707865168539325,
    "NBE": 0.028089887640449437,
    "ACE": 0.02247191011235955,
    "AGP": 0.02247191011235955,
    "FAO": 0.02247191011235955,
    "MLA": 0.02247191011235955,
    "REU": 0.02247191011235955,
    "TLS": 0.02247191011235955,
    "CFU": 0.02247191011235955,
    "FUE": 0.02247191011235955,
    "PFO": 0.02247191011235955,
    "AYT": 0.016853932584269662,
    "ZRH": 0.011235955056179775,
    "FRA": 0.011235955056179775,
    "HAM": 0.011235955056179775,
    "MUC": 0.011235955056179775,
    "MXP": 0.011235955056179775,
    "BGY": 0.011235955056179775,
    "BLQ": 0.011235955056179775,
    "BUD": 0.011235955056179775,
    "BZR": 0.011235955056179775,
    "CHQ": 0.011235955056179775,
    "DUB": 0.011235955056179775,
    "EGC": 0.011235955056179775,
    "GDN": 0.011235955056179775,
    "GRO": 0.011235955056179775,
    "IBZ": 0.011235955056179775,
    "KUN": 0.011235955056179775,
    "LIG": 0.011235955056179775,
    "NOC": 0.011235955056179775,
    "POZ": 0.011235955056179775,
    "RZE": 0.011235955056179775,
    "TSF": 0.011235955056179775,
    "VLC": 0.011235955056179775,
    "WMI": 0.011235955056179775,
    "WRO": 0.011235955056179775,
    "GCI": 0.011235955056179775,
    "JER": 0.011235955056179775,
    "CEG": 0.011235955056179775,
    "AMS": 0.011235955056179775,
    "BCN": 0.011235955056179775,
    "BJV": 0.011235955056179775,
    "BOD": 0.011235955056179775,
    "CDG": 0.011235955056179775,
    "CPH": 0.011235955056179775,
    "FCO": 0.011235955056179775,
    "FNC": 0.011235955056179775,
    "GVA": 0.011235955056179775,
    "HER": 0.011235955056179775,
    "INV": 0.011235955056179775,
    "KEF": 0.011235955056179775,
    "KRK": 0.011235955056179775,
    "LIS": 0.011235955056179775,
    "MAD": 0.011235955056179775,
    "MJV": 0.011235955056179775,
    "NCE": 0.011235955056179775,
    "PRG": 0.011235955056179775,
    "PSA": 0.011235955056179775,
    "RAK": 0.011235955056179775,
    "SXF": 0.011235955056179775,
    "MAH": 0.0056179775280898875
  },
  "domestic_ratio": 0.053,
  "fleet_mix": {
    "RYR": {
      "B738": 1.0
    },
    "GCO": {
      "AT76": 1.0
    },
    "AMC": {
      "A320": 1.0
    },
    "TCX": {
      "A320": 1.0
    },
    "EZY": {
      "A320": 0.5,
      "A319": 0.5
    }
  },
  "hourly_profile": [],
  "delay_rate": 0.0,
  "delay_distribution": {},
  "mean_delay_minutes": 0.0,
  "data_source": "openflights",
  "region": "",
  "profile_date": "2026-03-21",
  "sample_size": 188
}