{
  "icao_code": "BRU",
  "iata_code": "BRU",
  "airline_shares": {
    "DAT": 0.279445727482679,
    "HMY": 0.12471131639722864,
    "VLG": 0.050808314087759814,
    "EZY": 0.046189376443418015,
    "RYR": 0.04157043879907621,
    "IBE": 0.03695150115473441,
    "CHH": 0.03002309468822171,
    "RAM": 0.02771362586605081,
    "JAI": 0.018475750577367205,
    "3O": 0.013856812933025405,
    "ETD": 0.013856812933025405,
    "PGT": 0.013856812933025405,
    "SAS": 0.013856812933025405,
    "THY": 0.013856812933025405,
    "TAR": 0.013856812933025405,
    "UAL": 0.013856812933025405,
    "AEE": 0.009237875288683603,
    "RLA": 0.009237875288683603,
    "BYE": 0.009237875288683603,
    "BTI": 0.009237875288683603,
    "DAL": 0.009237875288683603,
    "EIN": 0.009237875288683603,
    "ELO": 0.009237875288683603,
    "GEC": 0.009237875288683603,
    "SWR": 0.009237875288683603,
    "THA": 0.009237875288683603,
    "ACA": 0.006928406466512702,
    "GWI": 0.004618937644341801,
    "AAL": 0.004618937644341801,
    "DAH": 0.004618937644341801,
    "AMX": 0.004618937644341801,
    "FIN": 0.004618937644341801,
    "AZA": 0.004618937644341801,
    "BAW": 0.004618937644341801,
    "SGG": 0.004618937644341801,
    "ETH": 0.004618937644341801,
    "LZB": 0.004618937644341801,
    "ICE": 0.004618937644341801,
    "ADR": 0.004618937644341801,
    "ASL": 0.004618937644341801,
    "AMC": 0.004618937644341801,
    "LOT": 0.004618937644341801,
    "LTU": 0.004618937644341801,
    "ELY": 0.004618937644341801,
    "MEA": 0.004618937644341801,
    "MSR": 0.004618937644341801,
    "CSA": 0.004618937644341801,
    "CTN": 0.004618937644341801,
    "ELL": 0.004618937644341801,
    "AUI": 0.004618937644341801,
    "QTR": 0.004618937644341801,
    "TVS": 0.004618937644341801,
    "ROT": 0.004618937644341801,
    "AFL": 0.004618937644341801,
    "TAP": 0.004618937644341801,
    "TSC": 0.004618937644341801,
    "USA": 0.004618937644341801,
    "AEA": 0.004618937644341801,
    "AFR": 0.0023094688221709007,
    "RWD": 0.0023094688221709007
  },
  "domestic_route_shares": {},
  "international_route_shares": {
    "LIS": 0.02771362586605081,
    "FCO": 0.025404157043879907,
    "MAD": 0.023094688221709007,
    "BCN": 0.018475750577367205,
    "OPO": 0.018475750577367205,
    "PMI": 0.018475750577367205,
    "AGP": 0.016166281755196306,
    "EWR": 0.013856812933025405,
    "LYS": 0.013856812933025405,
    "AGA": 0.013856812933025405,
    "RAK": 0.013856812933025405,
    "ALC": 0.013856812933025405,
    "IBZ": 0.013856812933025405,
    "VCE": 0.013856812933025405,
    "PRG": 0.013856812933025405,
    "JFK": 0.011547344110854504,
    "MXP": 0.011547344110854504,
    "GVA": 0.011547344110854504,
    "CMN": 0.009237875288683603,
    "NDR": 0.009237875288683603,
    "TNG": 0.009237875288683603,
    "YYZ": 0.009237875288683603,
    "ATH": 0.009237875288683603,
    "HER": 0.009237875288683603,
    "PHL": 0.009237875288683603,
    "YUL": 0.009237875288683603,
    "LHR": 0.009237875288683603,
    "NCL": 0.009237875288683603,
    "AUH": 0.009237875288683603,
    "DKR": 0.009237875288683603,
    "CDG": 0.009237875288683603,
    "VLC": 0.009237875288683603,
    "AYT": 0.009237875288683603,
    "BIO": 0.009237875288683603,
    "TXL": 0.009237875288683603,
    "SCQ": 0.009237875288683603,
    "VNO": 0.009237875288683603,
    "LIN": 0.009237875288683603,
    "TLV": 0.009237875288683603,
    "CPH": 0.009237875288683603,
    "OSL": 0.009237875288683603,
    "BSL": 0.009237875288683603,
    "IAD": 0.009237875288683603,
    "NAP": 0.009237875288683603,
    "NCE": 0.009237875288683603,
    "TLS": 0.009237875288683603,
    "ABJ": 0.006928406466512702,
    "STR": 0.004618937644341801,
    "BOM": 0.004618937644341801,
    "DEL": 0.004618937644341801,
    "NTE": 0.004618937644341801,
    "ALG": 0.004618937644341801,
    "OUD": 0.004618937644341801,
    "HEL": 0.004618937644341801,
    "EMA": 0.004618937644341801,
    "RIX": 0.004618937644341801,
    "ATL": 0.004618937644341801,
    "DUB": 0.004618937644341801,
    "ORK": 0.004618937644341801,
    "SOF": 0.004618937644341801,
    "KEF": 0.004618937644341801,
    "TSF": 0.004618937644341801,
    "BOJ": 0.004618937644341801,
    "CFU": 0.004618937644341801,
    "CHQ": 0.004618937644341801,
    "DBV": 0.004618937644341801,
    "FNC": 0.004618937644341801,
    "KGS": 0.004618937644341801,
    "LDE": 0.004618937644341801,
    "LEI": 0.004618937644341801,
    "LPA": 0.004618937644341801,
    "MAH": 0.004618937644341801,
    "NBE": 0.004618937644341801,
    "PFO": 0.004618937644341801,
    "REU": 0.004618937644341801,
    "RHO": 0.004618937644341801,
    "TFS": 0.004618937644341801,
    "TIV": 0.004618937644341801,
    "VAR": 0.004618937644341801,
    "ZTH": 0.004618937644341801,
    "PEK": 0.004618937644341801,
    "LJU": 0.004618937644341801,
    "BEG": 0.004618937644341801,
    "GDN": 0.004618937644341801,
    "WRO": 0.004618937644341801,
    "MLA": 0.004618937644341801,
    "FRA": 0.004618937644341801,
    "MUC": 0.004618937644341801,
    "WAW": 0.004618937644341801,
    "ZRH": 0.004618937644341801,
    "BEY": 0.004618937644341801,
    "CAI": 0.004618937644341801,
    "ZAG": 0.004618937644341801,
    "TLL": 0.004618937644341801,
    "ADB": 0.004618937644341801,
    "BJV": 0.004618937644341801,
    "KBP": 0.004618937644341801,
    "DOH": 0.004618937644341801,
    "OTP": 0.004618937644341801,
    "ARN": 0.004618937644341801,
    "BHX": 0.004618937644341801,
    "BIA": 0.004618937644341801,
    "BLQ": 0.004618937644341801,
    "BMA": 0.004618937644341801,
    "BUD": 0.004618937644341801,
    "CTA": 0.004618937644341801,
    "DLA": 0.004618937644341801,
    "DME": 0.004618937644341801,
    "EDI": 0.004618937644341801,
    "FAO": 0.004618937644341801,
    "FIH": 0.004618937644341801,
    "FLR": 0.004618937644341801,
    "GOT": 0.004618937644341801,
    "HAM": 0.004618937644341801,
    "KGL": 0.004618937644341801,
    "MAN": 0.004618937644341801,
    "MRS": 0.004618937644341801,
    "NSI": 0.004618937644341801,
    "OUA": 0.004618937644341801,
    "PMO": 0.004618937644341801,
    "SVQ": 0.004618937644341801,
    "SXB": 0.004618937644341801,
    "TRN": 0.004618937644341801,
    "VIE": 0.004618937644341801,
    "SVO": 0.004618937644341801,
    "BKK": 0.004618937644341801,
    "AOE": 0.004618937644341801,
    "IST": 0.004618937644341801,
    "SAW": 0.004618937644341801,
    "DJE": 0.004618937644341801,
    "MIR": 0.004618937644341801,
    "TUN": 0.004618937644341801,
    "BOD": 0.004618937644341801,
    "LGW": 0.004618937644341801,
    "SXF": 0.004618937644341801,
    "ORD": 0.004618937644341801,
    "ACE": 0.0023094688221709007,
    "JMK": 0.0023094688221709007,
    "FUE": 0.0023094688221709007,
    "GRO": 0.0023094688221709007,
    "JTR": 0.0023094688221709007,
    "BJM": 0.0023094688221709007,
    "COO": 0.0023094688221709007,
    "FNA": 0.0023094688221709007,
    "LAD": 0.0023094688221709007,
    "EBB": 0.0023094688221709007,
    "LFW": 0.0023094688221709007,
    "NBO": 0.0023094688221709007,
    "ROB": 0.0023094688221709007
  },
  "domestic_ratio": 0.0,
  "fleet_mix": {
    "3O": {
      "A320": 1.0
    },
    "GWI": {
      "A319": 0.5,
      "CRJ9": 0.5
    },
    "JAI": {
      "A330": 1.0
    },
    "AEE": {
      "A320": 0.6666666666666666,
      "A321": 0.3333333333333333
    },
    "AAL": {
      "B767": 1.0
    },
    "ACA": {
      "A330": 1.0
    },
    "AMX": {
      "E190": 1.0
    },
    "RAM": {
      "B738": 0.375,
      "B737": 0.375,
      "A319": 0.25
    },
    "FIN": {
      "A319": 0.5,
      "A320": 0.5
    },
    "AZA": {
      "A320": 0.5,
      "A319": 0.5
    },
    "BAW": {
      "A319": 0.3333333333333333,
      "A320": 0.3333333333333333,
      "A321": 0.3333333333333333
    },
    "BTI": {
      "A330": 0.5,
      "DH8D": 0.5
    },
    "SGG": {
      "A330": 1.0
    },
    "EIN": {
      "A320": 1.0
    },
    "ETH": {
      "B767": 1.0
    },
    "ETD": {
      "A330": 1.0
    },
    "LZB": {
      "E190": 0.5,
      "A319": 0.5
    },