{
  "icao_code": "BSB",
  "iata_code": "BSB",
  "airline_shares": {
    "TAM": 0.30612244897959184,
    "SEH": 0.2653061224489796,
    "ONE": 0.19387755102040816,
    "AZU": 0.09183673469387756,
    "CGN": 0.030612244897959183,
    "MRS": 0.030612244897959183,
    "AAL": 0.01020408163265306,
    "AFR": 0.01020408163265306,
    "ARG": 0.01020408163265306,
    "CMP": 0.01020408163265306,
    "DAL": 0.01020408163265306,
    "TSJ": 0.01020408163265306,
    "TAP": 0.01020408163265306,
    "USA": 0.01020408163265306
  },
  "domestic_route_shares": {
    "CGB": 0.06722689075630252,
    "CNF": 0.06722689075630252,
    "GRU": 0.06722689075630252,
    "VCP": 0.05042016806722689,
    "CGH": 0.05042016806722689,
    "CWB": 0.05042016806722689,
    "FOR": 0.05042016806722689,
    "GIG": 0.05042016806722689,
    "JPA": 0.05042016806722689,
    "MCZ": 0.05042016806722689,
    "REC": 0.05042016806722689,
    "SDU": 0.05042016806722689,
    "SSA": 0.05042016806722689,
    "GYN": 0.04201680672268908,
    "BEL": 0.03361344537815126,
    "MAO": 0.03361344537815126,
    "POA": 0.03361344537815126,
    "PVH": 0.03361344537815126,
    "RBR": 0.03361344537815126,
    "SLZ": 0.03361344537815126,
    "FLN": 0.03361344537815126,
    "VIX": 0.01680672268907563
  },
  "international_route_shares": {
    "BRA": 0.07792207792207792,
    "MIA": 0.07792207792207792,
    "MAB": 0.07792207792207792,
    "PMW": 0.07792207792207792,
    "CGR": 0.07792207792207792,
    "NAT": 0.07792207792207792,
    "RAO": 0.05194805194805195,
    "UDI": 0.05194805194805195,
    "IMP": 0.05194805194805195,
    "THE": 0.05194805194805195,
    "OPS": 0.025974025974025976,
    "AUX": 0.025974025974025976,
    "CDG": 0.025974025974025976,
    "EZE": 0.025974025974025976,
    "PTY": 0.025974025974025976,
    "ATL": 0.025974025974025976,
    "AJU": 0.025974025974025976,
    "IOS": 0.025974025974025976,
    "JDO": 0.025974025974025976,
    "PNZ": 0.025974025974025976,
    "LIS": 0.025974025974025976,
    "SJP": 0.025974025974025976,
    "MQH": 0.012987012987012988
  },
  "domestic_ratio": 0.607,
  "fleet_mix": {
    "CGN": {
      "AT76": 1.0
    },
    "AAL": {
      "B767": 1.0
    },
    "AZU": {
      "E190": 0.6190476190476191,
      "AT76": 0.38095238095238093
    },
    "AFR": {
      "B777": 1.0
    },
    "ARG": {
      "B737": 1.0
    },
    "CMP": {
      "B738": 0.5,
      "B737": 0.5
    },
    "DAL": {
      "B752": 1.0
    },
    "SEH": {
      "B738": 0.6075949367088608,
      "B737": 0.3924050632911392
    },
    "TAM": {
      "A320": 0.6585365853658537,
      "A319": 0.24390243902439024,
      "A321": 0.07317073170731707,
      "B767": 0.024390243902439025
    },
    "ONE": {
      "A318": 0.6486486486486487,
      "A319": 0.24324324324324326,
      "A320": 0.10810810810810811
    },
    "TAP": {
      "A330": 1.0
    }
  },
  "hourly_profile": [],
  "delay_rate": 0.0,
  "delay_distribution": {},
  "mean_delay_minutes": 0.0,
  "data_source": "openflights",
  "region": "",
  "profile_date": "2026-03-21",
  "sample_size": 196
}