{
  "icao_code": "BSL",
  "iata_code": "BSL",
  "airline_shares": {
    "EZY": 0.5960264900662252,
    "HLX": 0.11258278145695365,
    "BER": 0.07947019867549669,
    "RYR": 0.026490066225165563,
    "PGT": 0.026490066225165563,
    "SAS": 0.026490066225165563,
    "SXS": 0.026490066225165563,
    "BHP": 0.013245033112582781,
    "GWI": 0.013245033112582781,
    "AFR": 0.013245033112582781,
    "BAW": 0.013245033112582781,
    "GEC": 0.013245033112582781,
    "DAT": 0.013245033112582781,
    "THY": 0.013245033112582781,
    "TAR": 0.013245033112582781
  },
  "domestic_route_shares": {
    "CDG": 0.2,
    "BOD": 0.2,
    "MPL": 0.2,
    "NCE": 0.2,
    "TLS": 0.2
  },
  "international_route_shares": {
    "LPA": 0.0425531914893617,
    "PMI": 0.0425531914893617,
    "TFS": 0.0425531914893617,
    "CTA": 0.028368794326241134,
    "HER": 0.028368794326241134,
    "FRA": 0.028368794326241134,
    "ADB": 0.028368794326241134,
    "BRU": 0.028368794326241134,
    "AYT": 0.028368794326241134,
    "FUE": 0.028368794326241134,
    "HRG": 0.014184397163120567,
    "DUS": 0.014184397163120567,
    "IBZ": 0.014184397163120567,
    "LHR": 0.014184397163120567,
    "DUB": 0.014184397163120567,
    "STN": 0.014184397163120567,
    "SAW": 0.014184397163120567,
    "MUC": 0.014184397163120567,
    "IST": 0.014184397163120567,
    "DJE": 0.014184397163120567,
    "AGP": 0.014184397163120567,
    "AJA": 0.014184397163120567,
    "ALC": 0.014184397163120567,
    "AMS": 0.014184397163120567,
    "BCN": 0.014184397163120567,
    "BDS": 0.014184397163120567,
    "BUD": 0.014184397163120567,
    "CAG": 0.014184397163120567,
    "CPH": 0.014184397163120567,
    "DRS": 0.014184397163120567,
    "EDI": 0.014184397163120567,
    "FAO": 0.014184397163120567,
    "FCO": 0.014184397163120567,
    "HAM": 0.014184397163120567,
    "KEF": 0.014184397163120567,
    "KRK": 0.014184397163120567,
    "LCA": 0.014184397163120567,
    "LGW": 0.014184397163120567,
    "LIS": 0.014184397163120567,
    "MAD": 0.014184397163120567,
    "MAN": 0.014184397163120567,
    "NAP": 0.014184397163120567,
    "NTE": 0.014184397163120567,
    "OLB": 0.014184397163120567,
    "OPO": 0.014184397163120567,
    "PRN": 0.014184397163120567,
    "RAK": 0.014184397163120567,
    "SCQ": 0.014184397163120567,
    "SKG": 0.014184397163120567,
    "SPU": 0.014184397163120567,
    "SVQ": 0.014184397163120567,
    "SXF": 0.014184397163120567,
    "TLV": 0.014184397163120567,
    "VCE": 0.014184397163120567,
    "FNC": 0.014184397163120567,
    "KGS": 0.014184397163120567,
    "RHO": 0.014184397163120567,
    "ZQW": 0.0070921985815602835
  },
  "domestic_ratio": 0.066,
  "fleet_mix": {
    "BHP": {
      "A320": 1.0
    },
    "GWI": {
      "CRJ9": 1.0
    },
    "BER": {
      "A320": 0.75,
      "A319": 0.125,
      "B738": 0.125
    },
    "AFR": {
      "AT76": 1.0
    },
    "BAW": {
      "A319": 0.3333333333333333,
      "A320": 0.3333333333333333,
      "A321": 0.3333333333333333
    },
    "RYR": {
      "B738": 1.0
    },
    "GEC": {
      "CRJ7": 1.0
    },
    "PGT": {
      "B738": 0.6666666666666666,
      "A320": 0.3333333333333333
    },
    "SAS": {
      "CRJ7": 0.6666666666666666,
      "CRJ9": 0.3333333333333333
    },
    "DAT": {
      "A319": 1.0
    },
    "THY": {
      "B738": 1.0
    },
    "EZY": {
      "A319": 0.5142857142857142,
      "A320": 0.4857142857142857
    },
    "HLX": {
      "B738": 1.0
    },
    "SXS": {
      "B738": 1.0
    }
  },
  "hourly_profile": [],
  "delay_rate": 0.0,
  "delay_distribution": {},
  "mean_delay_minutes": 0.0,
  "data_source": "openflights",
  "region": "",
  "profile_date": "2026-03-21",
  "sample_size": 151
}