{
  "icao_code": "BTH",
  "iata_code": "BTH",
  "airline_shares": {
    "LNI": 0.5652173913043478,
    "QG": 0.21739130434782608,
    "GIA": 0.08695652173913043,
    "SJY": 0.08695652173913043,
    "NWR": 0.043478260869565216
  },
  "domestic_route_shares": {
    "CGK": 0.36363636363636365,
    "SUB": 0.18181818181818182,
    "BPN": 0.09090909090909091,
    "DPS": 0.09090909090909091,
    "JOG": 0.09090909090909091,
    "PNK": 0.09090909090909091,
    "SRG": 0.09090909090909091
  },
  "international_route_shares": {
    "TKG": 0.16666666666666666,
    "DJB": 0.16666666666666666,
    "PDG": 0.16666666666666666,
    "PKU": 0.16666666666666666,
    "PLM": 0.16666666666666666,
    "SZB": 0.08333333333333333,
    "BDO": 0.08333333333333333
  },
  "domestic_ratio": 0.478,
  "fleet_mix": {
    "NWR": {
      "AT76": 1.0
    },
    "GIA": {
      "B738": 1.0
    },
    "LNI": {
      "B738": 0.5555555555555556,
      "B739": 0.4444444444444444
    },
    "QG": {
      "A320": 1.0
    }
  },
  "hourly_profile": [],
  "delay_rate": 0.0,
  "delay_distribution": {},
  "mean_delay_minutes": 0.0,
  "data_source": "openflights",
  "region": "",
  "profile_date": "2026-03-21",
  "sample_size": 46
}