{
  "icao_code": "BTS",
  "iata_code": "BTS",
  "airline_shares": {
    "RYR": 0.7894736842105263,
    "CSA": 0.10526315789473684,
    "NAX": 0.05263157894736842,
    "TVS": 0.05263157894736842
  },
  "domestic_route_shares": {},
  "international_route_shares": {
    "PRG": 0.10526315789473684,
    "OSL": 0.05263157894736842,
    "AGP": 0.05263157894736842,
    "AHO": 0.05263157894736842,
    "BGY": 0.05263157894736842,
    "BHX": 0.05263157894736842,
    "BVA": 0.05263157894736842,
    "CIA": 0.05263157894736842,
    "CRL": 0.05263157894736842,
    "DUB": 0.05263157894736842,
    "EDI": 0.05263157894736842,
    "GRO": 0.05263157894736842,
    "LPL": 0.05263157894736842,
    "LTN": 0.05263157894736842,
    "PMI": 0.05263157894736842,
    "STN": 0.05263157894736842,
    "TPS": 0.05263157894736842,
    "KSC": 0.05263157894736842
  },
  "domestic_ratio": 0.0,
  "fleet_mix": {
    "NAX": {
      "B738": 1.0
    },
    "RYR": {
      "B738": 1.0
    },
    "CSA": {
      "AT76": 1.0
    },
    "TVS": {
      "AT76": 1.0
    }
  },
  "hourly_profile": [],
  "delay_rate": 0.0,
  "delay_distribution": {},
  "mean_delay_minutes": 0.0,
  "data_source": "openflights",
  "region": "",
  "profile_date": "2026-03-21",
  "sample_size": 38
}