{
  "icao_code": "BUD",
  "iata_code": "BUD",
  "airline_shares": {
    "WZZ": 0.2826086956521739,
    "RYR": 0.15217391304347827,
    "EZY": 0.06521739130434782,
    "NAX": 0.05434782608695652,
    "EXS": 0.043478260869565216,
    "GWI": 0.03260869565217391,
    "GEC": 0.03260869565217391,
    "BRU": 0.021739130434782608,
    "QTR": 0.021739130434782608,
    "SVR": 0.021739130434782608,
    "AEE": 0.010869565217391304,
    "BER": 0.010869565217391304,
    "AFR": 0.010869565217391304,
    "FIN": 0.010869565217391304,
    "AZA": 0.010869565217391304,
    "BAW": 0.010869565217391304,
    "BTI": 0.010869565217391304,
    "EIN": 0.010869565217391304,
    "TRA": 0.010869565217391304,
    "ASL": 0.010869565217391304,
    "KLM": 0.010869565217391304,
    "AMC": 0.010869565217391304,
    "LOT": 0.010869565217391304,
    "SWR": 0.010869565217391304,
    "ELY": 0.010869565217391304,
    "MSR": 0.010869565217391304,
    "CSA": 0.010869565217391304,
    "TVS": 0.010869565217391304,
    "ROT": 0.010869565217391304,
    "SAS": 0.010869565217391304,
    "DAT": 0.010869565217391304,
    "AFL": 0.010869565217391304,
    "THY": 0.010869565217391304,
    "TVF": 0.010869565217391304,
    "TAP": 0.010869565217391304
  },
  "domestic_route_shares": {},
  "international_route_shares": {
    "CDG": 0.021739130434782608,
    "HEL": 0.021739130434782608,
    "FCO": 0.021739130434782608,
    "BEG": 0.021739130434782608,
    "CPH": 0.021739130434782608,
    "LGW": 0.021739130434782608,
    "DUB": 0.021739130434782608,
    "BCN": 0.021739130434782608,
    "CRL": 0.021739130434782608,
    "MAD": 0.021739130434782608,
    "MAN": 0.021739130434782608,
    "MLA": 0.021739130434782608,
    "WAW": 0.021739130434782608,
    "TLV": 0.021739130434782608,
    "PRG": 0.021739130434782608,
    "LTN": 0.021739130434782608,
    "CGN": 0.010869565217391304,
    "HAM": 0.010869565217391304,
    "STR": 0.010869565217391304,
    "ATH": 0.010869565217391304,
    "TXL": 0.010869565217391304,
    "MSQ": 0.010869565217391304,
    "LHR": 0.010869565217391304,
    "RIX": 0.010869565217391304,
    "ARN": 0.010869565217391304,
    "OSL": 0.010869565217391304,
    "BGY": 0.010869565217391304,
    "BLL": 0.010869565217391304,
    "BRS": 0.010869565217391304,
    "BVA": 0.010869565217391304,
    "CIA": 0.010869565217391304,
    "PSA": 0.010869565217391304,
    "STN": 0.010869565217391304,
    "TMP": 0.010869565217391304,
    "TSF": 0.010869565217391304,
    "RTM": 0.010869565217391304,
    "AMS": 0.010869565217391304,
    "DUS": 0.010869565217391304,
    "FRA": 0.010869565217391304,
    "MUC": 0.010869565217391304,
    "EDI": 0.010869565217391304,
    "EMA": 0.010869565217391304,
    "LBA": 0.010869565217391304,
    "ZRH": 0.010869565217391304,
    "CAI": 0.010869565217391304,
    "DOH": 0.010869565217391304,
    "ZAG": 0.010869565217391304,
    "OTP": 0.010869565217391304,
    "BRU": 0.010869565217391304,
    "SVO": 0.010869565217391304,
    "IST": 0.010869565217391304,
    "ORY": 0.010869565217391304,
    "LIS": 0.010869565217391304,
    "BSL": 0.010869565217391304,
    "GVA": 0.010869565217391304,
    "SXF": 0.010869565217391304,
    "KRR": 0.010869565217391304,
    "ROV": 0.010869565217391304,
    "AGP": 0.010869565217391304,
    "BRI": 0.010869565217391304,
    "CTA": 0.010869565217391304,
    "DTM": 0.010869565217391304,
    "DWC": 0.010869565217391304,
    "EIN": 0.010869565217391304,
    "GSE": 0.010869565217391304,
    "GYD": 0.010869565217391304,
    "HHN": 0.010869565217391304,
    "IEV": 0.010869565217391304,
    "LCA": 0.010869565217391304,
    "MMX": 0.010869565217391304,
    "MXP": 0.010869565217391304,
    "NAP": 0.010869565217391304,
    "NYO": 0.010869565217391304,
    "SAW": 0.010869565217391304,
    "SKG": 0.010869565217391304,
    "VKO": 0.010869565217391304
  },
  "domestic_ratio": 0.0,
  "fleet_mix": {
    "GWI": {
      "CRJ9": 0.5,
      "A319": 0.3333333333333333,
      "A320": 0.16666666666666666
    },
    "AEE": {
      "A320": 1.0
    },
    "BER": {
      "B737": 0.5,
      "A319": 0.5
    },
    "AFR": {
      "A318": 0.25,
      "A321": 0.25,
      "A320": 0.25,
      "A319": 0.25
    },
    "FIN": {
      "A320": 0.5,
      "A319": 0.5
    },
    "AZA": {
      "A319": 1.0
    },
    "BRU": {
      "CRJ9": 1.0
    },
    "BAW": {
      "A320": 1.0
    },
    "BTI": {
      "DH8D": 1.0
    },
    "NAX": {
      "B738": 1.0
    },
    "EIN": {
      "A320": 1.0
    },
    "RYR": {
      "B738": 1.0
    },
    "TRA": {
      "B738": 1.0
    },
    "ASL": {
      "AT76": 1.0
    },
    "KLM": {
      "B737": 1.0
    },
    "AMC": {
      "A320": 1.0
    },
    "GEC": {
      "A319": 0.25,
      "A320": 0.25,
      "A321": 0.25,
      "E190": 0.125,
      "CRJ9": 0.125
    },
    "LOT": {
      "E175": 1.0
    },
    "SWR": {
      "A320": 0.5,
      "A319": 0.5
    },
    "ELY": {
      "B738": 1.0
    },
    "MSR": {
      "E175": 1.0
    },
    "CSA": {
      "AT76": 1.0
    },
    "QTR": {
      "A321": 0.5,
      "A320": 0.5
    },
    "TVS": {
      "AT76": 1.0
    },
    "ROT": {
      "AT76": 1.0
    },
    "SAS": {
      "A320": 1.0
    },
    "AFL": {
      "A320": 1.0
    },
    "THY": {
      "A321": 0.2,
      "B738": 0.2,
      "A320": 0.2,
      "A319": 0.2,
      "B739": 0.2
    },
    "TVF": {
      "B738": 1.0
    },
    "TAP": {
      "A320": 0.3333333333333333,
      "A321": 0.3333333333333333,
      "A319": 0.3333333333333333
    },
    "EZY": {
      "A319": 0.6,
      "A320": 0.4
    },
    "SVR": {
      "A320": 1.0
    },
    "WZZ": {
      "A320": 1.0
    }
  },
  "hourly_profile": [],
  "delay_rate": 0.0,
  "delay_distribution": {},
  "mean_delay_minutes": 0.0,
  "data_source": "openflights",
  "region": "",
  "profile_date": "2026-03-21",
  "sample_size": 184
}