{
  "icao_code": "BUF",
  "iata_code": "BUF",
  "airline_shares": {
    "SWA": 0.3783783783783784,
    "DAL": 0.1891891891891892,
    "JBU": 0.16216216216216217,
    "AAL": 0.10810810810810811,
    "UAL": 0.08108108108108109,
    "USA": 0.08108108108108109
  },
  "domestic_route_shares": {
    "CLT": 0.10810810810810811,
    "MCO": 0.10810810810810811,
    "JFK": 0.08108108108108109,
    "ORD": 0.08108108108108109,
    "PHL": 0.05405405405405406,
    "BOS": 0.05405405405405406,
    "ATL": 0.05405405405405406,
    "DTW": 0.05405405405405406,
    "LGA": 0.05405405405405406,
    "BWI": 0.05405405405405406,
    "FLL": 0.05405405405405406,
    "LAS": 0.05405405405405406,
    "MDW": 0.05405405405405406,
    "PHX": 0.05405405405405406,
    "TPA": 0.05405405405405406,
    "CLE": 0.02702702702702703
  },
  "international_route_shares": {},
  "domestic_ratio": 1.0,
  "fleet_mix": {
    "AAL": {
      "A320": 0.3333333333333333,
      "A319": 0.3333333333333333,
      "B737": 0.3333333333333333
    },
    "JBU": {
      "E190": 0.5,
      "A320": 0.5
    },
    "DAL": {
      "CRJ7": 0.375,
      "A319": 0.25,
      "A320": 0.25,
      "CRJ9": 0.125
    },
    "UAL": {
      "B739": 0.3333333333333333,
      "B738": 0.3333333333333333,
      "A320": 0.3333333333333333
    },
    "USA": {
      "A320": 0.4,
      "A319": 0.4,
      "CRJ7": 0.2
    },
    "SWA": {
      "B738": 1.0
    }
  },
  "hourly_profile": [],
  "delay_rate": 0.0,
  "delay_distribution": {},
  "mean_delay_minutes": 0.0,
  "data_source": "openflights",
  "region": "",
  "profile_date": "2026-03-21",
  "sample_size": 37
}