{
  "icao_code": "BVC",
  "iata_code": "BVC",
  "airline_shares": {
    "TVF": 0.21428571428571427,
    "TCV": 0.21428571428571427,
    "HLX": 0.21428571428571427,
    "TOM": 0.14285714285714285,
    "LGL": 0.07142857142857142,
    "SEU": 0.07142857142857142,
    "TAP": 0.07142857142857142
  },
  "domestic_route_shares": {
    "SID": 0.7142857142857143,
    "RAI": 0.2857142857142857
  },
  "international_route_shares": {
    "BHX": 0.19047619047619047,
    "MAN": 0.19047619047619047,
    "LIS": 0.19047619047619047,
    "LGW": 0.09523809523809523,
    "LUX": 0.047619047619047616,
    "CDG": 0.047619047619047616,
    "CGN": 0.047619047619047616,
    "FRA": 0.047619047619047616,
    "HAJ": 0.047619047619047616,
    "MUC": 0.047619047619047616,
    "STR": 0.047619047619047616
  },
  "domestic_ratio": 0.25,
  "fleet_mix": {
    "SEU": {
      "B738": 1.0
    },
    "TAP": {
      "A320": 1.0
    },
    "TCV": {
      "AT76": 0.6666666666666666,
      "B738": 0.3333333333333333
    },
    "HLX": {
      "B738": 1.0
    }
  },
  "hourly_profile": [],
  "delay_rate": 0.0,
  "delay_distribution": {},
  "mean_delay_minutes": 0.0,
  "data_source": "openflights",
  "region": "",
  "profile_date": "2026-03-21",
  "sample_size": 28
}