{
  "icao_code": "BWI",
  "iata_code": "BWI",
  "airline_shares": {
    "SWA": 0.5526315789473685,
    "TRS": 0.11578947368421053,
    "DAL": 0.06315789473684211,
    "UAL": 0.05789473684210526,
    "USA": 0.05789473684210526,
    "AAL": 0.05263157894736842,
    "NKS": 0.05263157894736842,
    "FIN": 0.010526315789473684,
    "JBU": 0.010526315789473684,
    "BAW": 0.010526315789473684,
    "BHS": 0.010526315789473684,
    "TAM": 0.005263157894736842
  },
  "domestic_route_shares": {
    "CLT": 0.0379746835443038,
    "DFW": 0.0379746835443038,
    "PHX": 0.0379746835443038,
    "ATL": 0.0379746835443038,
    "FLL": 0.0379746835443038,
    "LAS": 0.0379746835443038,
    "MIA": 0.03164556962025317,
    "PHL": 0.02531645569620253,
    "BOS": 0.02531645569620253,
    "DTW": 0.02531645569620253,
    "MSP": 0.02531645569620253,
    "RDU": 0.02531645569620253,
    "SLC": 0.02531645569620253,
    "MCO": 0.02531645569620253,
    "RSW": 0.02531645569620253,
    "TPA": 0.02531645569620253,
    "DEN": 0.02531645569620253,
    "LAX": 0.02531645569620253,
    "ORD": 0.0189873417721519,
    "CLE": 0.0189873417721519,
    "MYR": 0.012658227848101266,
    "IAH": 0.012658227848101266,
    "SFO": 0.012658227848101266,
    "ABQ": 0.012658227848101266,
    "ALB": 0.012658227848101266,
    "AUS": 0.012658227848101266,
    "BDL": 0.012658227848101266,
    "BHM": 0.012658227848101266,
    "BNA": 0.012658227848101266,
    "BUF": 0.012658227848101266,
    "CHS": 0.012658227848101266,
    "CMH": 0.012658227848101266,
    "GRR": 0.012658227848101266,
    "HOU": 0.012658227848101266,
    "IND": 0.012658227848101266,
    "JAX": 0.012658227848101266,
    "MCI": 0.012658227848101266,
    "MDW": 0.012658227848101266,
    "MEM": 0.012658227848101266,
    "MKE": 0.012658227848101266,
    "MSY": 0.012658227848101266,
    "OKC": 0.012658227848101266,
    "ORF": 0.012658227848101266,
    "PBI": 0.012658227848101266,
    "PIT": 0.012658227848101266,
    "PVD": 0.012658227848101266,
    "ROC": 0.012658227848101266,
    "SAN": 0.012658227848101266,
    "SAT": 0.012658227848101266,
    "SDF": 0.012658227848101266,
    "SEA": 0.012658227848101266,
    "STL": 0.012658227848101266,
    "CVG": 0.006329113924050633,
    "JFK": 0.006329113924050633,
    "PWM": 0.006329113924050633
  },
  "international_route_shares": {
    "LHR": 0.125,
    "AUA": 0.0625,
    "CUN": 0.0625,
    "MBJ": 0.0625,
    "NAS": 0.0625,
    "PUJ": 0.0625,
    "FPO": 0.0625,
    "DAY": 0.0625,
    "ECP": 0.0625,
    "FNT": 0.0625,
    "GSP": 0.0625,
    "ISP": 0.0625,
    "LIT": 0.0625,
    "MHT": 0.0625,
    "SJU": 0.0625
  },
  "domestic_ratio": 0.832,
  "fleet_mix": {
    "AAL": {
      "A319": 0.2857142857142857,
      "E190": 0.19047619047619047,
      "A320": 0.19047619047619047,
      "A321": 0.14285714285714285,
      "B737": 0.09523809523809523,
      "B738": 0.09523809523809523
    },
    "FIN": {
      "B767": 1.0
    },
    "JBU": {
      "E190": 1.0
    },
    "BAW": {
      "B767": 1.0
    },
    "DAL": {
      "A320": 0.8,
      "A319": 0.2
    },
    "TRS": {
      "B737": 1.0
    },
    "TAM": {
      "B777": 1.0
    },
    "NKS": {
      "A320": 0.8,
      "A319": 0.2
    },
    "UAL": {
      "B738": 0.2702702702702703,
      "B739": 0.24324324324324326,
      "A320": 0.21621621621621623,
      "A319": 0.1891891891891892,
      "B737": 0.08108108108108109
    },
    "USA": {
      "A319": 0.2727272727272727,
      "E190": 0.18181818181818182,
      "A320": 0.18181818181818182,
      "A321": 0.13636363636363635,
      "B752": 0.09090909090909091,
      "B738": 0.09090909090909091,
      "E175": 0.045454545454545456
    },
    "SWA": {
      "B738": 1.0
    }
  },
  "hourly_profile": [],
  "delay_rate": 0.0,
  "delay_distribution": {},
  "mean_delay_minutes": 0.0,
  "data_source": "openflights",
  "region": "",
  "profile_date": "2026-03-21",
  "sample_size": 190
}