{
  "icao_code": "BWN",
  "iata_code": "BWN",
  "airline_shares": {
    "RBA": 0.7222222222222222,
    "MAS": 0.1111111111111111,
    "CEB": 0.05555555555555555,
    "AXM": 0.05555555555555555,
    "SQC": 0.05555555555555555
  },
  "domestic_route_shares": {},
  "international_route_shares": {
    "KUL": 0.16666666666666666,
    "MNL": 0.1111111111111111,
    "BKI": 0.1111111111111111,
    "SIN": 0.1111111111111111,
    "BKK": 0.05555555555555555,
    "CGK": 0.05555555555555555,
    "HKG": 0.05555555555555555,
    "JED": 0.05555555555555555,
    "MEL": 0.05555555555555555,
    "MZV": 0.05555555555555555,
    "PVG": 0.05555555555555555,
    "SUB": 0.05555555555555555,
    "DWC": 0.027777777777777776,
    "DXB": 0.027777777777777776
  },
  "domestic_ratio": 0.0,
  "fleet_mix": {
    "CEB": {
      "A320": 1.0
    },
    "AXM": {
      "A320": 1.0
    },
    "RBA": {
      "A320": 0.5161290322580645,
      "A319": 0.22580645161290322,
      "B787": 0.1935483870967742,
      "AT76": 0.06451612903225806
    },
    "MAS": {
      "A320": 0.5,
      "B738": 0.5
    },
    "SQC": {
      "B777": 0.5,
      "A320": 0.5
    }
  },
  "hourly_profile": [],
  "delay_rate": 0.0,
  "delay_distribution": {},
  "mean_delay_minutes": 0.0,
  "data_source": "openflights",
  "region": "",
  "profile_date": "2026-03-21",
  "sample_size": 36
}