{
  "icao_code": "BZE",
  "iata_code": "BZE",
  "airline_shares": {
    "N78": 0.43636363636363634,
    "MWA": 0.14545454545454545,
    "AAL": 0.10909090909090909,
    "USA": 0.09090909090909091,
    "DAL": 0.07272727272727272,
    "UAL": 0.07272727272727272,
    "5U": 0.03636363636363636,
    "AVA": 0.03636363636363636
  },
  "domestic_route_shares": {},
  "international_route_shares": {
    "FRS": 0.07272727272727272,
    "CUK": 0.07272727272727272,
    "DGA": 0.07272727272727272,
    "SPR": 0.07272727272727272,
    "TZA": 0.07272727272727272,
    "CLT": 0.07272727272727272,
    "DFW": 0.07272727272727272,
    "MIA": 0.05454545454545454,
    "BCV": 0.03636363636363636,
    "CUN": 0.03636363636363636,
    "MID": 0.03636363636363636,
    "PLJ": 0.03636363636363636,
    "RTB": 0.03636363636363636,
    "SAP": 0.03636363636363636,
    "SQS": 0.03636363636363636,
    "SAL": 0.03636363636363636,
    "ATL": 0.03636363636363636,
    "LAX": 0.03636363636363636,
    "EWR": 0.03636363636363636,
    "IAH": 0.03636363636363636
  },
  "domestic_ratio": 0.0,
  "fleet_mix": {
    "AAL": {
      "B738": 0.6666666666666666,
      "A319": 0.3333333333333333
    },
    "AVA": {
      "E190": 1.0
    },
    "DAL": {
      "A319": 0.5,
      "A320": 0.5
    },
    "UAL": {
      "B738": 0.6666666666666666,
      "B737": 0.3333333333333333
    },
    "USA": {
      "B738": 0.6,
      "A319": 0.4
    }
  },
  "hourly_profile": [],
  "delay_rate": 0.0,
  "delay_distribution": {},
  "mean_delay_minutes": 0.0,
  "data_source": "openflights",
  "region": "",
  "profile_date": "2026-03-21",
  "sample_size": 55
}