{
  "icao_code": "BZV",
  "iata_code": "BZV",
  "airline_shares": {
    "VLO": 0.2222222222222222,
    "PEC": 0.13333333333333333,
    "RAM": 0.1111111111111111,
    "KQA": 0.08888888888888889,
    "RWD": 0.08888888888888889,
    "AFR": 0.044444444444444446,
    "DTA": 0.044444444444444446,
    "EAF": 0.044444444444444446,
    "ETH": 0.044444444444444446,
    "HLF": 0.044444444444444446,
    "MAI": 0.044444444444444446,
    "CRD": 0.044444444444444446,
    "SAA": 0.044444444444444446
  },
  "domestic_route_shares": {
    "PNR": 1.0
  },
  "international_route_shares": {
    "COO": 0.16216216216216217,
    "FIH": 0.13513513513513514,
    "DLA": 0.13513513513513514,
    "CDG": 0.10810810810810811,
    "LBV": 0.10810810810810811,
    "CMN": 0.05405405405405406,
    "LAD": 0.05405405405405406,
    "NBO": 0.05405405405405406,
    "OLL": 0.05405405405405406,
    "JNB": 0.05405405405405406,
    "KGL": 0.05405405405405406,
    "ADD": 0.02702702702702703
  },
  "domestic_ratio": 0.178,
  "fleet_mix": {
    "RAM": {
      "B738": 1.0
    },
    "DTA": {
      "B737": 1.0
    },
    "ETH": {
      "B787": 1.0
    },
    "HLF": {
      "A319": 1.0
    },
    "KQA": {
      "B738": 1.0
    },
    "MAI": {
      "B737": 1.0
    },
    "VLO": {
      "B737": 1.0
    },
    "CRD": {
      "B737": 1.0
    },
    "SAA": {
      "A320": 0.5,
      "A319": 0.5
    }
  },
  "hourly_profile": [],
  "delay_rate": 0.0,
  "delay_distribution": {},
  "mean_delay_minutes": 0.0,
  "data_source": "openflights",
  "region": "",
  "profile_date": "2026-03-21",
  "sample_size": 45
}