{
  "icao_code": "CAG",
  "iata_code": "CAG",
  "airline_shares": {
    "RYR": 0.5,
    "ISS": 0.11904761904761904,
    "EZY": 0.11904761904761904,
    "GWI": 0.07142857142857142,
    "BER": 0.047619047619047616,
    "AZA": 0.047619047619047616,
    "IBE": 0.023809523809523808,
    "LGL": 0.023809523809523808,
    "GEC": 0.023809523809523808,
    "VLG": 0.023809523809523808
  },
  "domestic_route_shares": {
    "FLR": 0.11764705882352941,
    "FCO": 0.058823529411764705,
    "LIN": 0.058823529411764705,
    "BGY": 0.058823529411764705,
    "BRI": 0.058823529411764705,
    "CIA": 0.058823529411764705,
    "GOA": 0.058823529411764705,
    "PEG": 0.058823529411764705,
    "PSA": 0.058823529411764705,
    "PSR": 0.058823529411764705,
    "TSF": 0.058823529411764705,
    "BLQ": 0.058823529411764705,
    "NAP": 0.058823529411764705,
    "TRN": 0.058823529411764705,
    "VRN": 0.058823529411764705,
    "MXP": 0.058823529411764705
  },
  "international_route_shares": {
    "DUS": 0.12,
    "MUC": 0.08,
    "CGN": 0.04,
    "STR": 0.04,
    "BVA": 0.04,
    "CRL": 0.04,
    "CUF": 0.04,
    "FKB": 0.04,
    "GRO": 0.04,
    "HHN": 0.04,
    "KRK": 0.04,
    "KUN": 0.04,
    "MAD": 0.04,
    "MRS": 0.04,
    "NRN": 0.04,
    "PMF": 0.04,
    "TPS": 0.04,
    "LUX": 0.04,
    "BSL": 0.04,
    "GVA": 0.04,
    "STN": 0.04,
    "SXF": 0.04
  },
  "domestic_ratio": 0.405,
  "fleet_mix": {
    "GWI": {
      "A319": 0.6666666666666666,
      "CRJ9": 0.3333333333333333
    },
    "BER": {
      "B738": 0.6666666666666666,
      "A320": 0.3333333333333333
    },
    "AZA": {
      "A320": 0.2857142857142857,
      "A319": 0.2857142857142857,
      "A321": 0.14285714285714285,
      "E175": 0.14285714285714285,
      "E190": 0.14285714285714285
    },
    "RYR": {
      "B738": 1.0
    },
    "IBE": {
      "A320": 1.0
    },
    "ISS": {
      "A320": 0.5,
      "B737": 0.5
    },
    "LGL": {
      "DH8D": 1.0
    },
    "GEC": {
      "E190": 1.0
    },
    "EZY": {
      "A319": 0.6666666666666666,
      "A320": 0.3333333333333333
    },
    "VLG": {
      "A319": 1.0
    }
  },
  "hourly_profile": [],
  "delay_rate": 0.0,
  "delay_distribution": {},
  "mean_delay_minutes": 0.0,
  "data_source": "openflights",
  "region": "",
  "profile_date": "2026-03-21",
  "sample_size": 84
}