{
  "icao_code": "CAI",
  "iata_code": "CAI",
  "airline_shares": {
    "MSR": 0.509090909090909,
    "1QA": 0.05090909090909091,
    "IYE": 0.04,
    "NIA": 0.03636363636363636,
    "SVA": 0.03636363636363636,
    "LMU": 0.03636363636363636,
    "ALX": 0.02909090909090909,
    "LAA": 0.02181818181818182,
    "AAW": 0.014545454545454545,
    "RAM": 0.014545454545454545,
    "AZA": 0.014545454545454545,
    "SUD": 0.014545454545454545,
    "ASD": 0.007272727272727273,
    "AEE": 0.007272727272727273,
    "AFR": 0.007272727272727273,
    "DAH": 0.007272727272727273,
    "BAW": 0.007272727272727273,
    "UAE": 0.007272727272727273,
    "ETH": 0.007272727272727273,
    "ETD": 0.007272727272727273,
    "ABY": 0.007272727272727273,
    "GBA": 0.007272727272727273,
    "JZR": 0.007272727272727273,
    "KLM": 0.007272727272727273,
    "KAC": 0.007272727272727273,
    "GEC": 0.007272727272727273,
    "SWR": 0.007272727272727273,
    "MEA": 0.007272727272727273,
    "QTR": 0.007272727272727273,
    "RJA": 0.007272727272727273,
    "RFJ": 0.007272727272727273,
    "SQC": 0.007272727272727273,
    "AFL": 0.007272727272727273,
    "THA": 0.007272727272727273,
    "THY": 0.007272727272727273,
    "TAR": 0.007272727272727273,
    "OMA": 0.007272727272727273
  },
  "domestic_route_shares": {
    "ASW": 0.13333333333333333,
    "ATZ": 0.13333333333333333,
    "HBE": 0.13333333333333333,
    "HMB": 0.13333333333333333,
    "HRG": 0.13333333333333333,
    "LXR": 0.13333333333333333,
    "SSH": 0.13333333333333333,
    "RMF": 0.06666666666666667
  },
  "international_route_shares": {
    "ELQ": 0.0326530612244898,
    "BEN": 0.024489795918367346,
    "TIP": 0.024489795918367346,
    "CDG": 0.024489795918367346,
    "RUH": 0.024489795918367346,
    "DXB": 0.024489795918367346,
    "TIF": 0.024489795918367346,
    "TUU": 0.024489795918367346,
    "YNB": 0.024489795918367346,
    "KWI": 0.024489795918367346,
    "AHB": 0.024489795918367346,
    "AMM": 0.024489795918367346,
    "JED": 0.024489795918367346,
    "ATH": 0.0163265306122449,
    "ALG": 0.0163265306122449,
    "CMN": 0.0163265306122449,
    "FCO": 0.0163265306122449,
    "MXP": 0.0163265306122449,
    "LHR": 0.0163265306122449,
    "ADD": 0.0163265306122449,
    "AUH": 0.0163265306122449,
    "SHJ": 0.0163265306122449,
    "BAH": 0.0163265306122449,
    "SAH": 0.0163265306122449,
    "AMS": 0.0163265306122449,
    "FRA": 0.0163265306122449,
    "BEY": 0.0163265306122449,
    "BKK": 0.0163265306122449,
    "DMM": 0.0163265306122449,
    "DOH": 0.0163265306122449,
    "IST": 0.0163265306122449,
    "KRT": 0.0163265306122449,
    "MCT": 0.0163265306122449,
    "MED": 0.0163265306122449,
    "TUN": 0.0163265306122449,
    "TLV": 0.00816326530612245,
    "ADE": 0.00816326530612245,
    "RIY": 0.00816326530612245,
    "TAI": 0.00816326530612245,
    "MRA": 0.00816326530612245,
    "ZRH": 0.00816326530612245,
    "ABV": 0.00816326530612245,
    "ACC": 0.00816326530612245,
    "ASM": 0.00816326530612245,
    "BCN": 0.00816326530612245,
    "BGW": 0.00816326530612245,
    "BOM": 0.00816326530612245,
    "BRU": 0.00816326530612245,
    "BUD": 0.00816326530612245,
    "CAN": 0.00816326530612245,
    "CGK": 0.00816326530612245,
    "CPH": 0.00816326530612245,
    "DAR": 0.00816326530612245,
    "DME": 0.00816326530612245,
    "EBB": 0.00816326530612245,
    "EBL": 0.00816326530612245,
    "GVA": 0.00816326530612245,
    "JFK": 0.00816326530612245,
    "JNB": 0.00816326530612245,
    "JUB": 0.00816326530612245,
    "KAN": 0.00816326530612245,
    "LCA": 0.00816326530612245,
    "LOS": 0.00816326530612245,
    "MAD": 0.00816326530612245,
    "MAN": 0.00816326530612245,
    "MUC": 0.00816326530612245,
    "NBO": 0.00816326530612245,
    "PEK": 0.00816326530612245,
    "SXF": 0.00816326530612245,
    "VIE": 0.00816326530612245,
    "YYZ": 0.00816326530612245,
    "PZU": 0.00816326530612245,
    "SVO": 0.00816326530612245,
    "HOD": 0.004081632653061225
  },
  "domestic_ratio": 0.109,
  "fleet_mix": {
    "ASD": {
      "E175": 1.0
    },
    "AAW": {
      "A320": 0.6666666666666666,
      "A330": 0.3333333333333333
    },
    "AEE": {
      "B738": 1.0
    },
    "AFR": {
      "A330": 1.0
    },
    "RAM": {
      "B738": 1.0
    },
    "AZA": {
      "A319": 1.0
    },
    "BAW": {
      "B767": 1.0
    },
    "UAE": {
      "B777": 1.0
    },
    "ALX": {
      "A320": 1.0
    },
    "ETH": {
      "B738": 1.0
    },
    "ETD": {
      "A320": 1.0
    },
    "ABY": {
      "A320": 1.0
    },
    "GBA": {
      "A320": 0.5,
      "A321": 0.5
    },
    "IYE": {
      "A320": 1.0
    },
    "JZR": {
      "A320": 1.0
    },
    "KLM": {
      "B777": 1.0
    },
    "KAC": {
      "B777": 0.5,
      "A320": 0.5
    },
    "GEC": {
      "A321": 1.0
    },
    "LAA": {
      "A320": 1.0
    },
    "SWR": {
      "A330": 1.0
    },
    "1QA": {
      "DH8D": 1.0
    },
    "MEA": {
      "A320": 0.5,
      "A321": 0.5
    },
    "MSR": {
      "B738": 0.36318407960199006,
      "A320": 0.24875621890547264,
      "E175": 0.1691542288557214,
      "A321": 0.08955223880597014,
      "A330": 0.07960199004975124,
      "B777": 0.04975124378109453
    },
    "NIA": {
      "A320": 1.0
    },
    "QTR": {
      "B777": 0.5,
      "A330": 0.25,
      "A320": 0.25
    },
    "RJA": {
      "E190": 0.3333333333333333,
      "E175": 0.3333333333333333,
      "A319": 0.3333333333333333
    },
    "RFJ": {
      "B737": 1.0
    },
    "SUD": {
      "A320": 1.0
    },
    "SQC": {
      "A330": 1.0
    },
    "AFL": {
      "A320": 1.0
    },
    "SVA": {
      "A320": 0.2857142857142857,
      "B777": 0.2857142857142857,
      "A330": 0.19047619047619047,
      "A321": 0.14285714285714285,
      "B744": 0.09523809523809523
    },
    "THA": {
      "B777": 1.0
    },
    "THY": {
      "A320": 0.2,
      "B738": 0.2,
      "A321": 0.2,
      "B739": 0.2,
      "A319": 0.2
    },
    "LMU": {
      "A320": 1.0
    },
    "OMA": {
      "B738": 1.0
    }
  },
  "hourly_profile": [],
  "delay_rate": 0.0,
  "delay_distribution": {},
  "mean_delay_minutes": 0.0,
  "data_source": "openflights",
  "region": "",
  "profile_date": "2026-03-21",
  "sample_size": 275
}