{
  "icao_code": "CAN",
  "iata_code": "CAN",
  "airline_shares": {
    "CSN": 0.397212543554007,
    "CCA": 0.09407665505226481,
    "CSZ": 0.09059233449477352,
    "CHH": 0.08362369337979095,
    "CES": 0.06968641114982578,
    "JAS": 0.024390243902439025,
    "CSH": 0.020905923344947737,
    "CXA": 0.013937282229965157,
    "CDG": 0.013937282229965157,
    "CSC": 0.010452961672473868,
    "HVN": 0.010452961672473868,
    "9C": 0.006968641114982578,
    "AXM": 0.006968641114982578,
    "DKH": 0.006968641114982578,
    "KN": 0.006968641114982578,
    "KQA": 0.006968641114982578,
    "OZR": 0.006968641114982578,
    "SVA": 0.006968641114982578,
    "CEB": 0.003484320557491289,
    "MMM": 0.003484320557491289,
    "AFR": 0.003484320557491289,
    "UIA": 0.003484320557491289,
    "PDC": 0.003484320557491289,
    "EVA": 0.003484320557491289,
    "CAL": 0.003484320557491289,
    "CPA": 0.003484320557491289,
    "UAE": 0.003484320557491289,
    "ETH": 0.003484320557491289,
    "EEA": 0.003484320557491289,
    "AIQ": 0.003484320557491289,
    "GIA": 0.003484320557491289,
    "JAL": 0.003484320557491289,
    "BRV": 0.003484320557491289,
    "HDA": 0.003484320557491289,
    "KAL": 0.003484320557491289,
    "KSY": 0.003484320557491289,
    "MDG": 0.003484320557491289,
    "MAS": 0.003484320557491289,
    "MSR": 0.003484320557491289,
    "ANA": 0.003484320557491289,
    "NS": 0.003484320557491289,
    "OEA": 0.003484320557491289,
    "CHB": 0.003484320557491289,
    "QTR": 0.003484320557491289,
    "LAO": 0.003484320557491289,
    "SQC": 0.003484320557491289,
    "AFL": 0.003484320557491289,
    "THA": 0.003484320557491289,
    "THY": 0.003484320557491289,
    "TGW": 0.003484320557491289,
    "ALK": 0.003484320557491289,
    "IRM": 0.003484320557491289,
    "OMA": 0.003484320557491289
  },
  "domestic_route_shares": {
    "HGH": 0.053156146179401995,
    "CKG": 0.03986710963455149,
    "CTU": 0.03986710963455149,
    "SHA": 0.03986710963455149,
    "NKG": 0.03986710963455149,
    "HFE": 0.03322259136212625,
    "KHN": 0.03322259136212625,
    "KMG": 0.03322259136212625,
    "PVG": 0.03322259136212625,
    "XMN": 0.03322259136212625,
    "WNZ": 0.03322259136212625,
    "TSN": 0.026578073089700997,
    "HET": 0.026578073089700997,
    "KWE": 0.026578073089700997,
    "WUH": 0.026578073089700997,
    "WUX": 0.026578073089700997,
    "HAK": 0.026578073089700997,
    "TAO": 0.026578073089700997,
    "TNA": 0.026578073089700997,
    "XIY": 0.026578073089700997,
    "SJW": 0.019933554817275746,
    "PEK": 0.019933554817275746,
    "CGO": 0.019933554817275746,
    "FOC": 0.019933554817275746,
    "NGB": 0.019933554817275746,
    "SYX": 0.019933554817275746,
    "TYN": 0.019933554817275746,
    "CGQ": 0.013289036544850499,
    "HRB": 0.013289036544850499,
    "LHW": 0.013289036544850499,
    "NNG": 0.013289036544850499,
    "SHE": 0.013289036544850499,
    "URC": 0.013289036544850499,
    "YNT": 0.013289036544850499,
    "LJG": 0.013289036544850499,
    "JJN": 0.013289036544850499,
    "YCU": 0.006644518272425249,
    "CSX": 0.006644518272425249,
    "DLC": 0.006644518272425249,
    "DYG": 0.006644518272425249,
    "KWL": 0.006644518272425249,
    "LYA": 0.006644518272425249,
    "LYG": 0.006644518272425249,
    "SWA": 0.006644518272425249,
    "TXN": 0.006644518272425249,
    "YIW": 0.006644518272425249,
    "ZHA": 0.006644518272425249,
    "HIA": 0.006644518272425249,
    "BAV": 0.006644518272425249,
    "YNZ": 0.0033222591362126247
  },
  "international_route_shares": {
    "BKK": 0.04395604395604396,
    "TPE": 0.029304029304029304,
    "KUL": 0.02197802197802198,
    "HKG": 0.02197802197802198,
    "ICN": 0.02197802197802198,
    "NRT": 0.02197802197802198,
    "SIN": 0.02197802197802198,
    "NTG": 0.018315018315018316,
    "MNL": 0.014652014652014652,
    "RGN": 0.014652014652014652,
    "CDG": 0.014652014652014652,
    "ADD": 0.014652014652014652,
    "IST": 0.014652014652014652,
    "LYI": 0.014652014652014652,
    "CGK": 0.014652014652014652,
    "CZX": 0.014652014652014652,
    "DAD": 0.014652014652014652,
    "DXB": 0.014652014652014652,
    "HAN": 0.014652014652014652,
    "NBO": 0.014652014652014652,
    "REP": 0.014652014652014652,
    "SGN": 0.014652014652014652,
    "SVO": 0.014652014652014652,
    "YIH": 0.014652014652014652,
    "DMK": 0.014652014652014652,
    "HYN": 0.014652014652014652,
    "SPN": 0.007326007326007326,
    "BKI": 0.007326007326007326,
    "RMQ": 0.007326007326007326,
    "DAX": 0.007326007326007326,
    "GYS": 0.007326007326007326,
    "JZH": 0.007326007326007326,
    "LZO": 0.007326007326007326,
    "WXN": 0.007326007326007326,
    "YBP": 0.007326007326007326,
    "ACX": 0.007326007326007326,
    "AKL": 0.007326007326007326,
    "AMS": 0.007326007326007326,
    "AQG": 0.007326007326007326,
    "AVA": 0.007326007326007326,
    "BFJ": 0.007326007326007326,
    "BHY": 0.007326007326007326,
    "BNE": 0.007326007326007326,
    "CGD": 0.007326007326007326,
    "CIH": 0.007326007326007326,
    "CNX": 0.007326007326007326,
    "DAC": 0.007326007326007326,
    "DEL": 0.007326007326007326,
    "DIG": 0.007326007326007326,
    "DPS": 0.007326007326007326,
    "FUG": 0.007326007326007326,
    "FUK": 0.007326007326007326,
    "HDG": 0.007326007326007326,
    "HJJ": 0.007326007326007326,
    "HKT": 0.007326007326007326,
    "HZH": 0.007326007326007326,
    "JGS": 0.007326007326007326,
    "JIQ": 0.007326007326007326,
    "JIU": 0.007326007326007326,
    "JNG": 0.007326007326007326,
    "JUH": 0.007326007326007326,
    "KIX": 0.007326007326007326,
    "KOW": 0.007326007326007326,
    "KTM": 0.007326007326007326,
    "LAX": 0.007326007326007326,
    "LHR": 0.007326007326007326,
    "LLB": 0.007326007326007326,
    "LZH": 0.007326007326007326,
    "MEL": 0.007326007326007326,
    "MIG": 0.007326007326007326,
    "MLE": 0.007326007326007326,
    "MXZ": 0.007326007326007326,
    "NAO": 0.007326007326007326,
    "NNY": 0.007326007326007326,
    "PEN": 0.007326007326007326,
    "PER": 0.007326007326007326,
    "PNH": 0.007326007326007326,
    "SYD": 0.007326007326007326,
    "TEN": 0.007326007326007326,
    "XFN": 0.007326007326007326,
    "XUZ": 0.007326007326007326,
    "YTY": 0.007326007326007326,
    "YVR": 0.007326007326007326,
    "ZYI": 0.007326007326007326,
    "AEB": 0.007326007326007326,
    "DOY": 0.007326007326007326,
    "TVS": 0.007326007326007326,
    "WEF": 0.007326007326007326,
    "NAY": 0.007326007326007326,
    "CAI": 0.007326007326007326,
    "LUM": 0.007326007326007326,
    "PUS": 0.007326007326007326,
    "DOH": 0.007326007326007326,
    "VTE": 0.007326007326007326,
    "WUS": 0.007326007326007326,
    "JED": 0.007326007326007326,
    "RUH": 0.007326007326007326,
    "IKA": 0.007326007326007326,
    "JDZ": 0.007326007326007326
  },
  "domestic_ratio": 0.524,
  "fleet_mix": {
    "CSC": {
      "A321": 0.5,
      "A320": 0.5
    },
    "CEB": {
      "A320": 1.0
    },
    "MMM": {
      "A320": 1.0
    },
    "9C": {
      "A320": 1.0
    },
    "AFR": {
      "B777": 1.0
    },
    "AXM": {
      "A320": 1.0
    },
    "PDC": {
      "B738": 1.0
    },
    "EVA": {
      "A330": 0.5,
      "B744": 0.5
    },
    "CCA": {
      "B738": 0.24324324324324326,
      "B737": 0.24324324324324326,
      "A320": 0.1891891891891892,
      "B777": 0.10810810810810811,
      "A321": 0.10810810810810811,
      "A319": 0.05405405405405406,
      "A330": 0.02702702702702703,
      "B744": 0.02702702702702703
    },
    "CAL": {
      "B744": 1.0
    },
    "CPA": {
      "A330": 0.3333333333333333,
      "A321": 0.3333333333333333,
      "A320": 0.3333333333333333
    },
    "CSN": {
      "A320": 0.211340206185567,
      "A319": 0.19072164948453607,
      "B738": 0.17525773195876287,
      "E190": 0.09278350515463918,
      "A321": 0.09278350515463918,
      "B737": 0.07731958762886598,
      "A330": 0.07216494845360824,
      "B777": 0.04639175257731959,
      "B787": 0.020618556701030927,
      "A380": 0.010309278350515464,