{
  "icao_code": "CAY",
  "iata_code": "CAY",
  "airline_shares": {
    "AFR": 0.3333333333333333,
    "SLM": 0.3333333333333333,
    "3S": 0.16666666666666666,
    "FWI": 0.16666666666666666
  },
  "domestic_route_shares": {},
  "international_route_shares": {
    "FDF": 0.3333333333333333,
    "ORY": 0.3333333333333333,
    "BEL": 0.16666666666666666,
    "PBM": 0.16666666666666666
  },
  "domestic_ratio": 0.0,
  "fleet_mix": {
    "3S": {
      "A320": 1.0
    },
    "AFR": {
      "A320": 1.0
    },
    "FWI": {
      "A330": 1.0
    }
  },
  "hourly_profile": [],
  "delay_rate": 0.0,
  "delay_distribution": {},
  "mean_delay_minutes": 0.0,
  "data_source": "openflights",
  "region": "",
  "profile_date": "2026-03-21",
  "sample_size": 12
}