{
  "icao_code": "CBB",
  "iata_code": "CBB",
  "airline_shares": {
    "ASZ": 0.5789473684210527,
    "AZN": 0.2631578947368421,
    "SWD": 0.15789473684210525
  },
  "domestic_route_shares": {
    "LPB": 0.3333333333333333,
    "VVI": 0.3333333333333333,
    "ORU": 0.16666666666666666,
    "SRE": 0.16666666666666666
  },
  "international_route_shares": {
    "TDD": 0.2857142857142857,
    "CIJ": 0.2857142857142857,
    "TJA": 0.2857142857142857,
    "GRU": 0.14285714285714285
  },
  "domestic_ratio": 0.632,
  "fleet_mix": {
    "AZN": {
      "CRJ9": 1.0
    }
  },
  "hourly_profile": [],
  "delay_rate": 0.0,
  "delay_distribution": {},
  "mean_delay_minutes": 0.0,
  "data_source": "openflights",
  "region": "",
  "profile_date": "2026-03-21",
  "sample_size": 19
}