{
  "icao_code": "CCJ",
  "iata_code": "CCJ",
  "airline_shares": {
    "AXB": 0.40350877192982454,
    "AIC": 0.21052631578947367,
    "SVA": 0.10526315789473684,
    "SEJ": 0.07017543859649122,
    "JAI": 0.03508771929824561,
    "UAE": 0.03508771929824561,
    "ETD": 0.03508771929824561,
    "ABY": 0.03508771929824561,
    "QTR": 0.03508771929824561,
    "OMA": 0.03508771929824561
  },
  "domestic_route_shares": {
    "COK": 0.3076923076923077,
    "CJB": 0.15384615384615385,
    "BOM": 0.15384615384615385,
    "BLR": 0.15384615384615385,
    "MAA": 0.15384615384615385,
    "IXE": 0.07692307692307693
  },
  "international_route_shares": {
    "AUH": 0.13636363636363635,
    "DXB": 0.13636363636363635,
    "SHJ": 0.13636363636363635,
    "JED": 0.09090909090909091,
    "RUH": 0.09090909090909091,
    "DMM": 0.09090909090909091,
    "MCT": 0.09090909090909091,
    "DOH": 0.06818181818181818,
    "AAN": 0.045454545454545456,
    "KWI": 0.045454545454545456,
    "SLL": 0.045454545454545456,
    "BAH": 0.022727272727272728
  },
  "domestic_ratio": 0.228,
  "fleet_mix": {
    "JAI": {
      "A320": 1.0
    },
    "AIC": {
      "A321": 0.5,
      "B744": 0.3333333333333333,
      "B777": 0.16666666666666666
    },
    "UAE": {
      "A330": 0.5,
      "B777": 0.5
    },
    "ETD": {
      "A320": 1.0
    },
    "ABY": {
      "A320": 1.0
    },
    "AXB": {
      "B738": 1.0
    },
    "QTR": {
      "A320": 0.5,
      "A321": 0.5
    },
    "SVA": {
      "B777": 1.0
    },
    "OMA": {
      "B738": 1.0
    }
  },
  "hourly_profile": [],
  "delay_rate": 0.0,
  "delay_distribution": {},
  "mean_delay_minutes": 0.0,
  "data_source": "openflights",
  "region": "",
  "profile_date": "2026-03-21",
  "sample_size": 57
}