{
  "icao_code": "CCP",
  "iata_code": "CCP",
  "airline_shares": {
    "SKU": 0.7272727272727273,
    "LAN": 0.18181818181818182,
    "5P": 0.09090909090909091
  },
  "domestic_route_shares": {
    "SCL": 0.5555555555555556,
    "PMC": 0.2222222222222222,
    "ZCO": 0.2222222222222222
  },
  "international_route_shares": {
    "ZAL": 1.0
  },
  "domestic_ratio": 0.818,
  "fleet_mix": {
    "5P": {
      "B737": 1.0
    },
    "SKU": {
      "A319": 0.6666666666666666,
      "A320": 0.3333333333333333
    },
    "LAN": {
      "A320": 0.5,
      "A319": 0.5
    }
  },
  "hourly_profile": [],
  "delay_rate": 0.0,
  "delay_distribution": {},
  "mean_delay_minutes": 0.0,
  "data_source": "openflights",
  "region": "",
  "profile_date": "2026-03-21",
  "sample_size": 11
}