{
  "icao_code": "CCS",
  "iata_code": "CCS",
  "airline_shares": {
    "VCV": 0.2742857142857143,
    "OCA": 0.10285714285714286,
    "VC9": 0.09714285714285714,
    "RLN": 0.06857142857142857,
    "VNP": 0.05714285714285714,
    "AAL": 0.045714285714285714,
    "SEH": 0.03428571428571429,
    "LAN": 0.03428571428571429,
    "BBR": 0.03428571428571429,
    "TAP": 0.03428571428571429,
    "7I": 0.022857142857142857,
    "AVA": 0.022857142857142857,
    "8I": 0.011428571428571429,
    "AFR": 0.011428571428571429,
    "AMX": 0.011428571428571429,
    "ARG": 0.011428571428571429,
    "AZA": 0.011428571428571429,
    "BWA": 0.011428571428571429,
    "CMP": 0.011428571428571429,
    "CUB": 0.011428571428571429,
    "DAL": 0.011428571428571429,
    "TAE": 0.011428571428571429,
    "IBE": 0.011428571428571429,
    "TAM": 0.011428571428571429,
    "GEC": 0.011428571428571429,
    "UAL": 0.011428571428571429,
    "AEA": 0.011428571428571429
  },
  "domestic_route_shares": {
    "MAR": 0.24390243902439024,
    "PMV": 0.21951219512195122,
    "BLA": 0.1951219512195122,
    "PZO": 0.1951219512195122,
    "BRM": 0.14634146341463414
  },
  "international_route_shares": {
    "AUA": 0.08955223880597014,
    "MIA": 0.04477611940298507,
    "BOG": 0.04477611940298507,
    "PTY": 0.04477611940298507,
    "MAD": 0.04477611940298507,
    "STD": 0.04477611940298507,
    "MUN": 0.04477611940298507,
    "CUR": 0.029850746268656716,
    "BNS": 0.029850746268656716,
    "MRD": 0.029850746268656716,
    "VLV": 0.029850746268656716,
    "EZE": 0.029850746268656716,
    "HAV": 0.029850746268656716,
    "GRU": 0.029850746268656716,
    "VIG": 0.029850746268656716,
    "LSP": 0.029850746268656716,
    "DFW": 0.014925373134328358,
    "JFK": 0.014925373134328358,
    "SJU": 0.014925373134328358,
    "CDG": 0.014925373134328358,
    "MEX": 0.014925373134328358,
    "LIM": 0.014925373134328358,
    "FCO": 0.014925373134328358,
    "POS": 0.014925373134328358,
    "ATL": 0.014925373134328358,
    "PUJ": 0.014925373134328358,
    "GYE": 0.014925373134328358,
    "SCL": 0.014925373134328358,
    "FRA": 0.014925373134328358,
    "TFN": 0.014925373134328358,
    "FNC": 0.014925373134328358,
    "LIS": 0.014925373134328358,
    "OPO": 0.014925373134328358,
    "IAH": 0.014925373134328358,
    "CBS": 0.014925373134328358,
    "CUM": 0.014925373134328358,
    "CZE": 0.014925373134328358,
    "LFR": 0.014925373134328358,
    "PYH": 0.014925373134328358,
    "SOM": 0.014925373134328358,
    "SVZ": 0.014925373134328358
  },
  "domestic_ratio": 0.234,
  "fleet_mix": {
    "AAL": {
      "B738": 0.8,
      "B767": 0.2
    },
    "AFR": {
      "A330": 1.0
    },
    "AMX": {
      "B737": 1.0
    },
    "AVA": {
      "A320": 0.5,
      "E190": 0.5
    },
    "CMP": {
      "B737": 1.0
    },
    "CUB": {
      "A320": 0.5,
      "A319": 0.5
    },
    "TAE": {
      "E175": 1.0
    },
    "SEH": {
      "B738": 1.0
    },
    "IBE": {
      "A330": 1.0
    },
    "TAM": {
      "A320": 1.0
    },
    "LAN": {
      "B767": 1.0
    },
    "GEC": {
      "A330": 1.0
    },
    "BBR": {
      "B767": 1.0
    },
    "TAP": {
      "A330": 1.0
    },
    "UAL": {
      "B739": 1.0
    },
    "AEA": {
      "A330": 1.0
    },
    "VCV": {
      "E190": 0.8,
      "CRJ9": 0.2
    }
  },
  "hourly_profile": [],
  "delay_rate": 0.0,
  "delay_distribution": {},
  "mean_delay_minutes": 0.0,
  "data_source": "openflights",
  "region": "",
  "profile_date": "2026-03-21",
  "sample_size": 175
}