{
  "icao_code": "CCU",
  "iata_code": "CCU",
  "airline_shares": {
    "IGO": 0.2638888888888889,
    "AIC": 0.25,
    "SEJ": 0.125,
    "GUJ": 0.09722222222222222,
    "JAI": 0.041666666666666664,
    "UBD": 0.027777777777777776,
    "DRK": 0.027777777777777776,
    "RPO": 0.027777777777777776,
    "AXM": 0.013888888888888888,
    "BBC": 0.013888888888888888,
    "CPA": 0.013888888888888888,
    "UAE": 0.013888888888888888,
    "HDA": 0.013888888888888888,
    "SLK": 0.013888888888888888,
    "CES": 0.013888888888888888,
    "QTR": 0.013888888888888888,
    "SQC": 0.013888888888888888,
    "THA": 0.013888888888888888
  },
  "domestic_route_shares": {
    "IXB": 0.13157894736842105,
    "BOM": 0.10526315789473684,
    "DEL": 0.10526315789473684,
    "GAU": 0.10526315789473684,
    "BLR": 0.07894736842105263,
    "HYD": 0.07894736842105263,
    "MAA": 0.07894736842105263,
    "IXZ": 0.07894736842105263,
    "AMD": 0.05263157894736842,
    "IMF": 0.05263157894736842,
    "NAG": 0.05263157894736842,
    "BBI": 0.02631578947368421,
    "JAI": 0.02631578947368421,
    "PNQ": 0.02631578947368421
  },
  "international_route_shares": {
    "DAC": 0.14705882352941177,
    "IXA": 0.08823529411764706,
    "SIN": 0.08823529411764706,
    "CGP": 0.058823529411764705,
    "BKK": 0.058823529411764705,
    "DIB": 0.058823529411764705,
    "PAT": 0.058823529411764705,
    "HKG": 0.058823529411764705,
    "IXR": 0.029411764705882353,
    "RPR": 0.029411764705882353,
    "AJL": 0.029411764705882353,
    "DMU": 0.029411764705882353,
    "IXS": 0.029411764705882353,
    "KTM": 0.029411764705882353,
    "RGN": 0.029411764705882353,
    "SHL": 0.029411764705882353,
    "KUL": 0.029411764705882353,
    "DXB": 0.029411764705882353,
    "PBH": 0.029411764705882353,
    "KMG": 0.029411764705882353,
    "DOH": 0.029411764705882353
  },
  "domestic_ratio": 0.528,
  "fleet_mix": {
    "UBD": {
      "AT76": 1.0
    },
    "IGO": {
      "A320": 1.0
    },
    "JAI": {
      "B738": 1.0
    },
    "AIC": {
      "A319": 0.627906976744186,
      "A320": 0.27906976744186046,
      "A321": 0.046511627906976744,
      "B787": 0.046511627906976744
    },
    "AXM": {
      "A320": 1.0
    },
    "BBC": {
      "B738": 1.0
    },
    "CPA": {
      "A320": 1.0
    },
    "UAE": {
      "A330": 1.0
    },
    "GUJ": {
      "A320": 1.0
    },
    "HDA": {
      "A320": 1.0
    },
    "DRK": {
      "A319": 1.0
    },
    "SLK": {
      "A320": 1.0
    },
    "CES": {
      "B737": 1.0
    },
    "QTR": {
      "A320": 1.0
    },
    "SEJ": {
      "B737": 1.0
    },
    "SQC": {
      "A330": 1.0
    },
    "THA": {
      "A330": 1.0
    }
  },
  "hourly_profile": [],
  "delay_rate": 0.0,
  "delay_distribution": {},
  "mean_delay_minutes": 0.0,
  "data_source": "openflights",
  "region": "",
  "profile_date": "2026-03-21",
  "sample_size": 144
}