{
  "icao_code": "CEB",
  "iata_code": "CEB",
  "airline_shares": {
    "CEB": 0.5714285714285714,
    "PAL": 0.06593406593406594,
    "Z2": 0.06593406593406594,
    "KAL": 0.04395604395604396,
    "SLK": 0.04395604395604396,
    "JJA": 0.03296703296703297,
    "ABL": 0.02197802197802198,
    "CPA": 0.02197802197802198,
    "SRQ": 0.02197802197802198,
    "JNA": 0.02197802197802198,
    "OZR": 0.02197802197802198,
    "LOO": 0.02197802197802198,
    "ANG": 0.02197802197802198,
    "TGW": 0.02197802197802198
  },
  "domestic_route_shares": {
    "MNL": 0.3333333333333333,
    "DVO": 0.13333333333333333,
    "BCD": 0.06666666666666667,
    "CGY": 0.06666666666666667,
    "CRK": 0.06666666666666667,
    "GES": 0.06666666666666667,
    "ILO": 0.06666666666666667,
    "KLO": 0.06666666666666667,
    "PPS": 0.06666666666666667,
    "ZAM": 0.06666666666666667
  },
  "international_route_shares": {
    "ICN": 0.22950819672131148,
    "PUS": 0.11475409836065574,
    "SIN": 0.09836065573770492,
    "HKG": 0.06557377049180328,
    "BXU": 0.03278688524590164,
    "CGM": 0.03278688524590164,
    "DGT": 0.03278688524590164,
    "DPL": 0.03278688524590164,
    "IAO": 0.03278688524590164,
    "LGP": 0.03278688524590164,
    "MPH": 0.03278688524590164,
    "OZC": 0.03278688524590164,
    "PAG": 0.03278688524590164,
    "SUG": 0.03278688524590164,
    "TAC": 0.03278688524590164,
    "USU": 0.03278688524590164,
    "NRT": 0.03278688524590164,
    "POM": 0.03278688524590164,
    "KUL": 0.03278688524590164
  },
  "domestic_ratio": 0.33,
  "fleet_mix": {
    "CEB": {
      "A320": 0.6,
      "A319": 0.4
    },
    "JJA": {
      "B737": 1.0
    },
    "ABL": {
      "A320": 0.5,
      "A321": 0.5
    },
    "CPA": {
      "A330": 0.5,
      "B777": 0.5
    },
    "SRQ": {
      "A320": 1.0
    },
    "KAL": {
      "B744": 0.5,
      "B738": 0.5
    },
    "JNA": {
      "B738": 1.0
    },
    "SLK": {
      "A320": 0.6666666666666666,
      "B738": 0.3333333333333333
    },
    "OZR": {
      "A321": 0.5,
      "B767": 0.5
    },
    "LOO": {
      "A320": 1.0
    },
    "PAL": {
      "A321": 0.6666666666666666,
      "A320": 0.3333333333333333
    },
    "ANG": {
      "B738": 1.0
    },
    "TGW": {
      "A320": 1.0
    },
    "Z2": {
      "A320": 0.75,
      "A319": 0.25
    }
  },
  "hourly_profile": [],
  "delay_rate": 0.0,
  "delay_distribution": {},
  "mean_delay_minutes": 0.0,
  "data_source": "openflights",
  "region": "",
  "profile_date": "2026-03-21",
  "sample_size": 91
}