{
  "icao_code": "CFU",
  "iata_code": "CFU",
  "airline_shares": {
    "RYR": 0.25742574257425743,
    "BER": 0.15841584158415842,
    "HLX": 0.09900990099009901,
    "CFG": 0.07920792079207921,
    "EZY": 0.07920792079207921,
    "GWI": 0.0594059405940594,
    "TVF": 0.0594059405940594,
    "AEE": 0.039603960396039604,
    "HMY": 0.039603960396039604,
    "TRA": 0.0297029702970297,
    "AL2": 0.019801980198019802,
    "EIN": 0.019801980198019802,
    "BSY": 0.019801980198019802,
    "NLY": 0.019801980198019802,
    "LGL": 0.019801980198019802
  },
  "domestic_route_shares": {
    "SKG": 0.5,
    "ATH": 0.5
  },
  "international_route_shares": {
    "FRA": 0.061855670103092786,
    "MAN": 0.061855670103092786,
    "DUS": 0.05154639175257732,
    "MUC": 0.05154639175257732,
    "CGN": 0.041237113402061855,
    "STR": 0.041237113402061855,
    "HAM": 0.041237113402061855,
    "VIE": 0.041237113402061855,
    "BRS": 0.041237113402061855,
    "LGW": 0.041237113402061855,
    "DRS": 0.020618556701030927,
    "DME": 0.020618556701030927,
    "FMO": 0.020618556701030927,
    "TXL": 0.020618556701030927,
    "DUB": 0.020618556701030927,
    "BLL": 0.020618556701030927,
    "BRE": 0.020618556701030927,
    "CIA": 0.020618556701030927,
    "CRL": 0.020618556701030927,
    "EDI": 0.020618556701030927,
    "EIN": 0.020618556701030927,
    "EMA": 0.020618556701030927,
    "LBA": 0.020618556701030927,
    "NRN": 0.020618556701030927,
    "PIK": 0.020618556701030927,
    "RYG": 0.020618556701030927,
    "STN": 0.020618556701030927,
    "PVK": 0.020618556701030927,
    "BRU": 0.020618556701030927,
    "LIL": 0.020618556701030927,
    "AMS": 0.020618556701030927,
    "LUX": 0.020618556701030927,
    "LTN": 0.020618556701030927,
    "HAJ": 0.020618556701030927,
    "LEJ": 0.010309278350515464,
    "SXF": 0.010309278350515464,
    "EFL": 0.010309278350515464
  },
  "domestic_ratio": 0.04,
  "fleet_mix": {
    "GWI": {
      "A319": 0.75,
      "A320": 0.25
    },
    "AEE": {
      "A320": 0.6666666666666666,
      "DH8D": 0.3333333333333333
    },
    "BER": {
      "A320": 0.47619047619047616,
      "B738": 0.2857142857142857,
      "A321": 0.23809523809523808
    },
    "CFG": {
      "B738": 1.0
    },
    "EIN": {
      "A320": 1.0
    },
    "RYR": {
      "B738": 1.0
    },
    "NLY": {
      "A320": 1.0
    },
    "HMY": {
      "A320": 1.0
    },
    "TRA": {
      "B738": 1.0
    },
    "LGL": {
      "B738": 1.0
    },
    "TVF": {
      "B738": 1.0
    },
    "EZY": {
      "A320": 1.0
    },
    "HLX": {
      "B738": 1.0
    }
  },
  "hourly_profile": [],
  "delay_rate": 0.0,
  "delay_distribution": {},
  "mean_delay_minutes": 0.0,
  "data_source": "openflights",
  "region": "",
  "profile_date": "2026-03-21",
  "sample_size": 101
}