{
  "icao_code": "CGB",
  "iata_code": "CGB",
  "airline_shares": {
    "AZU": 0.48484848484848486,
    "SEH": 0.18181818181818182,
    "ONE": 0.12121212121212122,
    "TAM": 0.09090909090909091,
    "CGN": 0.06060606060606061,
    "MRS": 0.06060606060606061
  },
  "domestic_route_shares": {
    "BSB": 0.21052631578947367,
    "GRU": 0.21052631578947367,
    "GYN": 0.15789473684210525,
    "PVH": 0.15789473684210525,
    "CGH": 0.10526315789473684,
    "CNF": 0.05263157894736842,
    "VCP": 0.05263157894736842,
    "GIG": 0.05263157894736842
  },
  "international_route_shares": {
    "CGR": 0.21428571428571427,
    "OPS": 0.14285714285714285,
    "JPR": 0.14285714285714285,
    "AFL": 0.07142857142857142,
    "BVH": 0.07142857142857142,
    "LDB": 0.07142857142857142,
    "MGF": 0.07142857142857142,
    "OAL": 0.07142857142857142,
    "ROO": 0.07142857142857142,
    "SJP": 0.07142857142857142
  },
  "domestic_ratio": 0.576,
  "fleet_mix": {
    "CGN": {
      "AT76": 1.0
    },
    "AZU": {
      "E190": 0.6956521739130435,
      "AT76": 0.2608695652173913,
      "E175": 0.043478260869565216
    },
    "SEH": {
      "B738": 0.7142857142857143,
      "B737": 0.2857142857142857
    },
    "TAM": {
      "A320": 0.625,
      "A319": 0.375
    },
    "ONE": {
      "A318": 1.0
    }
  },
  "hourly_profile": [],
  "delay_rate": 0.0,
  "delay_distribution": {},
  "mean_delay_minutes": 0.0,
  "data_source": "openflights",
  "region": "",
  "profile_date": "2026-03-21",
  "sample_size": 66
}