{
  "icao_code": "CGH",
  "iata_code": "CGH",
  "airline_shares": {
    "SEH": 0.44680851063829785,
    "TAM": 0.44680851063829785,
    "ONE": 0.0851063829787234,
    "AZU": 0.02127659574468085
  },
  "domestic_route_shares": {
    "SDU": 0.12903225806451613,
    "BSB": 0.0967741935483871,
    "FLN": 0.0967741935483871,
    "SSA": 0.0967741935483871,
    "CGB": 0.06451612903225806,
    "CNF": 0.06451612903225806,
    "CWB": 0.06451612903225806,
    "GIG": 0.06451612903225806,
    "GYN": 0.06451612903225806,
    "NVT": 0.06451612903225806,
    "POA": 0.06451612903225806,
    "VIX": 0.06451612903225806,
    "BPS": 0.03225806451612903,
    "IGU": 0.03225806451612903
  },
  "international_route_shares": {
    "CGR": 0.125,
    "JOI": 0.125,
    "LDB": 0.125,
    "UDI": 0.125,
    "CLV": 0.0625,
    "CXJ": 0.0625,
    "JTC": 0.0625,
    "MGF": 0.0625,
    "PPB": 0.0625,
    "IOS": 0.0625,
    "RAO": 0.0625,
    "SJP": 0.0625
  },
  "domestic_ratio": 0.66,
  "fleet_mix": {
    "AZU": {
      "E190": 1.0
    },
    "SEH": {
      "B737": 0.5441176470588235,
      "B738": 0.45588235294117646
    },
    "TAM": {
      "A319": 0.5303030303030303,
      "A320": 0.4696969696969697
    },
    "ONE": {
      "A318": 0.5,
      "A319": 0.5
    }
  },
  "hourly_profile": [],
  "delay_rate": 0.0,
  "delay_distribution": {},
  "mean_delay_minutes": 0.0,
  "data_source": "openflights",
  "region": "",
  "profile_date": "2026-03-21",
  "sample_size": 94
}