{
  "icao_code": "CGK",
  "iata_code": "CGK",
  "airline_shares": {
    "GIA": 0.254957507082153,
    "LNI": 0.1671388101983003,
    "SJY": 0.11898016997167139,
    "QG": 0.07365439093484419,
    "AWQ": 0.05099150141643059,
    "ITK": 0.0453257790368272,
    "MDL": 0.0226628895184136,
    "CXA": 0.0169971671388102,
    "ANA": 0.0169971671388102,
    "SVA": 0.014164305949008499,
    "AXM": 0.0113314447592068,
    "CAL": 0.0113314447592068,
    "CSN": 0.0113314447592068,
    "IYE": 0.0113314447592068,
    "QFA": 0.0113314447592068,
    "KLM": 0.0084985835694051,
    "CEB": 0.0056657223796034,
    "AZA": 0.0056657223796034,
    "RBA": 0.0056657223796034,
    "EVA": 0.0056657223796034,
    "CCA": 0.0056657223796034,
    "CPA": 0.0056657223796034,
    "UAE": 0.0056657223796034,
    "ETD": 0.0056657223796034,
    "ILY": 0.0056657223796034,
    "JAL": 0.0056657223796034,
    "KAL": 0.0056657223796034,
    "KAC": 0.0056657223796034,
    "MAS": 0.0056657223796034,
    "LPR": 0.0056657223796034,
    "MSR": 0.0056657223796034,
    "CES": 0.0056657223796034,
    "MXD": 0.0056657223796034,
    "OZR": 0.0056657223796034,
    "PAL": 0.0056657223796034,
    "QTR": 0.0056657223796034,
    "SQC": 0.0056657223796034,
    "THA": 0.0056657223796034,
    "THY": 0.0056657223796034,
    "TGW": 0.0056657223796034,
    "VLU": 0.0056657223796034,
    "HVN": 0.0056657223796034,
    "KNE": 0.0056657223796034
  },
  "domestic_route_shares": {
    "DPS": 0.1308411214953271,
    "SUB": 0.11214953271028037,
    "BPN": 0.09345794392523364,
    "JOG": 0.09345794392523364,
    "BDJ": 0.07476635514018691,
    "BTH": 0.07476635514018691,
    "UPG": 0.07476635514018691,
    "AMQ": 0.056074766355140186,
    "MDC": 0.056074766355140186,
    "PNK": 0.056074766355140186,
    "SRG": 0.056074766355140186,
    "DJJ": 0.04672897196261682,
    "BTJ": 0.037383177570093455,
    "LOP": 0.037383177570093455
  },
  "international_route_shares": {
    "SIN": 0.08130081300813008,
    "KUL": 0.07317073170731707,
    "PKU": 0.04878048780487805,
    "BKS": 0.032520325203252036,
    "DJB": 0.032520325203252036,
    "JED": 0.032520325203252036,
    "PDG": 0.032520325203252036,
    "PGK": 0.032520325203252036,
    "PLM": 0.032520325203252036,
    "AUH": 0.024390243902439025,
    "TPE": 0.024390243902439025,
    "XMN": 0.024390243902439025,
    "HKG": 0.024390243902439025,
    "BKK": 0.024390243902439025,
    "ICN": 0.024390243902439025,
    "NRT": 0.024390243902439025,
    "SOC": 0.024390243902439025,
    "TJQ": 0.024390243902439025,
    "TKG": 0.024390243902439025,
    "TNJ": 0.024390243902439025,
    "SYD": 0.02032520325203252,
    "MNL": 0.016260162601626018,
    "CAN": 0.016260162601626018,
    "DXB": 0.016260162601626018,
    "HND": 0.016260162601626018,
    "KIX": 0.016260162601626018,
    "MLG": 0.016260162601626018,
    "PKY": 0.016260162601626018,
    "PLW": 0.016260162601626018,
    "PVG": 0.016260162601626018,
    "TTE": 0.016260162601626018,
    "BKI": 0.008130081300813009,
    "BWN": 0.008130081300813009,
    "MEL": 0.008130081300813009,
    "PEK": 0.008130081300813009,
    "PER": 0.008130081300813009,
    "PKN": 0.008130081300813009,
    "KDI": 0.008130081300813009,
    "TRK": 0.008130081300813009,
    "FOC": 0.008130081300813009,
    "CMB": 0.008130081300813009,
    "CAI": 0.008130081300813009,
    "DOH": 0.008130081300813009,
    "DMK": 0.008130081300813009,
    "HKT": 0.008130081300813009,
    "JHB": 0.008130081300813009,
    "PEN": 0.008130081300813009,
    "RUH": 0.008130081300813009,
    "SGN": 0.008130081300813009,
    "MED": 0.0040650406504065045
  },
  "domestic_ratio": 0.303,
  "fleet_mix": {
    "CEB": {
      "A320": 1.0
    },
    "AXM": {
      "A320": 1.0
    },
    "AZA": {
      "A330": 0.5,
      "B777": 0.5
    },
    "RBA": {
      "A319": 1.0
    },
    "EVA": {
      "A330": 1.0
    },
    "CCA": {
      "B738": 1.0
    },
    "CAL": {
      "A330": 1.0
    },
    "CPA": {
      "A330": 0.5,
      "B777": 0.5
    },
    "CSN": {
      "B738": 1.0
    },
    "UAE": {
      "B777": 1.0
    },
    "ETD": {
      "A330": 0.5,
      "B777": 0.5
    },
    "GIA": {
      "B738": 0.5576923076923077,
      "A330": 0.3269230769230769,
      "B777": 0.07692307692307693,
      "B787": 0.019230769230769232,
      "B767": 0.019230769230769232
    },
    "ITK": {
      "B739": 1.0
    },
    "ILY": {
      "B737": 1.0
    },
    "JAL": {
      "B777": 1.0
    },
    "LNI": {
      "B739": 0.5714285714285714,
      "B738": 0.4025974025974026,
      "B744": 0.025974025974025976
    },
    "KAL": {
      "A330": 0.5,
      "B777": 0.5
    },
    "KLM": {
      "B777": 1.0
    },
    "CXA": {
      "B738": 0.75,
      "A330": 0.25
    },
    "MAS": {
      "B738": 1.0
    },
    "LPR": {
      "A321": 1.0
    },
    "CES": {
      "B777": 1.0
    },
    "ANA": {
      "B787": 0.25,
      "A330": 0.25,
      "B767": 0.25,
      "B777": 0.25
    },
    "MXD": {
      "B739": 1.0
    },
    "OZR": {
      "A330": 1.0
    },
    "PAL": {
      "A320": 1.0
    },
    "QFA": {
      "A320": 0.5,
      "A330": 0.5
    },
    "QG": {
      "A320": 1.0
    },
    "QTR": {
      "A330": 0.6666666666666666,
      "B777": 0.3333333333333333
    },
    "AWQ": {
      "A320": 1.0
    },
    "MDL": {
      "A320": 1.0
    },
    "SJY": {
      "B738": 1.0
    },
    "SQC": {
      "B777": 1.0
    },
    "SVA": {
      "B777": 1.0
    },
    "TGW": {
      "A320": 1.0
    },
    "VLU": {
      "A320": 1.0
    },
    "HVN": {
      "A321": 1.0
    }
  },
  "hourly_profile": [],
  "delay_rate": 0.0,
  "delay_distribution": {},
  "mean_delay_minutes": 0.0,
  "data_source": "openflights",
  "region": "",
  "profile_date": "2026-03-21",
  "sample_size": 353
}