{
  "icao_code": "CGN",
  "iata_code": "CGN",
  "airline_shares": {
    "GWI": 0.5258964143426295,
    "BER": 0.14342629482071714,
    "HLX": 0.08366533864541832,
    "NAX": 0.0398406374501992,
    "RYR": 0.0398406374501992,
    "WZZ": 0.02390438247011952,
    "CFG": 0.01593625498007968,
    "PGT": 0.01593625498007968,
    "SXS": 0.01593625498007968,
    "3O": 0.00796812749003984,
    "BEE": 0.00796812749003984,
    "CHH": 0.00796812749003984,
    "ISS": 0.00796812749003984,
    "IRA": 0.00796812749003984,
    "GEC": 0.00796812749003984,
    "SWR": 0.00796812749003984,
    "STS": 0.00796812749003984,
    "THY": 0.00796812749003984,
    "EZY": 0.00796812749003984,
    "SVR": 0.00796812749003984,
    "WAU": 0.00796812749003984
  },
  "domestic_route_shares": {
    "MUC": 0.38461538461538464,
    "DRS": 0.15384615384615385,
    "FDH": 0.15384615384615385,
    "HAM": 0.15384615384615385,
    "LEJ": 0.15384615384615385
  },
  "international_route_shares": {
    "AYT": 0.04201680672268908,
    "PMI": 0.04201680672268908,
    "LPA": 0.03361344537815126,
    "TFS": 0.03361344537815126,
    "KGS": 0.025210084033613446,
    "OLB": 0.025210084033613446,
    "SAW": 0.025210084033613446,
    "TXL": 0.025210084033613446,
    "AGP": 0.025210084033613446,
    "NDR": 0.01680672268907563,
    "CFU": 0.01680672268907563,
    "CLY": 0.01680672268907563,
    "FAO": 0.01680672268907563,
    "HER": 0.01680672268907563,
    "IBZ": 0.01680672268907563,
    "RHO": 0.01680672268907563,
    "ZRH": 0.01680672268907563,
    "FUE": 0.01680672268907563,
    "ALG": 0.008403361344537815,
    "ARN": 0.008403361344537815,
    "ATH": 0.008403361344537815,
    "BCN": 0.008403361344537815,
    "BIA": 0.008403361344537815,
    "BLQ": 0.008403361344537815,
    "BRI": 0.008403361344537815,
    "BUD": 0.008403361344537815,
    "CAG": 0.008403361344537815,
    "CTA": 0.008403361344537815,
    "DBV": 0.008403361344537815,
    "DUB": 0.008403361344537815,
    "EDI": 0.008403361344537815,
    "FCO": 0.008403361344537815,
    "HDF": 0.008403361344537815,
    "JMK": 0.008403361344537815,
    "JTR": 0.008403361344537815,
    "KLU": 0.008403361344537815,
    "KVA": 0.008403361344537815,
    "LHR": 0.008403361344537815,
    "LIS": 0.008403361344537815,
    "MAN": 0.008403361344537815,
    "MXP": 0.008403361344537815,
    "NAP": 0.008403361344537815,
    "NCE": 0.008403361344537815,
    "PMO": 0.008403361344537815,
    "PRG": 0.008403361344537815,
    "PSA": 0.008403361344537815,
    "PUY": 0.008403361344537815,
    "RAK": 0.008403361344537815,
    "RJK": 0.008403361344537815,
    "RLG": 0.008403361344537815,
    "SJJ": 0.008403361344537815,
    "SKG": 0.008403361344537815,
    "SPU": 0.008403361344537815,
    "STN": 0.008403361344537815,
    "SUF": 0.008403361344537815,
    "SZG": 0.008403361344537815,
    "TLV": 0.008403361344537815,
    "TUN": 0.008403361344537815,
    "VCE": 0.008403361344537815,
    "VIE": 0.008403361344537815,
    "VRN": 0.008403361344537815,
    "WAW": 0.008403361344537815,
    "XRY": 0.008403361344537815,
    "ZAD": 0.008403361344537815,
    "ZAG": 0.008403361344537815,
    "ACE": 0.008403361344537815,
    "HRG": 0.008403361344537815,
    "MAH": 0.008403361344537815,
    "NBE": 0.008403361344537815,
    "BHX": 0.008403361344537815,
    "ALC": 0.008403361344537815,
    "OSL": 0.008403361344537815,
    "GRO": 0.008403361344537815,
    "IKA": 0.008403361344537815,
    "ESB": 0.008403361344537815,
    "BRN": 0.008403361344537815,
    "IST": 0.008403361344537815,
    "LGW": 0.008403361344537815,
    "DME": 0.008403361344537815,
    "GDN": 0.008403361344537815,
    "KTW": 0.008403361344537815,
    "SKP": 0.008403361344537815,
    "IEV": 0.008403361344537815,
    "FNC": 0.008403361344537815,
    "ADB": 0.008403361344537815,
    "BVC": 0.004201680672268907,
    "SID": 0.004201680672268907
  },
  "domestic_ratio": 0.052,
  "fleet_mix": {
    "3O": {
      "A320": 1.0
    },
    "GWI": {
      "A319": 0.6122448979591837,
      "A320": 0.24489795918367346,
      "CRJ9": 0.14285714285714285
    },
    "BER": {
      "B738": 0.64,
      "B737": 0.16,
      "A320": 0.08,
      "A330": 0.04,
      "A321": 0.04,
      "A319": 0.04
    },
    "BEE": {
      "DH8D": 0.5,
      "E175": 0.5
    },
    "NAX": {
      "B738": 1.0
    },
    "RYR": {
      "B738": 1.0
    },
    "CHH": {
      "B738": 0.3333333333333333,
      "B737": 0.16666666666666666,
      "A321": 0.16666666666666666,
      "A320": 0.16666666666666666,
      "A319": 0.16666666666666666
    },
    "ISS": {
      "A320": 1.0
    },
    "GEC": {
      "A321": 0.25,
      "A319": 0.25,
      "A320": 0.25,
      "E190": 0.25
    },
    "SWR": {
      "A320": 0.5,
      "A319": 0.5
    },
    "PGT": {
      "B738": 1.0
    },
    "THY": {
      "A320": 0.5,
      "A321": 0.5
    },
    "EZY": {
      "A319": 1.0
    },
    "SVR": {
      "A320": 1.0
    },
    "WZZ": {
      "A320": 1.0
    },
    "WAU": {
      "A320": 1.0
    },
    "HLX": {
      "B738": 1.0
    },
    "SXS": {
      "B738": 1.0
    }
  },
  "hourly_profile": [],
  "delay_rate": 0.0,
  "delay_distribution": {},
  "mean_delay_minutes": 0.0,
  "data_source": "openflights",
  "region": "",
  "profile_date": "2026-03-21",
  "sample_size": 251
}