{
  "icao_code": "CGO",
  "iata_code": "CGO",
  "airline_shares": {
    "CSN": 0.25333333333333335,
    "CHH": 0.09333333333333334,
    "GUN": 0.08666666666666667,
    "CHB": 0.07333333333333333,
    "CSZ": 0.07333333333333333,
    "CES": 0.06666666666666667,
    "CCA": 0.06,
    "CDG": 0.06,
    "CXA": 0.05333333333333334,
    "CSC": 0.04666666666666667,
    "JAS": 0.04,
    "CSH": 0.02,
    "RHC": 0.013333333333333334,
    "NS": 0.013333333333333334,
    "MDA": 0.006666666666666667,
    "EVA": 0.006666666666666667,
    "CPA": 0.006666666666666667,
    "HDA": 0.006666666666666667,
    "KAL": 0.006666666666666667,
    "KSY": 0.006666666666666667,
    "AMU": 0.006666666666666667
  },
  "domestic_route_shares": {
    "HGH": 0.06923076923076923,
    "URC": 0.06153846153846154,
    "HRB": 0.046153846153846156,
    "KMG": 0.046153846153846156,
    "KWE": 0.046153846153846156,
    "CKG": 0.038461538461538464,
    "HAK": 0.038461538461538464,
    "DLC": 0.038461538461538464,
    "SYX": 0.038461538461538464,
    "KWL": 0.038461538461538464,
    "NNG": 0.03076923076923077,
    "FOC": 0.03076923076923077,
    "TAO": 0.03076923076923077,
    "XMN": 0.03076923076923077,
    "CGQ": 0.023076923076923078,
    "CTU": 0.023076923076923078,
    "SHE": 0.023076923076923078,
    "XNN": 0.023076923076923078,
    "CAN": 0.023076923076923078,
    "INC": 0.023076923076923078,
    "PVG": 0.023076923076923078,
    "SHA": 0.023076923076923078,
    "SZX": 0.023076923076923078,
    "HET": 0.023076923076923078,
    "TSN": 0.023076923076923078,
    "PEK": 0.015384615384615385,
    "BAV": 0.015384615384615385,
    "DSN": 0.015384615384615385,
    "WNZ": 0.015384615384615385,
    "ZUH": 0.015384615384615385,
    "LHW": 0.015384615384615385,
    "LJG": 0.007692307692307693,
    "YIW": 0.007692307692307693,
    "HFE": 0.007692307692307693,
    "KHN": 0.007692307692307693,
    "SWA": 0.007692307692307693,
    "NGB": 0.007692307692307693,
    "NKG": 0.007692307692307693,
    "JJN": 0.007692307692307693,
    "TNA": 0.007692307692307693
  },
  "international_route_shares": {
    "HKG": 0.15,
    "TPE": 0.1,
    "MFM": 0.1,
    "ICN": 0.1,
    "RMQ": 0.05,
    "BHY": 0.05,
    "BKK": 0.05,
    "CJU": 0.05,
    "HMI": 0.05,
    "KHH": 0.05,
    "NNY": 0.05,
    "UYN": 0.05,
    "YTY": 0.05,
    "KRL": 0.05,
    "MIG": 0.05
  },
  "domestic_ratio": 0.867,
  "fleet_mix": {
    "CSC": {
      "A320": 0.5714285714285714,
      "A321": 0.42857142857142855
    },
    "RHC": {
      "A320": 0.2,
      "B738": 0.2,
      "B737": 0.2,
      "A319": 0.2,
      "A321": 0.2
    },
    "MDA": {
      "E190": 1.0
    },
    "EVA": {
      "A330": 0.5,
      "A321": 0.5
    },
    "CCA": {
      "A320": 0.6,
      "A319": 0.3,
      "B738": 0.1
    },
    "CPA": {
      "A320": 1.0
    },
    "CSN": {
      "B738": 0.5,
      "A320": 0.17307692307692307,
      "B737": 0.15384615384615385,
      "A321": 0.057692307692307696,
      "A319": 0.057692307692307696,
      "B752": 0.038461538461538464,
      "B739": 0.019230769230769232
    },
    "CSH": {
      "B738": 1.0
    },
    "GUN": {
      "E190": 0.7142857142857143,
      "A320": 0.14285714285714285,
      "A321": 0.14285714285714285
    },
    "CHH": {
      "B738": 1.0
    },
    "JAS": {
      "A320": 0.6666666666666666,
      "A319": 0.3333333333333333
    },
    "HDA": {
      "A320": 1.0
    },
    "KAL": {
      "B739": 0.5,
      "B738": 0.5
    },
    "KSY": {
      "B737": 1.0
    },
    "CXA": {
      "B737": 0.8,
      "B738": 0.2
    },
    "CES": {
      "A320": 0.5714285714285714,
      "B737": 0.21428571428571427,
      "B738": 0.14285714285714285,
      "A321": 0.07142857142857142
    },
    "NS": {
      "B738": 1.0
    },
    "AMU": {
      "A320": 0.5,
      "A319": 0.5
    },
    "CHB": {
      "A320": 1.0
    },
    "CDG": {
      "B738": 1.0
    },
    "CSZ": {
      "A320": 0.5333333333333333,
      "B738": 0.4666666666666667
    }
  },
  "hourly_profile": [],
  "delay_rate": 0.0,
  "delay_distribution": {},
  "mean_delay_minutes": 0.0,
  "data_source": "openflights",
  "region": "",
  "profile_date": "2026-03-21",
  "sample_size": 300
}