{
  "icao_code": "CGP",
  "iata_code": "CGP",
  "airline_shares": {
    "BBC": 0.3125,
    "UBD": 0.1875,
    "RPO": 0.1875,
    "FDB": 0.0625,
    "ABY": 0.0625,
    "MXD": 0.0625,
    "VKH": 0.0625,
    "OMA": 0.0625
  },
  "domestic_route_shares": {
    "DAC": 1.0
  },
  "international_route_shares": {
    "MCT": 0.25,
    "CCU": 0.16666666666666666,
    "DXB": 0.08333333333333333,
    "JED": 0.08333333333333333,
    "DWC": 0.08333333333333333,
    "SHJ": 0.08333333333333333,
    "KUL": 0.08333333333333333,
    "BKK": 0.08333333333333333,
    "AUH": 0.041666666666666664,
    "KWI": 0.041666666666666664
  },
  "domestic_ratio": 0.25,
  "fleet_mix": {
    "UBD": {
      "AT76": 1.0
    },
    "BBC": {
      "B777": 1.0
    },
    "FDB": {
      "B738": 1.0
    },
    "ABY": {
      "A320": 1.0
    },
    "MXD": {
      "B739": 1.0
    },
    "RPO": {
      "B737": 1.0
    },
    "OMA": {
      "B738": 1.0
    }
  },
  "hourly_profile": [],
  "delay_rate": 0.0,
  "delay_distribution": {},
  "mean_delay_minutes": 0.0,
  "data_source": "openflights",
  "region": "",
  "profile_date": "2026-03-21",
  "sample_size": 32
}