{
  "icao_code": "CGQ",
  "iata_code": "CGQ",
  "airline_shares": {
    "CSN": 0.36363636363636365,
    "CCA": 0.10909090909090909,
    "CSZ": 0.09090909090909091,
    "CSC": 0.07272727272727272,
    "CXA": 0.07272727272727272,
    "CES": 0.05454545454545454,
    "CDG": 0.05454545454545454,
    "CHH": 0.03636363636363636,
    "JAS": 0.03636363636363636,
    "9C": 0.01818181818181818,
    "EEA": 0.01818181818181818,
    "CSH": 0.01818181818181818,
    "GUN": 0.01818181818181818,
    "DKH": 0.01818181818181818,
    "OZR": 0.01818181818181818
  },
  "domestic_route_shares": {
    "NKG": 0.10416666666666667,
    "PVG": 0.10416666666666667,
    "TNA": 0.08333333333333333,
    "PEK": 0.08333333333333333,
    "TAO": 0.08333333333333333,
    "CGO": 0.0625,
    "YNT": 0.0625,
    "TSN": 0.041666666666666664,
    "CAN": 0.041666666666666664,
    "HGH": 0.041666666666666664,
    "WUH": 0.041666666666666664,
    "CTU": 0.020833333333333332,
    "INC": 0.020833333333333332,
    "CKG": 0.020833333333333332,
    "HET": 0.020833333333333332,
    "HFE": 0.020833333333333332,
    "KHN": 0.020833333333333332,
    "TYN": 0.020833333333333332,
    "FOC": 0.020833333333333332,
    "SJW": 0.020833333333333332,
    "NGB": 0.020833333333333332,
    "XIY": 0.020833333333333332,
    "SZX": 0.020833333333333332
  },
  "international_route_shares": {
    "ICN": 0.2857142857142857,
    "CJU": 0.14285714285714285,
    "NBS": 0.14285714285714285,
    "NRT": 0.14285714285714285,
    "TPE": 0.14285714285714285,
    "YNJ": 0.14285714285714285
  },
  "domestic_ratio": 0.873,
  "fleet_mix": {
    "CSC": {
      "A321": 0.4,
      "A320": 0.4,
      "A319": 0.2
    },
    "9C": {
      "A320": 1.0
    },
    "CCA": {
      "A320": 0.375,
      "A321": 0.25,
      "B737": 0.125,
      "B738": 0.125,
      "A319": 0.125
    },
    "CSN": {
      "A320": 0.38235294117647056,
      "A321": 0.29411764705882354,
      "A319": 0.2647058823529412,
      "B738": 0.058823529411764705
    },
    "EEA": {
      "A319": 1.0
    },
    "CSH": {
      "B738": 1.0
    },
    "GUN": {
      "E190": 1.0
    },
    "DKH": {
      "A320": 1.0
    },
    "CHH": {
      "B738": 1.0
    },
    "JAS": {
      "A320": 1.0
    },
    "CXA": {
      "B737": 1.0
    },
    "CES": {
      "A320": 1.0
    },
    "OZR": {
      "B767": 0.5,
      "A321": 0.5
    },
    "CDG": {
      "B738": 1.0
    },
    "CSZ": {
      "B738": 0.5,
      "A320": 0.375,
      "CRJ9": 0.125
    }
  },
  "hourly_profile": [],
  "delay_rate": 0.0,
  "delay_distribution": {},
  "mean_delay_minutes": 0.0,
  "data_source": "openflights",
  "region": "",
  "profile_date": "2026-03-21",
  "sample_size": 110
}