{
  "icao_code": "CHC",
  "iata_code": "CHC",
  "airline_shares": {
    "ANZ": 0.358974358974359,
    "JST": 0.2564102564102564,
    "VOZ": 0.20512820512820512,
    "UAE": 0.05128205128205128,
    "ETH": 0.05128205128205128,
    "SQC": 0.05128205128205128,
    "FJI": 0.02564102564102564
  },
  "domestic_route_shares": {
    "AKL": 0.4,
    "WLG": 0.4,
    "ZQN": 0.2
  },
  "international_route_shares": {
    "SYD": 0.27586206896551724,
    "MEL": 0.20689655172413793,
    "OOL": 0.20689655172413793,
    "SIN": 0.13793103448275862,
    "BNE": 0.13793103448275862,
    "NAN": 0.034482758620689655
  },
  "domestic_ratio": 0.256,
  "fleet_mix": {
    "UAE": {
      "B777": 1.0
    },
    "ETH": {
      "B777": 1.0
    },
    "FJI": {
      "B738": 1.0
    },
    "JST": {
      "A320": 1.0
    },
    "ANZ": {
      "A320": 1.0
    },
    "SQC": {
      "B777": 1.0
    },
    "VOZ": {
      "A320": 0.8,
      "B738": 0.2
    }
  },
  "hourly_profile": [],
  "delay_rate": 0.0,
  "delay_distribution": {},
  "mean_delay_minutes": 0.0,
  "data_source": "openflights",
  "region": "",
  "profile_date": "2026-03-21",
  "sample_size": 39
}