{
  "icao_code": "CHQ",
  "iata_code": "CHQ",
  "airline_shares": {
    "RYR": 0.6190476190476191,
    "NAX": 0.11904761904761904,
    "AEE": 0.047619047619047616,
    "CFG": 0.047619047619047616,
    "TRA": 0.03571428571428571,
    "BER": 0.023809523809523808,
    "NLY": 0.023809523809523808,
    "HMY": 0.023809523809523808,
    "SAS": 0.023809523809523808,
    "EZY": 0.023809523809523808,
    "TVF": 0.011904761904761904
  },
  "domestic_route_shares": {
    "ATH": 0.5,
    "SKG": 0.5
  },
  "international_route_shares": {
    "VIE": 0.05263157894736842,
    "OSL": 0.05263157894736842,
    "LGW": 0.039473684210526314,
    "DUS": 0.02631578947368421,
    "ARN": 0.02631578947368421,
    "BGO": 0.02631578947368421,
    "CPH": 0.02631578947368421,
    "HEL": 0.02631578947368421,
    "BGY": 0.02631578947368421,
    "BLL": 0.02631578947368421,
    "BOH": 0.02631578947368421,
    "BRE": 0.02631578947368421,
    "BRS": 0.02631578947368421,
    "CIA": 0.02631578947368421,
    "CRL": 0.02631578947368421,
    "DUB": 0.02631578947368421,
    "EIN": 0.02631578947368421,
    "EMA": 0.02631578947368421,
    "FMM": 0.02631578947368421,
    "HHN": 0.02631578947368421,
    "KTW": 0.02631578947368421,
    "LBA": 0.02631578947368421,
    "MRS": 0.02631578947368421,
    "NRN": 0.02631578947368421,
    "NYO": 0.02631578947368421,
    "PFO": 0.02631578947368421,
    "RYG": 0.02631578947368421,
    "STN": 0.02631578947368421,
    "TSF": 0.02631578947368421,
    "VNO": 0.02631578947368421,
    "WMI": 0.02631578947368421,
    "WRO": 0.02631578947368421,
    "BRU": 0.02631578947368421,
    "AMS": 0.02631578947368421,
    "FRA": 0.013157894736842105,
    "MUC": 0.013157894736842105,
    "ZTH": 0.013157894736842105
  },
  "domestic_ratio": 0.095,
  "fleet_mix": {
    "AEE": {
      "A320": 0.6666666666666666,
      "DH8D": 0.3333333333333333
    },
    "BER": {
      "A320": 1.0
    },
    "NAX": {
      "B738": 1.0
    },
    "RYR": {
      "B738": 1.0
    },
    "NLY": {
      "A320": 1.0
    },
    "HMY": {
      "A320": 1.0
    },
    "TRA": {
      "B738": 1.0
    },
    "SAS": {
      "B738": 1.0
    },
    "TVF": {
      "B738": 1.0
    },
    "EZY": {
      "A320": 1.0
    }
  },
  "hourly_profile": [],
  "delay_rate": 0.0,
  "delay_distribution": {},
  "mean_delay_minutes": 0.0,
  "data_source": "openflights",
  "region": "",
  "profile_date": "2026-03-21",
  "sample_size": 84
}