{
  "icao_code": "CHS",
  "iata_code": "CHS",
  "airline_shares": {
    "SWA": 0.32142857142857145,
    "DAL": 0.25,
    "USA": 0.17857142857142858,
    "JBU": 0.14285714285714285,
    "AAL": 0.10714285714285714
  },
  "domestic_route_shares": {
    "CLT": 0.14285714285714285,
    "JFK": 0.14285714285714285,
    "ATL": 0.10714285714285714,
    "PHL": 0.07142857142857142,
    "BOS": 0.07142857142857142,
    "LGA": 0.07142857142857142,
    "MIA": 0.07142857142857142,
    "BNA": 0.07142857142857142,
    "BWI": 0.07142857142857142,
    "HOU": 0.07142857142857142,
    "MDW": 0.07142857142857142,
    "DTW": 0.03571428571428571
  },
  "international_route_shares": {},
  "domestic_ratio": 1.0,
  "fleet_mix": {
    "AAL": {
      "A319": 0.4,
      "CRJ7": 0.4,
      "CRJ9": 0.2
    },
    "JBU": {
      "E190": 0.5,
      "A320": 0.5
    },
    "DAL": {
      "A319": 0.3333333333333333,
      "CRJ7": 0.3333333333333333,
      "A320": 0.16666666666666666,
      "CRJ9": 0.16666666666666666
    },
    "USA": {
      "CRJ9": 0.42857142857142855,
      "A319": 0.2857142857142857,
      "CRJ7": 0.2857142857142857
    }
  },
  "hourly_profile": [],
  "delay_rate": 0.0,
  "delay_distribution": {},
  "mean_delay_minutes": 0.0,
  "data_source": "openflights",
  "region": "",
  "profile_date": "2026-03-21",
  "sample_size": 28
}