{
  "icao_code": "CIT",
  "iata_code": "CIT",
  "airline_shares": {
    "VSV": 0.38095238095238093,
    "KZR": 0.19047619047619047,
    "JAA": 0.14285714285714285,
    "ABY": 0.09523809523809523,
    "SBI": 0.09523809523809523,
    "TSO": 0.09523809523809523
  },
  "domestic_route_shares": {
    "ALA": 0.6666666666666666,
    "SCO": 0.3333333333333333
  },
  "international_route_shares": {
    "TSE": 0.26666666666666666,
    "DME": 0.13333333333333333,
    "SHJ": 0.13333333333333333,
    "OVB": 0.13333333333333333,
    "VKO": 0.13333333333333333,
    "LED": 0.06666666666666667,
    "KQT": 0.06666666666666667,
    "TJU": 0.06666666666666667
  },
  "domestic_ratio": 0.286,
  "fleet_mix": {
    "JAA": {
      "A320": 1.0
    },
    "ABY": {
      "A320": 1.0
    },
    "KZR": {
      "E190": 0.5,
      "A320": 0.25,
      "A319": 0.25
    },
    "SBI": {
      "A320": 1.0
    },
    "TSO": {
      "B738": 0.5,
      "B737": 0.5
    }
  },
  "hourly_profile": [],
  "delay_rate": 0.0,
  "delay_distribution": {},
  "mean_delay_minutes": 0.0,
  "data_source": "openflights",
  "region": "",
  "profile_date": "2026-03-21",
  "sample_size": 21
}