{
  "icao_code": "CJJ",
  "iata_code": "CJJ",
  "airline_shares": {
    "KAL": 0.2857142857142857,
    "OZR": 0.2857142857142857,
    "ESR": 0.2857142857142857,
    "JJA": 0.14285714285714285
  },
  "domestic_route_shares": {
    "CJU": 1.0
  },
  "international_route_shares": {
    "HGH": 0.3333333333333333,
    "PEK": 0.3333333333333333,
    "SHE": 0.3333333333333333
  },
  "domestic_ratio": 0.571,
  "fleet_mix": {
    "JJA": {
      "B737": 1.0
    },
    "KAL": {
      "B739": 1.0
    },
    "OZR": {
      "A321": 0.6666666666666666,
      "A320": 0.3333333333333333
    },
    "ESR": {
      "B737": 0.5,
      "B738": 0.5
    }
  },
  "hourly_profile": [],
  "delay_rate": 0.0,
  "delay_distribution": {},
  "mean_delay_minutes": 0.0,
  "data_source": "openflights",
  "region": "",
  "profile_date": "2026-03-21",
  "sample_size": 14
}