{
  "icao_code": "CJU",
  "iata_code": "CJU",
  "airline_shares": {
    "KAL": 0.26785714285714285,
    "OZR": 0.17857142857142858,
    "CSN": 0.125,
    "CES": 0.07142857142857142,
    "JJA": 0.05357142857142857,
    "ESR": 0.05357142857142857,
    "PDC": 0.03571428571428571,
    "JNA": 0.03571428571428571,
    "CXA": 0.03571428571428571,
    "TWB": 0.03571428571428571,
    "9C": 0.017857142857142856,
    "CPA": 0.017857142857142856,
    "TNA": 0.017857142857142856,
    "GUN": 0.017857142857142856,
    "DKH": 0.017857142857142856,
    "HDA": 0.017857142857142856
  },
  "domestic_route_shares": {
    "GMP": 0.3157894736842105,
    "CJJ": 0.21052631578947367,
    "PUS": 0.15789473684210525,
    "TAE": 0.15789473684210525,
    "ICN": 0.10526315789473684,
    "MWX": 0.05263157894736842
  },
  "international_route_shares": {
    "PVG": 0.10810810810810811,
    "CSX": 0.05405405405405406,
    "TSN": 0.05405405405405406,
    "HKG": 0.05405405405405406,
    "HIN": 0.05405405405405406,
    "KUV": 0.05405405405405406,
    "KWJ": 0.05405405405405406,
    "PEK": 0.05405405405405406,
    "CGO": 0.02702702702702703,
    "CGQ": 0.02702702702702703,
    "DLC": 0.02702702702702703,
    "HRB": 0.02702702702702703,
    "SHE": 0.02702702702702703,
    "SZX": 0.02702702702702703,
    "TPE": 0.02702702702702703,
    "KIX": 0.02702702702702703,
    "NGO": 0.02702702702702703,
    "NRT": 0.02702702702702703,
    "RSU": 0.02702702702702703,
    "USN": 0.02702702702702703,
    "WJU": 0.02702702702702703,
    "FOC": 0.02702702702702703,
    "XMN": 0.02702702702702703,
    "NGB": 0.02702702702702703,
    "WNZ": 0.02702702702702703,
    "FUK": 0.02702702702702703,
    "KPO": 0.02702702702702703
  },
  "domestic_ratio": 0.339,
  "fleet_mix": {
    "JJA": {
      "B737": 0.8571428571428571,
      "B738": 0.14285714285714285
    },
    "9C": {
      "A320": 1.0
    },
    "PDC": {
      "B738": 1.0
    },
    "CPA": {
      "A320": 1.0
    },
    "CSN": {
      "A320": 0.5,
      "A321": 0.375,
      "B738": 0.125
    },
    "TNA": {
      "A320": 1.0
    },
    "GUN": {
      "A321": 1.0
    },
    "DKH": {
      "A320": 1.0
    },
    "HDA": {
      "A320": 1.0
    },
    "KAL": {
      "B739": 0.5,
      "B738": 0.3181818181818182,
      "A330": 0.09090909090909091,
      "B744": 0.045454545454545456,
      "B777": 0.045454545454545456
    },
    "JNA": {
      "B738": 1.0
    },
    "CXA": {
      "B738": 1.0
    },
    "CES": {
      "A320": 0.5,
      "A321": 0.25,
      "B738": 0.25
    },
    "OZR": {
      "A320": 0.4864864864864865,
      "A321": 0.3783783783783784,
      "B767": 0.08108108108108109,
      "A330": 0.05405405405405406
    },
    "TWB": {
      "B737": 1.0
    },
    "ESR": {
      "B737": 1.0
    }
  },
  "hourly_profile": [],
  "delay_rate": 0.0,
  "delay_distribution": {},
  "mean_delay_minutes": 0.0,
  "data_source": "openflights",
  "region": "",
  "profile_date": "2026-03-21",
  "sample_size": 112
}