{
  "icao_code": "CKG",
  "iata_code": "CKG",
  "airline_shares": {
    "CSC": 0.15982721382289417,
    "CHB": 0.12095032397408208,
    "CCA": 0.10367170626349892,
    "CSN": 0.09071274298056156,
    "G5": 0.0734341252699784,
    "CHH": 0.06047516198704104,
    "CES": 0.06047516198704104,
    "CXA": 0.056155507559395246,
    "CDG": 0.047516198704103674,
    "CSZ": 0.028077753779697623,
    "9C": 0.017278617710583154,
    "JAS": 0.017278617710583154,
    "RHC": 0.012958963282937365,
    "PDC": 0.012958963282937365,
    "GUN": 0.012958963282937365,
    "KSY": 0.012958963282937365,
    "NS": 0.012958963282937365,
    "BCC": 0.008639308855291577,
    "CSH": 0.008639308855291577,
    "DKH": 0.008639308855291577,
    "VEX": 0.008639308855291577,
    "FIN": 0.004319654427645789,
    "UIA": 0.004319654427645789,
    "CAL": 0.004319654427645789,
    "CPA": 0.004319654427645789,
    "EEA": 0.004319654427645789,
    "AIQ": 0.004319654427645789,
    "TNA": 0.004319654427645789,
    "CRK": 0.004319654427645789,
    "HDA": 0.004319654427645789,
    "KN": 0.004319654427645789,
    "SLK": 0.004319654427645789,
    "AMU": 0.004319654427645789,
    "OZR": 0.004319654427645789,
    "QTR": 0.004319654427645789,
    "THA": 0.004319654427645789
  },
  "domestic_route_shares": {
    "XIY": 0.05042016806722689,
    "KMG": 0.047619047619047616,
    "CAN": 0.03361344537815126,
    "CSX": 0.03361344537815126,
    "LXA": 0.03361344537815126,
    "PVG": 0.03361344537815126,
    "SZX": 0.03361344537815126,
    "TSN": 0.03361344537815126,
    "XNN": 0.03361344537815126,
    "SHA": 0.03361344537815126,
    "CGO": 0.028011204481792718,
    "HAK": 0.028011204481792718,
    "LJG": 0.028011204481792718,
    "NKG": 0.028011204481792718,
    "PEK": 0.028011204481792718,
    "SYX": 0.028011204481792718,
    "URC": 0.028011204481792718,
    "WUH": 0.028011204481792718,
    "KWL": 0.028011204481792718,
    "HGH": 0.022408963585434174,
    "NNG": 0.022408963585434174,
    "TNA": 0.022408963585434174,
    "WUX": 0.022408963585434174,
    "WNZ": 0.022408963585434174,
    "KWE": 0.022408963585434174,
    "INC": 0.01680672268907563,
    "KHN": 0.01680672268907563,
    "LHW": 0.01680672268907563,
    "NGB": 0.01680672268907563,
    "TYN": 0.01680672268907563,
    "SJW": 0.01680672268907563,
    "XMN": 0.01680672268907563,
    "DYG": 0.011204481792717087,
    "ZUH": 0.011204481792717087,
    "FOC": 0.011204481792717087,
    "HFE": 0.011204481792717087,
    "TAO": 0.011204481792717087,
    "CTU": 0.0056022408963585435,
    "DLC": 0.0056022408963585435,
    "SWA": 0.0056022408963585435,
    "ZHA": 0.0056022408963585435,
    "LYA": 0.0056022408963585435,
    "CGQ": 0.0056022408963585435,
    "JHG": 0.0056022408963585435,
    "SHE": 0.0056022408963585435,
    "YCU": 0.0056022408963585435,
    "TXN": 0.0056022408963585435,
    "DSN": 0.0056022408963585435,
    "HIA": 0.0056022408963585435,
    "HET": 0.0056022408963585435
  },
  "international_route_shares": {
    "HKG": 0.07547169811320754,
    "CZX": 0.03773584905660377,
    "HKT": 0.03773584905660377,
    "TSA": 0.03773584905660377,
    "YIH": 0.03773584905660377,
    "BKK": 0.03773584905660377,
    "TPE": 0.03773584905660377,
    "ICN": 0.03773584905660377,
    "JZH": 0.03773584905660377,
    "MFM": 0.03773584905660377,
    "BHY": 0.03773584905660377,
    "NTG": 0.03773584905660377,
    "PZI": 0.018867924528301886,
    "SYD": 0.018867924528301886,
    "XUZ": 0.018867924528301886,
    "HEL": 0.018867924528301886,
    "YTY": 0.018867924528301886,
    "KHH": 0.018867924528301886,
    "DMK": 0.018867924528301886,
    "ACX": 0.018867924528301886,
    "AEB": 0.018867924528301886,
    "AQG": 0.018867924528301886,
    "AVA": 0.018867924528301886,
    "BFJ": 0.018867924528301886,
    "DOY": 0.018867924528301886,
    "HDG": 0.018867924528301886,
    "JIQ": 0.018867924528301886,
    "LZH": 0.018867924528301886,
    "XFN": 0.018867924528301886,
    "XIC": 0.018867924528301886,
    "ENY": 0.018867924528301886,
    "NAY": 0.018867924528301886,
    "HYN": 0.018867924528301886,
    "SIN": 0.018867924528301886,
    "ZAT": 0.018867924528301886,
    "KRL": 0.018867924528301886,
    "DOH": 0.018867924528301886,
    "CNX": 0.018867924528301886,
    "WUS": 0.018867924528301886
  },
  "domestic_ratio": 0.771,
  "fleet_mix": {
    "CSC": {
      "A319": 0.4883720930232558,
      "A320": 0.3023255813953488,
      "A321": 0.20930232558139536
    },
    "BCC": {
      "B767": 1.0
    },
    "RHC": {
      "B738": 0.6666666666666666,
      "A321": 0.3333333333333333
    },
    "9C": {
      "A320": 1.0
    },
    "FIN": {
      "A330": 1.0
    },
    "PDC": {
      "B738": 1.0
    },
    "CCA": {
      "B737": 0.4166666666666667,
      "B738": 0.3055555555555556,
      "A319": 0.1111111111111111,
      "A320": 0.05555555555555555,
      "A321": 0.05555555555555555,
      "B767": 0.027777777777777776,
      "B777": 0.027777777777777776
    },
    "CAL": {
      "A330": 1.0
    },
    "CPA": {
      "A320": 0.5,
      "A321": 0.5
    },
    "CSN": {
      "A320": 0.2903225806451613,
      "B737": 0.22580645161290322,
      "B738": 0.22580645161290322,
      "A319": 0.12903225806451613,
      "A321": 0.12903225806451613
    },
    "EEA": {
      "A319": 1.0
    },
    "AIQ": {
      "A320": 1.0
    },
    "CSH": {
      "B737": 0.6666666666666666,
      "B738": 0.3333333333333333
    },
    "G5": {
      "CRJ9": 1.0
    },
    "TNA": {
      "A321": 1.0
    },
    "GUN": {
      "A321": 0.4,
      "A320": 0.4,
      "E190": 0.2
    },
    "DKH": {
      "A320": 1.0
    },
    "CHH": {
      "B738": 1.0
    },
    "CRK": {
      "A320": 1.0
    },
    "JAS": {
      "A319": 0.6,
      "A320": 0.4
    },
    "HDA": {
      "A320": 0.3333333333333333,
      "B738": 0.3333333333333333,
      "A321": 0.3333333333333333
    },
    "KN": {
      "B737": 1.0
    },
    "KSY": {
      "B737": 1.0
    },
    "CXA": {
      "B737": 1.0
    },
    "SLK": {
      "A320": 0.5,
      "A319": 0.5
    },
    "CES": {
      "A320": 0.6470588235294118,
      "B738": 0.17647058823529413,
      "A321": 0.11764705882352941,
      "A319": 0.058823529411764705
    },
    "NS": {
      "E190": 0.6666666666666666,
      "B738": 0.3333333333333333
    },
    "AMU": {
      "A319": 0.5,
      "A320": 0.5
    },
    "OZR": {
      "A320": 0.3333333333333333,
      "B767": 0.3333333333333333,
      "A321": 0.3333333333333333
    },
    "CHB": {
      "A320": 0.6756756756756757,
      "A319": 0.32432432432432434
    },
    "QTR": {
      "A330": 1.0
    },
    "CDG": {
      "B738": 1.0
    },
    "THA": {
      "A320": 1.0
    },
    "VEX": {
      "A319": 1.0
    },
    "CSZ": {
      "B738": 0.7333333333333333,
      "B737": 0.13333333333333333,
      "B739": 0.13333333333333333
    }
  },
  "hourly_profile": [],
  "delay_rate": 0.0,
  "delay_distribution": {},
  "mean_delay_minutes": 0.0,
  "data_source": "openflights",
  "region": "",
  "profile_date": "2026-03-21",
  "sample_size": 463
}