{
  "icao_code": "CKY",
  "iata_code": "CKY",
  "airline_shares": {
    "AFR": 0.16666666666666666,
    "DSY": 0.16666666666666666,
    "ETH": 0.16666666666666666,
    "AYZ": 0.08333333333333333,
    "RAM": 0.08333333333333333,
    "SGG": 0.08333333333333333,
    "HLF": 0.08333333333333333,
    "MAI": 0.08333333333333333,
    "DAT": 0.08333333333333333
  },
  "domestic_route_shares": {},
  "international_route_shares": {
    "DKR": 0.3333333333333333,
    "OXB": 0.16666666666666666,
    "ABJ": 0.16666666666666666,
    "CDG": 0.08333333333333333,
    "NKC": 0.08333333333333333,
    "CMN": 0.08333333333333333,
    "BKO": 0.08333333333333333
  },
  "domestic_ratio": 0.0,
  "fleet_mix": {
    "AYZ": {
      "A319": 1.0
    },
    "AFR": {
      "A330": 1.0
    },
    "RAM": {
      "B737": 0.5,
      "B738": 0.5
    },
    "DSY": {
      "AT76": 1.0
    },
    "SGG": {
      "CRJ9": 1.0
    },
    "HLF": {
      "E175": 1.0
    },
    "MAI": {
      "B737": 1.0
    },
    "DAT": {
      "A330": 1.0
    }
  },
  "hourly_profile": [],
  "delay_rate": 0.0,
  "delay_distribution": {},
  "mean_delay_minutes": 0.0,
  "data_source": "openflights",
  "region": "",
  "profile_date": "2026-03-21",
  "sample_size": 24
}