{
  "icao_code": "CLE",
  "iata_code": "CLE",
  "airline_shares": {
    "UAL": 0.5068493150684932,
    "FFT": 0.1095890410958904,
    "USA": 0.1095890410958904,
    "SWA": 0.1095890410958904,
    "DAL": 0.0821917808219178,
    "AAL": 0.0547945205479452,
    "TRS": 0.0273972602739726
  },
  "domestic_route_shares": {
    "DEN": 0.08196721311475409,
    "CLT": 0.06557377049180328,
    "DFW": 0.06557377049180328,
    "LAS": 0.06557377049180328,
    "ORD": 0.06557377049180328,
    "MDW": 0.04918032786885246,
    "BWI": 0.04918032786885246,
    "ATL": 0.03278688524590164,
    "JFK": 0.03278688524590164,
    "BOS": 0.03278688524590164,
    "EWR": 0.03278688524590164,
    "FLL": 0.03278688524590164,
    "IAD": 0.03278688524590164,
    "IAH": 0.03278688524590164,
    "LAX": 0.03278688524590164,
    "MCO": 0.03278688524590164,
    "PHX": 0.03278688524590164,
    "RSW": 0.03278688524590164,
    "SFO": 0.03278688524590164,
    "TPA": 0.03278688524590164,
    "MIA": 0.03278688524590164,
    "BNA": 0.03278688524590164,
    "DTW": 0.01639344262295082,
    "MSP": 0.01639344262295082,
    "BUF": 0.01639344262295082,
    "SYR": 0.01639344262295082
  },
  "international_route_shares": {
    "CUN": 0.3333333333333333,
    "PUJ": 0.16666666666666666,
    "TTN": 0.16666666666666666,
    "ERI": 0.16666666666666666,
    "FNT": 0.16666666666666666
  },
  "domestic_ratio": 0.836,
  "fleet_mix": {
    "AAL": {
      "A319": 1.0
    },
    "DAL": {
      "CRJ9": 1.0
    },
    "FFT": {
      "A320": 0.75,
      "A319": 0.25
    },
    "UAL": {
      "B738": 0.27710843373493976,
      "A320": 0.24096385542168675,
      "B737": 0.1686746987951807,
      "A319": 0.1566265060240964,
      "B739": 0.13253012048192772,
      "DH8D": 0.024096385542168676
    },
    "USA": {
      "A319": 0.5714285714285714,
      "CRJ7": 0.42857142857142855
    }
  },
  "hourly_profile": [],
  "delay_rate": 0.0,
  "delay_distribution": {},
  "mean_delay_minutes": 0.0,
  "data_source": "openflights",
  "region": "",
  "profile_date": "2026-03-21",
  "sample_size": 73
}