{
  "icao_code": "CLJ",
  "iata_code": "CLJ",
  "airline_shares": {
    "WZZ": 0.7777777777777778,
    "ROT": 0.16666666666666666,
    "CSA": 0.05555555555555555
  },
  "domestic_route_shares": {
    "OTP": 1.0
  },
  "international_route_shares": {
    "PRG": 0.11764705882352941,
    "VIE": 0.058823529411764705,
    "BCN": 0.058823529411764705,
    "BGY": 0.058823529411764705,
    "BLQ": 0.058823529411764705,
    "BVA": 0.058823529411764705,
    "CIA": 0.058823529411764705,
    "CRL": 0.058823529411764705,
    "DTM": 0.058823529411764705,
    "EIN": 0.058823529411764705,
    "LTN": 0.058823529411764705,
    "MAD": 0.058823529411764705,
    "TLV": 0.058823529411764705,
    "TSF": 0.058823529411764705,
    "VLC": 0.058823529411764705,
    "ZAZ": 0.058823529411764705
  },
  "domestic_ratio": 0.056,
  "fleet_mix": {
    "CSA": {
      "AT76": 1.0
    },
    "ROT": {
      "AT76": 0.8,
      "A318": 0.2
    },
    "WZZ": {
      "A320": 1.0
    }
  },
  "hourly_profile": [],
  "delay_rate": 0.0,
  "delay_distribution": {},
  "mean_delay_minutes": 0.0,
  "data_source": "openflights",
  "region": "",
  "profile_date": "2026-03-21",
  "sample_size": 36
}