{
  "icao_code": "CLO",
  "iata_code": "CLO",
  "airline_shares": {
    "AVA": 0.5263157894736842,
    "NSE": 0.15789473684210525,
    "CMP": 0.10526315789473684,
    "GLG": 0.05263157894736842,
    "AAL": 0.05263157894736842,
    "TAE": 0.05263157894736842,
    "USA": 0.05263157894736842
  },
  "domestic_route_shares": {
    "BOG": 0.4,
    "BAQ": 0.2,
    "CTG": 0.2,
    "MDE": 0.2
  },
  "international_route_shares": {
    "MIA": 0.21428571428571427,
    "GYE": 0.07142857142857142,
    "GPI": 0.07142857142857142,
    "PUU": 0.07142857142857142,
    "UIB": 0.07142857142857142,
    "LIM": 0.07142857142857142,
    "MAD": 0.07142857142857142,
    "PSO": 0.07142857142857142,
    "SAL": 0.07142857142857142,
    "TCO": 0.07142857142857142,
    "PTY": 0.07142857142857142,
    "ESM": 0.07142857142857142
  },
  "domestic_ratio": 0.263,
  "fleet_mix": {
    "GLG": {
      "A319": 1.0
    },
    "NSE": {
      "AT76": 1.0
    },
    "AAL": {
      "B738": 1.0
    },
    "AVA": {
      "A320": 0.2631578947368421,
      "A318": 0.2631578947368421,
      "AT76": 0.21052631578947367,
      "A319": 0.15789473684210525,
      "E190": 0.10526315789473684
    },
    "CMP": {
      "A320": 0.2222222222222222,
      "A319": 0.2222222222222222,
      "E190": 0.2222222222222222,
      "B737": 0.2222222222222222,
      "A318": 0.1111111111111111
    },
    "TAE": {
      "E175": 1.0
    },
    "USA": {
      "B738": 0.25,
      "A319": 0.25,
      "A318": 0.25,
      "A320": 0.25
    }
  },
  "hourly_profile": [],
  "delay_rate": 0.0,
  "delay_distribution": {},
  "mean_delay_minutes": 0.0,
  "data_source": "openflights",
  "region": "",
  "profile_date": "2026-03-21",
  "sample_size": 38
}