{
  "icao_code": "CMB",
  "iata_code": "CMB",
  "airline_shares": {
    "ALK": 0.463768115942029,
    "LPR": 0.10144927536231885,
    "MAS": 0.043478260869565216,
    "CPA": 0.028985507246376812,
    "UAE": 0.028985507246376812,
    "KAL": 0.028985507246376812,
    "CES": 0.028985507246376812,
    "Q2": 0.028985507246376812,
    "SEJ": 0.028985507246376812,
    "SVA": 0.028985507246376812,
    "JAI": 0.014492753623188406,
    "AIC": 0.014492753623188406,
    "BAW": 0.014492753623188406,
    "XAX": 0.014492753623188406,
    "ETD": 0.014492753623188406,
    "FDB": 0.014492753623188406,
    "ABY": 0.014492753623188406,
    "KAC": 0.014492753623188406,
    "QTR": 0.014492753623188406,
    "SQC": 0.014492753623188406,
    "THA": 0.014492753623188406,
    "THY": 0.014492753623188406,
    "OMA": 0.014492753623188406
  },
  "domestic_route_shares": {
    "HRI": 1.0
  },
  "international_route_shares": {
    "MLE": 0.1037037037037037,
    "MAA": 0.044444444444444446,
    "BKK": 0.044444444444444446,
    "SIN": 0.044444444444444446,
    "KUL": 0.044444444444444446,
    "SHJ": 0.044444444444444446,
    "BOM": 0.02962962962962963,
    "DXB": 0.02962962962962963,
    "AUH": 0.02962962962962963,
    "KWI": 0.02962962962962963,
    "FCO": 0.02962962962962963,
    "KHI": 0.02962962962962963,
    "IXM": 0.02962962962962963,
    "DOH": 0.02962962962962963,
    "JED": 0.02962962962962963,
    "RUH": 0.02962962962962963,
    "MCT": 0.02962962962962963,
    "TRZ": 0.022222222222222223,
    "DWC": 0.014814814814814815,
    "ICN": 0.014814814814814815,
    "BAH": 0.014814814814814815,
    "CGK": 0.014814814814814815,
    "DAC": 0.014814814814814815,
    "SEZ": 0.014814814814814815,
    "KMG": 0.014814814814814815,
    "GAN": 0.014814814814814815,
    "BLR": 0.014814814814814815,
    "CDG": 0.014814814814814815,
    "COK": 0.014814814814814815,
    "DEL": 0.014814814814814815,
    "DME": 0.014814814814814815,
    "DMM": 0.014814814814814815,
    "FRA": 0.014814814814814815,
    "GIU": 0.014814814814814815,
    "KCT": 0.014814814814814815,
    "LHR": 0.014814814814814815,
    "NRT": 0.014814814814814815,
    "PEK": 0.014814814814814815,
    "PVG": 0.014814814814814815,
    "TRV": 0.014814814814814815
  },
  "domestic_ratio": 0.022,
  "fleet_mix": {
    "JAI": {
      "B738": 1.0
    },
    "AIC": {
      "A321": 1.0
    },
    "BAW": {
      "B777": 1.0
    },
    "CPA": {
      "B777": 1.0
    },
    "UAE": {
      "B777": 1.0
    },
    "ETD": {
      "A320": 1.0
    },
    "FDB": {
      "B738": 1.0
    },
    "ABY": {
      "A320": 1.0
    },
    "KAL": {
      "A330": 1.0
    },
    "MAS": {
      "A330": 0.3333333333333333,
      "A320": 0.3333333333333333,
      "B738": 0.3333333333333333
    },
    "LPR": {
      "A320": 0.5555555555555556,
      "A321": 0.4444444444444444
    },
    "CES": {
      "B737": 1.0
    },
    "Q2": {
      "A320": 1.0
    },
    "QTR": {
      "B777": 0.3333333333333333,
      "A321": 0.3333333333333333,
      "A320": 0.3333333333333333
    },
    "SQC": {
      "A330": 1.0
    },
    "SVA": {
      "B777": 1.0
    },
    "THA": {
      "A320": 1.0
    },
    "ALK": {
      "A320": 0.4266666666666667,
      "A330": 0.41333333333333333,
      "A321": 0.16
    },
    "OMA": {
      "A330": 0.6666666666666666,
      "B738": 0.3333333333333333
    }
  },
  "hourly_profile": [],
  "delay_rate": 0.0,
  "delay_distribution": {},
  "mean_delay_minutes": 0.0,
  "data_source": "openflights",
  "region": "",
  "profile_date": "2026-03-21",
  "sample_size": 138
}