{
  "icao_code": "CMH",
  "iata_code": "CMH",
  "airline_shares": {
    "SWA": 0.3728813559322034,
    "USA": 0.23728813559322035,
    "DAL": 0.1694915254237288,
    "AAL": 0.11864406779661017,
    "TRS": 0.03389830508474576,
    "UAL": 0.03389830508474576,
    "BHS": 0.03389830508474576
  },
  "domestic_route_shares": {
    "LAX": 0.10526315789473684,
    "PHX": 0.10526315789473684,
    "DFW": 0.07017543859649122,
    "ATL": 0.07017543859649122,
    "ORD": 0.07017543859649122,
    "LGA": 0.05263157894736842,
    "JFK": 0.05263157894736842,
    "BOS": 0.03508771929824561,
    "BNA": 0.03508771929824561,
    "BWI": 0.03508771929824561,
    "DEN": 0.03508771929824561,
    "FLL": 0.03508771929824561,
    "LAS": 0.03508771929824561,
    "MCO": 0.03508771929824561,
    "MDW": 0.03508771929824561,
    "RSW": 0.03508771929824561,
    "STL": 0.03508771929824561,
    "TPA": 0.03508771929824561,
    "CLT": 0.017543859649122806,
    "DTW": 0.017543859649122806,
    "MSP": 0.017543859649122806,
    "DCA": 0.017543859649122806,
    "MIA": 0.017543859649122806
  },
  "international_route_shares": {
    "FPO": 1.0
  },
  "domestic_ratio": 0.966,
  "fleet_mix": {
    "AAL": {
      "B738": 0.2857142857142857,
      "A319": 0.2857142857142857,
      "A320": 0.2857142857142857,
      "CRJ9": 0.14285714285714285
    },
    "DAL": {
      "B738": 0.5,
      "A319": 0.25,
      "CRJ7": 0.125,
      "CRJ9": 0.125
    },
    "UAL": {
      "B738": 0.3333333333333333,
      "A319": 0.3333333333333333,
      "B739": 0.3333333333333333
    },
    "USA": {
      "CRJ7": 0.36363636363636365,
      "B738": 0.18181818181818182,
      "A319": 0.18181818181818182,
      "A320": 0.18181818181818182,
      "CRJ9": 0.09090909090909091
    },
    "SWA": {
      "B738": 1.0
    }
  },
  "hourly_profile": [],
  "delay_rate": 0.0,
  "delay_distribution": {},
  "mean_delay_minutes": 0.0,
  "data_source": "openflights",
  "region": "",
  "profile_date": "2026-03-21",
  "sample_size": 59
}