{
  "icao_code": "CNF",
  "iata_code": "CNF",
  "airline_shares": {
    "AZU": 0.4953271028037383,
    "SEH": 0.2616822429906542,
    "TAM": 0.14953271028037382,
    "AAL": 0.018691588785046728,
    "CMP": 0.018691588785046728,
    "ONE": 0.018691588785046728,
    "TAP": 0.018691588785046728,
    "USA": 0.018691588785046728
  },
  "domestic_route_shares": {
    "BSB": 0.11428571428571428,
    "BPS": 0.08571428571428572,
    "GRU": 0.08571428571428572,
    "SDU": 0.08571428571428572,
    "SSA": 0.08571428571428572,
    "GYN": 0.05714285714285714,
    "REC": 0.05714285714285714,
    "VCP": 0.05714285714285714,
    "VIX": 0.05714285714285714,
    "CGH": 0.05714285714285714,
    "GIG": 0.05714285714285714,
    "BEL": 0.02857142857142857,
    "CGB": 0.02857142857142857,
    "CWB": 0.02857142857142857,
    "FOR": 0.02857142857142857,
    "MAO": 0.02857142857142857,
    "POA": 0.02857142857142857,
    "SLZ": 0.02857142857142857
  },
  "international_route_shares": {
    "MIA": 0.16216216216216217,
    "MOC": 0.10810810810810811,
    "UDI": 0.10810810810810811,
    "CKS": 0.05405405405405406,
    "IMP": 0.05405405405405406,
    "IPN": 0.05405405405405406,
    "IZA": 0.05405405405405406,
    "RAO": 0.05405405405405406,
    "UBA": 0.05405405405405406,
    "VDC": 0.05405405405405406,
    "PTY": 0.05405405405405406,
    "IOS": 0.05405405405405406,
    "LIS": 0.05405405405405406,
    "CPV": 0.02702702702702703,
    "NAT": 0.02702702702702703,
    "PNZ": 0.02702702702702703
  },
  "domestic_ratio": 0.654,
  "fleet_mix": {
    "AAL": {
      "B767": 1.0
    },
    "AZU": {
      "E190": 0.8529411764705882,
      "AT76": 0.14705882352941177
    },
    "CMP": {
      "B738": 0.5,
      "B737": 0.5
    },
    "SEH": {
      "B738": 0.5609756097560976,
      "B737": 0.43902439024390244
    },
    "TAM": {
      "A320": 0.5,
      "A319": 0.3333333333333333,
      "A321": 0.08333333333333333,
      "B767": 0.08333333333333333
    },
    "TAP": {
      "A330": 1.0
    },
    "USA": {
      "B767": 1.0
    }
  },
  "hourly_profile": [],
  "delay_rate": 0.0,
  "delay_distribution": {},
  "mean_delay_minutes": 0.0,
  "data_source": "openflights",
  "region": "",
  "profile_date": "2026-03-21",
  "sample_size": 107
}