{
  "icao_code": "CNS",
  "iata_code": "CNS",
  "airline_shares": {
    "JST": 0.29508196721311475,
    "CDP": 0.2786885245901639,
    "QFA": 0.09836065573770492,
    "TGW": 0.09836065573770492,
    "CPA": 0.06557377049180328,
    "ANG": 0.06557377049180328,
    "BBD": 0.03278688524590164,
    "ANZ": 0.03278688524590164,
    "UAL": 0.03278688524590164
  },
  "domestic_route_shares": {
    "BNE": 0.2857142857142857,
    "MEL": 0.21428571428571427,
    "SYD": 0.21428571428571427,
    "ADL": 0.07142857142857142,
    "DRW": 0.07142857142857142,
    "OOL": 0.07142857142857142,
    "PER": 0.07142857142857142
  },
  "international_route_shares": {
    "GTE": 0.06060606060606061,
    "HKG": 0.06060606060606061,
    "KIX": 0.06060606060606061,
    "NRT": 0.06060606060606061,
    "AKL": 0.06060606060606061,
    "POM": 0.06060606060606061,
    "RAB": 0.06060606060606061,
    "ABM": 0.06060606060606061,
    "AUU": 0.06060606060606061,
    "EDR": 0.06060606060606061,
    "IRG": 0.06060606060606061,
    "ISA": 0.06060606060606061,
    "KWM": 0.06060606060606061,
    "NTN": 0.06060606060606061,
    "WEI": 0.06060606060606061,
    "GUM": 0.06060606060606061,
    "CUQ": 0.030303030303030304
  },
  "domestic_ratio": 0.459,
  "fleet_mix": {
    "CPA": {
      "A330": 1.0
    },
    "JST": {
      "A320": 0.5833333333333334,
      "A330": 0.25,
      "A321": 0.16666666666666666
    },
    "ANZ": {
      "A320": 1.0
    },
    "ANG": {
      "DH8D": 1.0
    },
    "QFA": {
      "B738": 0.75,
      "B767": 0.25
    },
    "TGW": {
      "A320": 1.0
    },
    "UAL": {
      "B738": 1.0
    }
  },
  "hourly_profile": [],
  "delay_rate": 0.0,
  "delay_distribution": {},
  "mean_delay_minutes": 0.0,
  "data_source": "openflights",
  "region": "",
  "profile_date": "2026-03-21",
  "sample_size": 61
}