{
  "icao_code": "CNX",
  "iata_code": "CNX",
  "airline_shares": {
    "AIQ": 0.1891891891891892,
    "ZAK": 0.10810810810810811,
    "CCA": 0.05405405405405406,
    "NOK": 0.05405405405405406,
    "CES": 0.05405405405405406,
    "BKP": 0.05405405405405406,
    "THA": 0.05405405405405406,
    "BCC": 0.02702702702702703,
    "9C": 0.02702702702702703,
    "AXM": 0.02702702702702703,
    "CPA": 0.02702702702702703,
    "CSN": 0.02702702702702703,
    "TNA": 0.02702702702702703,
    "DKH": 0.02702702702702703,
    "HDA": 0.02702702702702703,
    "KAL": 0.02702702702702703,
    "JNA": 0.02702702702702703,
    "SLK": 0.02702702702702703,
    "LAO": 0.02702702702702703,
    "CDG": 0.02702702702702703,
    "TGW": 0.02702702702702703,
    "HKE": 0.02702702702702703,
    "SGR": 0.02702702702702703
  },
  "domestic_route_shares": {
    "DMK": 0.2,
    "HKT": 0.2,
    "BKK": 0.2,
    "UTH": 0.1,
    "HDY": 0.1,
    "KBV": 0.1,
    "USM": 0.1
  },
  "international_route_shares": {
    "HKG": 0.14814814814814814,
    "ICN": 0.1111111111111111,
    "PVG": 0.1111111111111111,
    "SIN": 0.07407407407407407,
    "KUL": 0.037037037037037035,
    "PEK": 0.037037037037037035,
    "WUH": 0.037037037037037035,
    "CAN": 0.037037037037037035,
    "HGH": 0.037037037037037035,
    "MFM": 0.037037037037037035,
    "TPE": 0.037037037037037035,
    "HGN": 0.037037037037037035,
    "NNT": 0.037037037037037035,
    "PHS": 0.037037037037037035,
    "PYY": 0.037037037037037035,
    "KMG": 0.037037037037037035,
    "LPQ": 0.037037037037037035,
    "CKG": 0.037037037037037035,
    "RGN": 0.037037037037037035
  },
  "domestic_ratio": 0.27,
  "fleet_mix": {
    "BCC": {
      "B767": 1.0
    },
    "9C": {
      "A320": 1.0
    },
    "AXM": {
      "A320": 1.0
    },
    "CCA": {
      "B738": 0.5,
      "A320": 0.5
    },
    "CPA": {
      "A320": 1.0
    },
    "CSN": {
      "B737": 1.0
    },
    "NOK": {
      "B738": 1.0
    },
    "AIQ": {
      "A320": 1.0
    },
    "TNA": {
      "A321": 1.0
    },
    "DKH": {
      "A320": 1.0
    },
    "HDA": {
      "A320": 1.0
    },
    "KAL": {
      "B777": 1.0
    },
    "JNA": {
      "B738": 1.0
    },
    "SLK": {
      "A320": 1.0
    },
    "CES": {
      "B737": 0.5,
      "A320": 0.5
    },
    "BKP": {
      "A319": 0.6666666666666666,
      "A320": 0.3333333333333333
    },
    "LAO": {
      "AT76": 1.0
    },
    "CDG": {
      "B738": 1.0
    },
    "THA": {
      "A320": 0.4,
      "B777": 0.4,
      "A330": 0.2
    },
    "TGW": {
      "A320": 1.0
    },
    "HKE": {
      "A320": 1.0
    },
    "SGR": {
      "AT76": 1.0
    }
  },
  "hourly_profile": [],
  "delay_rate": 0.0,
  "delay_distribution": {},
  "mean_delay_minutes": 0.0,
  "data_source": "openflights",
  "region": "",
  "profile_date": "2026-03-21",
  "sample_size": 74
}