{
  "icao_code": "COK",
  "iata_code": "COK",
  "airline_shares": {
    "AIC": 0.15384615384615385,
    "IGO": 0.1346153846153846,
    "AXB": 0.1346153846153846,
    "SEJ": 0.1346153846153846,
    "JAI": 0.11538461538461539,
    "SVA": 0.038461538461538464,
    "AXM": 0.019230769230769232,
    "AZA": 0.019230769230769232,
    "UAE": 0.019230769230769232,
    "ETD": 0.019230769230769232,
    "GUJ": 0.019230769230769232,
    "ABY": 0.019230769230769232,
    "GBA": 0.019230769230769232,
    "KAC": 0.019230769230769232,
    "MAS": 0.019230769230769232,
    "SLK": 0.019230769230769232,
    "MXD": 0.019230769230769232,
    "QTR": 0.019230769230769232,
    "TGW": 0.019230769230769232,
    "ALK": 0.019230769230769232,
    "OMA": 0.019230769230769232
  },
  "domestic_route_shares": {
    "BOM": 0.2727272727272727,
    "BLR": 0.13636363636363635,
    "MAA": 0.13636363636363635,
    "TRV": 0.13636363636363635,
    "DEL": 0.09090909090909091,
    "HYD": 0.09090909090909091,
    "CCJ": 0.09090909090909091,
    "PNQ": 0.045454545454545456
  },
  "international_route_shares": {
    "DXB": 0.13333333333333333,
    "AUH": 0.13333333333333333,
    "SHJ": 0.13333333333333333,
    "MCT": 0.1,
    "KUL": 0.1,
    "DMM": 0.06666666666666667,
    "DOH": 0.06666666666666667,
    "SIN": 0.06666666666666667,
    "AGX": 0.03333333333333333,
    "BAH": 0.03333333333333333,
    "KWI": 0.03333333333333333,
    "MLE": 0.03333333333333333,
    "RUH": 0.03333333333333333,
    "CMB": 0.03333333333333333
  },
  "domestic_ratio": 0.423,
  "fleet_mix": {
    "IGO": {
      "A320": 1.0
    },
    "JAI": {
      "B738": 1.0
    },
    "AIC": {
      "A319": 0.2857142857142857,
      "A321": 0.2857142857142857,
      "A320": 0.2857142857142857,
      "B744": 0.14285714285714285
    },
    "AXM": {
      "A320": 1.0
    },
    "AZA": {
      "A320": 1.0
    },
    "UAE": {
      "B777": 0.6666666666666666,
      "A330": 0.3333333333333333
    },
    "ETD": {
      "A320": 1.0
    },
    "GUJ": {
      "A320": 1.0
    },
    "ABY": {
      "A320": 1.0
    },
    "GBA": {
      "A321": 1.0
    },
    "AXB": {
      "B738": 1.0
    },
    "MAS": {
      "B738": 1.0
    },
    "SLK": {
      "A320": 0.3333333333333333,
      "B738": 0.3333333333333333,
      "A319": 0.3333333333333333
    },
    "MXD": {
      "B739": 1.0
    },
    "QTR": {
      "A330": 1.0
    },
    "SEJ": {
      "B737": 1.0
    },
    "SVA": {
      "A330": 1.0
    },
    "TGW": {
      "A319": 1.0
    },
    "ALK": {
      "A320": 0.5,
      "A321": 0.5
    },
    "OMA": {
      "B738": 1.0
    }
  },
  "hourly_profile": [],
  "delay_rate": 0.0,
  "delay_distribution": {},
  "mean_delay_minutes": 0.0,
  "data_source": "openflights",
  "region": "",
  "profile_date": "2026-03-21",
  "sample_size": 104
}