{
  "icao_code": "COO",
  "iata_code": "COO",
  "airline_shares": {
    "SGG": 0.14705882352941177,
    "MAI": 0.11764705882352941,
    "VLO": 0.08823529411764706,
    "PEC": 0.08823529411764706,
    "WSS": 0.08823529411764706,
    "HLF": 0.07352941176470588,
    "WDY": 0.058823529411764705,
    "DSY": 0.058823529411764705,
    "ETH": 0.058823529411764705,
    "VBW": 0.04411764705882353,
    "AFR": 0.029411764705882353,
    "RAM": 0.029411764705882353,
    "KQA": 0.029411764705882353,
    "CRD": 0.029411764705882353,
    "SAA": 0.029411764705882353,
    "DAT": 0.029411764705882353
  },
  "domestic_route_shares": {},
  "international_route_shares": {
    "ABJ": 0.11764705882352941,
    "DLA": 0.11764705882352941,
    "PNR": 0.11764705882352941,
    "BKO": 0.08823529411764706,
    "LBV": 0.08823529411764706,
    "BZV": 0.08823529411764706,
    "LOS": 0.058823529411764705,
    "DKR": 0.058823529411764705,
    "LFW": 0.04411764705882353,
    "OUA": 0.029411764705882353,
    "CDG": 0.029411764705882353,
    "BSG": 0.029411764705882353,
    "SSG": 0.029411764705882353,
    "ADD": 0.029411764705882353,
    "ACC": 0.029411764705882353,
    "CMN": 0.014705882352941176,
    "NBO": 0.014705882352941176,
    "BRU": 0.014705882352941176
  },
  "domestic_ratio": 0.0,
  "fleet_mix": {
    "RAM": {
      "B738": 1.0
    },
    "DSY": {
      "AT76": 1.0
    },
    "SGG": {
      "A320": 1.0
    },
    "ETH": {
      "B752": 1.0
    },
    "HLF": {
      "E175": 0.7142857142857143,
      "A319": 0.2857142857142857
    },
    "KQA": {
      "B738": 1.0
    },
    "MAI": {
      "B737": 1.0
    },
    "VLO": {
      "B737": 1.0
    },
    "CRD": {
      "B737": 1.0
    },
    "SAA": {
      "A320": 0.6666666666666666,
      "A319": 0.3333333333333333
    },
    "DAT": {
      "A330": 1.0
    },
    "WSS": {
      "CRJ9": 0.6,
      "B737": 0.4
    }
  },
  "hourly_profile": [],
  "delay_rate": 0.0,
  "delay_distribution": {},
  "mean_delay_minutes": 0.0,
  "data_source": "openflights",
  "region": "",
  "profile_date": "2026-03-21",
  "sample_size": 68
}