{
  "icao_code": "COR",
  "iata_code": "COR",
  "airline_shares": {
    "ARG": 0.4444444444444444,
    "TIB": 0.2222222222222222,
    "CMP": 0.1111111111111111,
    "SEH": 0.1111111111111111,
    "LAN": 0.1111111111111111
  },
  "domestic_route_shares": {
    "MDZ": 0.3333333333333333,
    "ROS": 0.16666666666666666,
    "AEP": 0.16666666666666666,
    "BRC": 0.16666666666666666,
    "EZE": 0.16666666666666666
  },
  "international_route_shares": {
    "PTY": 0.3333333333333333,
    "GRU": 0.3333333333333333,
    "SCL": 0.3333333333333333
  },
  "domestic_ratio": 0.667,
  "fleet_mix": {
    "ARG": {
      "B737": 1.0
    },
    "CMP": {
      "B738": 1.0
    },
    "SEH": {
      "B738": 1.0
    },
    "LAN": {
      "A320": 1.0
    }
  },
  "hourly_profile": [],
  "delay_rate": 0.0,
  "delay_distribution": {},
  "mean_delay_minutes": 0.0,
  "data_source": "openflights",
  "region": "",
  "profile_date": "2026-03-21",
  "sample_size": 18
}