{
  "icao_code": "CPH",
  "iata_code": "CPH",
  "airline_shares": {
    "SAS": 0.3854748603351955,
    "NAX": 0.2122905027932961,
    "EZY": 0.0670391061452514,
    "VLG": 0.0223463687150838,
    "WIF": 0.0223463687150838,
    "BER": 0.01675977653631285,
    "CCA": 0.0111731843575419,
    "SWR": 0.0111731843575419,
    "PGT": 0.0111731843575419,
    "PIA": 0.0111731843575419,
    "IBZ": 0.00558659217877095,
    "ACA": 0.00558659217877095,
    "AFR": 0.00558659217877095,
    "ADH": 0.00558659217877095,
    "RAM": 0.00558659217877095,
    "FIN": 0.00558659217877095,
    "AZA": 0.00558659217877095,
    "BAW": 0.00558659217877095,
    "BTI": 0.00558659217877095,
    "DTR": 0.00558659217877095,
    "EIN": 0.00558659217877095,
    "UAE": 0.00558659217877095,
    "ETH": 0.00558659217877095,
    "ICE": 0.00558659217877095,
    "BSK": 0.00558659217877095,
    "NLY": 0.00558659217877095,
    "CHH": 0.00558659217877095,
    "TRA": 0.00558659217877095,
    "BON": 0.00558659217877095,
    "ADR": 0.00558659217877095,
    "ASL": 0.00558659217877095,
    "KLM": 0.00558659217877095,
    "LGL": 0.00558659217877095,
    "GEC": 0.00558659217877095,
    "LOT": 0.00558659217877095,
    "MSR": 0.00558659217877095,
    "CES": 0.00558659217877095,
    "CSA": 0.00558659217877095,
    "CTN": 0.00558659217877095,
    "ELL": 0.00558659217877095,
    "QTR": 0.00558659217877095,
    "TVS": 0.00558659217877095,
    "FLI": 0.00558659217877095,
    "DAT": 0.00558659217877095,
    "SQC": 0.00558659217877095,
    "AFL": 0.00558659217877095,
    "THA": 0.00558659217877095,
    "THY": 0.00558659217877095,
    "TAP": 0.00558659217877095,
    "BMI": 0.00558659217877095,
    "SXS": 0.00558659217877095
  },
  "domestic_route_shares": {
    "AAL": 0.6666666666666666,
    "AAR": 0.3333333333333333
  },
  "international_route_shares": {
    "FCO": 0.022727272727272728,
    "GVA": 0.022727272727272728,
    "AMS": 0.022727272727272728,
    "PRG": 0.022727272727272728,
    "TXL": 0.019886363636363636,
    "PMI": 0.017045454545454544,
    "CDG": 0.017045454545454544,
    "VCE": 0.017045454545454544,
    "HEL": 0.017045454545454544,
    "FRA": 0.017045454545454544,
    "AGP": 0.017045454545454544,
    "ARN": 0.017045454545454544,
    "BCN": 0.017045454545454544,
    "DUB": 0.017045454545454544,
    "OSL": 0.017045454545454544,
    "DUS": 0.011363636363636364,
    "LHR": 0.011363636363636364,
    "RIX": 0.011363636363636364,
    "ALC": 0.011363636363636364,
    "ATH": 0.011363636363636364,
    "BGO": 0.011363636363636364,
    "BUD": 0.011363636363636364,
    "EDI": 0.011363636363636364,
    "LGW": 0.011363636363636364,
    "LIS": 0.011363636363636364,
    "MAD": 0.011363636363636364,
    "NCE": 0.011363636363636364,
    "SPU": 0.011363636363636364,
    "SXF": 0.011363636363636364,
    "TLV": 0.011363636363636364,
    "TRD": 0.011363636363636364,
    "ZAG": 0.011363636363636364,
    "KEF": 0.011363636363636364,
    "LUX": 0.011363636363636364,
    "WAW": 0.011363636363636364,
    "ZRH": 0.011363636363636364,
    "BKK": 0.011363636363636364,
    "BRU": 0.011363636363636364,
    "HAM": 0.011363636363636364,
    "IST": 0.011363636363636364,
    "MAN": 0.011363636363636364,
    "MXP": 0.011363636363636364,
    "SVO": 0.011363636363636364,
    "SGD": 0.005681818181818182,
    "YYZ": 0.005681818181818182,
    "RNN": 0.005681818181818182,
    "BOJ": 0.005681818181818182,
    "CHQ": 0.005681818181818182,
    "CTA": 0.005681818181818182,
    "FAO": 0.005681818181818182,
    "KRK": 0.005681818181818182,
    "KRP": 0.005681818181818182,
    "LPA": 0.005681818181818182,
    "MLA": 0.005681818181818182,
    "ORY": 0.005681818181818182,
    "PSA": 0.005681818181818182,
    "RAK": 0.005681818181818182,
    "DXB": 0.005681818181818182,
    "SFJ": 0.005681818181818182,
    "VIE": 0.005681818181818182,
    "EIN": 0.005681818181818182,
    "SJJ": 0.005681818181818182,
    "LJU": 0.005681818181818182,
    "BEG": 0.005681818181818182,
    "CAI": 0.005681818181818182,
    "TLL": 0.005681818181818182,
    "AYT": 0.005681818181818182,
    "SAW": 0.005681818181818182,
    "DOH": 0.005681818181818182,
    "FAE": 0.005681818181818182,
    "ABZ": 0.005681818181818182,
    "AES": 0.005681818181818182,
    "BHX": 0.005681818181818182,
    "BIQ": 0.005681818181818182,
    "BLQ": 0.005681818181818182,
    "BRE": 0.005681818181818182,
    "EWR": 0.005681818181818182,
    "GDN": 0.005681818181818182,
    "GOT": 0.005681818181818182,
    "GZP": 0.005681818181818182,
    "HAJ": 0.005681818181818182,
    "IAD": 0.005681818181818182,
    "LBA": 0.005681818181818182,
    "LED": 0.005681818181818182,
    "LIN": 0.005681818181818182,
    "LPI": 0.005681818181818182,
    "MUC": 0.005681818181818182,
    "NRT": 0.005681818181818182,
    "ORD": 0.005681818181818182,
    "OTP": 0.005681818181818182,
    "PEK": 0.005681818181818182,
    "PLQ": 0.005681818181818182,
    "POZ": 0.005681818181818182,
    "PRN": 0.005681818181818182,
    "PVG": 0.005681818181818182,
    "SFO": 0.005681818181818182,
    "SKG": 0.005681818181818182,
    "STR": 0.005681818181818182,
    "SVG": 0.005681818181818182,
    "TKU": 0.005681818181818182,
    "VNO": 0.005681818181818182,
    "WRO": 0.005681818181818182,
    "SIN": 0.005681818181818182,
    "BRS": 0.005681818181818182,
    "BSL": 0.005681818181818182,
    "STN": 0.005681818181818182,
    "FLR": 0.005681818181818182,
    "HAU": 0.005681818181818182,
    "KRS": 0.005681818181818182,
    "MOL": 0.005681818181818182,
    "TRF": 0.005681818181818182,
    "ADB": 0.005681818181818182,
    "CMN": 0.002840909090909091,
    "LHE": 0.002840909090909091,
    "ISB": 0.002840909090909091
  },
  "domestic_ratio": 0.017,
  "fleet_mix": {
    "IBZ": {
      "AT76": 1.0
    },
    "BER": {
      "B738": 0.375,
      "A319": 0.25,
      "A320": 0.125,
      "DH8D": 0.125,
      "B737": 0.125
    },
    "ACA": {
      "B767": 1.0
    },
    "AFR": {
      "A318": 0.3333333333333333,
      "A319": 0.3333333333333333,
      "A320": 0.3333333333333333
    },
    "ADH": {
      "A320": 1.0
    },
    "RAM": {
      "B738": 0.6666666666666666,
      "B737": 0.3333333333333333
    },
    "FIN": {
      "A320": 0.3333333333333333,
      "A319": 0.3333333333333333,
      "A321": 0.3333333333333333
    },
    "AZA": {
      "A319": 1.0
    },
    "BAW": {
      "A321": 0.3333333333333333,
      "A320": 0.3333333333333333,
      "A319": 0.3333333333333333
    },
    "BTI": {
      "DH8D": 1.0
    },
    "CCA": {
      "CRJ9": 0.375,
      "A320": 0.25,
      "A319": 0.25,
      "A321": 0.125
    },
    "DTR": {
      "AT76": 1.0
    },
    "NAX": {
      "B738": 0.9487179487179487,
      "AT76": 0.05128205128205128
    },
    "EIN": {
      "A320": 1.0
    },
    "UAE": {
      "B777": 1.0
    },
    "ETH": {
      "A320": 0.5,
      "A321": 0.5
    },
    "BSK": {
      "A330": 1.0
    },
    "NLY": {
      "E190": 1.0
    },
    "CHH": {
      "B738": 0.4,
      "B737": 0.4,
      "A319": 0.2
    },
    "BON": {
      "AT76": 1.0
    },
    "ADR": {
      "CRJ9": 1.0
    },
    "ASL": {
      "A319": 1.0
    },
    "KLM": {
      "B737": 1.0
    },
    "LGL": {
      "DH8D": 1.0
    },
    "GEC": {
      "A319": 0.3333333333333333,
      "A321": 0.3333333333333333,
      "A320": 0.3333333333333333
    },
    "LOT": {
      "E175": 1.0
    },
    "SWR": {
      "A320": 0.5,
      "A319": 0.25,
      "A321": 0.25
    },
    "MSR": {
      "B738": 1.0
    },
    "CES": {
      "B737": 1.0
    },
    "CSA": {
      "A319": 1.0
    },
    "CTN": {
      "A319": 0.5,
      "DH8D": 0.5
    },
    "ELL": {
      "CRJ9": 0.5,
      "E175": 0.5
    },
    "PGT": {
      "B738": 0.6666666666666666,
      "A320": 0.3333333333333333
    },
    "PIA": {
      "B777": 1.0
    },
    "QTR": {
      "B787": 1.0
    },
    "TVS": {
      "A319": 1.0
    },
    "FLI": {
      "A319": 1.0
    },
    "SAS": {
      "CRJ9": 0.26153846153846155,
      "A320": 0.25384615384615383,
      "A321": 0.2076923076923077,
      "A319": 0.15384615384615385,