{
  "icao_code": "CRD",
  "iata_code": "CRD",
  "airline_shares": {
    "TIB": 0.6666666666666666,
    "ARG": 0.3333333333333333
  },
  "domestic_route_shares": {
    "NQN": 0.4444444444444444,
    "RGL": 0.2222222222222222,
    "AEP": 0.2222222222222222,
    "BRC": 0.1111111111111111
  },
  "international_route_shares": {
    "REL": 0.6666666666666666,
    "EQS": 0.3333333333333333
  },
  "domestic_ratio": 0.75,
  "fleet_mix": {
    "ARG": {
      "B737": 1.0
    }
  },
  "hourly_profile": [],
  "delay_rate": 0.0,
  "delay_distribution": {},
  "mean_delay_minutes": 0.0,
  "data_source": "openflights",
  "region": "",
  "profile_date": "2026-03-21",
  "sample_size": 12
}