{
  "icao_code": "CSX",
  "iata_code": "CSX",
  "airline_shares": {
    "CSN": 0.2608695652173913,
    "CXA": 0.09855072463768116,
    "PDC": 0.08695652173913043,
    "CHH": 0.08695652173913043,
    "CES": 0.06376811594202898,
    "CSZ": 0.06376811594202898,
    "GUN": 0.0463768115942029,
    "CSC": 0.04057971014492753,
    "EEA": 0.028985507246376812,
    "DKH": 0.02608695652173913,
    "RHC": 0.02318840579710145,
    "CCA": 0.02318840579710145,
    "CHB": 0.017391304347826087,
    "CDG": 0.017391304347826087,
    "TNA": 0.011594202898550725,
    "JAS": 0.011594202898550725,
    "KSY": 0.011594202898550725,
    "NS": 0.011594202898550725,
    "9C": 0.005797101449275362,
    "UIA": 0.005797101449275362,
    "ABL": 0.005797101449275362,
    "CPA": 0.005797101449275362,
    "GTA": 0.005797101449275362,
    "AIQ": 0.005797101449275362,
    "CSH": 0.005797101449275362,
    "HDA": 0.005797101449275362,
    "KAL": 0.005797101449275362,
    "KN": 0.005797101449275362,
    "SLK": 0.005797101449275362,
    "OZR": 0.005797101449275362
  },
  "domestic_route_shares": {
    "KMG": 0.05734767025089606,
    "XMN": 0.05017921146953405,
    "XIY": 0.05017921146953405,
    "CKG": 0.043010752688172046,
    "NKG": 0.043010752688172046,
    "CTU": 0.035842293906810034,
    "FOC": 0.035842293906810034,
    "SHA": 0.035842293906810034,
    "HGH": 0.035842293906810034,
    "SYX": 0.035842293906810034,
    "NGB": 0.035842293906810034,
    "KWE": 0.035842293906810034,
    "WNZ": 0.02867383512544803,
    "TAO": 0.02867383512544803,
    "TSN": 0.02867383512544803,
    "PEK": 0.02867383512544803,
    "HAK": 0.02867383512544803,
    "LHW": 0.02867383512544803,
    "NNG": 0.02867383512544803,
    "HET": 0.021505376344086023,
    "TNA": 0.021505376344086023,
    "TYN": 0.021505376344086023,
    "PVG": 0.017921146953405017,
    "LJG": 0.014336917562724014,
    "DYG": 0.014336917562724014,
    "HFE": 0.014336917562724014,
    "SWA": 0.014336917562724014,
    "SZX": 0.014336917562724014,
    "URC": 0.014336917562724014,
    "JJN": 0.014336917562724014,
    "WUX": 0.014336917562724014,
    "SHE": 0.007168458781362007,
    "ZHA": 0.007168458781362007,
    "BAV": 0.007168458781362007,
    "CAN": 0.007168458781362007,
    "DLC": 0.007168458781362007,
    "HRB": 0.007168458781362007,
    "INC": 0.007168458781362007,
    "SJW": 0.007168458781362007,
    "TXN": 0.007168458781362007,
    "XNN": 0.007168458781362007,
    "YCU": 0.007168458781362007,
    "YNT": 0.007168458781362007,
    "ZUH": 0.007168458781362007,
    "DSN": 0.007168458781362007,
    "YNZ": 0.007168458781362007
  },
  "international_route_shares": {
    "ICN": 0.12121212121212122,
    "TPE": 0.09090909090909091,
    "CJU": 0.06060606060606061,
    "HJJ": 0.06060606060606061,
    "HKG": 0.06060606060606061,
    "DMK": 0.06060606060606061,
    "RMQ": 0.030303030303030304,
    "LLF": 0.030303030303030304,
    "TEN": 0.030303030303030304,
    "PUS": 0.030303030303030304,
    "BHY": 0.030303030303030304,
    "BKK": 0.030303030303030304,
    "CZX": 0.030303030303030304,
    "YTY": 0.030303030303030304,
    "KHH": 0.030303030303030304,
    "LYI": 0.030303030303030304,
    "ZYI": 0.030303030303030304,
    "XUZ": 0.030303030303030304,
    "NAY": 0.030303030303030304,
    "HYN": 0.030303030303030304,
    "LZO": 0.030303030303030304,
    "MIG": 0.030303030303030304,
    "SIN": 0.030303030303030304,
    "LZH": 0.030303030303030304
  },
  "domestic_ratio": 0.809,
  "fleet_mix": {
    "CSC": {
      "A320": 0.5,
      "A319": 0.25,
      "A321": 0.25
    },
    "RHC": {
      "B738": 0.4,
      "A321": 0.4,
      "A319": 0.2
    },
    "9C": {
      "A320": 1.0
    },
    "PDC": {
      "B738": 1.0
    },
    "ABL": {
      "A321": 1.0
    },
    "CCA": {
      "B738": 0.375,
      "A321": 0.25,
      "B737": 0.25,
      "A319": 0.125
    },
    "CPA": {
      "A320": 0.5,
      "A321": 0.5
    },
    "CSN": {
      "A320": 0.6274509803921569,
      "A321": 0.17647058823529413,
      "B738": 0.11764705882352941,
      "B752": 0.058823529411764705,
      "A319": 0.0196078431372549
    },
    "EEA": {
      "A319": 1.0
    },
    "AIQ": {
      "A320": 1.0
    },
    "CSH": {
      "B738": 0.5,
      "B737": 0.5
    },
    "TNA": {
      "A320": 0.5,
      "A321": 0.5
    },
    "GUN": {
      "E190": 1.0
    },
    "DKH": {
      "A320": 1.0
    },
    "CHH": {
      "B738": 1.0
    },
    "JAS": {
      "A320": 1.0
    },
    "HDA": {
      "A320": 0.5,
      "A321": 0.5
    },
    "KAL": {
      "A330": 1.0
    },
    "KN": {
      "B737": 1.0
    },
    "KSY": {
      "B737": 1.0
    },
    "CXA": {
      "B737": 0.9411764705882353,
      "B738": 0.058823529411764705
    },
    "SLK": {
      "A320": 1.0
    },
    "CES": {
      "A320": 0.5,
      "A319": 0.21428571428571427,
      "A321": 0.14285714285714285,
      "A330": 0.07142857142857142,
      "B738": 0.07142857142857142
    },
    "NS": {
      "B738": 1.0
    },
    "OZR": {
      "A321": 1.0
    },
    "CHB": {
      "A320": 0.5,
      "A319": 0.5
    },
    "CDG": {
      "B738": 1.0
    },
    "CSZ": {
      "B738": 0.5,
      "A320": 0.3333333333333333,
      "A319": 0.16666666666666666
    }
  },
  "hourly_profile": [],
  "delay_rate": 0.0,
  "delay_distribution": {},
  "mean_delay_minutes": 0.0,
  "data_source": "openflights",
  "region": "",
  "profile_date": "2026-03-21",
  "sample_size": 345
}