{
  "icao_code": "CTA",
  "iata_code": "CTA",
  "airline_shares": {
    "ADH": 0.16304347826086957,
    "AZA": 0.13043478260869565,
    "EZY": 0.09782608695652174,
    "RYR": 0.08695652173913043,
    "BER": 0.07608695652173914,
    "GWI": 0.06521739130434782,
    "ISS": 0.06521739130434782,
    "VOE": 0.05434782608695652,
    "NAX": 0.03260869565217391,
    "TVF": 0.03260869565217391,
    "VLG": 0.03260869565217391,
    "BPA": 0.021739130434782608,
    "TRA": 0.021739130434782608,
    "AMC": 0.021739130434782608,
    "WZZ": 0.021739130434782608,
    "IBE": 0.016304347826086956,
    "BAW": 0.010869565217391304,
    "EIN": 0.010869565217391304,
    "GEC": 0.010869565217391304,
    "SWR": 0.010869565217391304,
    "DAT": 0.010869565217391304,
    "LGL": 0.005434782608695652
  },
  "domestic_route_shares": {
    "FCO": 0.18181818181818182,
    "BLQ": 0.12121212121212122,
    "TRN": 0.09090909090909091,
    "VRN": 0.09090909090909091,
    "MXP": 0.06060606060606061,
    "VCE": 0.06060606060606061,
    "LIN": 0.06060606060606061,
    "BRI": 0.06060606060606061,
    "NAP": 0.06060606060606061,
    "FLR": 0.06060606060606061,
    "PSA": 0.030303030303030304,
    "BGY": 0.030303030303030304,
    "TSF": 0.030303030303030304,
    "GOA": 0.030303030303030304,
    "PMO": 0.015151515151515152,
    "SUF": 0.015151515151515152
  },
  "international_route_shares": {
    "LGW": 0.1016949152542373,
    "DUS": 0.06779661016949153,
    "STR": 0.06779661016949153,
    "TXL": 0.06779661016949153,
    "MUC": 0.05084745762711865,
    "AMS": 0.05084745762711865,
    "HAM": 0.03389830508474576,
    "BSL": 0.03389830508474576,
    "CDG": 0.03389830508474576,
    "LYS": 0.03389830508474576,
    "SVO": 0.03389830508474576,
    "VIE": 0.03389830508474576,
    "GVA": 0.03389830508474576,
    "MAN": 0.03389830508474576,
    "BCN": 0.025423728813559324,
    "CGN": 0.01694915254237288,
    "HAJ": 0.01694915254237288,
    "FRA": 0.01694915254237288,
    "ZRH": 0.01694915254237288,
    "ARN": 0.01694915254237288,
    "CPH": 0.01694915254237288,
    "DUB": 0.01694915254237288,
    "EIN": 0.01694915254237288,
    "MAD": 0.01694915254237288,
    "MRS": 0.01694915254237288,
    "MLA": 0.01694915254237288,
    "BRU": 0.01694915254237288,
    "ORY": 0.01694915254237288,
    "LTN": 0.01694915254237288,
    "AOI": 0.01694915254237288,
    "BUD": 0.01694915254237288,
    "OTP": 0.01694915254237288,
    "LUX": 0.00847457627118644
  },
  "domestic_ratio": 0.359,
  "fleet_mix": {
    "GWI": {
      "A319": 0.8333333333333334,
      "CRJ9": 0.16666666666666666
    },
    "BER": {
      "A320": 0.4375,
      "B738": 0.25,
      "A321": 0.1875,
      "A319": 0.125
    },
    "ADH": {
      "A320": 1.0
    },
    "AZA": {
      "A320": 0.7058823529411765,
      "A319": 0.11764705882352941,
      "A321": 0.058823529411764705,
      "E175": 0.058823529411764705,
      "E190": 0.058823529411764705
    },
    "BAW": {
      "A319": 1.0
    },
    "BPA": {
      "B737": 1.0
    },
    "NAX": {
      "B738": 1.0
    },
    "EIN": {
      "A320": 1.0
    },
    "RYR": {
      "B738": 1.0
    },
    "TRA": {
      "B738": 1.0
    },
    "IBE": {
      "A320": 1.0
    },
    "ISS": {
      "B737": 0.6666666666666666,
      "A320": 0.3333333333333333
    },
    "AMC": {
      "A319": 0.6666666666666666,
      "A320": 0.3333333333333333
    },
    "LGL": {
      "B738": 1.0
    },
    "GEC": {
      "E190": 0.5,
      "A321": 0.5
    },
    "SWR": {
      "A320": 1.0
    },
    "DAT": {
      "A319": 1.0
    },
    "TVF": {
      "B738": 1.0
    },
    "EZY": {
      "A319": 0.7272727272727273,
      "A320": 0.2727272727272727
    },
    "VLG": {
      "A320": 0.6666666666666666,
      "A319": 0.3333333333333333
    },
    "WZZ": {
      "A320": 1.0
    }
  },
  "hourly_profile": [],
  "delay_rate": 0.0,
  "delay_distribution": {},
  "mean_delay_minutes": 0.0,
  "data_source": "openflights",
  "region": "",
  "profile_date": "2026-03-21",
  "sample_size": 184
}