{
  "icao_code": "CTS",
  "iata_code": "CTS",
  "airline_shares": {
    "ANA": 0.2413793103448276,
    "SKY": 0.13793103448275862,
    "ADO": 0.13793103448275862,
    "JAL": 0.06896551724137931,
    "GK": 0.05172413793103448,
    "IBX": 0.034482758620689655,
    "NES": 0.034482758620689655,
    "KAL": 0.034482758620689655,
    "AAL": 0.017241379310344827,
    "EVA": 0.017241379310344827,
    "CCA": 0.017241379310344827,
    "CAL": 0.017241379310344827,
    "CPA": 0.017241379310344827,
    "TNA": 0.017241379310344827,
    "HAL": 0.017241379310344827,
    "SOZ": 0.017241379310344827,
    "APW": 0.017241379310344827,
    "JNA": 0.017241379310344827,
    "MM": 0.017241379310344827,
    "CES": 0.017241379310344827,
    "THA": 0.017241379310344827,
    "TWB": 0.017241379310344827,
    "UAL": 0.017241379310344827
  },
  "domestic_route_shares": {
    "NRT": 0.14084507042253522,
    "SDJ": 0.1267605633802817,
    "HND": 0.11267605633802817,
    "KIX": 0.11267605633802817,
    "FUK": 0.08450704225352113,
    "NGO": 0.08450704225352113,
    "UKB": 0.08450704225352113,
    "ITM": 0.08450704225352113,
    "FSZ": 0.056338028169014086,
    "KIJ": 0.028169014084507043,
    "KMQ": 0.028169014084507043,
    "OKJ": 0.028169014084507043,
    "HIJ": 0.028169014084507043
  },
  "international_route_shares": {
    "TPE": 0.13333333333333333,
    "ICN": 0.13333333333333333,
    "IBR": 0.044444444444444446,
    "YGJ": 0.044444444444444446,
    "PEK": 0.044444444444444446,
    "HKG": 0.044444444444444446,
    "FKS": 0.044444444444444446,
    "TOY": 0.044444444444444446,
    "UUS": 0.044444444444444446,
    "MMJ": 0.044444444444444446,
    "PUS": 0.044444444444444446,
    "PVG": 0.044444444444444446,
    "KUH": 0.044444444444444446,
    "MMB": 0.044444444444444446,
    "SHB": 0.044444444444444446,
    "WKJ": 0.044444444444444446,
    "BKK": 0.044444444444444446,
    "GUM": 0.044444444444444446,
    "HNL": 0.022222222222222223
  },
  "domestic_ratio": 0.612,
  "fleet_mix": {
    "AAL": {
      "B777": 1.0
    },
    "SKY": {
      "B737": 1.0
    },
    "EVA": {
      "A330": 1.0
    },
    "CCA": {
      "B738": 1.0
    },
    "CAL": {
      "B744": 0.5,
      "B738": 0.5
    },
    "CPA": {
      "B744": 0.5,
      "A330": 0.5
    },
    "IBX": {
      "CRJ9": 1.0
    },
    "GK": {
      "A320": 1.0
    },
    "HAL": {
      "B767": 1.0
    },
    "ADO": {
      "B767": 1.0
    },
    "SOZ": {
      "B737": 1.0
    },
    "NES": {
      "E175": 1.0
    },
    "JAL": {
      "B738": 0.5714285714285714,
      "B777": 0.2857142857142857,
      "B767": 0.14285714285714285
    },
    "APW": {
      "A320": 1.0
    },
    "KAL": {
      "B738": 0.4,
      "B744": 0.2,
      "A330": 0.2,
      "B777": 0.2
    },
    "JNA": {
      "B738": 1.0
    },
    "MM": {
      "A320": 1.0
    },
    "CES": {
      "A321": 0.5,
      "A320": 0.5
    },
    "ANA": {
      "B737": 0.36585365853658536,
      "A320": 0.24390243902439024,
      "B777": 0.1951219512195122,
      "B767": 0.14634146341463414,
      "B787": 0.04878048780487805
    },
    "THA": {
      "B777": 1.0
    },
    "TWB": {
      "B737": 1.0
    },
    "UAL": {
      "B738": 1.0
    }
  },
  "hourly_profile": [],
  "delay_rate": 0.0,
  "delay_distribution": {},
  "mean_delay_minutes": 0.0,
  "data_source": "openflights",
  "region": "",
  "profile_date": "2026-03-21",
  "sample_size": 116
}