{
  "icao_code": "CTU",
  "iata_code": "CTU",
  "airline_shares": {
    "CCA": 0.245136186770428,
    "CSC": 0.21011673151750973,
    "CES": 0.0933852140077821,
    "EEA": 0.08949416342412451,
    "CSN": 0.07003891050583658,
    "CSZ": 0.054474708171206226,
    "VEX": 0.0311284046692607,
    "CHH": 0.027237354085603113,
    "CXA": 0.019455252918287938,
    "RHC": 0.01556420233463035,
    "CDG": 0.01556420233463035,
    "CSH": 0.011673151750972763,
    "JAS": 0.011673151750972763,
    "9C": 0.007782101167315175,
    "DKH": 0.007782101167315175,
    "HVN": 0.007782101167315175,
    "AZA": 0.0038910505836575876,
    "BAW": 0.0038910505836575876,
    "PDC": 0.0038910505836575876,
    "EVA": 0.0038910505836575876,
    "CAL": 0.0038910505836575876,
    "CPA": 0.0038910505836575876,
    "XAX": 0.0038910505836575876,
    "ETD": 0.0038910505836575876,
    "WCP": 0.0038910505836575876,
    "CRK": 0.0038910505836575876,
    "HDA": 0.0038910505836575876,
    "KLM": 0.0038910505836575876,
    "KN": 0.0038910505836575876,
    "KSY": 0.0038910505836575876,
    "SLK": 0.0038910505836575876,
    "ANA": 0.0038910505836575876,
    "NS": 0.0038910505836575876,
    "AMU": 0.0038910505836575876,
    "OZR": 0.0038910505836575876,
    "QTR": 0.0038910505836575876,
    "THA": 0.0038910505836575876
  },
  "domestic_route_shares": {
    "KMG": 0.0449438202247191,
    "SZX": 0.03932584269662921,
    "WUH": 0.03932584269662921,
    "CAN": 0.033707865168539325,
    "HGH": 0.033707865168539325,
    "PVG": 0.033707865168539325,
    "TNA": 0.033707865168539325,
    "XIY": 0.033707865168539325,
    "SHA": 0.033707865168539325,
    "CSX": 0.028089887640449437,
    "KWE": 0.028089887640449437,
    "LXA": 0.028089887640449437,
    "NKG": 0.028089887640449437,
    "PEK": 0.028089887640449437,
    "TSN": 0.028089887640449437,
    "HAK": 0.02247191011235955,
    "HFE": 0.02247191011235955,
    "KHN": 0.02247191011235955,
    "LJG": 0.02247191011235955,
    "SYX": 0.02247191011235955,
    "TAO": 0.02247191011235955,
    "TYN": 0.02247191011235955,
    "URC": 0.02247191011235955,
    "XMN": 0.02247191011235955,
    "XNN": 0.02247191011235955,
    "CGO": 0.016853932584269662,
    "LHW": 0.016853932584269662,
    "NNG": 0.016853932584269662,
    "SJW": 0.016853932584269662,
    "WNZ": 0.016853932584269662,
    "WUX": 0.016853932584269662,
    "KWL": 0.016853932584269662,
    "HET": 0.011235955056179775,
    "INC": 0.011235955056179775,
    "JHG": 0.011235955056179775,
    "SHE": 0.011235955056179775,
    "FOC": 0.011235955056179775,
    "NGB": 0.011235955056179775,
    "SWA": 0.011235955056179775,
    "YNT": 0.011235955056179775,
    "CKG": 0.0056179775280898875,
    "DSN": 0.0056179775280898875,
    "CGQ": 0.0056179775280898875,
    "HRB": 0.0056179775280898875,
    "KHG": 0.0056179775280898875,
    "YCU": 0.0056179775280898875,
    "YIW": 0.0056179775280898875,
    "ZHA": 0.0056179775280898875,
    "ZUH": 0.0056179775280898875,
    "BAV": 0.0056179775280898875,
    "LYG": 0.0056179775280898875,
    "TXN": 0.0056179775280898875,
    "JJN": 0.0056179775280898875
  },
  "international_route_shares": {
    "HKG": 0.0759493670886076,
    "JZH": 0.0759493670886076,
    "DCY": 0.0379746835443038,
    "LZY": 0.0379746835443038,
    "TPE": 0.0379746835443038,
    "ICN": 0.02531645569620253,
    "PZI": 0.02531645569620253,
    "XIC": 0.02531645569620253,
    "AUH": 0.02531645569620253,
    "CZX": 0.02531645569620253,
    "MFM": 0.02531645569620253,
    "SIN": 0.02531645569620253,
    "BKK": 0.02531645569620253,
    "HDG": 0.012658227848101266,
    "HKT": 0.012658227848101266,
    "JIQ": 0.012658227848101266,
    "KOW": 0.012658227848101266,
    "LUM": 0.012658227848101266,
    "MEL": 0.012658227848101266,
    "TSA": 0.012658227848101266,
    "WXN": 0.012658227848101266,
    "XUZ": 0.012658227848101266,
    "YIH": 0.012658227848101266,
    "YTY": 0.012658227848101266,
    "TCZ": 0.012658227848101266,
    "LHR": 0.012658227848101266,
    "AKU": 0.012658227848101266,
    "BOM": 0.012658227848101266,
    "BPX": 0.012658227848101266,
    "CIH": 0.012658227848101266,
    "FRA": 0.012658227848101266,
    "KHI": 0.012658227848101266,
    "KRL": 0.012658227848101266,
    "KTM": 0.012658227848101266,
    "UYN": 0.012658227848101266,
    "YIN": 0.012658227848101266,
    "NNY": 0.012658227848101266,
    "KUL": 0.012658227848101266,
    "BHY": 0.012658227848101266,
    "JGS": 0.012658227848101266,
    "JNG": 0.012658227848101266,
    "LZH": 0.012658227848101266,
    "ZYI": 0.012658227848101266,
    "KHH": 0.012658227848101266,
    "JUH": 0.012658227848101266,
    "AMS": 0.012658227848101266,
    "NAY": 0.012658227848101266,
    "DIG": 0.012658227848101266,
    "DLU": 0.012658227848101266,
    "KGT": 0.012658227848101266,
    "NRT": 0.012658227848101266,
    "DOH": 0.012658227848101266,
    "JDZ": 0.012658227848101266,
    "DAD": 0.012658227848101266,
    "HAN": 0.012658227848101266
  },
  "domestic_ratio": 0.693,
  "fleet_mix": {
    "CSC": {
      "A320": 0.39655172413793105,
      "A319": 0.3448275862068966,
      "A321": 0.25862068965517243
    },
    "RHC": {
      "B737": 0.8,
      "A321": 0.2
    },
    "9C": {
      "A320": 1.0
    },
    "AZA": {
      "A330": 1.0
    },
    "BAW": {
      "B787": 0.6666666666666666,
      "B777": 0.3333333333333333
    },
    "PDC": {
      "B738": 1.0
    },
    "EVA": {
      "A330": 1.0
    },
    "CCA": {
      "A319": 0.38271604938271603,
      "A320": 0.2962962962962963,
      "A321": 0.2345679012345679,
      "A330": 0.037037037037037035,
      "B738": 0.037037037037037035,
      "B777": 0.012345679012345678
    },
    "CAL": {
      "B744": 1.0
    },
    "CPA": {
      "A320": 0.3333333333333333,
      "A330": 0.3333333333333333,
      "A321": 0.3333333333333333
    },
    "CSN": {
      "A320": 0.30357142857142855,
      "B738": 0.25,
      "A321": 0.19642857142857142,
      "B737": 0.07142857142857142,
      "E190": 0.03571428571428571,
      "B777": 0.03571428571428571,
      "A330": 0.03571428571428571,
      "A319": 0.03571428571428571,
      "B752": 0.03571428571428571
    },
    "EEA": {
      "A319": 1.0
    },
    "ETD": {
      "A330": 1.0
    },
    "CSH": {
      "B738": 0.5,
      "B737": 0.5
    },
    "DKH": {
      "A320": 0.5,
      "A321": 0.5
    },
    "CHH": {
      "B738": 0.625,
      "A330": 0.25,
      "B737": 0.125
    },
    "CRK": {
      "A330": 1.0
    },
    "JAS": {
      "A319": 0.6666666666666666,
      "A320": 0.3333333333333333
    },
    "HDA": {
      "A320": 0.3333333333333333,
      "A330": 0.3333333333333333,
      "A321": 0.3333333333333333
    },
    "KN": {
      "B737": 1.0
    },
    "KSY": {
      "B737": 1.0
    },
    "CXA": {
      "B737": 1.0
    },
    "SLK": {
      "A320": 0.5,
      "A319": 0.5
    },
    "CES": {
      "A320": 0.36065573770491804,
      "A319": 0.22950819672131148,
      "B738": 0.16393442622950818,
      "B737": 0.13114754098360656,
      "A321": 0.08196721311475409,
      "B767": 0.03278688524590164
    },
    "ANA": {
      "B767": 1.0
    },
    "NS": {
      "B737": 1.0
    },
    "AMU": {
      "A321": 0.5,
      "A320": 0.5
    },
    "OZR": {
      "A321": 1.0
    },
    "QTR": {
      "A330": 1.0
    },
    "CDG": {
      "B738": 1.0
    },
    "THA": {
      "A330": 1.0
    },
    "VEX": {
      "A319": 1.0
    },
    "HVN": {
      "A321": 1.0
    },
    "CSZ": {
      "B738": 0.4666666666666667,
      "A320": 0.3333333333333333,
      "A319": 0.2
    }
  },
  "hourly_profile": [],
  "delay_rate": 0.0,
  "delay_distribution": {},
  "mean_delay_minutes": 0.0,
  "data_source": "openflights",
  "region": "",
  "profile_date": "2026-03-21",
  "sample_size": 514
}