{
  "icao_code": "CUL",
  "iata_code": "CUL",
  "airline_shares": {
    "VB": 0.3076923076923077,
    "VOI": 0.3076923076923077,
    "AMX": 0.15384615384615385,
    "DAL": 0.15384615384615385,
    "4O": 0.07692307692307693
  },
  "domestic_route_shares": {
    "MEX": 0.25,
    "TIJ": 0.25,
    "MTY": 0.25,
    "HMO": 0.08333333333333333,
    "SJD": 0.08333333333333333,
    "GDL": 0.08333333333333333
  },
  "international_route_shares": {
    "LAP": 1.0
  },
  "domestic_ratio": 0.923,
  "fleet_mix": {
    "4O": {
      "A320": 1.0
    },
    "AMX": {
      "B737": 0.5,
      "B738": 0.5
    },
    "VOI": {
      "A319": 0.5,
      "A320": 0.5
    }
  },
  "hourly_profile": [],
  "delay_rate": 0.0,
  "delay_distribution": {},
  "mean_delay_minutes": 0.0,
  "data_source": "openflights",
  "region": "",
  "profile_date": "2026-03-21",
  "sample_size": 26
}