{
  "icao_code": "CUN",
  "iata_code": "CUN",
  "airline_shares": {
    "VOI": 0.09701492537313433,
    "DAL": 0.08208955223880597,
    "VB": 0.07462686567164178,
    "UAL": 0.06716417910447761,
    "AAL": 0.05970149253731343,
    "USA": 0.05970149253731343,
    "TRS": 0.05223880597014925,
    "FFT": 0.04477611940298507,
    "WJA": 0.04477611940298507,
    "AMX": 0.03731343283582089,
    "TSC": 0.033582089552238806,
    "JBU": 0.029850746268656716,
    "4O": 0.022388059701492536,
    "ACA": 0.022388059701492536,
    "NKS": 0.022388059701492536,
    "TVF": 0.018656716417910446,
    "ZTF": 0.014925373134328358,
    "AVA": 0.014925373134328358,
    "BPA": 0.014925373134328358,
    "LAN": 0.014925373134328358,
    "SCX": 0.014925373134328358,
    "TOM": 0.014925373134328358,
    "VRD": 0.014925373134328358,
    "TFL": 0.011194029850746268,
    "TCX": 0.011194029850746268,
    "N78": 0.007462686567164179,
    "BER": 0.007462686567164179,
    "ARG": 0.007462686567164179,
    "BAW": 0.007462686567164179,
    "CCA": 0.007462686567164179,
    "CMP": 0.007462686567164179,
    "CUB": 0.007462686567164179,
    "CFG": 0.007462686567164179,
    "CXS": 0.007462686567164179,
    "EB": 0.007462686567164179,
    "SEU": 0.007462686567164179,
    "TSO": 0.007462686567164179,
    "AEA": 0.007462686567164179,
    "VIR": 0.007462686567164179
  },
  "domestic_route_shares": {
    "MEX": 0.16666666666666666,
    "MTY": 0.125,
    "TLC": 0.08333333333333333,
    "GDL": 0.08333333333333333,
    "VER": 0.08333333333333333,
    "CZM": 0.041666666666666664,
    "MID": 0.041666666666666664,
    "OAX": 0.041666666666666664,
    "VSA": 0.041666666666666664,
    "AGU": 0.041666666666666664,
    "BJX": 0.041666666666666664,
    "CUU": 0.041666666666666664,
    "HMO": 0.041666666666666664,
    "PBC": 0.041666666666666664,
    "QRO": 0.041666666666666664,
    "TIJ": 0.041666666666666664
  },
  "international_route_shares": {
    "JFK": 0.045454545454545456,
    "LGW": 0.04090909090909091,
    "BOS": 0.03636363636363636,
    "DFW": 0.03636363636363636,
    "LAX": 0.03636363636363636,
    "MAD": 0.03636363636363636,
    "MIA": 0.02727272727272727,
    "ORD": 0.02727272727272727,
    "PHL": 0.02727272727272727,
    "YUL": 0.02727272727272727,
    "YYZ": 0.02727272727272727,
    "DEN": 0.02727272727272727,
    "MAN": 0.02727272727272727,
    "YYC": 0.022727272727272728,
    "HAV": 0.022727272727272728,
    "CLT": 0.01818181818181818,
    "PHX": 0.01818181818181818,
    "FLL": 0.01818181818181818,
    "MCO": 0.01818181818181818,
    "IAH": 0.01818181818181818,
    "ATL": 0.01818181818181818,
    "DTW": 0.01818181818181818,
    "MSP": 0.01818181818181818,
    "CLE": 0.01818181818181818,
    "AUS": 0.01818181818181818,
    "YVR": 0.01818181818181818,
    "SFO": 0.01818181818181818,
    "YHZ": 0.013636363636363636,
    "BZE": 0.00909090909090909,
    "DUS": 0.00909090909090909,
    "EZE": 0.00909090909090909,
    "BOG": 0.00909090909090909,
    "SAL": 0.00909090909090909,
    "MXP": 0.00909090909090909,
    "PTY": 0.00909090909090909,
    "FRA": 0.00909090909090909,
    "CVG": 0.00909090909090909,
    "IND": 0.00909090909090909,
    "RDU": 0.00909090909090909,
    "SLC": 0.00909090909090909,
    "MCI": 0.00909090909090909,
    "PIT": 0.00909090909090909,
    "STL": 0.00909090909090909,
    "BWI": 0.00909090909090909,
    "MDW": 0.00909090909090909,
    "MKE": 0.00909090909090909,
    "SAT": 0.00909090909090909,
    "SCL": 0.00909090909090909,
    "CDG": 0.00909090909090909,
    "EWR": 0.00909090909090909,
    "IAD": 0.00909090909090909,
    "VKO": 0.00909090909090909,
    "REX": 0.00909090909090909,
    "TAM": 0.00909090909090909,
    "TGZ": 0.00909090909090909,
    "TRC": 0.00909090909090909,
    "YEG": 0.00909090909090909,
    "SLP": 0.00909090909090909,
    "FCO": 0.004545454545454545,
    "AMS": 0.004545454545454545,
    "HOG": 0.004545454545454545,
    "VRA": 0.004545454545454545,
    "GLA": 0.004545454545454545,
    "YQB": 0.004545454545454545
  },
  "domestic_ratio": 0.179,
  "fleet_mix": {
    "4O": {
      "A320": 1.0
    },
    "AAL": {
      "B738": 0.3076923076923077,
      "A321": 0.23076923076923078,
      "A319": 0.15384615384615385,
      "A320": 0.15384615384615385,
      "B737": 0.07692307692307693,
      "A330": 0.07692307692307693
    },
    "BER": {
      "A330": 1.0
    },
    "ACA": {
      "A319": 1.0
    },
    "AMX": {
      "B738": 0.375,
      "B737": 0.25,
      "A330": 0.125,
      "B767": 0.125,
      "B787": 0.125
    },
    "AVA": {
      "A320": 0.4,
      "A319": 0.2,
      "A321": 0.2,
      "E190": 0.2
    },
    "JBU": {
      "A320": 0.6,
      "E190": 0.4
    },
    "BAW": {
      "B777": 1.0
    },
    "BPA": {
      "B767": 1.0
    },
    "CCA": {
      "B739": 1.0
    },
    "CMP": {
      "B738": 0.5,
      "B737": 0.5
    },
    "CUB": {
      "A320": 0.5,
      "A319": 0.5
    },
    "CFG": {
      "B767": 1.0
    },
    "DAL": {
      "A320": 0.8,
      "B738": 0.2
    },
    "CXS": {
      "A330": 1.0
    },
    "EB": {
      "B744": 1.0
    },
    "FFT": {
      "A320": 0.8333333333333334,
      "A319": 0.16666666666666666
    },
    "TRS": {
      "B737": 1.0
    },
    "LAN": {
      "B767": 1.0
    },
    "NKS": {
      "A320": 0.6666666666666666,
      "A319": 0.3333333333333333
    },
    "TFL": {
      "B767": 1.0
    },
    "SEU": {
      "A330": 1.0
    },
    "SCX": {
      "B738": 1.0
    },
    "TCX": {
      "A330": 1.0
    },
    "TVF": {
      "B787": 1.0
    },
    "TOM": {
      "B787": 1.0
    },
    "UAL": {
      "B739": 0.5454545454545454,
      "B738": 0.3939393939393939,
      "B752": 0.06060606060606061
    },
    "USA": {
      "B738": 0.2857142857142857,
      "A321": 0.21428571428571427,
      "A319": 0.14285714285714285,
      "A320": 0.14285714285714285,
      "B752": 0.14285714285714285,
      "A330": 0.07142857142857142
    },
    "AEA": {
      "A330": 1.0
    },
    "VIR": {
      "B744": 1.0
    },
    "VRD": {
      "A320": 1.0
    },
    "WJA": {
      "B738": 1.0
    },
    "VOI": {
      "A320": 0.7647058823529411,
      "A319": 0.23529411764705882
    }
  },
  "hourly_profile": [],
  "delay_rate": 0.0,
  "delay_distribution": {},
  "mean_delay_minutes": 0.0,
  "data_source": "openflights",
  "region": "",
  "profile_date": "2026-03-21",
  "sample_size": 268
}