{
  "icao_code": "CUR",
  "iata_code": "CUR",
  "airline_shares": {
    "7I": 0.4838709677419355,
    "TFL": 0.0967741935483871,
    "KLM": 0.04838709677419355,
    "TNM": 0.03225806451612903,
    "VC9": 0.03225806451612903,
    "AAL": 0.03225806451612903,
    "BER": 0.03225806451612903,
    "AVA": 0.03225806451612903,
    "CMP": 0.03225806451612903,
    "VSV": 0.03225806451612903,
    "LIA": 0.03225806451612903,
    "SLM": 0.03225806451612903,
    "USA": 0.03225806451612903,
    "WM": 0.03225806451612903,
    "3S": 0.016129032258064516
  },
  "domestic_route_shares": {},
  "international_route_shares": {
    "BON": 0.11290322580645161,
    "MIA": 0.0967741935483871,
    "POS": 0.0967741935483871,
    "AUA": 0.08064516129032258,
    "SDQ": 0.08064516129032258,
    "CCS": 0.06451612903225806,
    "AMS": 0.06451612903225806,
    "SXM": 0.04838709677419355,
    "BRM": 0.03225806451612903,
    "CLT": 0.03225806451612903,
    "KIN": 0.03225806451612903,
    "LSP": 0.03225806451612903,
    "MAR": 0.03225806451612903,
    "MDE": 0.03225806451612903,
    "PBM": 0.03225806451612903,
    "VLN": 0.03225806451612903,
    "DUS": 0.03225806451612903,
    "BOG": 0.03225806451612903,
    "PTY": 0.03225806451612903
  },
  "domestic_ratio": 0.0,
  "fleet_mix": {
    "3S": {
      "AT76": 1.0
    },
    "AAL": {
      "B738": 1.0
    },
    "BER": {
      "A330": 1.0
    },
    "AVA": {
      "A319": 0.3333333333333333,
      "A318": 0.3333333333333333,
      "A320": 0.3333333333333333
    },
    "CMP": {
      "E190": 1.0
    },
    "LIA": {
      "AT76": 1.0
    },
    "TFL": {
      "B767": 1.0
    },
    "USA": {
      "B738": 1.0
    }
  },
  "hourly_profile": [],
  "delay_rate": 0.0,
  "delay_distribution": {},
  "mean_delay_minutes": 0.0,
  "data_source": "openflights",
  "region": "",
  "profile_date": "2026-03-21",
  "sample_size": 62
}