{
  "icao_code": "CUU",
  "iata_code": "CUU",
  "airline_shares": {
    "VOI": 0.5882352941176471,
    "4O": 0.11764705882352941,
    "AMX": 0.11764705882352941,
    "VB": 0.11764705882352941,
    "DAL": 0.058823529411764705
  },
  "domestic_route_shares": {
    "MEX": 0.35294117647058826,
    "MTY": 0.29411764705882354,
    "CUN": 0.11764705882352941,
    "GDL": 0.11764705882352941,
    "TIJ": 0.11764705882352941
  },
  "international_route_shares": {},
  "domestic_ratio": 1.0,
  "fleet_mix": {
    "4O": {
      "A320": 1.0
    },
    "AMX": {
      "B737": 1.0
    },
    "VOI": {
      "A319": 0.6,
      "A320": 0.4
    }
  },
  "hourly_profile": [],
  "delay_rate": 0.0,
  "delay_distribution": {},
  "mean_delay_minutes": 0.0,
  "data_source": "openflights",
  "region": "",
  "profile_date": "2026-03-21",
  "sample_size": 17
}