{
  "icao_code": "CVG",
  "iata_code": "CVG",
  "airline_shares": {
    "DAL": 0.625,
    "USA": 0.16666666666666666,
    "FFT": 0.05555555555555555,
    "AAY": 0.05555555555555555,
    "AAL": 0.041666666666666664,
    "FLG": 0.027777777777777776,
    "P1": 0.027777777777777776
  },
  "domestic_route_shares": {
    "ATL": 0.06666666666666667,
    "CLT": 0.06666666666666667,
    "PHL": 0.06666666666666667,
    "ORD": 0.05,
    "BOS": 0.03333333333333333,
    "FLL": 0.03333333333333333,
    "GRR": 0.03333333333333333,
    "LAS": 0.03333333333333333,
    "LAX": 0.03333333333333333,
    "LGA": 0.03333333333333333,
    "MCI": 0.03333333333333333,
    "MCO": 0.03333333333333333,
    "PIT": 0.03333333333333333,
    "RDU": 0.03333333333333333,
    "RIC": 0.03333333333333333,
    "RSW": 0.03333333333333333,
    "SFO": 0.03333333333333333,
    "SLC": 0.03333333333333333,
    "TPA": 0.03333333333333333,
    "JFK": 0.03333333333333333,
    "DEN": 0.03333333333333333,
    "SFB": 0.03333333333333333,
    "DCA": 0.03333333333333333,
    "DFW": 0.03333333333333333,
    "MIA": 0.03333333333333333,
    "BWI": 0.016666666666666666,
    "DTW": 0.016666666666666666,
    "STL": 0.016666666666666666
  },
  "international_route_shares": {
    "CDG": 0.16666666666666666,
    "CUN": 0.16666666666666666,
    "PUJ": 0.16666666666666666,
    "TTN": 0.16666666666666666,
    "PGD": 0.16666666666666666,
    "MMU": 0.16666666666666666
  },
  "domestic_ratio": 0.833,
  "fleet_mix": {
    "FLG": {
      "CRJ9": 1.0
    },
    "AAL": {
      "CRJ9": 1.0
    },
    "DAL": {
      "A320": 0.4482758620689655,
      "B738": 0.3103448275862069,
      "CRJ7": 0.13793103448275862,
      "A319": 0.06896551724137931,
      "CRJ9": 0.034482758620689655
    },
    "FFT": {
      "A319": 0.6666666666666666,
      "A320": 0.3333333333333333
    },
    "AAY": {
      "A320": 1.0
    },
    "USA": {
      "CRJ9": 1.0
    }
  },
  "hourly_profile": [],
  "delay_rate": 0.0,
  "delay_distribution": {},
  "mean_delay_minutes": 0.0,
  "data_source": "openflights",
  "region": "",
  "profile_date": "2026-03-21",
  "sample_size": 72
}