{
  "icao_code": "CWB",
  "iata_code": "CWB",
  "airline_shares": {
    "AZU": 0.2631578947368421,
    "SEH": 0.2631578947368421,
    "TAM": 0.21052631578947367,
    "NHG": 0.10526315789473684,
    "ONE": 0.05263157894736842,
    "5Q": 0.02631578947368421,
    "AAL": 0.02631578947368421,
    "USA": 0.02631578947368421,
    "MRS": 0.02631578947368421
  },
  "domestic_route_shares": {
    "POA": 0.17391304347826086,
    "GRU": 0.13043478260869565,
    "IGU": 0.13043478260869565,
    "BSB": 0.13043478260869565,
    "VCP": 0.08695652173913043,
    "CGH": 0.08695652173913043,
    "GIG": 0.08695652173913043,
    "CNF": 0.043478260869565216,
    "SDU": 0.043478260869565216,
    "SSA": 0.043478260869565216,
    "FLN": 0.043478260869565216
  },
  "international_route_shares": {
    "LDB": 0.2,
    "MGF": 0.13333333333333333,
    "MVD": 0.06666666666666667,
    "MIA": 0.06666666666666667,
    "CAC": 0.06666666666666667,
    "CXJ": 0.06666666666666667,
    "EZE": 0.06666666666666667,
    "CFC": 0.06666666666666667,
    "GPB": 0.06666666666666667,
    "XAP": 0.06666666666666667,
    "CGR": 0.06666666666666667,
    "RAO": 0.06666666666666667
  },
  "domestic_ratio": 0.605,
  "fleet_mix": {
    "5Q": {
      "AT76": 1.0
    },
    "AAL": {
      "B767": 1.0
    },
    "AZU": {
      "E190": 0.7777777777777778,
      "AT76": 0.2222222222222222
    },
    "SEH": {
      "B737": 0.5,
      "B738": 0.5
    },
    "TAM": {
      "A320": 0.8888888888888888,
      "A319": 0.1111111111111111
    },
    "ONE": {
      "A318": 1.0
    },
    "USA": {
      "B767": 1.0
    }
  },
  "hourly_profile": [],
  "delay_rate": 0.0,
  "delay_distribution": {},
  "mean_delay_minutes": 0.0,
  "data_source": "openflights",
  "region": "",
  "profile_date": "2026-03-21",
  "sample_size": 76
}