{
  "icao_code": "CWL",
  "iata_code": "CWL",
  "airline_shares": {
    "TVF": 0.3488372093023256,
    "BCY": 0.18604651162790697,
    "VLG": 0.13953488372093023,
    "BEE": 0.09302325581395349,
    "GWI": 0.046511627906976744,
    "AMC": 0.046511627906976744,
    "EZE": 0.046511627906976744,
    "TOM": 0.046511627906976744,
    "HCW": 0.046511627906976744
  },
  "domestic_route_shares": {
    "NCL": 0.3333333333333333,
    "EDI": 0.3333333333333333,
    "GLA": 0.3333333333333333
  },
  "international_route_shares": {
    "JER": 0.10810810810810811,
    "AGP": 0.10810810810810811,
    "ALC": 0.10810810810810811,
    "TFS": 0.10810810810810811,
    "DUS": 0.05405405405405406,
    "BHD": 0.05405405405405406,
    "MLA": 0.05405405405405406,
    "DLM": 0.05405405405405406,
    "LCA": 0.05405405405405406,
    "PMI": 0.05405405405405406,
    "VLY": 0.05405405405405406,
    "BCN": 0.05405405405405406,
    "ORY": 0.05405405405405406,
    "HER": 0.02702702702702703,
    "RHO": 0.02702702702702703,
    "NBE": 0.02702702702702703
  },
  "domestic_ratio": 0.14,
  "fleet_mix": {
    "GWI": {
      "CRJ9": 1.0
    },
    "BEE": {
      "DH8D": 1.0
    },
    "AMC": {
      "A320": 1.0
    },
    "TVF": {
      "B738": 1.0
    },
    "TOM": {
      "B738": 1.0
    },
    "VLG": {
      "A320": 1.0
    }
  },
  "hourly_profile": [],
  "delay_rate": 0.0,
  "delay_distribution": {},
  "mean_delay_minutes": 0.0,
  "data_source": "openflights",
  "region": "",
  "profile_date": "2026-03-21",
  "sample_size": 43
}