{
  "icao_code": "CZL",
  "iata_code": "CZL",
  "airline_shares": {
    "DAH": 0.75,
    "AAF": 0.25
  },
  "domestic_route_shares": {
    "ALG": 0.5,
    "ORN": 0.5
  },
  "international_route_shares": {
    "LYS": 0.14285714285714285,
    "MLH": 0.14285714285714285,
    "MRS": 0.14285714285714285,
    "ORY": 0.14285714285714285,
    "AZR": 0.07142857142857142,
    "CDG": 0.07142857142857142,
    "GHA": 0.07142857142857142,
    "HME": 0.07142857142857142,
    "IST": 0.07142857142857142,
    "NCE": 0.07142857142857142
  },
  "domestic_ratio": 0.125,
  "fleet_mix": {
    "DAH": {
      "B738": 0.8571428571428571,
      "B767": 0.14285714285714285
    },
    "AAF": {
      "A320": 0.5,
      "A319": 0.5
    }
  },
  "hourly_profile": [],
  "delay_rate": 0.0,
  "delay_distribution": {},
  "mean_delay_minutes": 0.0,
  "data_source": "openflights",
  "region": "",
  "profile_date": "2026-03-21",
  "sample_size": 32
}