{
  "icao_code": "DAC",
  "iata_code": "DAC",
  "airline_shares": {
    "BBC": 0.21232876712328766,
    "UBD": 0.18493150684931506,
    "RPO": 0.1095890410958904,
    "VKH": 0.0547945205479452,
    "JAI": 0.0410958904109589,
    "SVA": 0.0410958904109589,
    "AIC": 0.0273972602739726,
    "CPA": 0.0273972602739726,
    "HDA": 0.0273972602739726,
    "DRK": 0.0273972602739726,
    "CSN": 0.0136986301369863,
    "UAE": 0.0136986301369863,
    "ETD": 0.0136986301369863,
    "FDB": 0.0136986301369863,
    "ABY": 0.0136986301369863,
    "KAC": 0.0136986301369863,
    "MAS": 0.0136986301369863,
    "LPR": 0.0136986301369863,
    "CES": 0.0136986301369863,
    "MXD": 0.0136986301369863,
    "BKP": 0.0136986301369863,
    "PIA": 0.0136986301369863,
    "Q2": 0.0136986301369863,
    "QTR": 0.0136986301369863,
    "SQC": 0.0136986301369863,
    "THA": 0.0136986301369863,
    "THY": 0.0136986301369863,
    "TGW": 0.0136986301369863
  },
  "domestic_route_shares": {
    "CGP": 0.5333333333333333,
    "ZYL": 0.4666666666666667
  },
  "international_route_shares": {
    "BKK": 0.0916030534351145,
    "CCU": 0.07633587786259542,
    "KUL": 0.07633587786259542,
    "KTM": 0.061068702290076333,
    "SIN": 0.061068702290076333,
    "CXB": 0.04580152671755725,
    "DXB": 0.04580152671755725,
    "JED": 0.04580152671755725,
    "JSR": 0.04580152671755725,
    "DEL": 0.04580152671755725,
    "HKG": 0.04580152671755725,
    "KWI": 0.030534351145038167,
    "MCT": 0.022900763358778626,
    "DMM": 0.022900763358778626,
    "DOH": 0.022900763358778626,
    "RUH": 0.022900763358778626,
    "BZL": 0.015267175572519083,
    "SPD": 0.015267175572519083,
    "BOM": 0.015267175572519083,
    "FCO": 0.015267175572519083,
    "LHR": 0.015267175572519083,
    "RGN": 0.015267175572519083,
    "CAN": 0.015267175572519083,
    "AUH": 0.015267175572519083,
    "SHJ": 0.015267175572519083,
    "PBH": 0.015267175572519083,
    "CMB": 0.015267175572519083,
    "KMG": 0.015267175572519083,
    "KHI": 0.015267175572519083,
    "MAA": 0.015267175572519083,
    "IST": 0.015267175572519083,
    "RJH": 0.007633587786259542
  },
  "domestic_ratio": 0.103,
  "fleet_mix": {
    "UBD": {
      "AT76": 1.0
    },
    "JAI": {
      "B738": 0.75,
      "B739": 0.25
    },
    "AIC": {
      "A319": 0.5,
      "A320": 0.5
    },
    "BBC": {
      "B738": 0.5,
      "B777": 0.5
    },
    "CPA": {
      "A330": 1.0
    },
    "CSN": {
      "B738": 1.0
    },
    "UAE": {
      "B777": 1.0
    },
    "ETD": {
      "B777": 1.0
    },
    "FDB": {
      "B738": 1.0
    },
    "ABY": {
      "A320": 1.0
    },
    "HDA": {
      "A330": 1.0
    },
    "DRK": {
      "A319": 1.0
    },
    "MAS": {
      "B777": 0.4,
      "B738": 0.4,
      "A330": 0.2
    },
    "LPR": {
      "A321": 0.5,
      "A320": 0.5
    },
    "CES": {
      "B737": 1.0
    },
    "MXD": {
      "B739": 1.0
    },
    "BKP": {
      "A319": 1.0
    },
    "PIA": {
      "B777": 0.3333333333333333,
      "A320": 0.3333333333333333,
      "B738": 0.3333333333333333
    },
    "Q2": {
      "A320": 1.0
    },
    "QTR": {
      "A330": 0.6666666666666666,
      "A320": 0.3333333333333333
    },
    "RPO": {
      "B737": 1.0
    },
    "SQC": {
      "A330": 1.0
    },
    "SVA": {
      "B777": 1.0
    },
    "THA": {
      "B777": 1.0
    },
    "THY": {
      "A330": 1.0
    },
    "TGW": {
      "A320": 1.0
    }
  },
  "hourly_profile": [],
  "delay_rate": 0.0,
  "delay_distribution": {},
  "mean_delay_minutes": 0.0,
  "data_source": "openflights",
  "region": "",
  "profile_date": "2026-03-21",
  "sample_size": 146
}