{
  "icao_code": "DAD",
  "iata_code": "DAD",
  "airline_shares": {
    "HVN": 0.5517241379310345,
    "PIC": 0.06896551724137931,
    "SLK": 0.06896551724137931,
    "RAC": 0.06896551724137931,
    "CPA": 0.034482758620689655,
    "CSN": 0.034482758620689655,
    "HDA": 0.034482758620689655,
    "KAL": 0.034482758620689655,
    "CES": 0.034482758620689655,
    "AMU": 0.034482758620689655,
    "OZR": 0.034482758620689655
  },
  "domestic_route_shares": {
    "HAN": 0.375,
    "SGN": 0.375,
    "CXR": 0.125,
    "HPH": 0.125
  },
  "international_route_shares": {
    "ICN": 0.14285714285714285,
    "HKG": 0.09523809523809523,
    "CAN": 0.09523809523809523,
    "REP": 0.09523809523809523,
    "SIN": 0.047619047619047616,
    "KMG": 0.047619047619047616,
    "MFM": 0.047619047619047616,
    "BMV": 0.047619047619047616,
    "CTU": 0.047619047619047616,
    "DLI": 0.047619047619047616,
    "HGH": 0.047619047619047616,
    "PVG": 0.047619047619047616,
    "PXU": 0.047619047619047616,
    "VII": 0.047619047619047616,
    "WNZ": 0.047619047619047616,
    "XMN": 0.047619047619047616
  },
  "domestic_ratio": 0.276,
  "fleet_mix": {
    "PIC": {
      "A320": 1.0
    },
    "CPA": {
      "A320": 1.0
    },
    "CSN": {
      "B738": 1.0
    },
    "HDA": {
      "A320": 1.0
    },
    "KAL": {
      "A321": 0.5,
      "B739": 0.5
    },
    "SLK": {
      "B738": 0.4444444444444444,
      "A320": 0.4444444444444444,
      "A319": 0.1111111111111111
    },
    "CES": {
      "B737": 1.0
    },
    "AMU": {
      "A319": 1.0
    },
    "OZR": {
      "A321": 1.0
    },
    "RAC": {
      "A320": 1.0
    },
    "HVN": {
      "A321": 0.625,
      "AT76": 0.375
    }
  },
  "hourly_profile": [],
  "delay_rate": 0.0,
  "delay_distribution": {},
  "mean_delay_minutes": 0.0,
  "data_source": "openflights",
  "region": "",
  "profile_date": "2026-03-21",
  "sample_size": 58
}