{
  "icao_code": "DAL",
  "iata_code": "DAL",
  "airline_shares": {
    "SWA": 0.9,
    "SQH": 0.05,
    "DAL": 0.025,
    "TRS": 0.025
  },
  "domestic_route_shares": {
    "HOU": 0.125,
    "ABQ": 0.08333333333333333,
    "AUS": 0.08333333333333333,
    "BHM": 0.08333333333333333,
    "ELP": 0.08333333333333333,
    "MCI": 0.08333333333333333,
    "MSY": 0.08333333333333333,
    "OKC": 0.08333333333333333,
    "SAT": 0.08333333333333333,
    "STL": 0.08333333333333333,
    "TUL": 0.08333333333333333,
    "ATL": 0.041666666666666664
  },
  "international_route_shares": {
    "ELD": 0.125,
    "AMA": 0.125,
    "BKG": 0.125,
    "HRL": 0.125,
    "ICT": 0.125,
    "LBB": 0.125,
    "LIT": 0.125,
    "MAF": 0.125
  },
  "domestic_ratio": 0.6,
  "fleet_mix": {},
  "hourly_profile": [],
  "delay_rate": 0.0,
  "delay_distribution": {},
  "mean_delay_minutes": 0.0,
  "data_source": "openflights",
  "region": "",
  "profile_date": "2026-03-21",
  "sample_size": 40
}