{
  "icao_code": "DAR",
  "iata_code": "DAR",
  "airline_shares": {
    "PRF": 0.3090909090909091,
    "ETH": 0.09090909090909091,
    "MSR": 0.07272727272727272,
    "QTR": 0.07272727272727272,
    "RWD": 0.07272727272727272,
    "UAE": 0.03636363636363636,
    "KLM": 0.03636363636363636,
    "KQA": 0.03636363636363636,
    "SWR": 0.03636363636363636,
    "SAA": 0.03636363636363636,
    "THY": 0.03636363636363636,
    "TM": 0.03636363636363636,
    "JUS": 0.03636363636363636,
    "OMA": 0.03636363636363636,
    "ZD": 0.03636363636363636,
    "IYE": 0.01818181818181818
  },
  "domestic_route_shares": {
    "JRO": 0.5384615384615384,
    "ZNZ": 0.3076923076923077,
    "MWZ": 0.15384615384615385
  },
  "international_route_shares": {
    "NBO": 0.16666666666666666,
    "EBB": 0.09523809523809523,
    "DXB": 0.047619047619047616,
    "ADD": 0.047619047619047616,
    "LLW": 0.047619047619047616,
    "CAI": 0.047619047619047616,
    "HRE": 0.047619047619047616,
    "HAH": 0.047619047619047616,
    "MBI": 0.047619047619047616,
    "MYW": 0.047619047619047616,
    "DOH": 0.047619047619047616,
    "JNB": 0.047619047619047616,
    "IST": 0.047619047619047616,
    "POL": 0.047619047619047616,
    "KGL": 0.047619047619047616,
    "DZA": 0.047619047619047616,
    "AMS": 0.023809523809523808,
    "ARK": 0.023809523809523808,
    "MCT": 0.023809523809523808
  },
  "domestic_ratio": 0.236,
  "fleet_mix": {
    "UAE": {
      "B777": 1.0
    },
    "ETH": {
      "B738": 1.0
    },
    "IYE": {
      "B738": 1.0
    },
    "KQA": {
      "E190": 1.0
    },
    "SWR": {
      "A330": 1.0
    },
    "MSR": {
      "B738": 1.0
    },
    "PRF": {
      "AT76": 0.7894736842105263,
      "CRJ9": 0.10526315789473684,
      "E190": 0.10526315789473684
    },
    "QTR": {
      "A320": 1.0
    },
    "SAA": {
      "A319": 0.5,
      "A320": 0.5
    },
    "THY": {
      "B739": 1.0
    },
    "TM": {
      "E190": 1.0
    },
    "JUS": {
      "CRJ9": 1.0
    },
    "RWD": {
      "CRJ9": 1.0
    },
    "OMA": {
      "B738": 1.0
    },
    "ZD": {
      "AT76": 1.0
    }
  },
  "hourly_profile": [],
  "delay_rate": 0.0,
  "delay_distribution": {},
  "mean_delay_minutes": 0.0,
  "data_source": "openflights",
  "region": "",
  "profile_date": "2026-03-21",
  "sample_size": 55
}