{
  "icao_code": "DBV",
  "iata_code": "DBV",
  "airline_shares": {
    "CTN": 0.22429906542056074,
    "NAX": 0.1308411214953271,
    "GWI": 0.11214953271028037,
    "EXS": 0.11214953271028037,
    "TVF": 0.07476635514018691,
    "EZY": 0.07476635514018691,
    "MON": 0.056074766355140186,
    "HMY": 0.037383177570093455,
    "FIN": 0.018691588785046728,
    "BAW": 0.018691588785046728,
    "BEE": 0.018691588785046728,
    "EIN": 0.018691588785046728,
    "ELO": 0.018691588785046728,
    "LGL": 0.018691588785046728,
    "GEC": 0.018691588785046728,
    "SAS": 0.018691588785046728,
    "VLG": 0.018691588785046728,
    "CFG": 0.009345794392523364
  },
  "domestic_route_shares": {
    "ZAG": 0.5,
    "RJK": 0.25,
    "SPU": 0.25
  },
  "international_route_shares": {
    "LGW": 0.0970873786407767,
    "BHX": 0.05825242718446602,
    "MAN": 0.05825242718446602,
    "DUS": 0.038834951456310676,
    "TXL": 0.038834951456310676,
    "HEL": 0.038834951456310676,
    "ARN": 0.038834951456310676,
    "EDI": 0.038834951456310676,
    "FRA": 0.02912621359223301,
    "CGN": 0.019417475728155338,
    "HAJ": 0.019417475728155338,
    "HAM": 0.019417475728155338,
    "STR": 0.019417475728155338,
    "BGO": 0.019417475728155338,
    "OSL": 0.019417475728155338,
    "TRD": 0.019417475728155338,
    "TRF": 0.019417475728155338,
    "DUB": 0.019417475728155338,
    "BRU": 0.019417475728155338,
    "LIL": 0.019417475728155338,
    "WAW": 0.019417475728155338,
    "LUX": 0.019417475728155338,
    "MUC": 0.019417475728155338,
    "BFS": 0.019417475728155338,
    "EMA": 0.019417475728155338,
    "LBA": 0.019417475728155338,
    "NCL": 0.019417475728155338,
    "AMS": 0.019417475728155338,
    "ATH": 0.019417475728155338,
    "CDG": 0.019417475728155338,
    "FCO": 0.019417475728155338,
    "OSI": 0.019417475728155338,
    "VCE": 0.019417475728155338,
    "ZRH": 0.019417475728155338,
    "ORY": 0.019417475728155338,
    "GVA": 0.019417475728155338,
    "STN": 0.019417475728155338,
    "BCN": 0.019417475728155338
  },
  "domestic_ratio": 0.037,
  "fleet_mix": {
    "GWI": {
      "A319": 0.6666666666666666,
      "CRJ9": 0.16666666666666666,
      "A320": 0.16666666666666666
    },
    "FIN": {
      "A320": 0.5,
      "A321": 0.5
    },
    "BAW": {
      "A319": 1.0
    },
    "BEE": {
      "E175": 1.0
    },
    "NAX": {
      "B738": 1.0
    },
    "EIN": {
      "A320": 1.0
    },
    "HMY": {
      "A320": 0.6666666666666666,
      "A319": 0.3333333333333333
    },
    "ELO": {
      "DH8D": 1.0
    },
    "LGL": {
      "DH8D": 1.0
    },
    "GEC": {
      "A319": 0.3333333333333333,
      "E190": 0.3333333333333333,
      "A320": 0.3333333333333333
    },
    "CTN": {
      "A319": 0.46875,
      "DH8D": 0.375,
      "A320": 0.15625
    },
    "SAS": {
      "B738": 1.0
    },
    "TVF": {
      "B738": 1.0
    },
    "EZY": {
      "A320": 0.6,
      "A319": 0.4
    },
    "VLG": {
      "A320": 1.0
    },
    "MON": {
      "A321": 0.5,
      "A320": 0.3333333333333333,
      "B752": 0.16666666666666666
    }
  },
  "hourly_profile": [],
  "delay_rate": 0.0,
  "delay_distribution": {},
  "mean_delay_minutes": 0.0,
  "data_source": "openflights",
  "region": "",
  "profile_date": "2026-03-21",
  "sample_size": 107
}