{
  "icao_code": "DCA",
  "iata_code": "DCA",
  "airline_shares": {
    "USA": 0.425414364640884,
    "AAL": 0.2430939226519337,
    "JBU": 0.055248618784530384,
    "SWA": 0.055248618784530384,
    "DAL": 0.049723756906077346,
    "UAL": 0.049723756906077346,
    "ASA": 0.03314917127071823,
    "TRS": 0.03314917127071823,
    "SCX": 0.022099447513812154,
    "ACA": 0.011049723756906077,
    "FFT": 0.011049723756906077,
    "VRD": 0.011049723756906077
  },
  "domestic_route_shares": {
    "BOS": 0.041379310344827586,
    "FLL": 0.041379310344827586,
    "LAX": 0.041379310344827586,
    "MCO": 0.041379310344827586,
    "ORD": 0.041379310344827586,
    "TPA": 0.041379310344827586,
    "ATL": 0.041379310344827586,
    "JFK": 0.034482758620689655,
    "CLT": 0.027586206896551724,
    "DFW": 0.027586206896551724,
    "LAS": 0.027586206896551724,
    "LGA": 0.027586206896551724,
    "MIA": 0.027586206896551724,
    "ORF": 0.027586206896551724,
    "PHL": 0.027586206896551724,
    "PHX": 0.027586206896551724,
    "SAN": 0.027586206896551724,
    "MSP": 0.027586206896551724,
    "DEN": 0.027586206896551724,
    "SFO": 0.027586206896551724,
    "BHM": 0.020689655172413793,
    "BNA": 0.020689655172413793,
    "PDX": 0.013793103448275862,
    "SEA": 0.013793103448275862,
    "DTW": 0.013793103448275862,
    "SLC": 0.013793103448275862,
    "MKE": 0.013793103448275862,
    "RSW": 0.013793103448275862,
    "IAH": 0.013793103448275862,
    "ALB": 0.013793103448275862,
    "BDL": 0.013793103448275862,
    "CVG": 0.013793103448275862,
    "IND": 0.013793103448275862,
    "MEM": 0.013793103448275862,
    "PNS": 0.013793103448275862,
    "RDU": 0.013793103448275862,
    "SDF": 0.013793103448275862,
    "TYS": 0.013793103448275862,
    "AUS": 0.013793103448275862,
    "HOU": 0.013793103448275862,
    "MCI": 0.013793103448275862,
    "STL": 0.013793103448275862,
    "EWR": 0.006896551724137931,
    "CMH": 0.006896551724137931,
    "SAV": 0.006896551724137931,
    "MSY": 0.006896551724137931
  },
  "international_route_shares": {
    "BTV": 0.1111111111111111,
    "NAS": 0.1111111111111111,
    "DAY": 0.08333333333333333,
    "CAE": 0.05555555555555555,
    "HHH": 0.05555555555555555,
    "MHT": 0.05555555555555555,
    "YYZ": 0.05555555555555555,
    "SJU": 0.05555555555555555,
    "LAN": 0.05555555555555555,
    "GSP": 0.05555555555555555,
    "HPN": 0.05555555555555555,
    "JAN": 0.05555555555555555,
    "OAJ": 0.05555555555555555,
    "VPS": 0.05555555555555555,
    "FAY": 0.027777777777777776,
    "CAK": 0.027777777777777776,
    "HSV": 0.027777777777777776
  },
  "domestic_ratio": 0.801,
  "fleet_mix": {
    "AAL": {
      "A319": 0.3888888888888889,
      "B738": 0.18518518518518517,
      "CRJ9": 0.16666666666666666,
      "A320": 0.14814814814814814,
      "E190": 0.1111111111111111
    },
    "ACA": {
      "E175": 1.0
    },
    "ASA": {
      "B738": 1.0
    },
    "JBU": {
      "A320": 0.625,
      "E190": 0.375
    },
    "DAL": {
      "B738": 0.5294117647058824,
      "A319": 0.23529411764705882,
      "A320": 0.17647058823529413,
      "CRJ9": 0.058823529411764705
    },
    "FFT": {
      "A320": 0.5,
      "A319": 0.5
    },
    "SCX": {
      "B737": 1.0
    },
    "UAL": {
      "B738": 0.27586206896551724,
      "A320": 0.20689655172413793,
      "B737": 0.20689655172413793,
      "B752": 0.13793103448275862,
      "A319": 0.13793103448275862,
      "DH8D": 0.034482758620689655
    },
    "USA": {
      "CRJ9": 0.49473684210526314,
      "A319": 0.23157894736842105,
      "B738": 0.10526315789473684,
      "A320": 0.08421052631578947,
      "E190": 0.06315789473684211,
      "B752": 0.021052631578947368
    },
    "VRD": {
      "A320": 1.0
    }
  },
  "hourly_profile": [],
  "delay_rate": 0.0,
  "delay_distribution": {},
  "mean_delay_minutes": 0.0,
  "data_source": "openflights",
  "region": "",
  "profile_date": "2026-03-21",
  "sample_size": 181
}