{
  "icao_code": "DEL",
  "iata_code": "DEL",
  "airline_shares": {
    "AIC": 0.288135593220339,
    "SEJ": 0.13075060532687652,
    "IGO": 0.12832929782082325,
    "JAI": 0.1089588377723971,
    "GUJ": 0.07263922518159806,
    "SVA": 0.014527845036319613,
    "4Q": 0.009685230024213076,
    "CAL": 0.009685230024213076,
    "ETD": 0.009685230024213076,
    "AFG": 0.009685230024213076,
    "GEC": 0.009685230024213076,
    "PIA": 0.009685230024213076,
    "7J": 0.004842615012106538,
    "AFR": 0.004842615012106538,
    "FIN": 0.004842615012106538,
    "AZA": 0.004842615012106538,
    "BAW": 0.004842615012106538,
    "BBC": 0.004842615012106538,
    "CCA": 0.004842615012106538,
    "CPA": 0.004842615012106538,
    "CSN": 0.004842615012106538,
    "UAE": 0.004842615012106538,
    "ETH": 0.004842615012106538,
    "ABY": 0.004842615012106538,
    "GIA": 0.004842615012106538,
    "GBA": 0.004842615012106538,
    "UZB": 0.004842615012106538,
    "JAL": 0.004842615012106538,
    "DRK": 0.004842615012106538,
    "KZR": 0.004842615012106538,
    "KLM": 0.004842615012106538,
    "KQA": 0.004842615012106538,
    "KAC": 0.004842615012106538,
    "SWR": 0.004842615012106538,
    "MAS": 0.004842615012106538,
    "MAU": 0.004842615012106538,
    "CES": 0.004842615012106538,
    "ANA": 0.004842615012106538,
    "MXD": 0.004842615012106538,
    "OZR": 0.004842615012106538,
    "QTR": 0.004842615012106538,
    "RJA": 0.004842615012106538,
    "KMF": 0.004842615012106538,
    "SQC": 0.004842615012106538,
    "AFL": 0.004842615012106538,
    "TUA": 0.004842615012106538,
    "THA": 0.004842615012106538,
    "THY": 0.004842615012106538,
    "UAL": 0.004842615012106538,
    "ALK": 0.004842615012106538,
    "VIR": 0.004842615012106538,
    "IRM": 0.004842615012106538,
    "OMA": 0.004842615012106538
  },
  "domestic_route_shares": {
    "BLR": 0.0625,
    "BOM": 0.0625,
    "IXB": 0.0625,
    "PNQ": 0.0625,
    "SXR": 0.0625,
    "AMD": 0.05,
    "CCU": 0.05,
    "GAU": 0.05,
    "IDR": 0.05,
    "LKO": 0.05,
    "MAA": 0.05,
    "GOI": 0.0375,
    "HYD": 0.0375,
    "VNS": 0.0375,
    "ATQ": 0.0375,
    "JAI": 0.0375,
    "NAG": 0.03125,
    "BBI": 0.025,
    "BDQ": 0.025,
    "COK": 0.025,
    "IXC": 0.025,
    "STV": 0.025,
    "CJB": 0.0125,
    "BHO": 0.0125,
    "VTZ": 0.0125,
    "IXZ": 0.00625
  },
  "international_route_shares": {
    "KBL": 0.039525691699604744,
    "DXB": 0.039525691699604744,
    "KTM": 0.039525691699604744,
    "BKK": 0.03162055335968379,
    "IXJ": 0.03162055335968379,
    "PAT": 0.03162055335968379,
    "HKG": 0.03162055335968379,
    "LHR": 0.03162055335968379,
    "SIN": 0.03162055335968379,
    "AUH": 0.02766798418972332,
    "IXR": 0.023715415019762844,
    "DAC": 0.023715415019762844,
    "DED": 0.023715415019762844,
    "DMM": 0.023715415019762844,
    "NRT": 0.023715415019762844,
    "IXL": 0.019762845849802372,
    "DOH": 0.015810276679841896,
    "CDG": 0.015810276679841896,
    "DHM": 0.015810276679841896,
    "FRA": 0.015810276679841896,
    "IXU": 0.015810276679841896,
    "JED": 0.015810276679841896,
    "JLR": 0.015810276679841896,
    "MCT": 0.015810276679841896,
    "PVG": 0.015810276679841896,
    "RUH": 0.015810276679841896,
    "UDR": 0.015810276679841896,
    "KUL": 0.015810276679841896,
    "RPR": 0.011857707509881422,
    "BAH": 0.011857707509881422,
    "HEA": 0.007905138339920948,
    "DYU": 0.007905138339920948,
    "BRU": 0.007905138339920948,
    "BHX": 0.007905138339920948,
    "IXD": 0.007905138339920948,
    "JDH": 0.007905138339920948,
    "JFK": 0.007905138339920948,
    "KNU": 0.007905138339920948,
    "KUU": 0.007905138339920948,
    "LUH": 0.007905138339920948,
    "MEL": 0.007905138339920948,
    "ORD": 0.007905138339920948,
    "SYD": 0.007905138339920948,
    "HEL": 0.007905138339920948,
    "PEK": 0.007905138339920948,
    "FCO": 0.007905138339920948,
    "TPE": 0.007905138339920948,
    "CAN": 0.007905138339920948,
    "ADD": 0.007905138339920948,
    "KDH": 0.007905138339920948,
    "SHJ": 0.007905138339920948,
    "TAS": 0.007905138339920948,
    "ALA": 0.007905138339920948,
    "AMS": 0.007905138339920948,
    "NBO": 0.007905138339920948,
    "KWI": 0.007905138339920948,
    "MUC": 0.007905138339920948,
    "ZRH": 0.007905138339920948,
    "MRU": 0.007905138339920948,
    "ICN": 0.007905138339920948,
    "KHI": 0.007905138339920948,
    "LHE": 0.007905138339920948,
    "AMM": 0.007905138339920948,
    "SVO": 0.007905138339920948,
    "ASB": 0.007905138339920948,
    "IST": 0.007905138339920948,
    "EWR": 0.007905138339920948,
    "CMB": 0.007905138339920948,
    "IKA": 0.007905138339920948,
    "DIB": 0.003952569169960474
  },
  "domestic_ratio": 0.387,
  "fleet_mix": {
    "4Q": {
      "A320": 1.0
    },
    "IGO": {
      "A320": 1.0
    },
    "JAI": {
      "B738": 0.7894736842105263,
      "A330": 0.07017543859649122,
      "B777": 0.07017543859649122,
      "A320": 0.03508771929824561,
      "B739": 0.03508771929824561
    },
    "AFR": {
      "A330": 1.0
    },
    "AIC": {
      "A321": 0.23076923076923078,
      "A320": 0.21794871794871795,
      "B787": 0.19230769230769232,
      "A319": 0.1794871794871795,
      "B777": 0.10256410256410256,
      "CRJ7": 0.0641025641025641,
      "A330": 0.01282051282051282
    },
    "FIN": {
      "A330": 1.0
    },
    "AZA": {
      "A330": 0.6666666666666666,
      "A320": 0.3333333333333333
    },
    "BAW": {
      "B777": 1.0
    },
    "BBC": {
      "B738": 1.0
    },
    "CCA": {
      "A330": 1.0
    },
    "CAL": {
      "A330": 1.0
    },
    "CPA": {
      "A330": 1.0
    },
    "CSN": {
      "B737": 1.0
    },
    "UAE": {
      "B777": 0.75,
      "B738": 0.25
    },
    "ETH": {
      "B752": 1.0
    },
    "ETD": {
      "A320": 0.3333333333333333,
      "A330": 0.3333333333333333,
      "B777": 0.3333333333333333
    },
    "GUJ": {
      "A320": 1.0
    },
    "ABY": {
      "A320": 1.0
    },
    "GIA": {
      "B738": 1.0
    },
    "GBA": {
      "A321": 1.0
    },
    "UZB": {
      "B767": 1.0
    },
    "JAL": {
      "B777": 1.0
    },
    "DRK": {
      "A319": 1.0
    },
    "KZR": {
      "E190": 0.5,
      "A320": 0.5
    },
    "GEC": {
      "A330": 1.0
    },
    "SWR": {
      "A330": 1.0
    },
    "MAS": {
      "B738": 0.5,
      "A330": 0.5
    },
    "MAU": {
      "A330": 1.0
    },
    "CES": {
      "A330": 1.0
    },
    "ANA": {
      "B767": 1.0
    },
    "MXD": {
      "B739": 1.0
    },
    "OZR": {
      "A330": 1.0
    },
    "PIA": {
      "B738": 1.0
    },
    "QTR": {
      "B787": 1.0
    },
    "RJA": {
      "A319": 1.0
    },
    "KMF": {
      "A320": 1.0
    },
    "SEJ": {
      "B737": 1.0
    },
    "SQC": {
      "B777": 1.0
    },
    "AFL": {
      "A330": 1.0
    },
    "SVA": {
      "B777": 0.6666666666666666,
      "A320": 0.3333333333333333
    },
    "THA": {
      "B744": 0.5,
      "A320": 0.5
    },
    "UAL": {
      "B777": 1.0
    },
    "ALK": {
      "A320": 1.0
    },
    "VIR": {
      "A330": 1.0
    },
    "OMA": {
      "B738": 1.0
    }
  },
  "hourly_profile": [],
  "delay_rate": 0.0,
  "delay_distribution": {},
  "mean_delay_minutes": 0.0,
  "data_source": "openflights",
  "region": "",
  "profile_date": "2026-03-21",
  "sample_size": 413
}