{
  "icao_code": "DHA",
  "iata_code": "DHA",
  "airline_shares": {
    "UAL": 0.35,
    "DAL": 0.15,
    "AAL": 0.15,
    "SWA": 0.1,
    "ASA": 0.08,
    "JBU": 0.05,
    "UAE": 0.04,
    "BAW": 0.03,
    "ANA": 0.03,
    "CPA": 0.02
  },
  "domestic_route_shares": {
    "LAX": 0.05,
    "ORD": 0.05,
    "DFW": 0.05,
    "JFK": 0.05,
    "ATL": 0.05,
    "DEN": 0.05,
    "SEA": 0.05,
    "BOS": 0.05,
    "PHX": 0.05,
    "LAS": 0.05,
    "MCO": 0.05,
    "MIA": 0.05,
    "CLT": 0.05,
    "MSP": 0.05,
    "DTW": 0.05,
    "EWR": 0.05,
    "PHL": 0.05,
    "IAH": 0.05,
    "SAN": 0.05,
    "PDX": 0.05
  },
  "international_route_shares": {
    "LHR": 0.1,
    "CDG": 0.1,
    "FRA": 0.1,
    "AMS": 0.1,
    "HKG": 0.1,
    "NRT": 0.1,
    "SIN": 0.1,
    "SYD": 0.1,
    "DXB": 0.1,
    "ICN": 0.1
  },
  "domestic_ratio": 0.7,
  "fleet_mix": {
    "UAL": {
      "A320": 0.16666666666666666,
      "A321": 0.16666666666666666,
      "B737": 0.16666666666666666,
      "B738": 0.16666666666666666,
      "A319": 0.16666666666666666,
      "E175": 0.16666666666666666,
      "B777": 0.2,
      "B787": 0.2,
      "A330": 0.2,
      "A350": 0.2,
      "A380": 0.2
    },
    "DAL": {
      "A320": 0.16666666666666666,
      "A321": 0.16666666666666666,
      "B737": 0.16666666666666666,
      "B738": 0.16666666666666666,
      "A319": 0.16666666666666666,
      "E175": 0.16666666666666666,
      "B777": 0.2,
      "B787": 0.2,
      "A330": 0.2,
      "A350": 0.2,
      "A380": 0.2
    },
    "AAL": {
      "A320": 0.16666666666666666,
      "A321": 0.16666666666666666,
      "B737": 0.16666666666666666,
      "B738": 0.16666666666666666,
      "A319": 0.16666666666666666,
      "E175": 0.16666666666666666,
      "B777": 0.2,
      "B787": 0.2,
      "A330": 0.2,
      "A350": 0.2,
      "A380": 0.2
    },
    "SWA": {
      "A320": 0.16666666666666666,
      "A321": 0.16666666666666666,
      "B737": 0.16666666666666666,
      "B738": 0.16666666666666666,
      "A319": 0.16666666666666666,
      "E175": 0.16666666666666666,
      "B777": 0.2,
      "B787": 0.2,
      "A330": 0.2,
      "A350": 0.2,
      "A380": 0.2
    },
    "ASA": {
      "A320": 0.16666666666666666,
      "A321": 0.16666666666666666,
      "B737": 0.16666666666666666,
      "B738": 0.16666666666666666,
      "A319": 0.16666666666666666,
      "E175": 0.16666666666666666,
      "B777": 0.2,
      "B787": 0.2,
      "A330": 0.2,
      "A350": 0.2,
      "A380": 0.2
    },
    "JBU": {
      "A320": 0.16666666666666666,
      "A321": 0.16666666666666666,
      "B737": 0.16666666666666666,
      "B738": 0.16666666666666666,
      "A319": 0.16666666666666666,
      "E175": 0.16666666666666666,
      "B777": 0.2,
      "B787": 0.2,
      "A330": 0.2,
      "A350": 0.2,
      "A380": 0.2
    },
    "UAE": {
      "A320": 0.16666666666666666,
      "A321": 0.16666666666666666,
      "B737": 0.16666666666666666,
      "B738": 0.16666666666666666,
      "A319": 0.16666666666666666,
      "E175": 0.16666666666666666,
      "B777": 0.2,
      "B787": 0.2,
      "A330": 0.2,
      "A350": 0.2,
      "A380": 0.2
    },
    "BAW": {
      "A320": 0.16666666666666666,
      "A321": 0.16666666666666666,
      "B737": 0.16666666666666666,
      "B738": 0.16666666666666666,
      "A319": 0.16666666666666666,
      "E175": 0.16666666666666666,
      "B777": 0.2,
      "B787": 0.2,
      "A330": 0.2,
      "A350": 0.2,
      "A380": 0.2
    },
    "ANA": {
      "A320": 0.16666666666666666,
      "A321": 0.16666666666666666,
      "B737": 0.16666666666666666,
      "B738": 0.16666666666666666,
      "A319": 0.16666666666666666,
      "E175": 0.16666666666666666,
      "B777": 0.2,
      "B787": 0.2,
      "A330": 0.2,
      "A350": 0.2,
      "A380": 0.2
    },
    "CPA": {
      "A320": 0.16666666666666666,
      "A321": 0.16666666666666666,
      "B737": 0.16666666666666666,
      "B738": 0.16666666666666666,
      "A319": 0.16666666666666666,
      "E175": 0.16666666666666666,
      "B777": 0.2,
      "B787": 0.2,
      "A330": 0.2,
      "A350": 0.2,
      "A380": 0.2
    }
  },
  "hourly_profile": [
    0.0034782608695652175,
    0.0034782608695652175,
    0.0017391304347826088,
    0.0017391304347826088,
    0.006956521739130435,
    0.02608695652173913,
    0.07478260869565218,
    0.07478260869565218,
    0.07478260869565218,
    0.07478260869565218,
    0.043478260869565216,
    0.043478260869565216,
    0.043478260869565216,
    0.043478260869565216,
    0.043478260869565216,
    0.043478260869565216,
    0.07478260869565218,
    0.07478260869565218,
    0.07478260869565218,
    0.07478260869565218,
    0.034782608695652174,
    0.034782608695652174,
    0.022608695652173914,
    0.0052173913043478265
  ],
  "delay_rate": 0.15,
  "delay_distribution": {
    "61": 0.05,
    "62": 0.12,
    "63": 0.1,
    "67": 0.08,
    "68": 0.15,
    "71": 0.18,
    "72": 0.12,
    "81": 0.15,
    "41": 0.05
  },
  "mean_delay_minutes": 20.0,
  "data_source": "fallback",
  "region": "",
  "profile_date": "2026-03-21",
  "sample_size": 0
}