{
  "icao_code": "DJE",
  "iata_code": "DJE",
  "airline_shares": {
    "TAR": 0.4246575342465753,
    "LBT": 0.1780821917808219,
    "CFG": 0.1095890410958904,
    "TVF": 0.0821917808219178,
    "BER": 0.0547945205479452,
    "STU": 0.0547945205479452,
    "LGL": 0.0410958904109589,
    "TUI": 0.0273972602739726,
    "AAF": 0.0273972602739726
  },
  "domestic_route_shares": {
    "TUN": 1.0
  },
  "international_route_shares": {
    "DUS": 0.08450704225352113,
    "MUC": 0.08450704225352113,
    "NTE": 0.08450704225352113,
    "ORY": 0.08450704225352113,
    "CDG": 0.056338028169014086,
    "LIL": 0.056338028169014086,
    "LYS": 0.056338028169014086,
    "MRS": 0.056338028169014086,
    "FRA": 0.056338028169014086,
    "NUE": 0.028169014084507043,
    "LEJ": 0.028169014084507043,
    "TIP": 0.028169014084507043,
    "LUX": 0.028169014084507043,
    "BRU": 0.028169014084507043,
    "BSL": 0.028169014084507043,
    "GVA": 0.028169014084507043,
    "HAM": 0.028169014084507043,
    "NCE": 0.028169014084507043,
    "SXB": 0.028169014084507043,
    "SXF": 0.028169014084507043,
    "ZRH": 0.028169014084507043,
    "MLH": 0.014084507042253521,
    "NBE": 0.014084507042253521,
    "MAD": 0.014084507042253521
  },
  "domestic_ratio": 0.027,
  "fleet_mix": {
    "BER": {
      "A321": 0.5,
      "B738": 0.5
    },
    "LBT": {
      "A321": 0.5789473684210527,
      "A320": 0.42105263157894735
    },
    "STU": {
      "A319": 1.0
    },
    "LGL": {
      "B738": 1.0
    },
    "TVF": {
      "B738": 1.0
    },
    "TAR": {
      "A319": 1.0
    },
    "TUI": {
      "AT76": 1.0
    },
    "AAF": {
      "A320": 1.0
    }
  },
  "hourly_profile": [],
  "delay_rate": 0.0,
  "delay_distribution": {},
  "mean_delay_minutes": 0.0,
  "data_source": "openflights",
  "region": "",
  "profile_date": "2026-03-21",
  "sample_size": 73
}