{
  "icao_code": "DKR",
  "iata_code": "DKR",
  "airline_shares": {
    "SGG": 0.1792452830188679,
    "AYZ": 0.11320754716981132,
    "IBE": 0.05660377358490566,
    "KQA": 0.05660377358490566,
    "DAT": 0.05660377358490566,
    "VBW": 0.03773584905660377,
    "MAI": 0.03773584905660377,
    "IBB": 0.03773584905660377,
    "SAA": 0.03773584905660377,
    "USA": 0.03773584905660377,
    "WSS": 0.03773584905660377,
    "AFR": 0.018867924528301886,
    "DAH": 0.018867924528301886,
    "RAM": 0.018867924528301886,
    "DSY": 0.018867924528301886,
    "DAL": 0.018867924528301886,
    "GRN": 0.018867924528301886,
    "UAE": 0.018867924528301886,
    "ETH": 0.018867924528301886,
    "HLF": 0.018867924528301886,
    "CRL": 0.018867924528301886,
    "THY": 0.018867924528301886,
    "TAP": 0.018867924528301886,
    "TAR": 0.018867924528301886,
    "AEA": 0.018867924528301886,
    "TCV": 0.018867924528301886,
    "VLG": 0.018867924528301886,
    "ISS": 0.009433962264150943
  },
  "domestic_route_shares": {},
  "international_route_shares": {
    "BKO": 0.07547169811320754,
    "CKY": 0.07547169811320754,
    "ACC": 0.05660377358490566,
    "ABJ": 0.05660377358490566,
    "NKC": 0.04716981132075472,
    "BJL": 0.03773584905660377,
    "FNA": 0.03773584905660377,
    "OXB": 0.03773584905660377,
    "BRU": 0.03773584905660377,
    "COO": 0.03773584905660377,
    "RAI": 0.03773584905660377,
    "BCN": 0.03773584905660377,
    "LPA": 0.03773584905660377,
    "MAD": 0.03773584905660377,
    "IAD": 0.03773584905660377,
    "JNB": 0.03773584905660377,
    "OUA": 0.018867924528301886,
    "DLA": 0.018867924528301886,
    "LOS": 0.018867924528301886,
    "CDG": 0.018867924528301886,
    "ALG": 0.018867924528301886,
    "CMN": 0.018867924528301886,
    "JFK": 0.018867924528301886,
    "ZIG": 0.018867924528301886,
    "DXB": 0.018867924528301886,
    "TFN": 0.018867924528301886,
    "ORY": 0.018867924528301886,
    "LIS": 0.018867924528301886,
    "TUN": 0.018867924528301886,
    "CSK": 0.009433962264150943,
    "MXP": 0.009433962264150943,
    "IST": 0.009433962264150943
  },
  "domestic_ratio": 0.0,
  "fleet_mix": {
    "AYZ": {
      "A319": 1.0
    },
    "AFR": {
      "B777": 1.0
    },
    "DAH": {
      "B738": 1.0
    },
    "RAM": {
      "B738": 1.0
    },
    "DSY": {
      "AT76": 1.0
    },
    "DAL": {
      "B752": 1.0
    },
    "SGG": {
      "CRJ9": 0.5789473684210527,
      "A320": 0.3157894736842105,
      "A330": 0.10526315789473684
    },
    "ETH": {
      "B767": 1.0
    },
    "HLF": {
      "A319": 1.0
    },
    "IBE": {
      "A321": 0.5,
      "A320": 0.25,
      "A319": 0.25
    },
    "ISS": {
      "B737": 0.5,
      "B767": 0.5
    },
    "KQA": {
      "B738": 1.0
    },
    "MAI": {
      "B737": 1.0
    },
    "IBB": {
      "CRJ9": 1.0
    },
    "DAT": {
      "A330": 1.0
    },
    "CRL": {
      "A330": 1.0
    },
    "THY": {
      "B739": 1.0
    },
    "TAP": {
      "A321": 1.0
    },
    "TAR": {
      "A320": 1.0
    },
    "AEA": {
      "B738": 1.0
    },
    "TCV": {
      "AT76": 1.0
    },
    "VLG": {
      "A320": 1.0
    },
    "WSS": {
      "CRJ9": 0.6666666666666666,
      "B737": 0.3333333333333333
    }
  },
  "hourly_profile": [],
  "delay_rate": 0.0,
  "delay_distribution": {},
  "mean_delay_minutes": 0.0,
  "data_source": "openflights",
  "region": "",
  "profile_date": "2026-03-21",
  "sample_size": 106
}