{
  "icao_code": "DLA",
  "iata_code": "DLA",
  "airline_shares": {
    "CRD": 0.20967741935483872,
    "DAT": 0.0967741935483871,
    "RAM": 0.08064516129032258,
    "AYZ": 0.06451612903225806,
    "AFR": 0.06451612903225806,
    "ETH": 0.06451612903225806,
    "VLO": 0.06451612903225806,
    "THY": 0.06451612903225806,
    "RWD": 0.06451612903225806,
    "WDY": 0.03225806451612903,
    "SGG": 0.03225806451612903,
    "HLF": 0.03225806451612903,
    "KQA": 0.03225806451612903,
    "PEC": 0.03225806451612903,
    "SAA": 0.03225806451612903,
    "WSS": 0.03225806451612903
  },
  "domestic_route_shares": {
    "NSI": 0.875,
    "GOU": 0.125
  },
  "international_route_shares": {
    "COO": 0.14814814814814814,
    "LBV": 0.12962962962962962,
    "SSG": 0.1111111111111111,
    "BZV": 0.09259259259259259,
    "LOS": 0.07407407407407407,
    "FIH": 0.05555555555555555,
    "DKR": 0.037037037037037035,
    "CDG": 0.037037037037037035,
    "CMN": 0.037037037037037035,
    "ADD": 0.037037037037037035,
    "ABJ": 0.037037037037037035,
    "NBO": 0.037037037037037035,
    "PNR": 0.037037037037037035,
    "BRU": 0.037037037037037035,
    "IST": 0.037037037037037035,
    "BGF": 0.018518518518518517,
    "MVR": 0.018518518518518517,
    "NDJ": 0.018518518518518517
  },
  "domestic_ratio": 0.129,
  "fleet_mix": {
    "AYZ": {
      "A319": 1.0
    },
    "AFR": {
      "B777": 1.0
    },
    "RAM": {
      "B738": 1.0
    },
    "SGG": {
      "A320": 1.0
    },
    "ETH": {
      "B767": 1.0
    },
    "HLF": {
      "A319": 1.0
    },
    "KQA": {
      "E190": 1.0
    },
    "VLO": {
      "B737": 1.0
    },
    "CRD": {
      "B737": 0.8666666666666667,
      "B767": 0.13333333333333333
    },
    "SAA": {
      "A320": 0.5,
      "A319": 0.5
    },
    "DAT": {
      "A330": 1.0
    },
    "THY": {
      "B739": 1.0
    },
    "WSS": {
      "CRJ9": 1.0
    },
    "RWD": {
      "B738": 1.0
    }
  },
  "hourly_profile": [],
  "delay_rate": 0.0,
  "delay_distribution": {},
  "mean_delay_minutes": 0.0,
  "data_source": "openflights",
  "region": "",
  "profile_date": "2026-03-21",
  "sample_size": 62
}