{
  "icao_code": "DLC",
  "iata_code": "DLC",
  "airline_shares": {
    "CSN": 0.23387096774193547,
    "CCA": 0.11290322580645161,
    "CES": 0.0967741935483871,
    "CSZ": 0.0967741935483871,
    "CHH": 0.08870967741935484,
    "G5": 0.07258064516129033,
    "CXA": 0.04838709677419355,
    "CSC": 0.04032258064516129,
    "9C": 0.024193548387096774,
    "PDC": 0.024193548387096774,
    "JAS": 0.024193548387096774,
    "CDG": 0.024193548387096774,
    "RHC": 0.016129032258064516,
    "GUN": 0.016129032258064516,
    "DKH": 0.016129032258064516,
    "CAL": 0.008064516129032258,
    "DZ": 0.008064516129032258,
    "CSH": 0.008064516129032258,
    "JAL": 0.008064516129032258,
    "KAL": 0.008064516129032258,
    "ANA": 0.008064516129032258,
    "OZR": 0.008064516129032258,
    "CHB": 0.008064516129032258
  },
  "domestic_route_shares": {
    "HGH": 0.10227272727272728,
    "TSN": 0.07954545454545454,
    "PVG": 0.07954545454545454,
    "TNA": 0.056818181818181816,
    "NKG": 0.056818181818181816,
    "PEK": 0.056818181818181816,
    "XIY": 0.056818181818181816,
    "CGO": 0.056818181818181816,
    "WUH": 0.045454545454545456,
    "NGB": 0.045454545454545456,
    "HRB": 0.03409090909090909,
    "TYN": 0.03409090909090909,
    "TAO": 0.03409090909090909,
    "SJW": 0.022727272727272728,
    "WUX": 0.022727272727272728,
    "SZX": 0.022727272727272728,
    "LYG": 0.022727272727272728,
    "HFE": 0.022727272727272728,
    "CKG": 0.011363636363636364,
    "YNT": 0.011363636363636364,
    "CAN": 0.011363636363636364,
    "CSX": 0.011363636363636364,
    "HET": 0.011363636363636364,
    "KHN": 0.011363636363636364,
    "TXN": 0.011363636363636364,
    "YNZ": 0.011363636363636364,
    "HIA": 0.011363636363636364,
    "FOC": 0.011363636363636364,
    "XMN": 0.011363636363636364,
    "KMG": 0.011363636363636364,
    "LYA": 0.011363636363636364
  },
  "international_route_shares": {
    "KIX": 0.08333333333333333,
    "NRT": 0.08333333333333333,
    "TPE": 0.08333333333333333,
    "ICN": 0.08333333333333333,
    "XUZ": 0.027777777777777776,
    "FUK": 0.027777777777777776,
    "HIJ": 0.027777777777777776,
    "HKG": 0.027777777777777776,
    "CJU": 0.027777777777777776,
    "MDG": 0.027777777777777776,
    "NGO": 0.027777777777777776,
    "TOY": 0.027777777777777776,
    "YNJ": 0.027777777777777776,
    "YTY": 0.027777777777777776,
    "CIF": 0.027777777777777776,
    "DOY": 0.027777777777777776,
    "FUG": 0.027777777777777776,
    "HDG": 0.027777777777777776,
    "JNG": 0.027777777777777776,
    "SHP": 0.027777777777777776,
    "TVS": 0.027777777777777776,
    "LYI": 0.027777777777777776,
    "JMU": 0.027777777777777776,
    "WEF": 0.027777777777777776,
    "CHG": 0.027777777777777776,
    "CZX": 0.027777777777777776,
    "LDS": 0.027777777777777776,
    "NTG": 0.027777777777777776
  },
  "domestic_ratio": 0.71,
  "fleet_mix": {
    "CSC": {
      "A320": 0.8,
      "A321": 0.2
    },
    "RHC": {
      "B737": 1.0
    },
    "9C": {
      "A320": 1.0
    },
    "PDC": {
      "B738": 1.0
    },
    "CCA": {
      "B738": 0.8666666666666667,
      "A320": 0.13333333333333333
    },
    "CAL": {
      "A330": 1.0
    },
    "CSN": {
      "A320": 0.34831460674157305,
      "A321": 0.24719101123595505,
      "A319": 0.24719101123595505,
      "B738": 0.11235955056179775,
      "B737": 0.0449438202247191
    },
    "DZ": {
      "B738": 1.0
    },
    "CSH": {
      "B738": 0.5,
      "B737": 0.5
    },
    "G5": {
      "CRJ9": 1.0
    },
    "GUN": {
      "E190": 0.6666666666666666,
      "A320": 0.3333333333333333
    },
    "DKH": {
      "A320": 1.0
    },
    "CHH": {
      "B738": 1.0
    },
    "JAS": {
      "A319": 0.6666666666666666,
      "A320": 0.3333333333333333
    },
    "JAL": {
      "B767": 1.0
    },
    "KAL": {
      "A319": 0.3333333333333333,
      "B777": 0.3333333333333333,
      "B738": 0.3333333333333333
    },
    "CXA": {
      "B738": 0.5,
      "B737": 0.5
    },
    "CES": {
      "A320": 0.46153846153846156,
      "B737": 0.15384615384615385,
      "A319": 0.15384615384615385,
      "B738": 0.15384615384615385,
      "A321": 0.07692307692307693
    },
    "ANA": {
      "B737": 1.0
    },
    "OZR": {
      "A321": 1.0
    },
    "CHB": {
      "A320": 1.0
    },
    "CDG": {
      "B738": 1.0
    },
    "CSZ": {
      "B738": 0.42857142857142855,
      "B737": 0.35714285714285715,
      "A320": 0.21428571428571427
    }
  },
  "hourly_profile": [],
  "delay_rate": 0.0,
  "delay_distribution": {},
  "mean_delay_minutes": 0.0,
  "data_source": "openflights",
  "region": "",
  "profile_date": "2026-03-21",
  "sample_size": 248
}