{
  "icao_code": "DLM",
  "iata_code": "DLM",
  "airline_shares": {
    "TVF": 0.19298245614035087,
    "TCX": 0.13157894736842105,
    "CFG": 0.12280701754385964,
    "EXS": 0.10526315789473684,
    "EZY": 0.08771929824561403,
    "HLX": 0.08771929824561403,
    "MON": 0.08771929824561403,
    "TOM": 0.06140350877192982,
    "TRA": 0.03508771929824561,
    "TSO": 0.03508771929824561,
    "OHY": 0.017543859649122806,
    "PGT": 0.017543859649122806,
    "THY": 0.017543859649122806
  },
  "domestic_route_shares": {
    "IST": 0.6666666666666666,
    "SAW": 0.3333333333333333
  },
  "international_route_shares": {
    "MAN": 0.1111111111111111,
    "LGW": 0.09259259259259259,
    "BHX": 0.07407407407407407,
    "NCL": 0.06481481481481481,
    "GLA": 0.05555555555555555,
    "LBA": 0.05555555555555555,
    "BRS": 0.05555555555555555,
    "EMA": 0.046296296296296294,
    "DUS": 0.037037037037037035,
    "FRA": 0.037037037037037035,
    "HAJ": 0.037037037037037035,
    "MUC": 0.037037037037037035,
    "STR": 0.037037037037037035,
    "LTN": 0.037037037037037035,
    "STN": 0.037037037037037035,
    "HAM": 0.018518518518518517,
    "SXF": 0.018518518518518517,
    "AMS": 0.018518518518518517,
    "BLK": 0.018518518518518517,
    "BFS": 0.018518518518518517,
    "CWL": 0.018518518518518517,
    "EDI": 0.018518518518518517,
    "DME": 0.018518518518518517,
    "VKO": 0.018518518518518517,
    "RTM": 0.009259259259259259,
    "EIN": 0.009259259259259259
  },
  "domestic_ratio": 0.053,
  "fleet_mix": {
    "OHY": {
      "A320": 1.0
    },
    "CFG": {
      "A321": 1.0
    },
    "TRA": {
      "B738": 1.0
    },
    "EXS": {
      "B738": 0.6666666666666666,
      "B752": 0.3333333333333333
    },
    "PGT": {
      "B738": 0.5,
      "A320": 0.5
    },
    "TCX": {
      "B752": 0.4583333333333333,
      "A321": 0.2916666666666667,
      "A320": 0.08333333333333333,
      "A330": 0.08333333333333333,
      "B767": 0.08333333333333333
    },
    "THY": {
      "A320": 0.3333333333333333,
      "A321": 0.3333333333333333,
      "B738": 0.3333333333333333
    },
    "TVF": {
      "B738": 1.0
    },
    "TOM": {
      "B738": 1.0
    },
    "EZY": {
      "A320": 0.625,
      "A319": 0.375
    },
    "HLX": {
      "B738": 1.0
    },
    "MON": {
      "A321": 0.4,
      "A320": 0.4,
      "B752": 0.2
    }
  },
  "hourly_profile": [],
  "delay_rate": 0.0,
  "delay_distribution": {},
  "mean_delay_minutes": 0.0,
  "data_source": "openflights",
  "region": "",
  "profile_date": "2026-03-21",
  "sample_size": 114
}