{
  "icao_code": "DME",
  "iata_code": "DME",
  "airline_shares": {
    "SBI": 0.22445561139028475,
    "TSO": 0.21105527638190955,
    "SVR": 0.10050251256281408,
    "SJM": 0.04355108877721943,
    "UZB": 0.03685092127303183,
    "GAI": 0.03015075376884422,
    "YCC": 0.02680067001675042,
    "AEE": 0.020100502512562814,
    "ARD": 0.01340033500837521,
    "DRU": 0.01340033500837521,
    "VLG": 0.01340033500837521,
    "BER": 0.010050251256281407,
    "VSV": 0.010050251256281407,
    "HVN": 0.010050251256281407,
    "Y7": 0.008375209380234505,
    "7J": 0.006700167504187605,
    "D2": 0.006700167504187605,
    "JAA": 0.006700167504187605,
    "I8": 0.006700167504187605,
    "CWK": 0.006700167504187605,
    "GEC": 0.006700167504187605,
    "SWR": 0.006700167504187605,
    "LYN": 0.006700167504187605,
    "ORB": 0.006700167504187605,
    "SQC": 0.006700167504187605,
    "GMI": 0.006700167504187605,
    "AFL": 0.006700167504187605,
    "EZY": 0.006700167504187605,
    "YK": 0.006700167504187605,
    "MGX": 0.006700167504187605,
    "YQ": 0.006700167504187605,
    "SOV": 0.0033500837520938024,
    "MLD": 0.0033500837520938024,
    "TGZ": 0.0033500837520938024,
    "FIN": 0.0033500837520938024,
    "BRU": 0.0033500837520938024,
    "BAW": 0.0033500837520938024,
    "LBT": 0.0033500837520938024,
    "BTI": 0.0033500837520938024,
    "BPA": 0.0033500837520938024,
    "CAL": 0.0033500837520938024,
    "CPA": 0.0033500837520938024,
    "UAE": 0.0033500837520938024,
    "ANK": 0.0033500837520938024,
    "ETD": 0.0033500837520938024,
    "ABY": 0.0033500837520938024,
    "GBK": 0.0033500837520938024,
    "NLY": 0.0033500837520938024,
    "IBE": 0.0033500837520938024,
    "IOS": 0.0033500837520938024,
    "AHY": 0.0033500837520938024,
    "JAL": 0.0033500837520938024,
    "AMC": 0.0033500837520938024,
    "ELY": 0.0033500837520938024,
    "MSR": 0.0033500837520938024,
    "PGT": 0.0033500837520938024,
    "AUI": 0.0033500837520938024,
    "QTR": 0.0033500837520938024,
    "RJA": 0.0033500837520938024,
    "DAT": 0.0033500837520938024,
    "SZ": 0.0033500837520938024,
    "TUA": 0.0033500837520938024,
    "THA": 0.0033500837520938024,
    "TAP": 0.0033500837520938024,
    "TAR": 0.0033500837520938024,
    "ALK": 0.0033500837520938024,
    "IWA": 0.0033500837520938024
  },
  "domestic_route_shares": {
    "LED": 0.0625,
    "KZN": 0.05,
    "KRR": 0.05,
    "UFA": 0.05,
    "AER": 0.04375,
    "OMS": 0.0375,
    "KGD": 0.0375,
    "KUF": 0.0375,
    "MRV": 0.0375,
    "OVB": 0.0375,
    "ROV": 0.0375,
    "SVX": 0.0375,
    "ASF": 0.025,
    "VOZ": 0.025,
    "BAX": 0.025,
    "CEK": 0.025,
    "GOJ": 0.025,
    "IKT": 0.025,
    "KEJ": 0.025,
    "KJA": 0.025,
    "PEE": 0.025,
    "TJM": 0.025,
    "TOF": 0.025,
    "UUD": 0.025,
    "NJC": 0.01875,
    "GRV": 0.0125,
    "MCX": 0.0125,
    "SKX": 0.0125,
    "ULV": 0.0125,
    "ABA": 0.0125,
    "SGC": 0.0125,
    "VOG": 0.0125,
    "HTA": 0.0125,
    "PKC": 0.0125,
    "UUS": 0.0125,
    "VVO": 0.0125,
    "YKS": 0.0125,
    "NSK": 0.0125
  },
  "international_route_shares": {
    "FRU": 0.02745995423340961,
    "TIV": 0.018306636155606407,
    "OSS": 0.018306636155606407,
    "BHK": 0.013729977116704805,
    "EGO": 0.013729977116704805,
    "NVI": 0.013729977116704805,
    "HER": 0.013729977116704805,
    "RHO": 0.013729977116704805,
    "SKG": 0.013729977116704805,
    "MUC": 0.013729977116704805,
    "BKK": 0.013729977116704805,
    "HKG": 0.013729977116704805,
    "TJU": 0.013729977116704805,
    "ALC": 0.013729977116704805,
    "NUX": 0.013729977116704805,
    "SIP": 0.013729977116704805,
    "FEG": 0.009153318077803204,
    "KSQ": 0.009153318077803204,
    "NMA": 0.009153318077803204,
    "SKD": 0.009153318077803204,
    "DYU": 0.009153318077803204,
    "LBD": 0.009153318077803204,
    "AKX": 0.009153318077803204,
    "IJK": 0.009153318077803204,
    "KIV": 0.009153318077803204,
    "ATH": 0.009153318077803204,
    "BUS": 0.009153318077803204,
    "TXL": 0.009153318077803204,
    "HEL": 0.009153318077803204,
    "MSQ": 0.009153318077803204,
    "NBE": 0.009153318077803204,
    "RIX": 0.009153318077803204,
    "FCO": 0.009153318077803204,
    "VIE": 0.009153318077803204,
    "NCU": 0.009153318077803204,
    "UGC": 0.009153318077803204,
    "MAD": 0.009153318077803204,
    "GYD": 0.009153318077803204,
    "FRA": 0.009153318077803204,
    "TLV": 0.009153318077803204,
    "KBP": 0.009153318077803204,
    "ASB": 0.009153318077803204,
    "NYM": 0.009153318077803204,
    "PFO": 0.009153318077803204,
    "STW": 0.009153318077803204,
    "LGW": 0.009153318077803204,
    "RMI": 0.009153318077803204,
    "BCN": 0.009153318077803204,
    "SGN": 0.009153318077803204,
    "NBC": 0.004576659038901602,
    "TGK": 0.004576659038901602,
    "UUA": 0.004576659038901602,
    "MJZ": 0.004576659038901602,
    "PYJ": 0.004576659038901602,
    "RTW": 0.004576659038901602,
    "CSY": 0.004576659038901602,
    "ESL": 0.004576659038901602,
    "PES": 0.004576659038901602,
    "PEZ": 0.004576659038901602,
    "VKT": 0.004576659038901602,
    "CFU": 0.004576659038901602,
    "KGS": 0.004576659038901602,
    "DUS": 0.004576659038901602,
    "LHR": 0.004576659038901602,
    "CEE": 0.004576659038901602,
    "KVK": 0.004576659038901602,
    "CIT": 0.004576659038901602,
    "SCO": 0.004576659038901602,
    "DXB": 0.004576659038901602,
    "AUH": 0.004576659038901602,
    "SHJ": 0.004576659038901602,
    "AZN": 0.004576659038901602,
    "TAS": 0.004576659038901602,
    "TMJ": 0.004576659038901602,
    "KRO": 0.004576659038901602,
    "NRT": 0.004576659038901602,
    "MLA": 0.004576659038901602,
    "GVA": 0.004576659038901602,
    "ZRH": 0.004576659038901602,
    "CAI": 0.004576659038901602,
    "SAW": 0.004576659038901602,
    "DOH": 0.004576659038901602,
    "OSW": 0.004576659038901602,
    "REN": 0.004576659038901602,
    "AMM": 0.004576659038901602,
    "AAQ": 0.004576659038901602,
    "BOJ": 0.004576659038901602,
    "BTK": 0.004576659038901602,
    "EVN": 0.004576659038901602,
    "GOA": 0.004576659038901602,
    "LCA": 0.004576659038901602,
    "NOZ": 0.004576659038901602,
    "ODS": 0.004576659038901602,
    "OGZ": 0.004576659038901602,
    "PWQ": 0.004576659038901602,
    "RGK": 0.004576659038901602,
    "TBS": 0.004576659038901602,
    "UKK": 0.004576659038901602,
    "VAR": 0.004576659038901602,
    "VLC": 0.004576659038901602,
    "BRU": 0.004576659038901602,
    "IAH": 0.004576659038901602,
    "SIN": 0.004576659038901602,
    "FKB": 0.004576659038901602,
    "LEJ": 0.004576659038901602,
    "NCE": 0.004576659038901602,
    "LIS": 0.004576659038901602,
    "TUN": 0.004576659038901602,
    "MAN": 0.004576659038901602,
    "CGN": 0.004576659038901602,
    "GBB": 0.004576659038901602,
    "KVD": 0.004576659038901602,
    "LLK": 0.004576659038901602,
    "LWN": 0.004576659038901602,
    "CMB": 0.004576659038901602,
    "ALA": 0.004576659038901602,
    "BQS": 0.004576659038901602,
    "DLM": 0.004576659038901602,
    "DNK": 0.004576659038901602,
    "DOK": 0.004576659038901602,
    "DWC": 0.004576659038901602,
    "DYR": 0.004576659038901602,
    "GDX": 0.004576659038901602,
    "GOI": 0.004576659038901602,
    "HKT": 0.004576659038901602,
    "HMA": 0.004576659038901602,
    "HRG": 0.004576659038901602,
    "IEV": 0.004576659038901602,
    "KGF": 0.004576659038901602,
    "KHV": 0.004576659038901602,
    "KOV": 0.004576659038901602,
    "MXP": 0.004576659038901602,
    "PED": 0.004576659038901602,
    "PUJ": 0.004576659038901602,
    "SSH": 0.004576659038901602,
    "SYX": 0.004576659038901602,
    "TFS": 0.004576659038901602,
    "TSE": 0.004576659038901602,
    "VNO": 0.004576659038901602,
    "VRA": 0.004576659038901602,
    "CXR": 0.004576659038901602,
    "HAN": 0.004576659038901602,
    "AGP": 0.004576659038901602,
    "PMI": 0.004576659038901602,
    "NOJ": 0.004576659038901602,
    "SLY": 0.004576659038901602,
    "TGD": 0.004576659038901602,
    "DMB": 0.002288329519450801,
    "KQT": 0.002288329519450801,