{
  "icao_code": "DMK",
  "iata_code": "DMK",
  "airline_shares": {
    "AIQ": 0.5373134328358209,
    "NOK": 0.3283582089552239,
    "GTA": 0.04477611940298507,
    "OEA": 0.029850746268656716,
    "AWQ": 0.029850746268656716,
    "AXM": 0.014925373134328358,
    "MXD": 0.014925373134328358
  },
  "domestic_route_shares": {
    "HKT": 0.2857142857142857,
    "CEI": 0.14285714285714285,
    "CNX": 0.14285714285714285,
    "HDY": 0.14285714285714285,
    "KBV": 0.14285714285714285,
    "UTH": 0.14285714285714285
  },
  "international_route_shares": {
    "KUL": 0.05660377358490566,
    "KOP": 0.03773584905660377,
    "NST": 0.03773584905660377,
    "PHS": 0.03773584905660377,
    "RGN": 0.03773584905660377,
    "TST": 0.03773584905660377,
    "UBP": 0.03773584905660377,
    "URT": 0.03773584905660377,
    "CSX": 0.03773584905660377,
    "CAN": 0.03773584905660377,
    "BFV": 0.018867924528301886,
    "CJM": 0.018867924528301886,
    "LOE": 0.018867924528301886,
    "MAQ": 0.018867924528301886,
    "NNT": 0.018867924528301886,
    "PRH": 0.018867924528301886,
    "ROI": 0.018867924528301886,
    "SNO": 0.018867924528301886,
    "UNN": 0.018867924528301886,
    "KHN": 0.018867924528301886,
    "CKG": 0.018867924528301886,
    "DPS": 0.018867924528301886,
    "HAN": 0.018867924528301886,
    "HGH": 0.018867924528301886,
    "HKG": 0.018867924528301886,
    "KKC": 0.018867924528301886,
    "KMG": 0.018867924528301886,
    "MAA": 0.018867924528301886,
    "MDL": 0.018867924528301886,
    "MFM": 0.018867924528301886,
    "NAW": 0.018867924528301886,
    "NGB": 0.018867924528301886,
    "PEN": 0.018867924528301886,
    "PNH": 0.018867924528301886,
    "REP": 0.018867924528301886,
    "SGN": 0.018867924528301886,
    "SIN": 0.018867924528301886,
    "SZX": 0.018867924528301886,
    "WUH": 0.018867924528301886,
    "XIY": 0.018867924528301886,
    "CGK": 0.018867924528301886,
    "SUB": 0.018867924528301886
  },
  "domestic_ratio": 0.209,
  "fleet_mix": {
    "AXM": {
      "A320": 1.0
    },
    "NOK": {
      "B738": 1.0
    },
    "AIQ": {
      "A320": 1.0
    },
    "MXD": {
      "B739": 1.0
    },
    "AWQ": {
      "A320": 1.0
    }
  },
  "hourly_profile": [],
  "delay_rate": 0.0,
  "delay_distribution": {},
  "mean_delay_minutes": 0.0,
  "data_source": "openflights",
  "region": "",
  "profile_date": "2026-03-21",
  "sample_size": 134
}