{
  "icao_code": "DMM",
  "iata_code": "DMM",
  "airline_shares": {
    "SVA": 0.3829787234042553,
    "JAI": 0.07092198581560284,
    "KNE": 0.07092198581560284,
    "PIA": 0.05673758865248227,
    "ATM": 0.028368794326241134,
    "FDB": 0.028368794326241134,
    "AXB": 0.028368794326241134,
    "KLM": 0.028368794326241134,
    "MSR": 0.028368794326241134,
    "SAI": 0.02127659574468085,
    "AIC": 0.014184397163120567,
    "BBC": 0.014184397163120567,
    "RBG": 0.014184397163120567,
    "UAE": 0.014184397163120567,
    "ETH": 0.014184397163120567,
    "ETD": 0.014184397163120567,
    "ABY": 0.014184397163120567,
    "GBA": 0.014184397163120567,
    "IRA": 0.014184397163120567,
    "KAC": 0.014184397163120567,
    "GEC": 0.014184397163120567,
    "MEA": 0.014184397163120567,
    "PAL": 0.014184397163120567,
    "QTR": 0.014184397163120567,
    "RJA": 0.014184397163120567,
    "THY": 0.014184397163120567,
    "ALK": 0.014184397163120567,
    "OMA": 0.014184397163120567
  },
  "domestic_route_shares": {
    "RUH": 0.2,
    "JED": 0.16,
    "MED": 0.16,
    "TIF": 0.16,
    "AHB": 0.08,
    "ELQ": 0.08,
    "TUU": 0.08,
    "YNB": 0.08
  },
  "international_route_shares": {
    "DEL": 0.05172413793103448,
    "DXB": 0.05172413793103448,
    "KWI": 0.05172413793103448,
    "ISB": 0.04310344827586207,
    "AUH": 0.034482758620689655,
    "BOM": 0.034482758620689655,
    "COK": 0.034482758620689655,
    "HBE": 0.034482758620689655,
    "MHD": 0.034482758620689655,
    "CCJ": 0.034482758620689655,
    "CAI": 0.034482758620689655,
    "LHE": 0.034482758620689655,
    "KHI": 0.034482758620689655,
    "MNL": 0.034482758620689655,
    "IST": 0.034482758620689655,
    "DAC": 0.02586206896551724,
    "TRV": 0.017241379310344827,
    "ADD": 0.017241379310344827,
    "ADE": 0.017241379310344827,
    "TAI": 0.017241379310344827,
    "DWC": 0.017241379310344827,
    "SHJ": 0.017241379310344827,
    "BAH": 0.017241379310344827,
    "IXE": 0.017241379310344827,
    "AMS": 0.017241379310344827,
    "BEY": 0.017241379310344827,
    "SKT": 0.017241379310344827,
    "DOH": 0.017241379310344827,
    "AMM": 0.017241379310344827,
    "ABT": 0.017241379310344827,
    "BHH": 0.017241379310344827,
    "BLR": 0.017241379310344827,
    "EAM": 0.017241379310344827,
    "GIZ": 0.017241379310344827,
    "HAS": 0.017241379310344827,
    "HYD": 0.017241379310344827,
    "MAA": 0.017241379310344827,
    "CMB": 0.017241379310344827,
    "MCT": 0.017241379310344827
  },
  "domestic_ratio": 0.177,
  "fleet_mix": {
    "JAI": {
      "B738": 1.0
    },
    "AIC": {
      "A320": 1.0
    },
    "BBC": {
      "B777": 1.0
    },
    "RBG": {
      "A320": 1.0
    },
    "UAE": {
      "B777": 0.6666666666666666,
      "A330": 0.3333333333333333
    },
    "ETD": {
      "A320": 0.5,
      "A319": 0.5
    },
    "ATM": {
      "CRJ7": 1.0
    },
    "FDB": {
      "B738": 1.0
    },
    "ABY": {
      "A320": 1.0
    },
    "GBA": {
      "A320": 1.0
    },
    "IRA": {
      "A320": 1.0
    },
    "AXB": {
      "B738": 1.0
    },
    "KAC": {
      "A320": 1.0
    },
    "MEA": {
      "A320": 1.0
    },
    "MSR": {
      "A330": 0.25,
      "B738": 0.25,
      "A321": 0.25,
      "A320": 0.25
    },
    "SAI": {
      "A320": 1.0
    },
    "PIA": {
      "B737": 1.0
    },
    "QTR": {
      "A330": 0.2857142857142857,
      "B787": 0.14285714285714285,
      "A321": 0.14285714285714285,
      "B777": 0.14285714285714285,
      "A320": 0.14285714285714285,
      "A319": 0.14285714285714285
    },
    "RJA": {
      "E190": 0.5,
      "A320": 0.5
    },
    "SVA": {
      "A320": 0.36363636363636365,
      "E175": 0.18181818181818182,
      "A321": 0.15584415584415584,
      "B777": 0.14285714285714285,
      "A330": 0.1038961038961039,
      "B744": 0.05194805194805195
    },
    "THY": {
      "A321": 1.0
    },
    "OMA": {
      "B738": 0.3333333333333333,
      "E175": 0.3333333333333333,
      "B737": 0.3333333333333333
    },
    "KNE": {
      "A320": 1.0
    }
  },
  "hourly_profile": [],
  "delay_rate": 0.0,
  "delay_distribution": {},
  "mean_delay_minutes": 0.0,
  "data_source": "openflights",
  "region": "",
  "profile_date": "2026-03-21",
  "sample_size": 141
}