{
  "icao_code": "DOH",
  "iata_code": "DOH",
  "airline_shares": {
    "QTR": 0.6578947368421053,
    "USA": 0.038011695906432746,
    "CPA": 0.03508771929824561,
    "AAL": 0.029239766081871343,
    "JAI": 0.017543859649122806,
    "AXB": 0.017543859649122806,
    "FDB": 0.011695906432748537,
    "IRA": 0.011695906432748537,
    "IYE": 0.011695906432748537,
    "JAL": 0.011695906432748537,
    "KLM": 0.011695906432748537,
    "GEC": 0.011695906432748537,
    "PIA": 0.011695906432748537,
    "SVA": 0.011695906432748537,
    "OMA": 0.008771929824561403,
    "BAW": 0.005847953216374269,
    "BBC": 0.005847953216374269,
    "UAE": 0.005847953216374269,
    "ETD": 0.005847953216374269,
    "ABY": 0.005847953216374269,
    "GBA": 0.005847953216374269,
    "KAC": 0.005847953216374269,
    "MEA": 0.005847953216374269,
    "MSR": 0.005847953216374269,
    "PGT": 0.005847953216374269,
    "PAL": 0.005847953216374269,
    "RNA": 0.005847953216374269,
    "RJA": 0.005847953216374269,
    "SUD": 0.005847953216374269,
    "THY": 0.005847953216374269,
    "UAL": 0.005847953216374269,
    "ALK": 0.005847953216374269,
    "MAS": 0.0029239766081871343
  },
  "domestic_route_shares": {},
  "international_route_shares": {
    "BAH": 0.03508771929824561,
    "DXB": 0.02631578947368421,
    "BOM": 0.017543859649122806,
    "IAH": 0.017543859649122806,
    "MAD": 0.017543859649122806,
    "MCT": 0.017543859649122806,
    "FRA": 0.017543859649122806,
    "BCN": 0.014619883040935672,
    "KWI": 0.014619883040935672,
    "COK": 0.011695906432748537,
    "DEL": 0.011695906432748537,
    "IAD": 0.011695906432748537,
    "JFK": 0.011695906432748537,
    "ORD": 0.011695906432748537,
    "PHL": 0.011695906432748537,
    "ATH": 0.011695906432748537,
    "GVA": 0.011695906432748537,
    "HKG": 0.011695906432748537,
    "VCE": 0.011695906432748537,
    "AUH": 0.011695906432748537,
    "DWC": 0.011695906432748537,
    "SHJ": 0.011695906432748537,
    "SYZ": 0.011695906432748537,
    "KIX": 0.011695906432748537,
    "NRT": 0.011695906432748537,
    "BEY": 0.011695906432748537,
    "CAI": 0.011695906432748537,
    "PEW": 0.011695906432748537,
    "MNL": 0.011695906432748537,
    "AMM": 0.011695906432748537,
    "CMB": 0.011695906432748537,
    "IST": 0.011695906432748537,
    "JED": 0.011695906432748537,
    "KRT": 0.011695906432748537,
    "KTM": 0.011695906432748537,
    "LHR": 0.011695906432748537,
    "MAN": 0.011695906432748537,
    "MUC": 0.011695906432748537,
    "RUH": 0.011695906432748537,
    "DAC": 0.008771929824561403,
    "CCJ": 0.008771929824561403,
    "SAH": 0.008771929824561403,
    "KUL": 0.008771929824561403,
    "LHE": 0.008771929824561403,
    "LRR": 0.005847953216374269,
    "ADE": 0.005847953216374269,
    "AMS": 0.005847953216374269,
    "SAW": 0.005847953216374269,
    "ADD": 0.005847953216374269,
    "ALG": 0.005847953216374269,
    "AMD": 0.005847953216374269,
    "ARN": 0.005847953216374269,
    "ATQ": 0.005847953216374269,
    "BGW": 0.005847953216374269,
    "BKK": 0.005847953216374269,
    "BLR": 0.005847953216374269,
    "BRU": 0.005847953216374269,
    "BSR": 0.005847953216374269,
    "BUD": 0.005847953216374269,
    "CAN": 0.005847953216374269,
    "CCU": 0.005847953216374269,
    "CDG": 0.005847953216374269,
    "CGK": 0.005847953216374269,
    "CKG": 0.005847953216374269,
    "CMN": 0.005847953216374269,
    "CPH": 0.005847953216374269,
    "CRK": 0.005847953216374269,
    "CTU": 0.005847953216374269,
    "DAR": 0.005847953216374269,
    "DME": 0.005847953216374269,
    "DMM": 0.005847953216374269,
    "EBB": 0.005847953216374269,
    "EBL": 0.005847953216374269,
    "ELQ": 0.005847953216374269,
    "ESB": 0.005847953216374269,
    "FCO": 0.005847953216374269,
    "GOI": 0.005847953216374269,
    "GRU": 0.005847953216374269,
    "GYD": 0.005847953216374269,
    "HBE": 0.005847953216374269,
    "HGH": 0.005847953216374269,
    "HYD": 0.005847953216374269,
    "ICN": 0.005847953216374269,
    "IKA": 0.005847953216374269,
    "ISB": 0.005847953216374269,
    "ISU": 0.005847953216374269,
    "JNB": 0.005847953216374269,
    "KHI": 0.005847953216374269,
    "LCA": 0.005847953216374269,
    "LOS": 0.005847953216374269,
    "LXR": 0.005847953216374269,
    "MAA": 0.005847953216374269,
    "MED": 0.005847953216374269,
    "MEL": 0.005847953216374269,
    "MHD": 0.005847953216374269,
    "MLE": 0.005847953216374269,
    "MXP": 0.005847953216374269,
    "NBO": 0.005847953216374269,
    "NJF": 0.005847953216374269,
    "OSL": 0.005847953216374269,
    "OTP": 0.005847953216374269,
    "PEK": 0.005847953216374269,
    "PER": 0.005847953216374269,
    "PVG": 0.005847953216374269,
    "RGN": 0.005847953216374269,
    "SGN": 0.005847953216374269,
    "SIN": 0.005847953216374269,
    "SLL": 0.005847953216374269,
    "TIF": 0.005847953216374269,
    "TRV": 0.005847953216374269,
    "TUN": 0.005847953216374269,
    "TXL": 0.005847953216374269,
    "VIE": 0.005847953216374269,
    "WAW": 0.005847953216374269,
    "YUL": 0.005847953216374269,
    "ZRH": 0.005847953216374269,
    "IXE": 0.0029239766081871343,
    "CPT": 0.0029239766081871343
  },
  "domestic_ratio": 0.0,
  "fleet_mix": {
    "JAI": {
      "B738": 1.0
    },
    "AAL": {
      "B777": 1.0
    },
    "BAW": {
      "B777": 1.0
    },
    "CPA": {
      "A330": 0.5333333333333333,
      "A320": 0.26666666666666666,
      "B777": 0.13333333333333333,
      "A321": 0.06666666666666667
    },
    "UAE": {
      "B777": 0.75,
      "A330": 0.25
    },
    "ETD": {
      "A320": 0.5,
      "A319": 0.5
    },
    "FDB": {
      "B738": 1.0
    },
    "ABY": {
      "A320": 1.0
    },
    "GBA": {
      "A320": 1.0
    },
    "IRA": {
      "A320": 1.0
    },
    "AXB": {
      "B738": 1.0
    },
    "IYE": {
      "A320": 1.0
    },
    "JAL": {
      "A330": 0.5,
      "B777": 0.5
    },
    "KAC": {
      "A320": 1.0
    },
    "GEC": {
      "A330": 1.0
    },
    "MEA": {
      "A320": 1.0
    },
    "MAS": {
      "A330": 1.0
    },
    "MSR": {
      "A330": 0.5,
      "B738": 0.5
    },
    "PGT": {
      "B738": 1.0
    },
    "PIA": {
      "B738": 1.0
    },
    "QTR": {
      "A330": 0.286783042394015,
      "A320": 0.2543640897755611,
      "B777": 0.1970074812967581,
      "A321": 0.12468827930174564,
      "B787": 0.08728179551122195,
      "A319": 0.034912718204488775,
      "E175": 0.004987531172069825,
      "B739": 0.004987531172069825,
      "B737": 0.004987531172069825
    },
    "RJA": {
      "A319": 0.3333333333333333,
      "E190": 0.3333333333333333,
      "A320": 0.3333333333333333
    },
    "SUD": {
      "A320": 1.0
    },
    "SVA": {
      "A320": 1.0
    },
    "THY": {
      "A321": 0.5,
      "B738": 0.5
    },
    "UAL": {
      "B777": 1.0
    },
    "ALK": {
      "A330": 1.0
    },
    "USA": {
      "B777": 0.44,
      "A330": 0.36,
      "B787": 0.2
    },
    "OMA": {
      "B738": 0.42857142857142855,
      "E175": 0.2857142857142857,
      "B737": 0.2857142857142857
    }
  },
  "hourly_profile": [],
  "delay_rate": 0.0,
  "delay_distribution": {},
  "mean_delay_minutes": 0.0,
  "data_source": "openflights",
  "region": "",
  "profile_date": "2026-03-21",
  "sample_size": 342
}