{
  "icao_code": "DPS",
  "iata_code": "DPS",
  "airline_shares": {
    "GIA": 0.26436781609195403,
    "AWQ": 0.11494252873563218,
    "JST": 0.08045977011494253,
    "LNI": 0.06896551724137931,
    "QG": 0.04597701149425287,
    "VOZ": 0.04597701149425287,
    "ANA": 0.034482758620689655,
    "MDL": 0.034482758620689655,
    "CSN": 0.022988505747126436,
    "SJY": 0.022988505747126436,
    "CEB": 0.011494252873563218,
    "AXM": 0.011494252873563218,
    "EVA": 0.011494252873563218,
    "CAL": 0.011494252873563218,
    "CPA": 0.011494252873563218,
    "AIQ": 0.011494252873563218,
    "CRK": 0.011494252873563218,
    "ITK": 0.011494252873563218,
    "HDA": 0.011494252873563218,
    "KAL": 0.011494252873563218,
    "KLM": 0.011494252873563218,
    "MAS": 0.011494252873563218,
    "CES": 0.011494252873563218,
    "MXD": 0.011494252873563218,
    "OZR": 0.011494252873563218,
    "PAL": 0.011494252873563218,
    "ANG": 0.011494252873563218,
    "QFA": 0.011494252873563218,
    "QTR": 0.011494252873563218,
    "SQC": 0.011494252873563218,
    "THA": 0.011494252873563218,
    "TGW": 0.011494252873563218,
    "VLU": 0.011494252873563218
  },
  "domestic_route_shares": {
    "CGK": 0.35,
    "JOG": 0.15,
    "SUB": 0.15,
    "UPG": 0.15,
    "LOP": 0.05,
    "SRG": 0.05,
    "BTH": 0.05,
    "BPN": 0.05
  },
  "international_route_shares": {
    "SIN": 0.14925373134328357,
    "HKG": 0.07462686567164178,
    "KUL": 0.05970149253731343,
    "BDO": 0.05970149253731343,
    "BNE": 0.04477611940298507,
    "ICN": 0.04477611940298507,
    "MEL": 0.04477611940298507,
    "PER": 0.04477611940298507,
    "MNL": 0.029850746268656716,
    "TPE": 0.029850746268656716,
    "HND": 0.029850746268656716,
    "KIX": 0.029850746268656716,
    "KOE": 0.029850746268656716,
    "NRT": 0.029850746268656716,
    "SYD": 0.029850746268656716,
    "ADL": 0.029850746268656716,
    "DRW": 0.029850746268656716,
    "CAN": 0.014925373134328358,
    "SZX": 0.014925373134328358,
    "DMK": 0.014925373134328358,
    "BMU": 0.014925373134328358,
    "LBJ": 0.014925373134328358,
    "PLM": 0.014925373134328358,
    "TIM": 0.014925373134328358,
    "TMC": 0.014925373134328358,
    "PVG": 0.014925373134328358,
    "POM": 0.014925373134328358,
    "BKI": 0.014925373134328358,
    "DIL": 0.014925373134328358,
    "BKK": 0.014925373134328358,
    "PHE": 0.014925373134328358
  },
  "domestic_ratio": 0.23,
  "fleet_mix": {
    "CEB": {
      "A320": 1.0
    },
    "AXM": {
      "A320": 1.0
    },
    "EVA": {
      "A330": 1.0
    },
    "CAL": {
      "A330": 1.0
    },
    "CPA": {
      "B777": 0.5,
      "B744": 0.5
    },
    "CSN": {
      "B738": 0.5,
      "A320": 0.5
    },
    "AIQ": {
      "A320": 1.0
    },
    "GIA": {
      "B738": 0.4444444444444444,
      "A330": 0.3333333333333333,
      "AT76": 0.14814814814814814,
      "B777": 0.07407407407407407
    },
    "CRK": {
      "A330": 1.0
    },
    "ITK": {
      "B739": 1.0
    },
    "JST": {
      "A320": 0.5714285714285714,
      "B787": 0.42857142857142855
    },
    "LNI": {
      "B739": 0.8333333333333334,
      "B738": 0.16666666666666666
    },
    "HDA": {
      "A330": 1.0
    },
    "KAL": {
      "A330": 1.0
    },
    "KLM": {
      "B777": 1.0
    },
    "MAS": {
      "B777": 0.3333333333333333,
      "B738": 0.3333333333333333,
      "A330": 0.3333333333333333
    },
    "CES": {
      "A330": 1.0
    },
    "ANA": {
      "A330": 1.0
    },
    "MXD": {
      "B739": 1.0
    },
    "OZR": {
      "B767": 1.0
    },
    "PAL": {
      "A320": 1.0
    },
    "ANG": {
      "B738": 1.0
    },
    "QFA": {
      "A320": 1.0
    },
    "QG": {
      "A320": 1.0
    },
    "QTR": {
      "B777": 1.0
    },
    "AWQ": {
      "A320": 1.0
    },
    "MDL": {
      "A320": 1.0
    },
    "SJY": {
      "B738": 1.0
    },
    "SQC": {
      "B777": 0.5,
      "B738": 0.5
    },
    "THA": {
      "B777": 1.0
    },
    "TGW": {
      "A320": 1.0
    },
    "VOZ": {
      "B738": 1.0
    },
    "VLU": {
      "A320": 1.0
    }
  },
  "hourly_profile": [],
  "delay_rate": 0.0,
  "delay_distribution": {},
  "mean_delay_minutes": 0.0,
  "data_source": "openflights",
  "region": "",
  "profile_date": "2026-03-21",
  "sample_size": 174
}