{
  "icao_code": "DRS",
  "iata_code": "DRS",
  "airline_shares": {
    "BER": 0.4,
    "GWI": 0.2,
    "GEC": 0.1,
    "ISK": 0.05,
    "GMI": 0.05,
    "AFL": 0.05,
    "EZY": 0.05,
    "VLG": 0.05,
    "BCY": 0.05
  },
  "domestic_route_shares": {
    "DUS": 0.3333333333333333,
    "CGN": 0.16666666666666666,
    "STR": 0.16666666666666666,
    "FRA": 0.16666666666666666,
    "MUC": 0.16666666666666666
  },
  "international_route_shares": {
    "AYT": 0.14285714285714285,
    "ZRH": 0.07142857142857142,
    "CFU": 0.07142857142857142,
    "HER": 0.07142857142857142,
    "HRG": 0.07142857142857142,
    "NBE": 0.07142857142857142,
    "PMI": 0.07142857142857142,
    "RHO": 0.07142857142857142,
    "TFS": 0.07142857142857142,
    "SVO": 0.07142857142857142,
    "BSL": 0.07142857142857142,
    "BCN": 0.07142857142857142,
    "LCY": 0.07142857142857142
  },
  "domestic_ratio": 0.3,
  "fleet_mix": {
    "GWI": {
      "A319": 0.5714285714285714,
      "CRJ9": 0.42857142857142855
    },
    "BER": {
      "B738": 0.6363636363636364,
      "DH8D": 0.09090909090909091,
      "A319": 0.09090909090909091,
      "B737": 0.09090909090909091,
      "A321": 0.09090909090909091
    },
    "GEC": {
      "E190": 1.0
    },
    "GMI": {
      "A321": 1.0
    },
    "EZY": {
      "A319": 0.5,
      "A320": 0.5
    },
    "VLG": {
      "A319": 0.5,
      "A320": 0.5
    }
  },
  "hourly_profile": [],
  "delay_rate": 0.0,
  "delay_distribution": {},
  "mean_delay_minutes": 0.0,
  "data_source": "openflights",
  "region": "",
  "profile_date": "2026-03-21",
  "sample_size": 40
}