{
  "icao_code": "DRW",
  "iata_code": "DRW",
  "airline_shares": {
    "TMA": 0.32142857142857145,
    "JST": 0.21428571428571427,
    "QFA": 0.17857142857142858,
    "PAL": 0.07142857142857142,
    "JSA": 0.03571428571428571,
    "BBD": 0.03571428571428571,
    "MAS": 0.03571428571428571,
    "SLK": 0.03571428571428571,
    "AWQ": 0.03571428571428571,
    "TGW": 0.03571428571428571
  },
  "domestic_route_shares": {
    "BNE": 0.3076923076923077,
    "ADL": 0.15384615384615385,
    "MEL": 0.15384615384615385,
    "SYD": 0.15384615384615385,
    "CNS": 0.07692307692307693,
    "PER": 0.07692307692307693,
    "BME": 0.07692307692307693
  },
  "international_route_shares": {
    "SIN": 0.13333333333333333,
    "GTE": 0.13333333333333333,
    "DPS": 0.13333333333333333,
    "KUL": 0.06666666666666667,
    "MNL": 0.06666666666666667,
    "DIL": 0.06666666666666667,
    "GOV": 0.06666666666666667,
    "ISA": 0.06666666666666667,
    "KNX": 0.06666666666666667,
    "MCV": 0.06666666666666667,
    "MNG": 0.06666666666666667,
    "TSV": 0.06666666666666667
  },
  "domestic_ratio": 0.464,
  "fleet_mix": {
    "JSA": {
      "A320": 1.0
    },
    "JST": {
      "A320": 1.0
    },
    "MAS": {
      "B738": 1.0
    },
    "SLK": {
      "A320": 1.0
    },
    "PAL": {
      "A320": 1.0
    },
    "QFA": {
      "B738": 0.8333333333333334,
      "B767": 0.16666666666666666
    },
    "AWQ": {
      "A320": 1.0
    },
    "TMA": {
      "E175": 1.0
    },
    "TGW": {
      "A320": 1.0
    }
  },
  "hourly_profile": [],
  "delay_rate": 0.0,
  "delay_distribution": {},
  "mean_delay_minutes": 0.0,
  "data_source": "openflights",
  "region": "",
  "profile_date": "2026-03-21",
  "sample_size": 56
}