{
  "icao_code": "DSM",
  "iata_code": "DSM",
  "airline_shares": {
    "AAY": 0.26666666666666666,
    "USA": 0.2,
    "AAL": 0.13333333333333333,
    "UAL": 0.13333333333333333,
    "SWA": 0.13333333333333333,
    "DAL": 0.06666666666666667,
    "FFT": 0.06666666666666667
  },
  "domestic_route_shares": {
    "DFW": 0.14285714285714285,
    "PHX": 0.14285714285714285,
    "DEN": 0.14285714285714285,
    "LAS": 0.14285714285714285,
    "ORD": 0.14285714285714285,
    "ATL": 0.07142857142857142,
    "PIE": 0.07142857142857142,
    "SFB": 0.07142857142857142,
    "MDW": 0.07142857142857142
  },
  "international_route_shares": {
    "PGD": 1.0
  },
  "domestic_ratio": 0.933,
  "fleet_mix": {
    "AAL": {
      "A319": 1.0
    },
    "FFT": {
      "A319": 1.0
    },
    "UAL": {
      "B737": 0.36363636363636365,
      "A319": 0.36363636363636365,
      "B738": 0.2727272727272727
    },
    "USA": {
      "A319": 1.0
    }
  },
  "hourly_profile": [],
  "delay_rate": 0.0,
  "delay_distribution": {},
  "mean_delay_minutes": 0.0,
  "data_source": "openflights",
  "region": "",
  "profile_date": "2026-03-21",
  "sample_size": 30
}