{
  "icao_code": "DSN",
  "iata_code": "DSN",
  "airline_shares": {
    "GUN": 0.5,
    "CES": 0.13636363636363635,
    "CSC": 0.09090909090909091,
    "CCA": 0.045454545454545456,
    "CSN": 0.045454545454545456,
    "CSH": 0.045454545454545456,
    "G5": 0.045454545454545456,
    "KN": 0.045454545454545456,
    "CDG": 0.045454545454545456
  },
  "domestic_route_shares": {
    "XIY": 0.14285714285714285,
    "CGO": 0.09523809523809523,
    "CTU": 0.047619047619047616,
    "SHE": 0.047619047619047616,
    "PEK": 0.047619047619047616,
    "CKG": 0.047619047619047616,
    "CSX": 0.047619047619047616,
    "HET": 0.047619047619047616,
    "HGH": 0.047619047619047616,
    "INC": 0.047619047619047616,
    "NKG": 0.047619047619047616,
    "SJW": 0.047619047619047616,
    "TSN": 0.047619047619047616,
    "URC": 0.047619047619047616,
    "WUH": 0.047619047619047616,
    "HRB": 0.047619047619047616,
    "KMG": 0.047619047619047616,
    "TYN": 0.047619047619047616
  },
  "international_route_shares": {
    "NAY": 1.0
  },
  "domestic_ratio": 0.955,
  "fleet_mix": {
    "CSC": {
      "A319": 1.0
    },
    "CCA": {
      "B738": 1.0
    },
    "CSN": {
      "B738": 1.0
    },
    "CSH": {
      "B737": 1.0
    },
    "G5": {
      "CRJ9": 1.0
    },
    "GUN": {
      "E190": 1.0
    },
    "KN": {
      "B737": 1.0
    },
    "CES": {
      "A320": 1.0
    }
  },
  "hourly_profile": [],
  "delay_rate": 0.0,
  "delay_distribution": {},
  "mean_delay_minutes": 0.0,
  "data_source": "openflights",
  "region": "",
  "profile_date": "2026-03-21",
  "sample_size": 44
}