{
  "icao_code": "DTM",
  "iata_code": "DTM",
  "airline_shares": {
    "WZZ": 0.31343283582089554,
    "RYR": 0.23880597014925373,
    "GWI": 0.14925373134328357,
    "WAU": 0.05970149253731343,
    "SXS": 0.05970149253731343,
    "BER": 0.029850746268656716,
    "IBE": 0.029850746268656716,
    "GEC": 0.029850746268656716,
    "GMI": 0.029850746268656716,
    "EZY": 0.029850746268656716,
    "VLG": 0.029850746268656716
  },
  "domestic_route_shares": {
    "MUC": 1.0
  },
  "international_route_shares": {
    "PMI": 0.09523809523809523,
    "SAW": 0.06349206349206349,
    "BCN": 0.06349206349206349,
    "HDF": 0.031746031746031744,
    "SPU": 0.031746031746031744,
    "AGP": 0.031746031746031744,
    "AHO": 0.031746031746031744,
    "FAO": 0.031746031746031744,
    "GRO": 0.031746031746031744,
    "KRK": 0.031746031746031744,
    "OPO": 0.031746031746031744,
    "STN": 0.031746031746031744,
    "ONQ": 0.031746031746031744,
    "LTN": 0.031746031746031744,
    "BEG": 0.031746031746031744,
    "BUD": 0.031746031746031744,
    "CLJ": 0.031746031746031744,
    "GDN": 0.031746031746031744,
    "KTW": 0.031746031746031744,
    "OTP": 0.031746031746031744,
    "SKP": 0.031746031746031744,
    "SOF": 0.031746031746031744,
    "TSR": 0.031746031746031744,
    "VNO": 0.031746031746031744,
    "IEV": 0.031746031746031744,
    "LWO": 0.031746031746031744,
    "ADB": 0.031746031746031744,
    "TGM": 0.015873015873015872
  },
  "domestic_ratio": 0.06,
  "fleet_mix": {
    "GWI": {
      "A319": 0.8333333333333334,
      "A320": 0.16666666666666666
    },
    "BER": {
      "B738": 1.0
    },
    "RYR": {
      "B738": 1.0
    },
    "IBE": {
      "A320": 1.0
    },
    "GEC": {
      "A319": 1.0
    },
    "GMI": {
      "B737": 1.0
    },
    "EZY": {
      "A319": 1.0
    },
    "VLG": {
      "A319": 1.0
    },
    "WZZ": {
      "A320": 1.0
    },
    "WAU": {
      "A320": 1.0
    },
    "SXS": {
      "B738": 1.0
    }
  },
  "hourly_profile": [],
  "delay_rate": 0.0,
  "delay_distribution": {},
  "mean_delay_minutes": 0.0,
  "data_source": "openflights",
  "region": "",
  "profile_date": "2026-03-21",
  "sample_size": 67
}