{
  "icao_code": "DUB",
  "iata_code": "DUB",
  "airline_shares": {
    "RYR": 0.4342857142857143,
    "EIN": 0.35428571428571426,
    "AAL": 0.022857142857142857,
    "USA": 0.022857142857142857,
    "NAX": 0.017142857142857144,
    "SAS": 0.017142857142857144,
    "GWI": 0.011428571428571429,
    "FIN": 0.011428571428571429,
    "BEE": 0.011428571428571429,
    "DAL": 0.011428571428571429,
    "GEC": 0.011428571428571429,
    "UAL": 0.011428571428571429,
    "MLD": 0.005714285714285714,
    "AFR": 0.005714285714285714,
    "BAW": 0.005714285714285714,
    "UAE": 0.005714285714285714,
    "ETD": 0.005714285714285714,
    "LGL": 0.005714285714285714,
    "SWR": 0.005714285714285714,
    "ROT": 0.005714285714285714,
    "THY": 0.005714285714285714,
    "TSC": 0.005714285714285714,
    "BCY": 0.005714285714285714
  },
  "domestic_route_shares": {},
  "international_route_shares": {
    "JFK": 0.02857142857142857,
    "ORD": 0.022857142857142857,
    "CPH": 0.017142857142857144,
    "DUS": 0.011428571428571429,
    "CLT": 0.011428571428571429,
    "PHL": 0.011428571428571429,
    "CDG": 0.011428571428571429,
    "LHR": 0.011428571428571429,
    "OSL": 0.011428571428571429,
    "ACE": 0.011428571428571429,
    "AGP": 0.011428571428571429,
    "ALC": 0.011428571428571429,
    "ARN": 0.011428571428571429,
    "BCN": 0.011428571428571429,
    "BHX": 0.011428571428571429,
    "BLQ": 0.011428571428571429,
    "BUD": 0.011428571428571429,
    "FAO": 0.011428571428571429,
    "FRA": 0.011428571428571429,
    "FUE": 0.011428571428571429,
    "IBZ": 0.011428571428571429,
    "LGW": 0.011428571428571429,
    "LIS": 0.011428571428571429,
    "LPA": 0.011428571428571429,
    "MAD": 0.011428571428571429,
    "MAN": 0.011428571428571429,
    "MUC": 0.011428571428571429,
    "NCE": 0.011428571428571429,
    "PMI": 0.011428571428571429,
    "PRG": 0.011428571428571429,
    "SXF": 0.011428571428571429,
    "TFS": 0.011428571428571429,
    "YYZ": 0.011428571428571429,
    "ZRH": 0.011428571428571429,
    "OTP": 0.011428571428571429,
    "CGN": 0.005714285714285714,
    "KIV": 0.005714285714285714,
    "EXT": 0.005714285714285714,
    "SOU": 0.005714285714285714,
    "ATL": 0.005714285714285714,
    "HEL": 0.005714285714285714,
    "ADB": 0.005714285714285714,
    "AMS": 0.005714285714285714,
    "ATH": 0.005714285714285714,
    "BIO": 0.005714285714285714,
    "BOD": 0.005714285714285714,
    "BOJ": 0.005714285714285714,
    "BOS": 0.005714285714285714,
    "BRU": 0.005714285714285714,
    "CFU": 0.005714285714285714,
    "CTA": 0.005714285714285714,
    "DBV": 0.005714285714285714,
    "FCO": 0.005714285714285714,
    "GVA": 0.005714285714285714,
    "HAJ": 0.005714285714285714,
    "HAM": 0.005714285714285714,
    "LIN": 0.005714285714285714,
    "LYS": 0.005714285714285714,
    "MCO": 0.005714285714285714,
    "MRS": 0.005714285714285714,
    "MXP": 0.005714285714285714,
    "NAP": 0.005714285714285714,
    "PGF": 0.005714285714285714,
    "PUY": 0.005714285714285714,
    "SCQ": 0.005714285714285714,
    "SFO": 0.005714285714285714,
    "STR": 0.005714285714285714,
    "TLS": 0.005714285714285714,
    "VCE": 0.005714285714285714,
    "VIE": 0.005714285714285714,
    "VRN": 0.005714285714285714,
    "WAW": 0.005714285714285714,
    "DXB": 0.005714285714285714,
    "AUH": 0.005714285714285714,
    "AHO": 0.005714285714285714,
    "BGY": 0.005714285714285714,
    "BIQ": 0.005714285714285714,
    "BRE": 0.005714285714285714,
    "BRI": 0.005714285714285714,
    "BRS": 0.005714285714285714,
    "BSL": 0.005714285714285714,
    "BTS": 0.005714285714285714,
    "BVA": 0.005714285714285714,
    "BZG": 0.005714285714285714,
    "CCF": 0.005714285714285714,
    "CHQ": 0.005714285714285714,
    "CIA": 0.005714285714285714,
    "CIY": 0.005714285714285714,
    "CRL": 0.005714285714285714,
    "EDI": 0.005714285714285714,
    "EIN": 0.005714285714285714,
    "EMA": 0.005714285714285714,
    "FMM": 0.005714285714285714,
    "GDN": 0.005714285714285714,
    "GRO": 0.005714285714285714,
    "HHN": 0.005714285714285714,
    "KRK": 0.005714285714285714,
    "KTW": 0.005714285714285714,
    "KUN": 0.005714285714285714,
    "LBA": 0.005714285714285714,
    "LEI": 0.005714285714285714,
    "LPL": 0.005714285714285714,
    "LRH": 0.005714285714285714,
    "LTN": 0.005714285714285714,
    "MJV": 0.005714285714285714,
    "MLA": 0.005714285714285714,
    "NCL": 0.005714285714285714,
    "NTE": 0.005714285714285714,
    "OPO": 0.005714285714285714,
    "PIK": 0.005714285714285714,
    "POZ": 0.005714285714285714,
    "PSA": 0.005714285714285714,
    "RAK": 0.005714285714285714,
    "RDZ": 0.005714285714285714,
    "REU": 0.005714285714285714,
    "RIX": 0.005714285714285714,
    "RYG": 0.005714285714285714,
    "RZE": 0.005714285714285714,
    "SDR": 0.005714285714285714,
    "STN": 0.005714285714285714,
    "SVQ": 0.005714285714285714,
    "SZZ": 0.005714285714285714,
    "TSF": 0.005714285714285714,
    "TUF": 0.005714285714285714,
    "VLC": 0.005714285714285714,
    "VNO": 0.005714285714285714,
    "WMI": 0.005714285714285714,
    "WRO": 0.005714285714285714,
    "ZAD": 0.005714285714285714,
    "LUX": 0.005714285714285714,
    "IST": 0.005714285714285714,
    "EWR": 0.005714285714285714,
    "IAD": 0.005714285714285714,
    "LCY": 0.005714285714285714
  },
  "domestic_ratio": 0.0,
  "fleet_mix": {
    "GWI": {
      "A319": 0.5,
      "CRJ9": 0.5
    },
    "MLD": {
      "E190": 1.0
    },
    "AAL": {
      "B767": 0.5,
      "A330": 0.5
    },
    "FIN": {
      "B767": 1.0
    },
    "BAW": {
      "A319": 1.0
    },
    "BEE": {
      "E190": 0.6666666666666666,
      "DH8D": 0.3333333333333333
    },
    "DAL": {
      "B752": 1.0
    },
    "NAX": {
      "B738": 1.0
    },
    "EIN": {
      "A320": 0.8818897637795275,
      "A330": 0.07874015748031496,
      "A319": 0.023622047244094488,
      "A321": 0.015748031496062992
    },
    "UAE": {
      "B777": 1.0
    },
    "ETD": {
      "B777": 0.5,
      "A330": 0.5
    },
    "RYR": {
      "B738": 1.0
    },
    "LGL": {
      "DH8D": 1.0
    },
    "GEC": {
      "A321": 0.3333333333333333,
      "A320": 0.3333333333333333,
      "A319": 0.3333333333333333
    },
    "SWR": {
      "A321": 1.0
    },
    "SAS": {
      "B738": 0.4,
      "A320": 0.2,
      "A321": 0.2,
      "B737": 0.2
    },
    "THY": {
      "B738": 1.0
    },
    "UAL": {
      "B752": 1.0
    },
    "USA": {
      "B752": 0.3333333333333333,
      "B767": 0.3333333333333333,
      "A330": 0.3333333333333333
    }
  },
  "hourly_profile": [],
  "delay_rate": 0.0,
  "delay_distribution": {},
  "mean_delay_minutes": 0.0,
  "data_source": "openflights",
  "region": "",
  "profile_date": "2026-03-21",
  "sample_size": 350
}