{
  "icao_code": "DUR",
  "iata_code": "DUR",
  "airline_shares": {
    "CAW": 0.3333333333333333,
    "MNO": 0.2222222222222222,
    "SAA": 0.2222222222222222,
    "UAE": 0.1111111111111111,
    "MAU": 0.1111111111111111
  },
  "domestic_route_shares": {
    "CPT": 0.42857142857142855,
    "JNB": 0.42857142857142855,
    "HLA": 0.14285714285714285
  },
  "international_route_shares": {
    "DXB": 0.5,
    "MRU": 0.5
  },
  "domestic_ratio": 0.778,
  "fleet_mix": {
    "UAE": {
      "B777": 1.0
    },
    "MNO": {
      "B738": 1.0
    },
    "MAU": {
      "A319": 1.0
    },
    "CAW": {
      "B738": 1.0
    },
    "SAA": {
      "B738": 0.5,
      "A319": 0.25,
      "A320": 0.25
    }
  },
  "hourly_profile": [],
  "delay_rate": 0.0,
  "delay_distribution": {},
  "mean_delay_minutes": 0.0,
  "data_source": "openflights",
  "region": "",
  "profile_date": "2026-03-21",
  "sample_size": 18
}