{
  "icao_code": "DUS",
  "iata_code": "DUS",
  "airline_shares": {
    "BER": 0.3022222222222222,
    "GWI": 0.1688888888888889,
    "CFG": 0.08222222222222222,
    "GEC": 0.08,
    "HLX": 0.06444444444444444,
    "GMI": 0.022222222222222223,
    "AEE": 0.017777777777777778,
    "PGT": 0.017777777777777778,
    "BEE": 0.013333333333333334,
    "FSC": 0.013333333333333334,
    "SAS": 0.013333333333333334,
    "TAR": 0.013333333333333334,
    "BAW": 0.008888888888888889,
    "ISS": 0.008888888888888889,
    "CTN": 0.008888888888888889,
    "AFL": 0.008888888888888889,
    "THY": 0.008888888888888889,
    "SXS": 0.008888888888888889,
    "ISK": 0.0044444444444444444,
    "RLA": 0.0044444444444444444,
    "AAL": 0.0044444444444444444,
    "AFR": 0.0044444444444444444,
    "ADH": 0.0044444444444444444,
    "FIN": 0.0044444444444444444,
    "AZA": 0.0044444444444444444,
    "LBT": 0.0044444444444444444,
    "BTI": 0.0044444444444444444,
    "CCA": 0.0044444444444444444,
    "DAL": 0.0044444444444444444,
    "EIN": 0.0044444444444444444,
    "UAE": 0.0044444444444444444,
    "ETD": 0.0044444444444444444,
    "SDM": 0.0044444444444444444,
    "HHN": 0.0044444444444444444,
    "CHH": 0.0044444444444444444,
    "ASL": 0.0044444444444444444,
    "AMC": 0.0044444444444444444,
    "LOT": 0.0044444444444444444,
    "EXS": 0.0044444444444444444,
    "SWR": 0.0044444444444444444,
    "ANA": 0.0044444444444444444,
    "CSA": 0.0044444444444444444,
    "TVS": 0.0044444444444444444,
    "TAP": 0.0044444444444444444,
    "EZY": 0.0044444444444444444,
    "USA": 0.0044444444444444444,
    "VLG": 0.0044444444444444444,
    "IRM": 0.0044444444444444444,
    "MGX": 0.0044444444444444444
  },
  "domestic_route_shares": {
    "MUC": 0.2,
    "DRS": 0.16,
    "NUE": 0.16,
    "HAM": 0.16,
    "FDH": 0.08,
    "LEJ": 0.08,
    "STR": 0.08,
    "FRA": 0.08
  },
  "international_route_shares": {
    "HER": 0.02823529411764706,
    "PMI": 0.023529411764705882,
    "AYT": 0.023529411764705882,
    "CTA": 0.018823529411764704,
    "ORD": 0.018823529411764704,
    "HRG": 0.018823529411764704,
    "LPA": 0.018823529411764704,
    "RHO": 0.018823529411764704,
    "BCN": 0.01411764705882353,
    "CAG": 0.01411764705882353,
    "IBZ": 0.01411764705882353,
    "MXP": 0.01411764705882353,
    "PRG": 0.01411764705882353,
    "SKG": 0.01411764705882353,
    "DJE": 0.01411764705882353,
    "FUE": 0.01411764705882353,
    "KGS": 0.01411764705882353,
    "NBE": 0.01411764705882353,
    "SAW": 0.01411764705882353,
    "TFS": 0.01411764705882353,
    "TXL": 0.01411764705882353,
    "ZRH": 0.01411764705882353,
    "LED": 0.01411764705882353,
    "CFU": 0.011764705882352941,
    "ARN": 0.009411764705882352,
    "DBV": 0.009411764705882352,
    "DUB": 0.009411764705882352,
    "MAD": 0.009411764705882352,
    "OLB": 0.009411764705882352,
    "SPU": 0.009411764705882352,
    "VCE": 0.009411764705882352,
    "WAW": 0.009411764705882352,
    "ACE": 0.009411764705882352,
    "AGP": 0.009411764705882352,
    "AUH": 0.009411764705882352,
    "BEG": 0.009411764705882352,
    "CPH": 0.009411764705882352,
    "FAO": 0.009411764705882352,
    "FCO": 0.009411764705882352,
    "FNC": 0.009411764705882352,
    "NCE": 0.009411764705882352,
    "VIE": 0.009411764705882352,
    "CDG": 0.009411764705882352,
    "LHR": 0.009411764705882352,
    "DLM": 0.009411764705882352,
    "XRY": 0.009411764705882352,
    "ADB": 0.009411764705882352,
    "AOI": 0.004705882352941176,
    "BIA": 0.004705882352941176,
    "BIO": 0.004705882352941176,
    "BRI": 0.004705882352941176,
    "BSL": 0.004705882352941176,
    "CWL": 0.004705882352941176,
    "GVA": 0.004705882352941176,
    "HDF": 0.004705882352941176,
    "KTW": 0.004705882352941176,
    "LYS": 0.004705882352941176,
    "MPL": 0.004705882352941176,
    "NQY": 0.004705882352941176,
    "POZ": 0.004705882352941176,
    "PRN": 0.004705882352941176,
    "SUF": 0.004705882352941176,
    "TRN": 0.004705882352941176,
    "WRO": 0.004705882352941176,
    "ZAD": 0.004705882352941176,
    "ATH": 0.004705882352941176,
    "KLX": 0.004705882352941176,
    "NTE": 0.004705882352941176,
    "ALC": 0.004705882352941176,
    "CLY": 0.004705882352941176,
    "CUN": 0.004705882352941176,
    "CUR": 0.004705882352941176,
    "DME": 0.004705882352941176,
    "FLR": 0.004705882352941176,
    "GCI": 0.004705882352941176,
    "GWT": 0.004705882352941176,
    "JER": 0.004705882352941176,
    "JFK": 0.004705882352941176,
    "KVA": 0.004705882352941176,
    "LAX": 0.004705882352941176,
    "MAH": 0.004705882352941176,
    "MIA": 0.004705882352941176,
    "MJT": 0.004705882352941176,
    "NAP": 0.004705882352941176,
    "PDL": 0.004705882352941176,
    "POP": 0.004705882352941176,
    "PUJ": 0.004705882352941176,
    "PVK": 0.004705882352941176,
    "RMF": 0.004705882352941176,
    "RSW": 0.004705882352941176,
    "SMI": 0.004705882352941176,
    "SPC": 0.004705882352941176,
    "STN": 0.004705882352941176,
    "SZG": 0.004705882352941176,
    "TLV": 0.004705882352941176,
    "VRA": 0.004705882352941176,
    "ZTH": 0.004705882352941176,
    "LCY": 0.004705882352941176,
    "BHX": 0.004705882352941176,
    "EXT": 0.004705882352941176,
    "MAN": 0.004705882352941176,
    "RIX": 0.004705882352941176,
    "PEK": 0.004705882352941176,
    "AGA": 0.004705882352941176,
    "CHQ": 0.004705882352941176,
    "LCA": 0.004705882352941176,
    "ATL": 0.004705882352941176,
    "DXB": 0.004705882352941176,
    "LUX": 0.004705882352941176,
    "MLA": 0.004705882352941176,
    "BUD": 0.004705882352941176,
    "EWR": 0.004705882352941176,
    "VKO": 0.004705882352941176,
    "VLC": 0.004705882352941176,
    "LBA": 0.004705882352941176,
    "NRT": 0.004705882352941176,
    "ASR": 0.004705882352941176,
    "ESB": 0.004705882352941176,
    "OSL": 0.004705882352941176,
    "EBL": 0.004705882352941176,
    "ISU": 0.004705882352941176,
    "ONQ": 0.004705882352941176,
    "SVO": 0.004705882352941176,
    "IST": 0.004705882352941176,
    "LIS": 0.004705882352941176,
    "TUN": 0.004705882352941176,
    "LGW": 0.004705882352941176,
    "IKA": 0.004705882352941176,
    "GPA": 0.004705882352941176,
    "TGD": 0.004705882352941176
  },
  "domestic_ratio": 0.056,
  "fleet_mix": {
    "GWI": {
      "CRJ9": 0.6744186046511628,
      "A320": 0.16279069767441862,
      "A319": 0.16279069767441862
    },
    "AEE": {
      "A320": 0.5,
      "A319": 0.25,
      "A321": 0.25
    },
    "AAL": {
      "B767": 1.0
    },
    "BER": {
      "B738": 0.27626459143968873,
      "A321": 0.21011673151750973,
      "A330": 0.14785992217898833,
      "A320": 0.13229571984435798,
      "DH8D": 0.0933852140077821,
      "A319": 0.08560311284046693,
      "B737": 0.04669260700389105,
      "E190": 0.007782101167315175
    },
    "AFR": {
      "A318": 0.5,
      "A320": 0.5
    },
    "ADH": {
      "A320": 1.0
    },
    "FIN": {
      "B767": 1.0
    },
    "AZA": {
      "A320": 1.0
    },
    "BAW": {
      "E175": 0.3333333333333333,
      "A319": 0.3333333333333333,
      "A320": 0.3333333333333333
    },
    "BEE": {
      "DH8D": 0.5,
      "E175": 0.3333333333333333,
      "E190": 0.16666666666666666
    },
    "LBT": {
      "A320": 1.0
    },
    "BTI": {
      "DH8D": 1.0
    },
    "CFG": {
      "B738": 1.0
    },
    "EIN": {
      "A320": 1.0
    },
    "UAE": {
      "B777": 1.0
    },
    "ETD": {
      "A330": 1.0
    },
    "SDM": {
      "A319": 1.0
    },
    "FSC": {
      "A320": 1.0
    },
    "CHH": {
      "A320": 0.4,
      "B738": 0.2,
      "B737": 0.2,
      "A321": 0.2
    },
    "ISS": {
      "A320": 1.0
    },
    "ASL": {
      "A319": 1.0
    },
    "AMC": {
      "A319": 0.5,
      "A320": 0.5
    },
    "GEC": {
      "A320": 0.4166666666666667,
      "A319": 0.3055555555555556,
      "CRJ9": 0.16666666666666666,
      "A321": 0.05555555555555555,
      "CRJ7": 0.027777777777777776,
      "E190": 0.027777777777777776
    },
    "LOT": {
      "E175": 1.0
    },
    "SWR": {
      "A320": 0.5,