{
  "icao_code": "DWC",
  "iata_code": "DWC",
  "airline_shares": {
    "FDB": 0.5217391304347826,
    "SVR": 0.13043478260869565,
    "TSO": 0.13043478260869565,
    "WZZ": 0.06521739130434782,
    "GAP": 0.021739130434782608,
    "RBA": 0.021739130434782608,
    "GBA": 0.021739130434782608,
    "JZR": 0.021739130434782608,
    "MAS": 0.021739130434782608,
    "PAL": 0.021739130434782608,
    "QTR": 0.021739130434782608
  },
  "domestic_route_shares": {},
  "international_route_shares": {
    "KUF": 0.06521739130434782,
    "SVX": 0.05434782608695652,
    "MNL": 0.043478260869565216,
    "BAH": 0.043478260869565216,
    "DOH": 0.043478260869565216,
    "KWI": 0.043478260869565216,
    "AMD": 0.021739130434782608,
    "AMM": 0.021739130434782608,
    "BEY": 0.021739130434782608,
    "CGP": 0.021739130434782608,
    "CMB": 0.021739130434782608,
    "DMM": 0.021739130434782608,
    "DOK": 0.021739130434782608,
    "IEV": 0.021739130434782608,
    "JED": 0.021739130434782608,
    "KBL": 0.021739130434782608,
    "KIV": 0.021739130434782608,
    "KRT": 0.021739130434782608,
    "KTM": 0.021739130434782608,
    "KZN": 0.021739130434782608,
    "MCT": 0.021739130434782608,
    "MLE": 0.021739130434782608,
    "ODS": 0.021739130434782608,
    "RUH": 0.021739130434782608,
    "UFA": 0.021739130434782608,
    "KUL": 0.021739130434782608,
    "CEK": 0.021739130434782608,
    "GOJ": 0.021739130434782608,
    "MRV": 0.021739130434782608,
    "PEE": 0.021739130434782608,
    "DME": 0.021739130434782608,
    "OMS": 0.021739130434782608,
    "VKO": 0.021739130434782608,
    "BUD": 0.021739130434782608,
    "OTP": 0.021739130434782608,
    "SOF": 0.021739130434782608,
    "BWN": 0.010869565217391304,
    "LHR": 0.010869565217391304,
    "LED": 0.010869565217391304,
    "OVB": 0.010869565217391304,
    "TJM": 0.010869565217391304
  },
  "domestic_ratio": 0.0,
  "fleet_mix": {
    "RBA": {
      "B787": 1.0
    },
    "FDB": {
      "B738": 1.0
    },
    "GBA": {
      "A320": 0.5,
      "A321": 0.5
    },
    "JZR": {
      "A320": 1.0
    },
    "MAS": {
      "A330": 1.0
    },
    "QTR": {
      "A320": 0.3333333333333333,
      "A321": 0.3333333333333333,
      "A319": 0.3333333333333333
    },
    "SVR": {
      "A321": 0.8571428571428571,
      "A320": 0.14285714285714285
    },
    "TSO": {
      "B738": 0.5714285714285714,
      "B777": 0.2857142857142857,
      "B767": 0.14285714285714285
    },
    "WZZ": {
      "A320": 1.0
    }
  },
  "hourly_profile": [],
  "delay_rate": 0.0,
  "delay_distribution": {},
  "mean_delay_minutes": 0.0,
  "data_source": "openflights",
  "region": "",
  "profile_date": "2026-03-21",
  "sample_size": 92
}