{
  "icao_code": "DYG",
  "iata_code": "DYG",
  "airline_shares": {
    "CSN": 0.3,
    "CES": 0.2,
    "PDC": 0.15,
    "CSC": 0.1,
    "9C": 0.05,
    "CCA": 0.05,
    "CSH": 0.05,
    "TNA": 0.05,
    "JAS": 0.05
  },
  "domestic_route_shares": {
    "PVG": 0.17647058823529413,
    "CKG": 0.11764705882352941,
    "NKG": 0.11764705882352941,
    "CSX": 0.11764705882352941,
    "PEK": 0.11764705882352941,
    "XIY": 0.11764705882352941,
    "TSN": 0.058823529411764705,
    "CAN": 0.058823529411764705,
    "SZX": 0.058823529411764705,
    "TYN": 0.058823529411764705
  },
  "international_route_shares": {
    "TPE": 0.6666666666666666,
    "CZX": 0.3333333333333333
  },
  "domestic_ratio": 0.85,
  "fleet_mix": {
    "CSC": {
      "A320": 0.5,
      "A319": 0.5
    },
    "9C": {
      "A320": 1.0
    },
    "PDC": {
      "B738": 1.0
    },
    "CCA": {
      "B737": 0.5,
      "B738": 0.5
    },
    "CSN": {
      "A320": 0.8333333333333334,
      "A319": 0.16666666666666666
    },
    "CSH": {
      "B738": 1.0
    },
    "TNA": {
      "A321": 1.0
    },
    "JAS": {
      "A319": 1.0
    },
    "CES": {
      "A320": 1.0
    }
  },
  "hourly_profile": [],
  "delay_rate": 0.0,
  "delay_distribution": {},
  "mean_delay_minutes": 0.0,
  "data_source": "openflights",
  "region": "",
  "profile_date": "2026-03-21",
  "sample_size": 40
}