{
  "icao_code": "DYU",
  "iata_code": "DYU",
  "airline_shares": {
    "7J": 0.24528301886792453,
    "SZ": 0.24528301886792453,
    "SVR": 0.22641509433962265,
    "IRC": 0.03773584905660377,
    "SYL": 0.03773584905660377,
    "SBI": 0.03773584905660377,
    "CSN": 0.018867924528301886,
    "FDB": 0.018867924528301886,
    "IOS": 0.018867924528301886,
    "KZR": 0.018867924528301886,
    "AFL": 0.018867924528301886,
    "THY": 0.018867924528301886,
    "Y7": 0.018867924528301886,
    "YK": 0.018867924528301886,
    "ORB": 0.009433962264150943,
    "KMF": 0.009433962264150943
  },
  "domestic_route_shares": {},
  "international_route_shares": {
    "LED": 0.07547169811320754,
    "ALA": 0.05660377358490566,
    "IST": 0.05660377358490566,
    "SVX": 0.05660377358490566,
    "URC": 0.05660377358490566,
    "KJA": 0.05660377358490566,
    "DME": 0.03773584905660377,
    "FRU": 0.03773584905660377,
    "IKA": 0.03773584905660377,
    "OVB": 0.03773584905660377,
    "DXB": 0.03773584905660377,
    "IKT": 0.03773584905660377,
    "KRR": 0.03773584905660377,
    "CEK": 0.03773584905660377,
    "KZN": 0.03773584905660377,
    "REN": 0.02830188679245283,
    "AER": 0.018867924528301886,
    "DEL": 0.018867924528301886,
    "SGC": 0.018867924528301886,
    "SHJ": 0.018867924528301886,
    "MHD": 0.018867924528301886,
    "OMS": 0.018867924528301886,
    "FRA": 0.018867924528301886,
    "GOJ": 0.018867924528301886,
    "KUF": 0.018867924528301886,
    "MRV": 0.018867924528301886,
    "NBC": 0.018867924528301886,
    "ROV": 0.018867924528301886,
    "UFA": 0.018867924528301886,
    "VOG": 0.018867924528301886,
    "KBL": 0.009433962264150943
  },
  "domestic_ratio": 0.0,
  "fleet_mix": {
    "7J": {
      "B752": 1.0
    },
    "CSN": {
      "B752": 1.0
    },
    "FDB": {
      "B738": 1.0
    },
    "KZR": {
      "A320": 1.0
    },
    "ORB": {
      "B738": 1.0
    },
    "SBI": {
      "A319": 0.5,
      "A320": 0.5
    },
    "AFL": {
      "A320": 1.0
    },
    "SZ": {
      "B737": 1.0
    },
    "THY": {
      "A321": 1.0
    },
    "SVR": {
      "A320": 1.0
    },
    "Y7": {
      "B738": 1.0
    }
  },
  "hourly_profile": [],
  "delay_rate": 0.0,
  "delay_distribution": {},
  "mean_delay_minutes": 0.0,
  "data_source": "openflights",
  "region": "",
  "profile_date": "2026-03-21",
  "sample_size": 106
}