{
  "icao_code": "DZA",
  "iata_code": "DZA",
  "airline_shares": {
    "ZD": 0.3333333333333333,
    "MDG": 0.25,
    "REU": 0.16666666666666666,
    "KQA": 0.08333333333333333,
    "SEU": 0.08333333333333333,
    "CRL": 0.08333333333333333
  },
  "domestic_route_shares": {},
  "international_route_shares": {
    "HAH": 0.20833333333333334,
    "MJN": 0.16666666666666666,
    "TNR": 0.125,
    "RUN": 0.125,
    "DIE": 0.08333333333333333,
    "DAR": 0.08333333333333333,
    "NOS": 0.08333333333333333,
    "NBO": 0.041666666666666664,
    "MRS": 0.041666666666666664,
    "ORY": 0.041666666666666664
  },
  "domestic_ratio": 0.0,
  "fleet_mix": {
    "KQA": {
      "E190": 1.0
    },
    "MDG": {
      "AT76": 1.0
    },
    "SEU": {
      "A330": 1.0
    },
    "CRL": {
      "A330": 1.0
    },
    "REU": {
      "B738": 0.6666666666666666,
      "B777": 0.3333333333333333
    },
    "ZD": {
      "AT76": 1.0
    }
  },
  "hourly_profile": [],
  "delay_rate": 0.0,
  "delay_distribution": {},
  "mean_delay_minutes": 0.0,
  "data_source": "openflights",
  "region": "",
  "profile_date": "2026-03-21",
  "sample_size": 24
}