{
  "icao_code": "EBB",
  "iata_code": "EBB",
  "airline_shares": {
    "JUS": 0.2641509433962264,
    "BGL": 0.07547169811320754,
    "PRF": 0.07547169811320754,
    "QTR": 0.07547169811320754,
    "ETH": 0.05660377358490566,
    "BAW": 0.03773584905660377,
    "UAE": 0.03773584905660377,
    "H7": 0.03773584905660377,
    "KLM": 0.03773584905660377,
    "KQA": 0.03773584905660377,
    "MSR": 0.03773584905660377,
    "SAA": 0.03773584905660377,
    "DAT": 0.03773584905660377,
    "THY": 0.03773584905660377,
    "TEP": 0.03773584905660377,
    "RWD": 0.03773584905660377,
    "XU": 0.03773584905660377
  },
  "domestic_route_shares": {},
  "international_route_shares": {
    "KGL": 0.18867924528301888,
    "NBO": 0.11320754716981132,
    "DAR": 0.07547169811320754,
    "JRO": 0.07547169811320754,
    "JUB": 0.05660377358490566,
    "KSE": 0.03773584905660377,
    "PAF": 0.03773584905660377,
    "LHR": 0.03773584905660377,
    "DXB": 0.03773584905660377,
    "ADD": 0.03773584905660377,
    "RUA": 0.03773584905660377,
    "CAI": 0.03773584905660377,
    "DOH": 0.03773584905660377,
    "JNB": 0.03773584905660377,
    "BJM": 0.03773584905660377,
    "MGQ": 0.03773584905660377,
    "AMS": 0.018867924528301886,
    "BRU": 0.018867924528301886,
    "IST": 0.018867924528301886,
    "ASM": 0.018867924528301886
  },
  "domestic_ratio": 0.0,
  "fleet_mix": {
    "BAW": {
      "B767": 1.0
    },
    "ETH": {
      "B767": 1.0
    },
    "KQA": {
      "E190": 0.5,
      "E175": 0.5
    },
    "MSR": {
      "A320": 1.0
    },
    "PRF": {
      "CRJ9": 1.0
    },
    "QTR": {
      "A320": 1.0
    },
    "SAA": {
      "A319": 1.0
    },
    "DAT": {
      "A330": 1.0
    },
    "THY": {
      "B739": 1.0
    },
    "JUS": {
      "CRJ9": 1.0
    },
    "TEP": {
      "A320": 1.0
    },
    "RWD": {
      "CRJ9": 0.3333333333333333,
      "B738": 0.3333333333333333,
      "DH8D": 0.3333333333333333
    }
  },
  "hourly_profile": [],
  "delay_rate": 0.0,
  "delay_distribution": {},
  "mean_delay_minutes": 0.0,
  "data_source": "openflights",
  "region": "",
  "profile_date": "2026-03-21",
  "sample_size": 53
}