{
  "icao_code": "EBL",
  "iata_code": "EBL",
  "airline_shares": {
    "OOM": 0.18518518518518517,
    "KKK": 0.1111111111111111,
    "GMI": 0.1111111111111111,
    "THY": 0.07407407407407407,
    "UAE": 0.037037037037037035,
    "ETD": 0.037037037037037035,
    "FDB": 0.037037037037037035,
    "ABY": 0.037037037037037035,
    "TRA": 0.037037037037037035,
    "GEC": 0.037037037037037035,
    "MEA": 0.037037037037037035,
    "MSR": 0.037037037037037035,
    "PGT": 0.037037037037037035,
    "QTR": 0.037037037037037035,
    "RJA": 0.037037037037037035,
    "RFJ": 0.037037037037037035,
    "UYC": 0.037037037037037035,
    "IRM": 0.037037037037037035
  },
  "domestic_route_shares": {},
  "international_route_shares": {
    "ESB": 0.1111111111111111,
    "AMM": 0.1111111111111111,
    "DXB": 0.07407407407407407,
    "ADA": 0.07407407407407407,
    "IST": 0.07407407407407407,
    "BEY": 0.07407407407407407,
    "ARN": 0.07407407407407407,
    "AUH": 0.037037037037037035,
    "SHJ": 0.037037037037037035,
    "AMS": 0.037037037037037035,
    "FRA": 0.037037037037037035,
    "CAI": 0.037037037037037035,
    "DOH": 0.037037037037037035,
    "DUS": 0.037037037037037035,
    "MUC": 0.037037037037037035,
    "AYT": 0.037037037037037035,
    "TBS": 0.037037037037037035,
    "IKA": 0.037037037037037035
  },
  "domestic_ratio": 0.0,
  "fleet_mix": {
    "UAE": {
      "A330": 1.0
    },
    "ETD": {
      "A320": 1.0
    },
    "FDB": {
      "B738": 1.0
    },
    "ABY": {
      "A320": 1.0
    },
    "TRA": {
      "B738": 1.0
    },
    "KKK": {
      "A320": 1.0
    },
    "GEC": {
      "A319": 1.0
    },
    "MEA": {
      "A321": 0.5,
      "A320": 0.5
    },
    "MSR": {
      "A320": 0.5,
      "A321": 0.5
    },
    "PGT": {
      "B738": 1.0
    },
    "QTR": {
      "A320": 1.0
    },
    "RJA": {
      "A319": 0.3333333333333333,
      "E190": 0.3333333333333333,
      "E175": 0.3333333333333333
    },
    "RFJ": {
      "A320": 1.0
    },
    "GMI": {
      "B737": 1.0
    },
    "THY": {
      "B738": 0.5,
      "A321": 0.5
    },
    "OOM": {
      "A321": 1.0
    }
  },
  "hourly_profile": [],
  "delay_rate": 0.0,
  "delay_distribution": {},
  "mean_delay_minutes": 0.0,
  "data_source": "openflights",
  "region": "",
  "profile_date": "2026-03-21",
  "sample_size": 54
}