{
  "icao_code": "EDDF",
  "iata_code": "FRA",
  "airline_shares": {
    "GEC": 0.41210374639769454,
    "CFG": 0.11959654178674352,
    "HLX": 0.05043227665706052,
    "BER": 0.023054755043227664,
    "USA": 0.020172910662824207,
    "CTN": 0.01440922190201729,
    "SAS": 0.01440922190201729,
    "UAL": 0.01440922190201729,
    "AAL": 0.011527377521613832,
    "ACA": 0.011527377521613832,
    "CCA": 0.011527377521613832,
    "AEE": 0.008645533141210375,
    "DAL": 0.008645533141210375,
    "ADR": 0.008645533141210375,
    "THY": 0.008645533141210375,
    "TAR": 0.008645533141210375,
    "HVN": 0.008645533141210375,
    "RAM": 0.005763688760806916,
    "BTI": 0.005763688760806916,
    "DLA": 0.005763688760806916,
    "ETD": 0.005763688760806916,
    "KAC": 0.005763688760806916,
    "MAS": 0.005763688760806916,
    "SBI": 0.005763688760806916,
    "SQC": 0.005763688760806916,
    "AFL": 0.005763688760806916,
    "SVA": 0.005763688760806916,
    "SXS": 0.005763688760806916,
    "BAW": 0.004322766570605188,
    "CYP": 0.004322766570605188,
    "GWI": 0.002881844380403458,
    "MLD": 0.002881844380403458,
    "AFR": 0.002881844380403458,
    "DAH": 0.002881844380403458,
    "AIC": 0.002881844380403458,
    "AZA": 0.002881844380403458,
    "BRU": 0.002881844380403458,
    "BBC": 0.002881844380403458,
    "LBT": 0.002881844380403458,
    "BYE": 0.002881844380403458,
    "CAL": 0.002881844380403458,
    "CPA": 0.002881844380403458,
    "EIN": 0.002881844380403458,
    "UAE": 0.002881844380403458,
    "ETH": 0.002881844380403458,
    "LZB": 0.002881844380403458,
    "ICE": 0.002881844380403458,
    "GBA": 0.002881844380403458,
    "NLY": 0.002881844380403458,
    "CHH": 0.002881844380403458,
    "UZB": 0.002881844380403458,
    "IRA": 0.002881844380403458,
    "TAM": 0.002881844380403458,
    "JAL": 0.002881844380403458,
    "ASL": 0.002881844380403458,
    "KZR": 0.002881844380403458,
    "KAL": 0.002881844380403458,
    "AMC": 0.002881844380403458,
    "LAN": 0.002881844380403458,
    "LGL": 0.002881844380403458,
    "LOT": 0.002881844380403458,
    "SWR": 0.002881844380403458,
    "ELY": 0.002881844380403458,
    "MEA": 0.002881844380403458,
    "MSR": 0.002881844380403458,
    "CES": 0.002881844380403458,
    "ANA": 0.002881844380403458,
    "CSA": 0.002881844380403458,
    "OZR": 0.002881844380403458,
    "PGT": 0.002881844380403458,
    "AUI": 0.002881844380403458,
    "QTR": 0.002881844380403458,
    "TVS": 0.002881844380403458,
    "RJA": 0.002881844380403458,
    "ROT": 0.002881844380403458,
    "RZO": 0.002881844380403458,
    "SAA": 0.002881844380403458,
    "GMI": 0.002881844380403458,
    "NMB": 0.002881844380403458,
    "SZ": 0.002881844380403458,
    "TUA": 0.002881844380403458,
    "THA": 0.002881844380403458,
    "TAP": 0.002881844380403458,
    "TSC": 0.002881844380403458,
    "ALK": 0.002881844380403458,
    "TSO": 0.002881844380403458,
    "AEA": 0.002881844380403458,
    "VLG": 0.002881844380403458,
    "OMA": 0.002881844380403458,
    "MGX": 0.002881844380403458
  },
  "domestic_route_shares": {
    "MUC": 0.15,
    "HAM": 0.15,
    "BRE": 0.1,
    "DRS": 0.1,
    "DUS": 0.1,
    "HAJ": 0.1,
    "LEJ": 0.1,
    "NUE": 0.1,
    "STR": 0.1
  },
  "international_route_shares": {
    "BEG": 0.01483679525222552,
    "DFW": 0.011869436201780416,
    "PMI": 0.011869436201780416,
    "AYT": 0.011869436201780416,
    "JFK": 0.011869436201780416,
    "MAD": 0.011869436201780416,
    "HER": 0.008902077151335312,
    "KUL": 0.008902077151335312,
    "PHL": 0.008902077151335312,
    "CFU": 0.008902077151335312,
    "IBZ": 0.008902077151335312,
    "TXL": 0.008902077151335312,
    "FCO": 0.008902077151335312,
    "AUH": 0.008902077151335312,
    "CPH": 0.008902077151335312,
    "PVG": 0.008902077151335312,
    "SPU": 0.008902077151335312,
    "ICN": 0.008902077151335312,
    "DOH": 0.008902077151335312,
    "JNB": 0.008902077151335312,
    "PRG": 0.008902077151335312,
    "SIN": 0.008902077151335312,
    "ATL": 0.00741839762611276,
    "ATH": 0.005934718100890208,
    "CLT": 0.005934718100890208,
    "YYC": 0.005934718100890208,
    "YYZ": 0.005934718100890208,
    "CDG": 0.005934718100890208,
    "ALG": 0.005934718100890208,
    "DEL": 0.005934718100890208,
    "CMN": 0.005934718100890208,
    "LHR": 0.005934718100890208,
    "NBE": 0.005934718100890208,
    "RIX": 0.005934718100890208,
    "PEK": 0.005934718100890208,
    "HKG": 0.005934718100890208,
    "LCA": 0.005934718100890208,
    "ACE": 0.005934718100890208,
    "DJE": 0.005934718100890208,
    "DLM": 0.005934718100890208,
    "FNC": 0.005934718100890208,
    "FUE": 0.005934718100890208,
    "KGS": 0.005934718100890208,
    "LPA": 0.005934718100890208,
    "RHO": 0.005934718100890208,
    "SEA": 0.005934718100890208,
    "TFS": 0.005934718100890208,
    "XRY": 0.005934718100890208,
    "YVR": 0.005934718100890208,
    "DTW": 0.005934718100890208,
    "DUB": 0.005934718100890208,
    "DXB": 0.005934718100890208,
    "LIN": 0.005934718100890208,
    "SOF": 0.005934718100890208,
    "VIE": 0.005934718100890208,
    "IKA": 0.005934718100890208,
    "GRU": 0.005934718100890208,
    "TSE": 0.005934718100890208,
    "MLA": 0.005934718100890208,
    "GVA": 0.005934718100890208,
    "KWI": 0.005934718100890208,
    "AMM": 0.005934718100890208,
    "ARN": 0.005934718100890208,
    "BCN": 0.005934718100890208,
    "BEY": 0.005934718100890208,
    "BKK": 0.005934718100890208,
    "BSL": 0.005934718100890208,
    "CAI": 0.005934718100890208,
    "DME": 0.005934718100890208,
    "EWR": 0.005934718100890208,
    "FAO": 0.005934718100890208,
    "HND": 0.005934718100890208,
    "IAD": 0.005934718100890208,
    "IAH": 0.005934718100890208,
    "IST": 0.005934718100890208,
    "JED": 0.005934718100890208,
    "KBP": 0.005934718100890208,
    "LED": 0.005934718100890208,
    "LIS": 0.005934718100890208,
    "ORD": 0.005934718100890208,
    "OSL": 0.005934718100890208,
    "OTP": 0.005934718100890208,
    "RUH": 0.005934718100890208,
    "SFO": 0.005934718100890208,
    "TLV": 0.005934718100890208,
    "TUN": 0.005934718100890208,
    "VKO": 0.005934718100890208,
    "WAW": 0.005934718100890208,
    "ZAG": 0.005934718100890208,
    "ZRH": 0.005934718100890208,
    "SAW": 0.005934718100890208,
    "DBV": 0.004451038575667656,
    "HDF": 0.002967359050445104,
    "KIV": 0.002967359050445104,
    "SKG": 0.002967359050445104,
    "ALC": 0.002967359050445104,
    "CTA": 0.002967359050445104,
    "YOW": 0.002967359050445104,
    "YUL": 0.002967359050445104,
    "NDR": 0.002967359050445104,
    "MSQ": 0.002967359050445104,
    "BRS": 0.002967359050445104,
    "CTU": 0.002967359050445104,
    "TPE": 0.002967359050445104,
    "AGA": 0.002967359050445104,
    "CUN": 0.002967359050445104,
    "HAV": 0.002967359050445104,
    "HOG": 0.002967359050445104,
    "HRG": 0.002967359050445104,
    "LAS": 0.002967359050445104,
    "MBA": 0.002967359050445104,
    "MBJ": 0.002967359050445104,
    "MLE": 0.002967359050445104,
    "MRU": 0.002967359050445104,
    "POP": 0.002967359050445104,
    "PUJ": 0.002967359050445104,
    "REC": 0.002967359050445104,
    "SDQ": 0.002967359050445104,
    "SEZ": 0.002967359050445104,
    "SJU": 0.002967359050445104,
    "SPC": 0.002967359050445104,
    "SSA": 0.002967359050445104,
    "VRA": 0.002967359050445104,
    "YHZ": 0.002967359050445104,
    "VRN": 0.002967359050445104,
    "ADD": 0.002967359050445104,
    "KEF": 0.002967359050445104,
    "BAH": 0.002967359050445104,
    "TAS": 0.002967359050445104,
    "NRT": 0.002967359050445104,
    "LJU": 0.002967359050445104,
    "PRN": 0.002967359050445104,
    "TIA": 0.002967359050445104,
    "LUX": 0.002967359050445104,
    "ABV": 0.002967359050445104,
    "ABZ": 0.002967359050445104,
    "AGP": 0.002967359050445104,
    "ALA": 0.002967359050445104,
    "AMS": 0.002967359050445104,
    "BHX": 0.002967359050445104,
    "BIA": 0.002967359050445104,
    "BIO": 0.002967359050445104,
    "BLL": 0.002967359050445104,
    "BLQ": 0.002967359050445104,