{
  "icao_code": "EDI",
  "iata_code": "EDI",
  "airline_shares": {
    "EZY": 0.31683168316831684,
    "RYR": 0.297029702970297,
    "EXS": 0.09900990099009901,
    "BEE": 0.07920792079207921,
    "NAX": 0.039603960396039604,
    "SAS": 0.0297029702970297,
    "BAW": 0.019801980198019802,
    "TVF": 0.019801980198019802,
    "GWI": 0.009900990099009901,
    "AFR": 0.009900990099009901,
    "KLM": 0.009900990099009901,
    "GEC": 0.009900990099009901,
    "DAT": 0.009900990099009901,
    "THY": 0.009900990099009901,
    "UAL": 0.009900990099009901,
    "TSO": 0.009900990099009901,
    "VLG": 0.009900990099009901,
    "BCY": 0.009900990099009901
  },
  "domestic_route_shares": {
    "LGW": 0.16666666666666666,
    "LHR": 0.16666666666666666,
    "BHX": 0.08333333333333333,
    "EMA": 0.08333333333333333,
    "MAN": 0.08333333333333333,
    "BFS": 0.08333333333333333,
    "BRS": 0.08333333333333333,
    "LTN": 0.08333333333333333,
    "STN": 0.08333333333333333,
    "CWL": 0.08333333333333333
  },
  "international_route_shares": {
    "PMI": 0.0449438202247191,
    "ALC": 0.033707865168539325,
    "TFS": 0.033707865168539325,
    "CDG": 0.02247191011235955,
    "ARN": 0.02247191011235955,
    "CPH": 0.02247191011235955,
    "OSL": 0.02247191011235955,
    "AGP": 0.02247191011235955,
    "BCN": 0.02247191011235955,
    "FAO": 0.02247191011235955,
    "KRK": 0.02247191011235955,
    "AMS": 0.02247191011235955,
    "DBV": 0.02247191011235955,
    "PRG": 0.02247191011235955,
    "CGN": 0.011235955056179775,
    "BHD": 0.011235955056179775,
    "EXT": 0.011235955056179775,
    "JER": 0.011235955056179775,
    "NWI": 0.011235955056179775,
    "SOU": 0.011235955056179775,
    "BGO": 0.011235955056179775,
    "ACE": 0.011235955056179775,
    "BLQ": 0.011235955056179775,
    "BOD": 0.011235955056179775,
    "BRE": 0.011235955056179775,
    "BTS": 0.011235955056179775,
    "BZR": 0.011235955056179775,
    "CFU": 0.011235955056179775,
    "CIA": 0.011235955056179775,
    "CRL": 0.011235955056179775,
    "DUB": 0.011235955056179775,
    "FUE": 0.011235955056179775,
    "GDN": 0.011235955056179775,
    "GSE": 0.011235955056179775,
    "HHN": 0.011235955056179775,
    "KUN": 0.011235955056179775,
    "LPA": 0.011235955056179775,
    "MLA": 0.011235955056179775,
    "MRS": 0.011235955056179775,
    "NRN": 0.011235955056179775,
    "POZ": 0.011235955056179775,
    "PSA": 0.011235955056179775,
    "RYG": 0.011235955056179775,
    "SDR": 0.011235955056179775,
    "FRA": 0.011235955056179775,
    "BUD": 0.011235955056179775,
    "MAH": 0.011235955056179775,
    "MJV": 0.011235955056179775,
    "VCE": 0.011235955056179775,
    "SVG": 0.011235955056179775,
    "BRU": 0.011235955056179775,
    "IST": 0.011235955056179775,
    "ATH": 0.011235955056179775,
    "BJV": 0.011235955056179775,
    "BSL": 0.011235955056179775,
    "DLM": 0.011235955056179775,
    "GVA": 0.011235955056179775,
    "HAM": 0.011235955056179775,
    "HER": 0.011235955056179775,
    "KEF": 0.011235955056179775,
    "LIS": 0.011235955056179775,
    "LYS": 0.011235955056179775,
    "MAD": 0.011235955056179775,
    "MUC": 0.011235955056179775,
    "MXP": 0.011235955056179775,
    "NAP": 0.011235955056179775,
    "NCE": 0.011235955056179775,
    "PFO": 0.011235955056179775,
    "SEN": 0.011235955056179775,
    "SXF": 0.011235955056179775,
    "EWR": 0.011235955056179775
  },
  "domestic_ratio": 0.119,
  "fleet_mix": {
    "GWI": {
      "A319": 1.0
    },
    "BAW": {
      "A319": 0.4,
      "B767": 0.2,
      "A320": 0.2,
      "A321": 0.2
    },
    "BEE": {
      "DH8D": 0.7777777777777778,
      "E175": 0.2222222222222222
    },
    "NAX": {
      "B738": 1.0
    },
    "RYR": {
      "B738": 1.0
    },
    "KLM": {
      "B737": 1.0
    },
    "GEC": {
      "A321": 0.3333333333333333,
      "A320": 0.3333333333333333,
      "A319": 0.3333333333333333
    },
    "SAS": {
      "B738": 0.6666666666666666,
      "B737": 0.3333333333333333
    },
    "DAT": {
      "A319": 1.0
    },
    "THY": {
      "B738": 0.5,
      "B739": 0.5
    },
    "TVF": {
      "B738": 1.0
    },
    "EZY": {
      "A319": 0.574468085106383,
      "A320": 0.425531914893617
    },
    "UAL": {
      "B752": 1.0
    },
    "TSO": {
      "A330": 1.0
    },
    "VLG": {
      "A320": 1.0
    }
  },
  "hourly_profile": [],
  "delay_rate": 0.0,
  "delay_distribution": {},
  "mean_delay_minutes": 0.0,
  "data_source": "openflights",
  "region": "",
  "profile_date": "2026-03-21",
  "sample_size": 202
}