{
  "icao_code": "EGLL",
  "iata_code": "LHR",
  "airline_shares": {
    "BAW": 0.39814814814814814,
    "VIR": 0.06172839506172839,
    "FIN": 0.05864197530864197,
    "AAL": 0.033950617283950615,
    "USA": 0.030864197530864196,
    "ACA": 0.024691358024691357,
    "DAL": 0.018518518518518517,
    "UAL": 0.018518518518518517,
    "IBE": 0.015432098765432098,
    "SAS": 0.015432098765432098,
    "TSO": 0.015432098765432098,
    "MAS": 0.013888888888888888,
    "GWI": 0.012345679012345678,
    "EIN": 0.012345679012345678,
    "AFR": 0.009259259259259259,
    "GEC": 0.009259259259259259,
    "CTN": 0.009259259259259259,
    "PIA": 0.009259259259259259,
    "JAI": 0.006172839506172839,
    "AIC": 0.006172839506172839,
    "RAM": 0.006172839506172839,
    "AZA": 0.006172839506172839,
    "KZR": 0.006172839506172839,
    "KAC": 0.006172839506172839,
    "SWR": 0.006172839506172839,
    "MSR": 0.006172839506172839,
    "ANA": 0.006172839506172839,
    "SVA": 0.006172839506172839,
    "VLG": 0.006172839506172839,
    "BBC": 0.004629629629629629,
    "ETH": 0.004629629629629629,
    "ETD": 0.004629629629629629,
    "AEE": 0.0030864197530864196,
    "DAH": 0.0030864197530864196,
    "AMX": 0.0030864197530864196,
    "RBA": 0.0030864197530864196,
    "EVA": 0.0030864197530864196,
    "BTI": 0.0030864197530864196,
    "CCA": 0.0030864197530864196,
    "CAL": 0.0030864197530864196,
    "CPA": 0.0030864197530864196,
    "CYP": 0.0030864197530864196,
    "CSN": 0.0030864197530864196,
    "UAE": 0.0030864197530864196,
    "LZB": 0.0030864197530864196,
    "ICE": 0.0030864197530864196,
    "GBA": 0.0030864197530864196,
    "UZB": 0.0030864197530864196,
    "IRA": 0.0030864197530864196,
    "AHY": 0.0030864197530864196,
    "TAM": 0.0030864197530864196,
    "JAL": 0.0030864197530864196,
    "ASL": 0.0030864197530864196,
    "KAL": 0.0030864197530864196,
    "KLM": 0.0030864197530864196,
    "AMC": 0.0030864197530864196,
    "KQA": 0.0030864197530864196,
    "LAA": 0.0030864197530864196,
    "LOT": 0.0030864197530864196,
    "ELY": 0.0030864197530864196,
    "MEA": 0.0030864197530864196,
    "MAU": 0.0030864197530864196,
    "CES": 0.0030864197530864196,
    "ANZ": 0.0030864197530864196,
    "OZR": 0.0030864197530864196,
    "PAL": 0.0030864197530864196,
    "QFA": 0.0030864197530864196,
    "QTR": 0.0030864197530864196,
    "RJA": 0.0030864197530864196,
    "ROT": 0.0030864197530864196,
    "SAA": 0.0030864197530864196,
    "DAT": 0.0030864197530864196,
    "SQC": 0.0030864197530864196,
    "AFL": 0.0030864197530864196,
    "TUA": 0.0030864197530864196,
    "THA": 0.0030864197530864196,
    "THY": 0.0030864197530864196,
    "TAP": 0.0030864197530864196,
    "TAR": 0.0030864197530864196,
    "ALK": 0.0030864197530864196,
    "OMA": 0.0030864197530864196
  },
  "domestic_route_shares": {
    "ABZ": 0.2222222222222222,
    "EDI": 0.2222222222222222,
    "MAN": 0.2222222222222222,
    "GLA": 0.1111111111111111,
    "LBA": 0.1111111111111111,
    "NCL": 0.1111111111111111
  },
  "international_route_shares": {
    "JFK": 0.025396825396825397,
    "LAX": 0.022222222222222223,
    "ORD": 0.01904761904761905,
    "SEA": 0.01904761904761905,
    "MIA": 0.01746031746031746,
    "DFW": 0.015873015873015872,
    "JNB": 0.015873015873015872,
    "DXB": 0.014285714285714285,
    "BOM": 0.012698412698412698,
    "DEL": 0.012698412698412698,
    "AUS": 0.012698412698412698,
    "PHL": 0.012698412698412698,
    "BOS": 0.012698412698412698,
    "EWR": 0.012698412698412698,
    "IAD": 0.012698412698412698,
    "SFO": 0.012698412698412698,
    "HND": 0.012698412698412698,
    "RDU": 0.009523809523809525,
    "DTW": 0.009523809523809525,
    "IAH": 0.009523809523809525,
    "LIN": 0.009523809523809525,
    "AMS": 0.009523809523809525,
    "BKK": 0.009523809523809525,
    "HKG": 0.009523809523809525,
    "ICN": 0.009523809523809525,
    "NRT": 0.009523809523809525,
    "PVG": 0.009523809523809525,
    "YYZ": 0.007936507936507936,
    "HAM": 0.006349206349206349,
    "STR": 0.006349206349206349,
    "TXL": 0.006349206349206349,
    "ATH": 0.006349206349206349,
    "CLT": 0.006349206349206349,
    "KUL": 0.006349206349206349,
    "YUL": 0.006349206349206349,
    "YVR": 0.006349206349206349,
    "YYC": 0.006349206349206349,
    "CDG": 0.006349206349206349,
    "MEX": 0.006349206349206349,
    "BWI": 0.006349206349206349,
    "DEN": 0.006349206349206349,
    "HEL": 0.006349206349206349,
    "LAS": 0.006349206349206349,
    "PHX": 0.006349206349206349,
    "SAN": 0.006349206349206349,
    "FCO": 0.006349206349206349,
    "ALA": 0.006349206349206349,
    "AMM": 0.006349206349206349,
    "ARN": 0.006349206349206349,
    "ATL": 0.006349206349206349,
    "AUH": 0.006349206349206349,
    "BAH": 0.006349206349206349,
    "BEY": 0.006349206349206349,
    "BHD": 0.006349206349206349,
    "BRU": 0.006349206349206349,
    "CAI": 0.006349206349206349,
    "CPH": 0.006349206349206349,
    "DUB": 0.006349206349206349,
    "DUS": 0.006349206349206349,
    "FRA": 0.006349206349206349,
    "GOT": 0.006349206349206349,
    "GRU": 0.006349206349206349,
    "GVA": 0.006349206349206349,
    "GYD": 0.006349206349206349,
    "IBZ": 0.006349206349206349,
    "IST": 0.006349206349206349,
    "JED": 0.006349206349206349,
    "KWI": 0.006349206349206349,
    "LCA": 0.006349206349206349,
    "LIS": 0.006349206349206349,
    "LOS": 0.006349206349206349,
    "MAD": 0.006349206349206349,
    "MUC": 0.006349206349206349,
    "NBO": 0.006349206349206349,
    "OSL": 0.006349206349206349,
    "OTP": 0.006349206349206349,
    "PEK": 0.006349206349206349,
    "RUH": 0.006349206349206349,
    "SIN": 0.006349206349206349,
    "SOF": 0.006349206349206349,
    "SVG": 0.006349206349206349,
    "TIP": 0.006349206349206349,
    "TLV": 0.006349206349206349,
    "WAW": 0.006349206349206349,
    "ZAG": 0.006349206349206349,
    "ZRH": 0.006349206349206349,
    "MSP": 0.006349206349206349,
    "BIO": 0.006349206349206349,
    "LCG": 0.006349206349206349,
    "DOH": 0.006349206349206349,
    "BEG": 0.004761904761904762,
    "CGN": 0.0031746031746031746,
    "YEG": 0.0031746031746031746,
    "YHZ": 0.0031746031746031746,
    "YOW": 0.0031746031746031746,
    "YYT": 0.0031746031746031746,
    "ALG": 0.0031746031746031746,
    "CMN": 0.0031746031746031746,
    "TNG": 0.0031746031746031746,
    "ABV": 0.0031746031746031746,
    "ACC": 0.0031746031746031746,
    "AGP": 0.0031746031746031746,
    "BCN": 0.0031746031746031746,
    "BGO": 0.0031746031746031746,
    "BLQ": 0.0031746031746031746,
    "BLR": 0.0031746031746031746,
    "BSL": 0.0031746031746031746,
    "BUD": 0.0031746031746031746,
    "CPT": 0.0031746031746031746,
    "CTU": 0.0031746031746031746,
    "DME": 0.0031746031746031746,
    "EBB": 0.0031746031746031746,
    "EZE": 0.0031746031746031746,
    "FAO": 0.0031746031746031746,
    "FNA": 0.0031746031746031746,
    "GIB": 0.0031746031746031746,
    "GIG": 0.0031746031746031746,
    "HAJ": 0.0031746031746031746,
    "HYD": 0.0031746031746031746,
    "JMK": 0.0031746031746031746,
    "JTR": 0.0031746031746031746,
    "KBP": 0.0031746031746031746,
    "LAD": 0.0031746031746031746,
    "LED": 0.0031746031746031746,
    "LUX": 0.0031746031746031746,
    "LYS": 0.0031746031746031746,
    "MAA": 0.0031746031746031746,
    "MRS": 0.0031746031746031746,
    "MXP": 0.0031746031746031746,
    "NAS": 0.0031746031746031746,
    "NCE": 0.0031746031746031746,
    "OPO": 0.0031746031746031746,
    "ORY": 0.0031746031746031746,
    "PMI": 0.0031746031746031746,
    "PRG": 0.0031746031746031746,
    "PSA": 0.0031746031746031746,
    "RTM": 0.0031746031746031746,
    "TLS": 0.0031746031746031746,
    "VCE": 0.0031746031746031746,
    "VIE": 0.0031746031746031746,
    "DAC": 0.0031746031746031746,
    "CAN": 0.0031746031746031746,
    "ORK": 0.0031746031746031746,
    "SNN": 0.0031746031746031746,
    "ADD": 0.0031746031746031746,
    "KEF": 0.0031746031746031746,
    "TAS": 0.0031746031746031746,
    "IKA": 0.0031746031746031746,