{
  "icao_code": "EHAM",
  "iata_code": "AMS",
  "airline_shares": {
    "KLM": 0.3058252427184466,
    "TRA": 0.1779935275080906,
    "EZY": 0.061488673139158574,
    "DAL": 0.02912621359223301,
    "VLG": 0.025889967637540454,
    "TFL": 0.024271844660194174,
    "AFR": 0.016181229773462782,
    "AZA": 0.016181229773462782,
    "BEE": 0.016181229773462782,
    "CES": 0.016181229773462782,
    "PGT": 0.012944983818770227,
    "UAL": 0.012944983818770227,
    "RAM": 0.009708737864077669,
    "NAX": 0.009708737864077669,
    "SAS": 0.009708737864077669,
    "ETD": 0.008090614886731391,
    "TAP": 0.008090614886731391,
    "3O": 0.006472491909385114,
    "RLA": 0.006472491909385114,
    "ADH": 0.006472491909385114,
    "BAW": 0.006472491909385114,
    "BTI": 0.006472491909385114,
    "CAL": 0.006472491909385114,
    "CSN": 0.006472491909385114,
    "EIN": 0.006472491909385114,
    "ELO": 0.006472491909385114,
    "CTN": 0.006472491909385114,
    "ELL": 0.006472491909385114,
    "SIH": 0.006472491909385114,
    "THY": 0.006472491909385114,
    "TSC": 0.006472491909385114,
    "SXS": 0.006472491909385114,
    "USA": 0.0048543689320388345,
    "GWI": 0.003236245954692557,
    "TGZ": 0.003236245954692557,
    "AAL": 0.003236245954692557,
    "FIN": 0.003236245954692557,
    "BRU": 0.003236245954692557,
    "EVA": 0.003236245954692557,
    "CPA": 0.003236245954692557,
    "CYP": 0.003236245954692557,
    "UAE": 0.003236245954692557,
    "BBO": 0.003236245954692557,
    "LZB": 0.003236245954692557,
    "ICE": 0.003236245954692557,
    "GIA": 0.003236245954692557,
    "IRA": 0.003236245954692557,
    "AIZ": 0.003236245954692557,
    "ADR": 0.003236245954692557,
    "ASL": 0.003236245954692557,
    "KZR": 0.003236245954692557,
    "KAL": 0.003236245954692557,
    "AMC": 0.003236245954692557,
    "KQA": 0.003236245954692557,
    "GEC": 0.003236245954692557,
    "LOT": 0.003236245954692557,
    "EXS": 0.003236245954692557,
    "SWR": 0.003236245954692557,
    "ELY": 0.003236245954692557,
    "MAS": 0.003236245954692557,
    "MSR": 0.003236245954692557,
    "CSA": 0.003236245954692557,
    "AUI": 0.003236245954692557,
    "SLM": 0.003236245954692557,
    "TVS": 0.003236245954692557,
    "RJA": 0.003236245954692557,
    "ROT": 0.003236245954692557,
    "RZO": 0.003236245954692557,
    "SQC": 0.003236245954692557,
    "AFL": 0.003236245954692557,
    "STS": 0.003236245954692557,
    "TAR": 0.003236245954692557,
    "AEA": 0.003236245954692557,
    "TCV": 0.003236245954692557,
    "BCY": 0.003236245954692557,
    "EWG": 0.0016181229773462784
  },
  "domestic_route_shares": {},
  "international_route_shares": {
    "AUH": 0.016181229773462782,
    "LIS": 0.014563106796116505,
    "FCO": 0.012944983818770227,
    "CPH": 0.012944983818770227,
    "BCN": 0.012944983818770227,
    "TLV": 0.012944983818770227,
    "CTA": 0.009708737864077669,
    "LHR": 0.009708737864077669,
    "BKK": 0.009708737864077669,
    "ARN": 0.009708737864077669,
    "OSL": 0.009708737864077669,
    "ADB": 0.009708737864077669,
    "SAW": 0.009708737864077669,
    "MAD": 0.009708737864077669,
    "PRG": 0.009708737864077669,
    "HAM": 0.008090614886731391,
    "PMO": 0.008090614886731391,
    "SIN": 0.008090614886731391,
    "NDR": 0.006472491909385114,
    "TNG": 0.006472491909385114,
    "SXB": 0.006472491909385114,
    "PHL": 0.006472491909385114,
    "CDG": 0.006472491909385114,
    "CMN": 0.006472491909385114,
    "HEL": 0.006472491909385114,
    "FLR": 0.006472491909385114,
    "LIN": 0.006472491909385114,
    "LGW": 0.006472491909385114,
    "BHX": 0.006472491909385114,
    "HKG": 0.006472491909385114,
    "PEK": 0.006472491909385114,
    "ATL": 0.006472491909385114,
    "EWR": 0.006472491909385114,
    "JFK": 0.006472491909385114,
    "DXB": 0.006472491909385114,
    "BEG": 0.006472491909385114,
    "AGP": 0.006472491909385114,
    "ALC": 0.006472491909385114,
    "ATH": 0.006472491909385114,
    "AYT": 0.006472491909385114,
    "IBZ": 0.006472491909385114,
    "MLA": 0.006472491909385114,
    "NCE": 0.006472491909385114,
    "PMI": 0.006472491909385114,
    "SVQ": 0.006472491909385114,
    "VCE": 0.006472491909385114,
    "VLC": 0.006472491909385114,
    "ICN": 0.006472491909385114,
    "BOD": 0.006472491909385114,
    "CAI": 0.006472491909385114,
    "CUR": 0.006472491909385114,
    "EDI": 0.006472491909385114,
    "GLA": 0.006472491909385114,
    "GVA": 0.006472491909385114,
    "IAD": 0.006472491909385114,
    "IAH": 0.006472491909385114,
    "IST": 0.006472491909385114,
    "KBP": 0.006472491909385114,
    "KUL": 0.006472491909385114,
    "MAN": 0.006472491909385114,
    "NBO": 0.006472491909385114,
    "NCL": 0.006472491909385114,
    "ORD": 0.006472491909385114,
    "OTP": 0.006472491909385114,
    "PBM": 0.006472491909385114,
    "SVO": 0.006472491909385114,
    "WAW": 0.006472491909385114,
    "YYC": 0.006472491909385114,
    "YYZ": 0.006472491909385114,
    "ZRH": 0.006472491909385114,
    "OPO": 0.0048543689320388345,
    "AUA": 0.0048543689320388345,
    "BON": 0.0048543689320388345,
    "ASR": 0.0048543689320388345,
    "CFE": 0.003236245954692557,
    "TBS": 0.003236245954692557,
    "LYS": 0.003236245954692557,
    "MRS": 0.003236245954692557,
    "NTE": 0.003236245954692557,
    "MSQ": 0.003236245954692557,
    "EMA": 0.003236245954692557,
    "EXT": 0.003236245954692557,
    "INV": 0.003236245954692557,
    "SOU": 0.003236245954692557,
    "RIX": 0.003236245954692557,
    "LCA": 0.003236245954692557,
    "CAN": 0.003236245954692557,
    "BOM": 0.003236245954692557,
    "BOS": 0.003236245954692557,
    "DTW": 0.003236245954692557,
    "MSP": 0.003236245954692557,
    "PDX": 0.003236245954692557,
    "SEA": 0.003236245954692557,
    "DUB": 0.003236245954692557,
    "ORK": 0.003236245954692557,
    "LEJ": 0.003236245954692557,
    "SOF": 0.003236245954692557,
    "KEF": 0.003236245954692557,
    "ACE": 0.003236245954692557,
    "BJV": 0.003236245954692557,
    "BRI": 0.003236245954692557,
    "CFU": 0.003236245954692557,
    "CHQ": 0.003236245954692557,
    "DLM": 0.003236245954692557,
    "EBL": 0.003236245954692557,
    "FAO": 0.003236245954692557,
    "FNC": 0.003236245954692557,
    "FUE": 0.003236245954692557,
    "GRO": 0.003236245954692557,
    "HER": 0.003236245954692557,
    "INN": 0.003236245954692557,
    "JTR": 0.003236245954692557,
    "KGS": 0.003236245954692557,
    "LPA": 0.003236245954692557,
    "NAP": 0.003236245954692557,
    "PFO": 0.003236245954692557,
    "PSA": 0.003236245954692557,
    "PVK": 0.003236245954692557,
    "RAK": 0.003236245954692557,
    "RHO": 0.003236245954692557,
    "SKG": 0.003236245954692557,
    "SPC": 0.003236245954692557,
    "TFS": 0.003236245954692557,
    "TRN": 0.003236245954692557,
    "VRN": 0.003236245954692557,
    "ZTH": 0.003236245954692557,
    "SID": 0.003236245954692557,
    "IKA": 0.003236245954692557,
    "LJU": 0.003236245954692557,
    "GDN": 0.003236245954692557,
    "KRK": 0.003236245954692557,
    "GUW": 0.003236245954692557,
    "ABZ": 0.003236245954692557,
    "ACC": 0.003236245954692557,
    "ALA": 0.003236245954692557,
    "BGO": 0.003236245954692557,
    "BLL": 0.003236245954692557,
    "BUD": 0.003236245954692557,
    "CPT": 0.003236245954692557,
    "CTU": 0.003236245954692557,
    "DEL": 0.003236245954692557,
    "DFW": 0.003236245954692557,
    "DMM": 0.003236245954692557,
    "DOH": 0.003236245954692557,
    "EZE": 0.003236245954692557,
    "FUK": 0.003236245954692557,
    "GIG": 0.003236245954692557,
    "GOT": 0.003236245954692557,
    "GRU": 0.003236245954692557,
    "HAV": 0.003236245954692557,
    "HGH": 0.003236245954692557,
    "JNB": 0.003236245954692557,
    "KIX": 0.003236245954692557,
    "KWI": 0.003236245954692557,
    "LAD": 0.003236245954692557,
    "LAX": 0.003236245954692557,
    "LED": 0.003236245954692557,
    "LIM": 0.003236245954692557,
    "LOS": 0.003236245954692557,
    "MEX": 0.003236245954692557,
    "MUC": 0.003236245954692557,
    "NRT": 0.003236245954692557,