{
  "icao_code": "EIN",
  "iata_code": "EIN",
  "airline_shares": {
    "RYR": 0.4740740740740741,
    "TRA": 0.34814814814814815,
    "WZZ": 0.17777777777777778
  },
  "domestic_route_shares": {
    "RTM": 0.6666666666666666,
    "GRQ": 0.3333333333333333
  },
  "international_route_shares": {
    "AGP": 0.030303030303030304,
    "ALC": 0.030303030303030304,
    "FAO": 0.030303030303030304,
    "IBZ": 0.030303030303030304,
    "LPA": 0.030303030303030304,
    "PMI": 0.030303030303030304,
    "ACE": 0.015151515151515152,
    "AHO": 0.015151515151515152,
    "BDS": 0.015151515151515152,
    "BGY": 0.015151515151515152,
    "CCF": 0.015151515151515152,
    "CFU": 0.015151515151515152,
    "CHQ": 0.015151515151515152,
    "CIA": 0.015151515151515152,
    "CTA": 0.015151515151515152,
    "DUB": 0.015151515151515152,
    "FEZ": 0.015151515151515152,
    "GRO": 0.015151515151515152,
    "KRK": 0.015151515151515152,
    "MJV": 0.015151515151515152,
    "MLA": 0.015151515151515152,
    "MRS": 0.015151515151515152,
    "NOC": 0.015151515151515152,
    "OPO": 0.015151515151515152,
    "PSA": 0.015151515151515152,
    "RAK": 0.015151515151515152,
    "REU": 0.015151515151515152,
    "STN": 0.015151515151515152,
    "SVQ": 0.015151515151515152,
    "TPS": 0.015151515151515152,
    "TSF": 0.015151515151515152,
    "WMI": 0.015151515151515152,
    "ATH": 0.015151515151515152,
    "AYT": 0.015151515151515152,
    "BCN": 0.015151515151515152,
    "BJV": 0.015151515151515152,
    "BLQ": 0.015151515151515152,
    "CPH": 0.015151515151515152,
    "INN": 0.015151515151515152,
    "LIS": 0.015151515151515152,
    "MAD": 0.015151515151515152,
    "NAP": 0.015151515151515152,
    "NCE": 0.015151515151515152,
    "SAW": 0.015151515151515152,
    "TXL": 0.015151515151515152,
    "VCE": 0.015151515151515152,
    "VLC": 0.015151515151515152,
    "BEG": 0.015151515151515152,
    "BUD": 0.015151515151515152,
    "CLJ": 0.015151515151515152,
    "DEB": 0.015151515151515152,
    "GDN": 0.015151515151515152,
    "KTW": 0.015151515151515152,
    "OTP": 0.015151515151515152,
    "RIX": 0.015151515151515152,
    "SKP": 0.015151515151515152,
    "SOF": 0.015151515151515152,
    "VNO": 0.015151515151515152,
    "WAW": 0.015151515151515152,
    "DLM": 0.007575757575757576,
    "RHO": 0.007575757575757576
  },
  "domestic_ratio": 0.022,
  "fleet_mix": {
    "RYR": {
      "B738": 1.0
    },
    "TRA": {
      "B738": 1.0
    },
    "WZZ": {
      "A320": 1.0
    }
  },
  "hourly_profile": [],
  "delay_rate": 0.0,
  "delay_distribution": {},
  "mean_delay_minutes": 0.0,
  "data_source": "openflights",
  "region": "",
  "profile_date": "2026-03-21",
  "sample_size": 135
}