{
  "icao_code": "EIS",
  "iata_code": "EIS",
  "airline_shares": {
    "YI": 0.30434782608695654,
    "KAP": 0.17391304347826086,
    "XV": 0.17391304347826086,
    "AAL": 0.08695652173913043,
    "SBS": 0.08695652173913043,
    "LIA": 0.08695652173913043,
    "WM": 0.08695652173913043
  },
  "domestic_route_shares": {},
  "international_route_shares": {
    "SXM": 0.34782608695652173,
    "SJU": 0.2608695652173913,
    "STT": 0.17391304347826086,
    "DOM": 0.17391304347826086,
    "NEV": 0.043478260869565216
  },
  "domestic_ratio": 0.0,
  "fleet_mix": {
    "LIA": {
      "AT76": 1.0
    }
  },
  "hourly_profile": [],
  "delay_rate": 0.0,
  "delay_distribution": {},
  "mean_delay_minutes": 0.0,
  "data_source": "openflights",
  "region": "",
  "profile_date": "2026-03-21",
  "sample_size": 23
}