{
  "icao_code": "EMA",
  "iata_code": "EMA",
  "airline_shares": {
    "RYR": 0.3854166666666667,
    "EXS": 0.20833333333333334,
    "TVF": 0.140625,
    "MON": 0.07291666666666667,
    "TOM": 0.057291666666666664,
    "BEE": 0.052083333333333336,
    "TCX": 0.052083333333333336,
    "BYE": 0.010416666666666666,
    "GCO": 0.010416666666666666,
    "EZE": 0.010416666666666666
  },
  "domestic_route_shares": {
    "EDI": 0.3333333333333333,
    "GLA": 0.3333333333333333,
    "ABZ": 0.3333333333333333
  },
  "international_route_shares": {
    "ACE": 0.06451612903225806,
    "TFS": 0.06451612903225806,
    "PMI": 0.053763440860215055,
    "ALC": 0.043010752688172046,
    "FAO": 0.043010752688172046,
    "LPA": 0.03763440860215054,
    "AGP": 0.03225806451612903,
    "FUE": 0.03225806451612903,
    "IBZ": 0.03225806451612903,
    "MAH": 0.03225806451612903,
    "RHO": 0.03225806451612903,
    "PFO": 0.03225806451612903,
    "NBE": 0.03225806451612903,
    "DLM": 0.026881720430107527,
    "MJV": 0.021505376344086023,
    "AMS": 0.010752688172043012,
    "BHD": 0.010752688172043012,
    "JER": 0.010752688172043012,
    "BRU": 0.010752688172043012,
    "BCN": 0.010752688172043012,
    "BGY": 0.010752688172043012,
    "CCF": 0.010752688172043012,
    "CFU": 0.010752688172043012,
    "CHQ": 0.010752688172043012,
    "CIA": 0.010752688172043012,
    "DNR": 0.010752688172043012,
    "DUB": 0.010752688172043012,
    "EGC": 0.010752688172043012,
    "GRO": 0.010752688172043012,
    "KRK": 0.010752688172043012,
    "LEI": 0.010752688172043012,
    "LIG": 0.010752688172043012,
    "LRH": 0.010752688172043012,
    "NOC": 0.010752688172043012,
    "ORK": 0.010752688172043012,
    "PSA": 0.010752688172043012,
    "REU": 0.010752688172043012,
    "RIX": 0.010752688172043012,
    "RZE": 0.010752688172043012,
    "SXF": 0.010752688172043012,
    "TSF": 0.010752688172043012,
    "VLC": 0.010752688172043012,
    "WMI": 0.010752688172043012,
    "WRO": 0.010752688172043012,
    "GCI": 0.010752688172043012,
    "BJV": 0.010752688172043012,
    "BUD": 0.010752688172043012,
    "CDG": 0.010752688172043012,
    "DBV": 0.010752688172043012,
    "FNC": 0.010752688172043012,
    "HER": 0.010752688172043012,
    "PRG": 0.010752688172043012,
    "LCA": 0.010752688172043012,
    "MLA": 0.010752688172043012
  },
  "domestic_ratio": 0.031,
  "fleet_mix": {
    "BEE": {
      "DH8D": 1.0
    },
    "RYR": {
      "B738": 1.0
    },
    "GCO": {
      "AT76": 1.0
    },
    "EXS": {
      "B738": 1.0
    },
    "TCX": {
      "A321": 1.0
    },
    "TVF": {
      "B738": 1.0
    },
    "TOM": {
      "B738": 1.0
    },
    "MON": {
      "A321": 1.0
    }
  },
  "hourly_profile": [],
  "delay_rate": 0.0,
  "delay_distribution": {},
  "mean_delay_minutes": 0.0,
  "data_source": "openflights",
  "region": "",
  "profile_date": "2026-03-21",
  "sample_size": 192
}