{
  "icao_code": "ERF",
  "iata_code": "ERF",
  "airline_shares": {
    "GMI": 1.0
  },
  "domestic_route_shares": {},
  "international_route_shares": {
    "AYT": 0.16666666666666666,
    "FUE": 0.16666666666666666,
    "LGW": 0.16666666666666666,
    "LPA": 0.16666666666666666,
    "PMI": 0.16666666666666666,
    "TFS": 0.16666666666666666
  },
  "domestic_ratio": 0.0,
  "fleet_mix": {
    "GMI": {
      "B737": 0.8333333333333334,
      "A319": 0.16666666666666666
    }
  },
  "hourly_profile": [],
  "delay_rate": 0.0,
  "delay_distribution": {},
  "mean_delay_minutes": 0.0,
  "data_source": "openflights",
  "region": "",
  "profile_date": "2026-03-21",
  "sample_size": 12
}