{
  "icao_code": "ESB",
  "iata_code": "ESB",
  "airline_shares": {
    "PGT": 0.35294117647058826,
    "THY": 0.27450980392156865,
    "QTR": 0.0784313725490196,
    "AFG": 0.0392156862745098,
    "IRA": 0.0392156862745098,
    "AHY": 0.0392156862745098,
    "KKK": 0.0392156862745098,
    "GEC": 0.0392156862745098,
    "IRM": 0.0392156862745098,
    "OOM": 0.0392156862745098,
    "SVA": 0.0196078431372549
  },
  "domestic_route_shares": {
    "SAW": 0.36363636363636365,
    "IST": 0.2727272727272727,
    "ADB": 0.18181818181818182,
    "BJV": 0.18181818181818182
  },
  "international_route_shares": {
    "EBL": 0.15,
    "IKA": 0.1,
    "ECN": 0.1,
    "VIE": 0.1,
    "GYD": 0.05,
    "MUC": 0.05,
    "CGN": 0.05,
    "DUS": 0.05,
    "STR": 0.05,
    "BEG": 0.05,
    "DOH": 0.05,
    "BGW": 0.05,
    "FRA": 0.05,
    "VKO": 0.05,
    "KBL": 0.025,
    "MED": 0.025
  },
  "domestic_ratio": 0.216,
  "fleet_mix": {
    "IRA": {
      "A320": 1.0
    },
    "AHY": {
      "A320": 0.5,
      "A319": 0.5
    },
    "KKK": {
      "A320": 1.0
    },
    "GEC": {
      "A321": 0.5,
      "A320": 0.5
    },
    "PGT": {
      "B738": 0.9,
      "A320": 0.1
    },
    "QTR": {
      "A320": 1.0
    },
    "THY": {
      "B738": 0.6363636363636364,
      "A320": 0.09090909090909091,
      "B739": 0.09090909090909091,
      "A321": 0.09090909090909091,
      "A319": 0.09090909090909091
    },
    "OOM": {
      "A321": 1.0
    }
  },
  "hourly_profile": [],
  "delay_rate": 0.0,
  "delay_distribution": {},
  "mean_delay_minutes": 0.0,
  "data_source": "openflights",
  "region": "",
  "profile_date": "2026-03-21",
  "sample_size": 51
}