{
  "icao_code": "EVN",
  "iata_code": "EVN",
  "airline_shares": {
    "ARR": 0.1951219512195122,
    "AFL": 0.14634146341463414,
    "SVR": 0.0975609756097561,
    "SBI": 0.07317073170731707,
    "AZA": 0.04878048780487805,
    "SOV": 0.024390243902439025,
    "SJM": 0.024390243902439025,
    "AFR": 0.024390243902439025,
    "BRU": 0.024390243902439025,
    "VSV": 0.024390243902439025,
    "IRC": 0.024390243902439025,
    "FDB": 0.024390243902439025,
    "ABY": 0.024390243902439025,
    "IOS": 0.024390243902439025,
    "LOT": 0.024390243902439025,
    "MEA": 0.024390243902439025,
    "CSA": 0.024390243902439025,
    "AUI": 0.024390243902439025,
    "TLP": 0.024390243902439025,
    "TSO": 0.024390243902439025,
    "Y7": 0.024390243902439025,
    "YCC": 0.024390243902439025,
    "YQ": 0.024390243902439025
  },
  "domestic_route_shares": {},
  "international_route_shares": {
    "CDG": 0.07317073170731707,
    "LED": 0.07317073170731707,
    "PRG": 0.04878048780487805,
    "AER": 0.04878048780487805,
    "GOJ": 0.04878048780487805,
    "KUF": 0.04878048780487805,
    "SVX": 0.04878048780487805,
    "VKO": 0.04878048780487805,
    "RTW": 0.024390243902439025,
    "VOG": 0.024390243902439025,
    "FCO": 0.024390243902439025,
    "MSQ": 0.024390243902439025,
    "SCO": 0.024390243902439025,
    "IKA": 0.024390243902439025,
    "DXB": 0.024390243902439025,
    "SHJ": 0.024390243902439025,
    "OMS": 0.024390243902439025,
    "WAW": 0.024390243902439025,
    "BEY": 0.024390243902439025,
    "KBP": 0.024390243902439025,
    "ATH": 0.024390243902439025,
    "CEK": 0.024390243902439025,
    "DME": 0.024390243902439025,
    "OVB": 0.024390243902439025,
    "KRR": 0.024390243902439025,
    "MRV": 0.024390243902439025,
    "ROV": 0.024390243902439025,
    "SVO": 0.024390243902439025,
    "KJA": 0.024390243902439025,
    "TJM": 0.024390243902439025,
    "VOZ": 0.024390243902439025
  },
  "domestic_ratio": 0.0,
  "fleet_mix": {
    "AFR": {
      "A320": 1.0
    },
    "AZA": {
      "A320": 0.5,
      "A319": 0.5
    },
    "BRU": {
      "E175": 1.0
    },
    "VSV": {
      "CRJ9": 1.0
    },
    "FDB": {
      "B738": 1.0
    },
    "ABY": {
      "A320": 1.0
    },
    "LOT": {
      "E175": 1.0
    },
    "MEA": {
      "A320": 1.0
    },
    "CSA": {
      "A319": 1.0
    },
    "AUI": {
      "B737": 1.0
    },
    "ARR": {
      "A320": 1.0
    },
    "SBI": {
      "A320": 0.5,
      "A319": 0.25,
      "A321": 0.25
    },
    "AFL": {
      "A319": 0.5555555555555556,
      "A320": 0.2222222222222222,
      "A321": 0.1111111111111111,
      "B738": 0.1111111111111111
    },
    "TLP": {
      "A319": 1.0
    },
    "SVR": {
      "A320": 1.0
    },
    "TSO": {
      "B738": 1.0
    },
    "Y7": {
      "B738": 1.0
    },
    "YCC": {
      "A320": 1.0
    }
  },
  "hourly_profile": [],
  "delay_rate": 0.0,
  "delay_distribution": {},
  "mean_delay_minutes": 0.0,
  "data_source": "openflights",
  "region": "",
  "profile_date": "2026-03-21",
  "sample_size": 82
}