{
  "icao_code": "EZE",
  "iata_code": "EZE",
  "airline_shares": {
    "ARG": 0.3064516129032258,
    "SEH": 0.0967741935483871,
    "AAL": 0.04838709677419355,
    "TAM": 0.04838709677419355,
    "LAP": 0.04838709677419355,
    "DSM": 0.03225806451612903,
    "AFR": 0.03225806451612903,
    "AVA": 0.03225806451612903,
    "KLM": 0.03225806451612903,
    "LAN": 0.03225806451612903,
    "5Q": 0.016129032258064516,
    "ACA": 0.016129032258064516,
    "AMX": 0.016129032258064516,
    "AZA": 0.016129032258064516,
    "BAW": 0.016129032258064516,
    "CMP": 0.016129032258064516,
    "CUB": 0.016129032258064516,
    "DAL": 0.016129032258064516,
    "UAE": 0.016129032258064516,
    "SKU": 0.016129032258064516,
    "IBE": 0.016129032258064516,
    "GEC": 0.016129032258064516,
    "ASZ": 0.016129032258064516,
    "QTR": 0.016129032258064516,
    "THY": 0.016129032258064516,
    "UAL": 0.016129032258064516,
    "AEA": 0.016129032258064516,
    "VCV": 0.016129032258064516
  },
  "domestic_route_shares": {
    "BRC": 0.5,
    "COR": 0.5
  },
  "international_route_shares": {
    "GIG": 0.08333333333333333,
    "GRU": 0.08333333333333333,
    "SCL": 0.06666666666666667,
    "MIA": 0.05,
    "ASU": 0.05,
    "LIM": 0.05,
    "MAD": 0.05,
    "MVD": 0.03333333333333333,
    "JFK": 0.03333333333333333,
    "BOG": 0.03333333333333333,
    "CCS": 0.03333333333333333,
    "FCO": 0.03333333333333333,
    "VVI": 0.03333333333333333,
    "PUJ": 0.016666666666666666,
    "DFW": 0.016666666666666666,
    "CDG": 0.016666666666666666,
    "MEX": 0.016666666666666666,
    "BCN": 0.016666666666666666,
    "BSB": 0.016666666666666666,
    "CUN": 0.016666666666666666,
    "FTE": 0.016666666666666666,
    "IGR": 0.016666666666666666,
    "REL": 0.016666666666666666,
    "USH": 0.016666666666666666,
    "LHR": 0.016666666666666666,
    "PTY": 0.016666666666666666,
    "ATL": 0.016666666666666666,
    "CWB": 0.016666666666666666,
    "FLN": 0.016666666666666666,
    "FOR": 0.016666666666666666,
    "POA": 0.016666666666666666,
    "AMS": 0.016666666666666666,
    "FRA": 0.016666666666666666,
    "IAH": 0.016666666666666666,
    "CCC": 0.008333333333333333,
    "HAV": 0.008333333333333333
  },
  "domestic_ratio": 0.032,
  "fleet_mix": {
    "DSM": {
      "B767": 0.6666666666666666,
      "B777": 0.3333333333333333
    },
    "5Q": {
      "AT76": 1.0
    },
    "AAL": {
      "B777": 1.0
    },
    "ACA": {
      "B767": 1.0
    },
    "AFR": {
      "B777": 1.0
    },
    "AMX": {
      "B777": 0.5,
      "B767": 0.5
    },
    "ARG": {
      "B737": 1.0
    },
    "AVA": {
      "A321": 1.0
    },
    "AZA": {
      "B777": 1.0
    },
    "BAW": {
      "B777": 1.0
    },
    "CMP": {
      "B738": 1.0
    },
    "UAE": {
      "B777": 1.0
    },
    "SEH": {
      "B738": 0.6666666666666666,
      "B737": 0.3333333333333333
    },
    "SKU": {
      "A319": 1.0
    },
    "TAM": {
      "A320": 1.0
    },
    "KLM": {
      "B777": 1.0
    },
    "LAN": {
      "B767": 0.4,
      "A320": 0.2,
      "B787": 0.2,
      "A319": 0.2
    },
    "GEC": {
      "B744": 1.0
    },
    "LAP": {
      "A320": 1.0
    },
    "QTR": {
      "B777": 1.0
    },
    "UAL": {
      "B767": 1.0
    },
    "AEA": {
      "A330": 1.0
    }
  },
  "hourly_profile": [],
  "delay_rate": 0.0,
  "delay_distribution": {},
  "mean_delay_minutes": 0.0,
  "data_source": "openflights",
  "region": "",
  "profile_date": "2026-03-21",
  "sample_size": 124
}