{
  "icao_code": "FACT",
  "iata_code": "CPT",
  "airline_shares": {
    "MNO": 0.19607843137254902,
    "SAA": 0.19607843137254902,
    "CAW": 0.11764705882352941,
    "BOT": 0.0784313725490196,
    "QTR": 0.058823529411764705,
    "VVC": 0.0392156862745098,
    "BAW": 0.0392156862745098,
    "DTA": 0.0392156862745098,
    "UAE": 0.0392156862745098,
    "KLM": 0.0392156862745098,
    "MAU": 0.0392156862745098,
    "SQC": 0.0392156862745098,
    "NMB": 0.0392156862745098,
    "THY": 0.0392156862745098
  },
  "domestic_route_shares": {
    "JNB": 0.375,
    "DUR": 0.1875,
    "HLA": 0.1875,
    "BFN": 0.125,
    "PLZ": 0.125
  },
  "international_route_shares": {
    "PBZ": 0.10526315789473684,
    "LHR": 0.10526315789473684,
    "GBE": 0.10526315789473684,
    "MUB": 0.10526315789473684,
    "LAD": 0.10526315789473684,
    "DXB": 0.10526315789473684,
    "AMS": 0.10526315789473684,
    "MRU": 0.10526315789473684,
    "WDH": 0.10526315789473684,
    "DOH": 0.05263157894736842
  },
  "domestic_ratio": 0.627,
  "fleet_mix": {
    "BAW": {
      "B744": 0.5,
      "B777": 0.5
    },
    "DTA": {
      "B737": 0.5,
      "B777": 0.5
    },
    "UAE": {
      "B777": 1.0
    },
    "MNO": {
      "B738": 1.0
    },
    "KLM": {
      "B777": 1.0
    },
    "MAU": {
      "A319": 1.0
    },
    "CAW": {
      "B738": 1.0
    },
    "QTR": {
      "B787": 1.0
    },
    "SAA": {
      "B738": 0.5714285714285714,
      "A320": 0.14285714285714285,
      "A319": 0.14285714285714285,
      "A330": 0.14285714285714285
    },
    "SQC": {
      "B777": 1.0
    },
    "NMB": {
      "A319": 1.0
    }
  },
  "hourly_profile": [],
  "delay_rate": 0.0,
  "delay_distribution": {},
  "mean_delay_minutes": 0.0,
  "data_source": "openflights",
  "region": "",
  "profile_date": "2026-03-21",
  "sample_size": 51
}