{
  "icao_code": "FAO",
  "iata_code": "FAO",
  "airline_shares": {
    "RYR": 0.2885572139303483,
    "EZY": 0.10945273631840796,
    "TVF": 0.0945273631840796,
    "EXS": 0.07960199004975124,
    "MON": 0.05970149253731343,
    "BER": 0.04975124378109453,
    "HLX": 0.04975124378109453,
    "TRA": 0.04477611940298507,
    "NAX": 0.03980099502487562,
    "EIN": 0.03980099502487562,
    "GWI": 0.029850746268656716,
    "BAW": 0.01990049751243781,
    "BEE": 0.01990049751243781,
    "GEC": 0.01990049751243781,
    "LGL": 0.014925373134328358,
    "HMY": 0.009950248756218905,
    "DAT": 0.009950248756218905,
    "TAP": 0.009950248756218905,
    "AAF": 0.009950248756218905
  },
  "domestic_route_shares": {
    "LIS": 0.6666666666666666,
    "OPO": 0.3333333333333333
  },
  "international_route_shares": {
    "LGW": 0.05128205128205128,
    "EMA": 0.041025641025641026,
    "MAN": 0.041025641025641026,
    "MUC": 0.03076923076923077,
    "BHX": 0.03076923076923077,
    "LBA": 0.03076923076923077,
    "GLA": 0.03076923076923077,
    "NCL": 0.03076923076923077,
    "LTN": 0.03076923076923077,
    "CGN": 0.020512820512820513,
    "HAM": 0.020512820512820513,
    "STR": 0.020512820512820513,
    "DUS": 0.020512820512820513,
    "DUB": 0.020512820512820513,
    "ORK": 0.020512820512820513,
    "SNN": 0.020512820512820513,
    "BRS": 0.020512820512820513,
    "EDI": 0.020512820512820513,
    "EIN": 0.020512820512820513,
    "LPL": 0.020512820512820513,
    "STN": 0.020512820512820513,
    "FRA": 0.020512820512820513,
    "BFS": 0.020512820512820513,
    "ORY": 0.020512820512820513,
    "EXT": 0.015384615384615385,
    "PMI": 0.010256410256410256,
    "TXL": 0.010256410256410256,
    "LHR": 0.010256410256410256,
    "SOU": 0.010256410256410256,
    "ARN": 0.010256410256410256,
    "CPH": 0.010256410256410256,
    "OSL": 0.010256410256410256,
    "BHD": 0.010256410256410256,
    "BLL": 0.010256410256410256,
    "BOH": 0.010256410256410256,
    "BRE": 0.010256410256410256,
    "BVA": 0.010256410256410256,
    "CRL": 0.010256410256410256,
    "DTM": 0.010256410256410256,
    "FMM": 0.010256410256410256,
    "HHN": 0.010256410256410256,
    "KIR": 0.010256410256410256,
    "LDY": 0.010256410256410256,
    "MST": 0.010256410256410256,
    "NOC": 0.010256410256410256,
    "NRN": 0.010256410256410256,
    "PIK": 0.010256410256410256,
    "AMS": 0.010256410256410256,
    "GRQ": 0.010256410256410256,
    "RTM": 0.010256410256410256,
    "LUX": 0.010256410256410256,
    "BLK": 0.010256410256410256,
    "BRU": 0.010256410256410256,
    "BSL": 0.010256410256410256,
    "GVA": 0.010256410256410256,
    "SEN": 0.010256410256410256,
    "HAJ": 0.010256410256410256,
    "CDG": 0.010256410256410256,
    "AGP": 0.005128205128205128,
    "LIL": 0.005128205128205128,
    "SID": 0.005128205128205128,
    "XRY": 0.005128205128205128
  },
  "domestic_ratio": 0.03,
  "fleet_mix": {
    "GWI": {
      "A319": 0.6,
      "A320": 0.4
    },
    "BER": {
      "A320": 0.5,
      "A321": 0.25,
      "B738": 0.25
    },
    "BAW": {
      "A320": 0.6666666666666666,
      "A319": 0.3333333333333333
    },
    "BEE": {
      "E190": 1.0
    },
    "NAX": {
      "B738": 1.0
    },
    "EIN": {
      "A320": 0.6666666666666666,
      "A321": 0.16666666666666666,
      "A330": 0.16666666666666666
    },
    "RYR": {
      "B738": 1.0
    },
    "HMY": {
      "A320": 1.0
    },
    "TRA": {
      "B738": 1.0
    },
    "LGL": {
      "B738": 1.0
    },
    "GEC": {
      "A321": 0.6666666666666666,
      "A320": 0.3333333333333333
    },
    "EXS": {
      "B738": 0.6666666666666666,
      "B752": 0.3333333333333333
    },
    "DAT": {
      "A320": 0.5,
      "A319": 0.5
    },
    "TVF": {
      "B738": 1.0
    },
    "TAP": {
      "A319": 0.5,
      "A320": 0.5
    },
    "EZY": {
      "A319": 0.5882352941176471,
      "A320": 0.4117647058823529
    },
    "HLX": {
      "B738": 1.0
    },
    "MON": {
      "A321": 0.45454545454545453,
      "A320": 0.2727272727272727,
      "B752": 0.18181818181818182,
      "A330": 0.09090909090909091
    },
    "AAF": {
      "A319": 1.0
    }
  },
  "hourly_profile": [],
  "delay_rate": 0.0,
  "delay_distribution": {},
  "mean_delay_minutes": 0.0,
  "data_source": "openflights",
  "region": "",
  "profile_date": "2026-03-21",
  "sample_size": 201
}