{
  "icao_code": "FAOR",
  "iata_code": "JNB",
  "airline_shares": {
    "SAA": 0.3488372093023256,
    "TM": 0.05581395348837209,
    "MNO": 0.046511627906976744,
    "USA": 0.046511627906976744,
    "BOT": 0.037209302325581395,
    "CAW": 0.037209302325581395,
    "QTR": 0.027906976744186046,
    "AZW": 0.027906976744186046,
    "VVC": 0.023255813953488372,
    "ETH": 0.018604651162790697,
    "KQA": 0.018604651162790697,
    "SQC": 0.018604651162790697,
    "THY": 0.018604651162790697,
    "JAI": 0.009302325581395349,
    "AFR": 0.009302325581395349,
    "JBU": 0.009302325581395349,
    "BAW": 0.009302325581395349,
    "BUU": 0.009302325581395349,
    "CPA": 0.009302325581395349,
    "ILN": 0.009302325581395349,
    "DAL": 0.009302325581395349,
    "DTA": 0.009302325581395349,
    "UAE": 0.009302325581395349,
    "ETD": 0.009302325581395349,
    "CHH": 0.009302325581395349,
    "TAM": 0.009302325581395349,
    "KLM": 0.009302325581395349,
    "GEC": 0.009302325581395349,
    "SWR": 0.009302325581395349,
    "ELY": 0.009302325581395349,
    "MDG": 0.009302325581395349,
    "MAU": 0.009302325581395349,
    "MSR": 0.009302325581395349,
    "QFA": 0.009302325581395349,
    "SVA": 0.009302325581395349,
    "NMB": 0.009302325581395349,
    "THA": 0.009302325581395349,
    "TSO": 0.009302325581395349,
    "REU": 0.009302325581395349,
    "VIR": 0.009302325581395349,
    "WSS": 0.009302325581395349,
    "RWD": 0.009302325581395349,
    "AZA": 0.004651162790697674
  },
  "domestic_route_shares": {
    "CPT": 0.375,
    "DUR": 0.1875,
    "GRJ": 0.1875,
    "PLZ": 0.125,
    "ELS": 0.125
  },
  "international_route_shares": {
    "LHR": 0.0546448087431694,
    "AUH": 0.03825136612021858,
    "JFK": 0.03278688524590164,
    "WDH": 0.03278688524590164,
    "FRA": 0.03278688524590164,
    "MPM": 0.03278688524590164,
    "BOM": 0.02185792349726776,
    "HKG": 0.02185792349726776,
    "NLA": 0.02185792349726776,
    "LAD": 0.02185792349726776,
    "BLZ": 0.02185792349726776,
    "GRU": 0.02185792349726776,
    "NBO": 0.02185792349726776,
    "MRU": 0.02185792349726776,
    "DKR": 0.02185792349726776,
    "HRE": 0.02185792349726776,
    "KGL": 0.02185792349726776,
    "LOS": 0.02185792349726776,
    "MUC": 0.02185792349726776,
    "VFA": 0.02185792349726776,
    "ELL": 0.01092896174863388,
    "MGH": 0.01092896174863388,
    "CDG": 0.01092896174863388,
    "BBK": 0.01092896174863388,
    "FRW": 0.01092896174863388,
    "GBE": 0.01092896174863388,
    "MUB": 0.01092896174863388,
    "FBM": 0.01092896174863388,
    "ATL": 0.01092896174863388,
    "DXB": 0.01092896174863388,
    "ADD": 0.01092896174863388,
    "ZNZ": 0.01092896174863388,
    "AMS": 0.01092896174863388,
    "ZRH": 0.01092896174863388,
    "TLV": 0.01092896174863388,
    "TNR": 0.01092896174863388,
    "CAI": 0.01092896174863388,
    "SYD": 0.01092896174863388,
    "DOH": 0.01092896174863388,
    "ACC": 0.01092896174863388,
    "BZV": 0.01092896174863388,
    "DAR": 0.01092896174863388,
    "EBB": 0.01092896174863388,
    "FIH": 0.01092896174863388,
    "LBV": 0.01092896174863388,
    "LLW": 0.01092896174863388,
    "LUN": 0.01092896174863388,
    "LVI": 0.01092896174863388,
    "PER": 0.01092896174863388,
    "PNR": 0.01092896174863388,
    "SEZ": 0.01092896174863388,
    "SIN": 0.01092896174863388,
    "JED": 0.01092896174863388,
    "BKK": 0.01092896174863388,
    "IST": 0.01092896174863388,
    "APL": 0.01092896174863388,
    "BEW": 0.01092896174863388,
    "INH": 0.01092896174863388,
    "TET": 0.01092896174863388,
    "VNX": 0.01092896174863388,
    "BUQ": 0.01092896174863388,
    "RUN": 0.01092896174863388,
    "PBZ": 0.00546448087431694,
    "PEK": 0.00546448087431694
  },
  "domestic_ratio": 0.149,
  "fleet_mix": {
    "JAI": {
      "A330": 1.0
    },
    "AFR": {
      "A380": 1.0
    },
    "AZA": {
      "A330": 1.0
    },
    "BAW": {
      "A380": 0.5,
      "B744": 0.5
    },
    "BOT": {
      "AT76": 1.0
    },
    "BUU": {
      "A320": 1.0
    },
    "CPA": {
      "B744": 1.0
    },
    "DAL": {
      "B777": 1.0
    },
    "DTA": {
      "B777": 1.0
    },
    "UAE": {
      "B777": 1.0
    },
    "ETH": {
      "B777": 0.5,
      "B738": 0.5
    },
    "ETD": {
      "A330": 1.0
    },
    "CHH": {
      "A330": 1.0
    },
    "MNO": {
      "B738": 1.0
    },
    "TAM": {
      "A330": 1.0
    },
    "KLM": {
      "B777": 1.0
    },
    "KQA": {
      "B738": 0.3333333333333333,
      "B767": 0.3333333333333333,
      "A319": 0.3333333333333333
    },
    "GEC": {
      "A380": 1.0
    },
    "SWR": {
      "A330": 1.0
    },
    "ELY": {
      "B767": 1.0
    },
    "MAU": {
      "A319": 1.0
    },
    "CAW": {
      "B738": 1.0
    },
    "QFA": {
      "B744": 1.0
    },
    "QTR": {
      "B787": 1.0
    },
    "SAA": {
      "A319": 0.3125,
      "A320": 0.25892857142857145,
      "A330": 0.21428571428571427,
      "B738": 0.19642857142857142,
      "DH8D": 0.017857142857142856
    },
    "SQC": {
      "B777": 1.0
    },
    "SVA": {
      "B777": 1.0
    },
    "NMB": {
      "A319": 1.0
    },
    "THA": {
      "B777": 1.0
    },
    "TM": {
      "DH8D": 0.8,
      "E190": 0.2
    },
    "USA": {
      "A330": 1.0
    },
    "REU": {
      "B738": 1.0
    },
    "WSS": {
      "A330": 1.0
    }
  },
  "hourly_profile": [
    0.005,
    0.003,
    0.002,
    0.002,
    0.005,
    0.018,
    0.058,
    0.068,
    0.072,
    0.062,
    0.05,
    0.045,
    0.042,
    0.045,
    0.05,
    0.055,
    0.062,
    0.068,
    0.065,
    0.058,
    0.045,
    0.035,
    0.02,
    0.01
  ],
  "taxi_out_mean_min": 0.0,
  "taxi_out_p95_min": 0.0,
  "taxi_in_mean_min": 0.0,
  "taxi_in_p95_min": 0.0,
  "turnaround_median_min": 0.0,
  "turnaround_p75_min": 0.0,
  "turnaround_p95_min": 0.0,
  "delay_rate": 0.16,
  "delay_distribution": {
    "71": 0.18,
    "68": 0.2,
    "81": 0.16,
    "72": 0.1,
    "62": 0.12,
    "63": 0.08,
    "67": 0.06,
    "61": 0.05,
    "41": 0.05
  },
  "mean_delay_minutes": 20.0,
  "data_source": "openflights+known_stats",
  "region": "",
  "profile_date": "2026-03-22",
  "sample_size": 215
}