{
  "icao_code": "FBM",
  "iata_code": "FBM",
  "airline_shares": {
    "BUU": 0.5714285714285714,
    "KQA": 0.2857142857142857,
    "ETH": 0.14285714285714285
  },
  "domestic_route_shares": {
    "FIH": 1.0
  },
  "international_route_shares": {
    "NLA": 0.25,
    "JNB": 0.16666666666666666,
    "KGA": 0.16666666666666666,
    "MJM": 0.16666666666666666,
    "NBO": 0.16666666666666666,
    "ADD": 0.08333333333333333
  },
  "domestic_ratio": 0.143,
  "fleet_mix": {
    "BUU": {
      "A320": 1.0
    },
    "ETH": {
      "B738": 1.0
    },
    "KQA": {
      "E190": 1.0
    }
  },
  "hourly_profile": [],
  "delay_rate": 0.0,
  "delay_distribution": {},
  "mean_delay_minutes": 0.0,
  "data_source": "openflights",
  "region": "",
  "profile_date": "2026-03-21",
  "sample_size": 14
}