{
  "icao_code": "FDF",
  "iata_code": "FDF",
  "airline_shares": {
    "AFR": 0.19047619047619047,
    "3S": 0.16666666666666666,
    "FWI": 0.14285714285714285,
    "LIA": 0.09523809523809523,
    "AAL": 0.07142857142857142,
    "SEU": 0.07142857142857142,
    "CRL": 0.07142857142857142,
    "ACA": 0.047619047619047616,
    "SBS": 0.047619047619047616,
    "CUB": 0.047619047619047616,
    "USA": 0.047619047619047616
  },
  "domestic_route_shares": {},
  "international_route_shares": {
    "PTP": 0.19047619047619047,
    "SLU": 0.16666666666666666,
    "ORY": 0.14285714285714285,
    "CAY": 0.09523809523809523,
    "MIA": 0.09523809523809523,
    "SJU": 0.07142857142857142,
    "SDQ": 0.047619047619047616,
    "YUL": 0.047619047619047616,
    "HAV": 0.047619047619047616,
    "BGI": 0.047619047619047616,
    "CDG": 0.047619047619047616
  },
  "domestic_ratio": 0.0,
  "fleet_mix": {
    "3S": {
      "AT76": 0.5555555555555556,
      "A320": 0.4444444444444444
    },
    "AAL": {
      "B738": 1.0
    },
    "ACA": {
      "A319": 1.0
    },
    "AFR": {
      "A320": 0.4,
      "AT76": 0.4,
      "B777": 0.2
    },
    "SEU": {
      "A330": 1.0
    },
    "CRL": {
      "B744": 0.5,
      "A330": 0.5
    },
    "FWI": {
      "A330": 0.5,
      "AT76": 0.5
    },
    "USA": {
      "B738": 1.0
    }
  },
  "hourly_profile": [],
  "delay_rate": 0.0,
  "delay_distribution": {},
  "mean_delay_minutes": 0.0,
  "data_source": "openflights",
  "region": "",
  "profile_date": "2026-03-21",
  "sample_size": 42
}