{
  "icao_code": "FEZ",
  "iata_code": "FEZ",
  "airline_shares": {
    "RYR": 0.7647058823529411,
    "RAM": 0.11764705882352941,
    "3O": 0.058823529411764705,
    "VLG": 0.058823529411764705
  },
  "domestic_route_shares": {
    "CMN": 1.0
  },
  "international_route_shares": {
    "BCN": 0.125,
    "MPL": 0.0625,
    "ORY": 0.0625,
    "BGY": 0.0625,
    "BVA": 0.0625,
    "CRL": 0.0625,
    "EBU": 0.0625,
    "EIN": 0.0625,
    "FNI": 0.0625,
    "HHN": 0.0625,
    "MRS": 0.0625,
    "NRN": 0.0625,
    "NTE": 0.0625,
    "PSA": 0.0625,
    "STN": 0.0625
  },
  "domestic_ratio": 0.059,
  "fleet_mix": {
    "3O": {
      "A320": 1.0
    },
    "RAM": {
      "B738": 0.6666666666666666,
      "AT76": 0.3333333333333333
    },
    "RYR": {
      "B738": 1.0
    },
    "VLG": {
      "A320": 1.0
    }
  },
  "hourly_profile": [],
  "delay_rate": 0.0,
  "delay_distribution": {},
  "mean_delay_minutes": 0.0,
  "data_source": "openflights",
  "region": "",
  "profile_date": "2026-03-21",
  "sample_size": 34
}