{
  "icao_code": "FIH",
  "iata_code": "FIH",
  "airline_shares": {
    "BUU": 0.43243243243243246,
    "DAT": 0.13513513513513514,
    "KQA": 0.10810810810810811,
    "AFR": 0.05405405405405406,
    "RAM": 0.05405405405405406,
    "ETH": 0.05405405405405406,
    "CRD": 0.05405405405405406,
    "SAA": 0.05405405405405406,
    "THY": 0.05405405405405406
  },
  "domestic_route_shares": {
    "FBM": 0.5,
    "FKI": 0.5
  },
  "international_route_shares": {
    "BZV": 0.15151515151515152,
    "DLA": 0.09090909090909091,
    "CDG": 0.06060606060606061,
    "KGA": 0.06060606060606061,
    "KND": 0.06060606060606061,
    "MDK": 0.06060606060606061,
    "MJM": 0.06060606060606061,
    "TSH": 0.06060606060606061,
    "NBO": 0.06060606060606061,
    "JNB": 0.06060606060606061,
    "BRU": 0.06060606060606061,
    "IST": 0.06060606060606061,
    "CMN": 0.030303030303030304,
    "BNB": 0.030303030303030304,
    "LJA": 0.030303030303030304,
    "ADD": 0.030303030303030304,
    "LAD": 0.030303030303030304
  },
  "domestic_ratio": 0.108,
  "fleet_mix": {
    "RAM": {
      "B738": 1.0
    },
    "BUU": {
      "A320": 1.0
    },
    "ETH": {
      "B787": 1.0
    },
    "KQA": {
      "B738": 0.6666666666666666,
      "B767": 0.3333333333333333
    },
    "CRD": {
      "B737": 1.0
    },
    "SAA": {
      "B738": 0.4,
      "A319": 0.4,
      "A320": 0.2
    },
    "DAT": {
      "A330": 1.0
    },
    "THY": {
      "B739": 1.0
    }
  },
  "hourly_profile": [],
  "delay_rate": 0.0,
  "delay_distribution": {},
  "mean_delay_minutes": 0.0,
  "data_source": "openflights",
  "region": "",
  "profile_date": "2026-03-21",
  "sample_size": 37
}