{
  "icao_code": "FKB",
  "iata_code": "FKB",
  "airline_shares": {
    "RYR": 0.7894736842105263,
    "BER": 0.10526315789473684,
    "GWI": 0.05263157894736842,
    "GMI": 0.05263157894736842
  },
  "domestic_route_shares": {
    "HAM": 1.0
  },
  "international_route_shares": {
    "PMI": 0.1111111111111111,
    "TXL": 0.05555555555555555,
    "ACE": 0.05555555555555555,
    "AGP": 0.05555555555555555,
    "ALC": 0.05555555555555555,
    "BRI": 0.05555555555555555,
    "CAG": 0.05555555555555555,
    "CIA": 0.05555555555555555,
    "GRO": 0.05555555555555555,
    "LPA": 0.05555555555555555,
    "OPO": 0.05555555555555555,
    "SKG": 0.05555555555555555,
    "STN": 0.05555555555555555,
    "TFS": 0.05555555555555555,
    "TPS": 0.05555555555555555,
    "ZAD": 0.05555555555555555,
    "DME": 0.05555555555555555
  },
  "domestic_ratio": 0.053,
  "fleet_mix": {
    "GWI": {
      "CRJ9": 1.0
    },
    "BER": {
      "B737": 0.3333333333333333,
      "A320": 0.16666666666666666,
      "A321": 0.16666666666666666,
      "A319": 0.16666666666666666,
      "DH8D": 0.16666666666666666
    },
    "RYR": {
      "B738": 1.0
    },
    "GMI": {
      "B737": 1.0
    }
  },
  "hourly_profile": [],
  "delay_rate": 0.0,
  "delay_distribution": {},
  "mean_delay_minutes": 0.0,
  "data_source": "openflights",
  "region": "",
  "profile_date": "2026-03-21",
  "sample_size": 38
}