{
  "icao_code": "FLL",
  "iata_code": "FLL",
  "airline_shares": {
    "NKS": 0.267515923566879,
    "JBU": 0.17834394904458598,
    "SWA": 0.16560509554140126,
    "3M": 0.06369426751592357,
    "USA": 0.050955414012738856,
    "AAL": 0.044585987261146494,
    "UAL": 0.044585987261146494,
    "DAL": 0.03821656050955414,
    "AAY": 0.03184713375796178,
    "BWA": 0.01910828025477707,
    "ACA": 0.012738853503184714,
    "FFT": 0.012738853503184714,
    "TRS": 0.012738853503184714,
    "BHS": 0.012738853503184714,
    "VRD": 0.012738853503184714,
    "WJA": 0.012738853503184714,
    "ASA": 0.006369426751592357,
    "AVA": 0.006369426751592357,
    "Q7": 0.006369426751592357
  },
  "domestic_route_shares": {
    "ORD": 0.04819277108433735,
    "ATL": 0.04819277108433735,
    "DEN": 0.04819277108433735,
    "TPA": 0.03614457831325301,
    "DCA": 0.03614457831325301,
    "DFW": 0.03614457831325301,
    "PHL": 0.03614457831325301,
    "PHX": 0.03614457831325301,
    "LAX": 0.03614457831325301,
    "LGA": 0.03614457831325301,
    "SFO": 0.03614457831325301,
    "BWI": 0.03614457831325301,
    "MCO": 0.024096385542168676,
    "CLT": 0.024096385542168676,
    "AUS": 0.024096385542168676,
    "BDL": 0.024096385542168676,
    "BOS": 0.024096385542168676,
    "EWR": 0.024096385542168676,
    "JFK": 0.024096385542168676,
    "PVD": 0.024096385542168676,
    "RDU": 0.024096385542168676,
    "DTW": 0.024096385542168676,
    "LAS": 0.024096385542168676,
    "SEA": 0.012048192771084338,
    "RIC": 0.012048192771084338,
    "CVG": 0.012048192771084338,
    "MSP": 0.012048192771084338,
    "TYS": 0.012048192771084338,
    "MYR": 0.012048192771084338,
    "CLE": 0.012048192771084338,
    "IAD": 0.012048192771084338,
    "IAH": 0.012048192771084338,
    "ALB": 0.012048192771084338,
    "BNA": 0.012048192771084338,
    "BUF": 0.012048192771084338,
    "CMH": 0.012048192771084338,
    "HOU": 0.012048192771084338,
    "IND": 0.012048192771084338,
    "JAX": 0.012048192771084338,
    "MCI": 0.012048192771084338,
    "MDW": 0.012048192771084338,
    "MKE": 0.012048192771084338,
    "MSY": 0.012048192771084338,
    "PIT": 0.012048192771084338,
    "STL": 0.012048192771084338
  },
  "international_route_shares": {
    "PAP": 0.05405405405405406,
    "BOG": 0.05405405405405406,
    "KIN": 0.04054054054054054,
    "MBJ": 0.04054054054054054,
    "SJU": 0.04054054054054054,
    "FPO": 0.02702702702702703,
    "MHH": 0.02702702702702703,
    "YUL": 0.02702702702702703,
    "YYZ": 0.02702702702702703,
    "CUN": 0.02702702702702703,
    "LIM": 0.02702702702702703,
    "MDE": 0.02702702702702703,
    "NAS": 0.02702702702702703,
    "POS": 0.02702702702702703,
    "PUJ": 0.02702702702702703,
    "SDQ": 0.02702702702702703,
    "SJO": 0.02702702702702703,
    "PBG": 0.02702702702702703,
    "BIM": 0.013513513513513514,
    "ELH": 0.013513513513513514,
    "EYW": 0.013513513513513514,
    "GGT": 0.013513513513513514,
    "GHB": 0.013513513513513514,
    "TCB": 0.013513513513513514,
    "HPN": 0.013513513513513514,
    "ORH": 0.013513513513513514,
    "SWF": 0.013513513513513514,
    "TTN": 0.013513513513513514,
    "AVL": 0.013513513513513514,
    "GSP": 0.013513513513513514,
    "LEX": 0.013513513513513514,
    "ACY": 0.013513513513513514,
    "AUA": 0.013513513513513514,
    "AXM": 0.013513513513513514,
    "BQN": 0.013513513513513514,
    "CTG": 0.013513513513513514,
    "GUA": 0.013513513513513514,
    "IAG": 0.013513513513513514,
    "LBE": 0.013513513513513514,
    "MGA": 0.013513513513513514,
    "PTY": 0.013513513513513514,
    "SAL": 0.013513513513513514,
    "SAP": 0.013513513513513514,
    "STI": 0.013513513513513514,
    "STT": 0.013513513513513514,
    "SXM": 0.013513513513513514,
    "TLC": 0.013513513513513514,
    "ZSA": 0.013513513513513514,
    "ISP": 0.013513513513513514
  },
  "domestic_ratio": 0.529,
  "fleet_mix": {
    "AAL": {
      "A319": 0.32,
      "A320": 0.24,
      "B738": 0.24,
      "B737": 0.12,
      "A321": 0.08
    },
    "ACA": {
      "A320": 1.0
    },
    "ASA": {
      "B738": 1.0
    },
    "AVA": {
      "A320": 1.0
    },
    "JBU": {
      "A320": 0.5882352941176471,
      "E190": 0.4117647058823529
    },
    "BWA": {
      "B738": 1.0
    },
    "DAL": {
      "B738": 0.5555555555555556,
      "B739": 0.2222222222222222,
      "B752": 0.1111111111111111,
      "A319": 0.1111111111111111
    },
    "FFT": {
      "A319": 0.6666666666666666,
      "A320": 0.3333333333333333
    },
    "NKS": {
      "A319": 0.5350877192982456,
      "A320": 0.40350877192982454,
      "A321": 0.06140350877192982
    },
    "UAL": {
      "B738": 0.23255813953488372,
      "A320": 0.20930232558139536,
      "B752": 0.16279069767441862,
      "B739": 0.16279069767441862,
      "B737": 0.13953488372093023,
      "A319": 0.09302325581395349
    },
    "BHS": {
      "B737": 1.0
    },
    "USA": {
      "A320": 0.3333333333333333,
      "A319": 0.3333333333333333,
      "B738": 0.25,
      "A321": 0.08333333333333333
    },
    "VRD": {
      "A320": 1.0
    },
    "SWA": {
      "B738": 1.0
    },
    "WJA": {
      "B738": 1.0
    }
  },
  "hourly_profile": [],
  "delay_rate": 0.0,
  "delay_distribution": {},
  "mean_delay_minutes": 0.0,
  "data_source": "openflights",
  "region": "",
  "profile_date": "2026-03-21",
  "sample_size": 314
}