{
  "icao_code": "FLN",
  "iata_code": "FLN",
  "airline_shares": {
    "SEH": 0.2857142857142857,
    "ONE": 0.2857142857142857,
    "TAM": 0.19047619047619047,
    "NHG": 0.14285714285714285,
    "AZU": 0.047619047619047616,
    "ARG": 0.047619047619047616
  },
  "domestic_route_shares": {
    "CGH": 0.2,
    "GIG": 0.2,
    "GRU": 0.2,
    "POA": 0.13333333333333333,
    "BSB": 0.13333333333333333,
    "VCP": 0.06666666666666667,
    "CWB": 0.06666666666666667
  },
  "international_route_shares": {
    "XAP": 0.3333333333333333,
    "AEP": 0.16666666666666666,
    "EZE": 0.16666666666666666,
    "CCM": 0.16666666666666666,
    "JCB": 0.16666666666666666
  },
  "domestic_ratio": 0.714,
  "fleet_mix": {
    "AZU": {
      "E190": 1.0
    },
    "ARG": {
      "B737": 1.0
    },
    "SEH": {
      "B737": 0.5,
      "B738": 0.5
    },
    "TAM": {
      "A320": 0.8,
      "A319": 0.2
    },
    "ONE": {
      "A318": 0.625,
      "A320": 0.25,
      "A319": 0.125
    }
  },
  "hourly_profile": [],
  "delay_rate": 0.0,
  "delay_distribution": {},
  "mean_delay_minutes": 0.0,
  "data_source": "openflights",
  "region": "",
  "profile_date": "2026-03-21",
  "sample_size": 42
}