{
  "icao_code": "FLR",
  "iata_code": "FLR",
  "airline_shares": {
    "VLG": 0.28169014084507044,
    "IBE": 0.11267605633802817,
    "VOE": 0.11267605633802817,
    "BER": 0.056338028169014086,
    "AZA": 0.056338028169014086,
    "BBO": 0.056338028169014086,
    "AFR": 0.04225352112676056,
    "RLA": 0.028169014084507043,
    "BAW": 0.028169014084507043,
    "BEE": 0.028169014084507043,
    "DLA": 0.028169014084507043,
    "NLY": 0.028169014084507043,
    "ISS": 0.028169014084507043,
    "KLM": 0.028169014084507043,
    "GEC": 0.028169014084507043,
    "DAT": 0.028169014084507043,
    "BCY": 0.028169014084507043
  },
  "domestic_route_shares": {
    "PMO": 0.3,
    "BRI": 0.2,
    "CAG": 0.2,
    "CTA": 0.2,
    "FCO": 0.1
  },
  "international_route_shares": {
    "AMS": 0.0784313725490196,
    "LCY": 0.0784313725490196,
    "MUC": 0.0784313725490196,
    "VIE": 0.0784313725490196,
    "LGW": 0.0784313725490196,
    "LYS": 0.058823529411764705,
    "DUS": 0.0392156862745098,
    "STR": 0.0392156862745098,
    "CDG": 0.0392156862745098,
    "BHX": 0.0392156862745098,
    "GVA": 0.0392156862745098,
    "ZRH": 0.0392156862745098,
    "BRU": 0.0392156862745098,
    "BOD": 0.0392156862745098,
    "NTE": 0.0392156862745098,
    "BCN": 0.0392156862745098,
    "CPH": 0.0392156862745098,
    "MAD": 0.0392156862745098,
    "ORY": 0.0392156862745098,
    "TXL": 0.0392156862745098
  },
  "domestic_ratio": 0.282,
  "fleet_mix": {
    "RLA": {
      "AT76": 1.0
    },
    "BER": {
      "DH8D": 1.0
    },
    "AFR": {
      "A318": 0.6666666666666666,
      "AT76": 0.3333333333333333
    },
    "AZA": {
      "E190": 0.5,
      "A319": 0.5
    },
    "BAW": {
      "E175": 0.5,
      "E190": 0.5
    },
    "BEE": {
      "E175": 1.0
    },
    "DLA": {
      "E190": 1.0
    },
    "NLY": {
      "DH8D": 1.0
    },
    "IBE": {
      "A320": 1.0
    },
    "ISS": {
      "A320": 1.0
    },
    "GEC": {
      "E190": 1.0
    },
    "VLG": {
      "A319": 1.0
    }
  },
  "hourly_profile": [],
  "delay_rate": 0.0,
  "delay_distribution": {},
  "mean_delay_minutes": 0.0,
  "data_source": "openflights",
  "region": "",
  "profile_date": "2026-03-21",
  "sample_size": 71
}