{
  "icao_code": "FMM",
  "iata_code": "FMM",
  "airline_shares": {
    "RYR": 0.6086956521739131,
    "GWI": 0.08695652173913043,
    "WZZ": 0.08695652173913043,
    "ISK": 0.043478260869565216,
    "BER": 0.043478260869565216,
    "NLY": 0.043478260869565216,
    "WAU": 0.043478260869565216,
    "HLX": 0.043478260869565216
  },
  "domestic_route_shares": {
    "HAM": 1.0
  },
  "international_route_shares": {
    "CLY": 0.09090909090909091,
    "PMI": 0.09090909090909091,
    "NAP": 0.045454545454545456,
    "TXL": 0.045454545454545456,
    "AGP": 0.045454545454545456,
    "AHO": 0.045454545454545456,
    "ALC": 0.045454545454545456,
    "CHQ": 0.045454545454545456,
    "CIA": 0.045454545454545456,
    "DUB": 0.045454545454545456,
    "FAO": 0.045454545454545456,
    "GRO": 0.045454545454545456,
    "OPO": 0.045454545454545456,
    "SNN": 0.045454545454545456,
    "STN": 0.045454545454545456,
    "TFS": 0.045454545454545456,
    "TPS": 0.045454545454545456,
    "BEG": 0.045454545454545456,
    "SKP": 0.045454545454545456,
    "IEV": 0.045454545454545456
  },
  "domestic_ratio": 0.043,
  "fleet_mix": {
    "ISK": {
      "AT76": 1.0
    },
    "GWI": {
      "CRJ9": 1.0
    },
    "BER": {
      "A320": 1.0
    },
    "RYR": {
      "B738": 1.0
    },
    "NLY": {
      "A320": 1.0
    },
    "WZZ": {
      "A320": 1.0
    },
    "WAU": {
      "A320": 1.0
    },
    "HLX": {
      "B738": 1.0
    }
  },
  "hourly_profile": [],
  "delay_rate": 0.0,
  "delay_distribution": {},
  "mean_delay_minutes": 0.0,
  "data_source": "openflights",
  "region": "",
  "profile_date": "2026-03-21",
  "sample_size": 46
}