{
  "icao_code": "FNA",
  "iata_code": "FNA",
  "airline_shares": {
    "AYZ": 0.23529411764705882,
    "GRN": 0.23529411764705882,
    "RAM": 0.11764705882352941,
    "BAW": 0.11764705882352941,
    "WSS": 0.11764705882352941,
    "AFR": 0.058823529411764705,
    "KQA": 0.058823529411764705,
    "DAT": 0.058823529411764705
  },
  "domestic_route_shares": {},
  "international_route_shares": {
    "ROB": 0.29411764705882354,
    "BJL": 0.11764705882352941,
    "DKR": 0.11764705882352941,
    "ACC": 0.11764705882352941,
    "LGW": 0.058823529411764705,
    "CMN": 0.058823529411764705,
    "LHR": 0.058823529411764705,
    "ABJ": 0.058823529411764705,
    "LOS": 0.058823529411764705,
    "CDG": 0.029411764705882353,
    "BRU": 0.029411764705882353
  },
  "domestic_ratio": 0.0,
  "fleet_mix": {
    "AYZ": {
      "A319": 1.0
    },
    "AFR": {
      "A330": 1.0
    },
    "RAM": {
      "B737": 0.6666666666666666,
      "B738": 0.3333333333333333
    },
    "BAW": {
      "B767": 1.0
    },
    "KQA": {
      "B738": 1.0
    },
    "DAT": {
      "A330": 1.0
    },
    "WSS": {
      "B737": 1.0
    }
  },
  "hourly_profile": [],
  "delay_rate": 0.0,
  "delay_distribution": {},
  "mean_delay_minutes": 0.0,
  "data_source": "openflights",
  "region": "",
  "profile_date": "2026-03-21",
  "sample_size": 34
}