{
  "icao_code": "FNC",
  "iata_code": "FNC",
  "airline_shares": {
    "BER": 0.13953488372093023,
    "CFG": 0.13953488372093023,
    "HLX": 0.11627906976744186,
    "TVF": 0.09302325581395349,
    "TAP": 0.09302325581395349,
    "EXS": 0.06976744186046512,
    "EZY": 0.06976744186046512,
    "IBB": 0.046511627906976744,
    "MON": 0.046511627906976744,
    "NLY": 0.023255813953488372,
    "HMY": 0.023255813953488372,
    "TRA": 0.023255813953488372,
    "LGL": 0.023255813953488372,
    "TVS": 0.023255813953488372,
    "GMI": 0.023255813953488372,
    "TOM": 0.023255813953488372,
    "AAF": 0.023255813953488372
  },
  "domestic_route_shares": {
    "OPO": 0.4,
    "LIS": 0.4,
    "PDL": 0.2
  },
  "international_route_shares": {
    "LGW": 0.10526315789473684,
    "DUS": 0.05263157894736842,
    "LEJ": 0.05263157894736842,
    "MUC": 0.05263157894736842,
    "VIE": 0.05263157894736842,
    "FRA": 0.05263157894736842,
    "STR": 0.05263157894736842,
    "MAN": 0.05263157894736842,
    "BHX": 0.05263157894736842,
    "TXL": 0.02631578947368421,
    "ZRH": 0.02631578947368421,
    "HAM": 0.02631578947368421,
    "BRU": 0.02631578947368421,
    "AMS": 0.02631578947368421,
    "LUX": 0.02631578947368421,
    "EMA": 0.02631578947368421,
    "LBA": 0.02631578947368421,
    "LPA": 0.02631578947368421,
    "PRG": 0.02631578947368421,
    "BRE": 0.02631578947368421,
    "GLA": 0.02631578947368421,
    "CCS": 0.02631578947368421,
    "BRS": 0.02631578947368421,
    "BSL": 0.02631578947368421,
    "CGN": 0.02631578947368421,
    "HAJ": 0.02631578947368421,
    "ORY": 0.02631578947368421
  },
  "domestic_ratio": 0.116,
  "fleet_mix": {
    "BER": {
      "B738": 0.375,
      "A321": 0.375,
      "A330": 0.125,
      "A320": 0.125
    },
    "CFG": {
      "A321": 1.0
    },
    "NLY": {
      "A321": 1.0
    },
    "HMY": {
      "A319": 0.5,
      "A320": 0.5
    },
    "TRA": {
      "B738": 1.0
    },
    "LGL": {
      "B738": 1.0
    },
    "EXS": {
      "B738": 1.0
    },
    "IBB": {
      "DH8D": 1.0
    },
    "TVS": {
      "B738": 1.0
    },
    "GMI": {
      "A319": 1.0
    },
    "TVF": {
      "B738": 1.0
    },
    "TAP": {
      "A319": 0.35294117647058826,
      "A320": 0.29411764705882354,
      "A330": 0.23529411764705882,
      "A321": 0.11764705882352941
    },
    "EZY": {
      "A320": 0.5,
      "A319": 0.5
    },
    "HLX": {
      "B738": 1.0
    },
    "MON": {
      "A321": 0.6666666666666666,
      "A320": 0.3333333333333333
    },
    "AAF": {
      "A320": 1.0
    }
  },
  "hourly_profile": [],
  "delay_rate": 0.0,
  "delay_distribution": {},
  "mean_delay_minutes": 0.0,
  "data_source": "openflights",
  "region": "",
  "profile_date": "2026-03-21",
  "sample_size": 86
}