{
  "icao_code": "FOC",
  "iata_code": "FOC",
  "airline_shares": {
    "CXA": 0.35,
    "CHH": 0.09,
    "CSZ": 0.09,
    "CSN": 0.06,
    "CDG": 0.05,
    "CES": 0.04,
    "CCA": 0.03,
    "TNA": 0.03,
    "GUN": 0.03,
    "JAS": 0.03,
    "CHB": 0.03,
    "CSC": 0.02,
    "RHC": 0.02,
    "UIA": 0.02,
    "MDA": 0.01,
    "CPA": 0.01,
    "EEA": 0.01,
    "CSH": 0.01,
    "G5": 0.01,
    "DKH": 0.01,
    "CRK": 0.01,
    "HDA": 0.01,
    "MAS": 0.01,
    "NS": 0.01,
    "HVN": 0.01
  },
  "domestic_route_shares": {
    "NKG": 0.08333333333333333,
    "CSX": 0.06944444444444445,
    "XIY": 0.05555555555555555,
    "CGO": 0.05555555555555555,
    "NNG": 0.041666666666666664,
    "PEK": 0.041666666666666664,
    "CAN": 0.041666666666666664,
    "SZX": 0.041666666666666664,
    "WUH": 0.041666666666666664,
    "HFE": 0.041666666666666664,
    "HAK": 0.041666666666666664,
    "TNA": 0.041666666666666664,
    "CTU": 0.027777777777777776,
    "KWE": 0.027777777777777776,
    "SHA": 0.027777777777777776,
    "TAO": 0.027777777777777776,
    "PVG": 0.027777777777777776,
    "SYX": 0.027777777777777776,
    "CKG": 0.027777777777777776,
    "KMG": 0.027777777777777776,
    "KWL": 0.027777777777777776,
    "ZUH": 0.027777777777777776,
    "LYG": 0.013888888888888888,
    "HIA": 0.013888888888888888,
    "CGQ": 0.013888888888888888,
    "DLC": 0.013888888888888888,
    "HGH": 0.013888888888888888,
    "HRB": 0.013888888888888888,
    "TSN": 0.013888888888888888,
    "TYN": 0.013888888888888888,
    "WUX": 0.013888888888888888
  },
  "international_route_shares": {
    "HKG": 0.14285714285714285,
    "TSA": 0.10714285714285714,
    "KHH": 0.10714285714285714,
    "TPE": 0.07142857142857142,
    "JDZ": 0.07142857142857142,
    "BKK": 0.07142857142857142,
    "MFM": 0.07142857142857142,
    "KUL": 0.07142857142857142,
    "RMQ": 0.03571428571428571,
    "XUZ": 0.03571428571428571,
    "CGK": 0.03571428571428571,
    "CJU": 0.03571428571428571,
    "CZX": 0.03571428571428571,
    "SIN": 0.03571428571428571,
    "SGN": 0.03571428571428571,
    "KIX": 0.03571428571428571
  },
  "domestic_ratio": 0.72,
  "fleet_mix": {
    "CSC": {
      "A320": 0.5,
      "A319": 0.5
    },
    "RHC": {
      "B738": 1.0
    },
    "MDA": {
      "B738": 1.0
    },
    "CCA": {
      "A321": 0.3333333333333333,
      "A320": 0.3333333333333333,
      "B738": 0.3333333333333333
    },
    "CPA": {
      "A330": 1.0
    },
    "CSN": {
      "B738": 0.4,
      "A320": 0.2,
      "B737": 0.2,
      "E190": 0.1,
      "B752": 0.1
    },
    "EEA": {
      "A319": 1.0
    },
    "CSH": {
      "B738": 1.0
    },
    "G5": {
      "CRJ9": 1.0
    },
    "TNA": {
      "A321": 0.6666666666666666,
      "A320": 0.3333333333333333
    },
    "GUN": {
      "E190": 1.0
    },
    "DKH": {
      "A320": 1.0
    },
    "CHH": {
      "B738": 0.8888888888888888,
      "A330": 0.1111111111111111
    },
    "CRK": {
      "A320": 0.5,
      "A330": 0.5
    },
    "JAS": {
      "A320": 0.5,
      "A319": 0.5
    },
    "HDA": {
      "A330": 1.0
    },
    "CXA": {
      "B737": 0.6666666666666666,
      "B738": 0.3333333333333333
    },
    "MAS": {
      "B738": 1.0
    },
    "CES": {
      "A320": 0.3333333333333333,
      "B737": 0.16666666666666666,
      "B738": 0.16666666666666666,
      "A321": 0.16666666666666666,
      "A319": 0.16666666666666666
    },
    "NS": {
      "E190": 1.0
    },
    "CHB": {
      "A320": 1.0
    },
    "CDG": {
      "B738": 1.0
    },
    "HVN": {
      "A321": 1.0
    },
    "CSZ": {
      "A320": 0.5555555555555556,
      "B738": 0.4444444444444444
    }
  },
  "hourly_profile": [],
  "delay_rate": 0.0,
  "delay_distribution": {},
  "mean_delay_minutes": 0.0,
  "data_source": "openflights",
  "region": "",
  "profile_date": "2026-03-21",
  "sample_size": 200
}