{
  "icao_code": "FOR",
  "iata_code": "FOR",
  "airline_shares": {
    "SEH": 0.28169014084507044,
    "TAM": 0.28169014084507044,
    "AZU": 0.23943661971830985,
    "ONE": 0.11267605633802817,
    "IBU": 0.028169014084507043,
    "TAP": 0.028169014084507043,
    "TCV": 0.028169014084507043
  },
  "domestic_route_shares": {
    "BEL": 0.125,
    "REC": 0.125,
    "SLZ": 0.125,
    "BSB": 0.125,
    "GIG": 0.125,
    "GRU": 0.125,
    "SSA": 0.08333333333333333,
    "CNF": 0.041666666666666664,
    "JPA": 0.041666666666666664,
    "VCP": 0.041666666666666664,
    "MAO": 0.041666666666666664
  },
  "international_route_shares": {
    "THE": 0.2608695652173913,
    "NAT": 0.21739130434782608,
    "PHB": 0.08695652173913043,
    "EZE": 0.08695652173913043,
    "MXP": 0.08695652173913043,
    "JDO": 0.08695652173913043,
    "LIS": 0.08695652173913043,
    "RAI": 0.08695652173913043
  },
  "domestic_ratio": 0.676,
  "fleet_mix": {
    "AZU": {
      "E190": 0.7894736842105263,
      "AT76": 0.21052631578947367
    },
    "SEH": {
      "B738": 0.6666666666666666,
      "B737": 0.3333333333333333
    },
    "IBU": {
      "B767": 1.0
    },
    "TAM": {
      "A320": 0.5714285714285714,
      "A321": 0.2857142857142857,
      "A319": 0.14285714285714285
    },
    "ONE": {
      "A318": 0.6,
      "A320": 0.4
    },
    "TAP": {
      "A330": 1.0
    },
    "TCV": {
      "B752": 1.0
    }
  },
  "hourly_profile": [],
  "delay_rate": 0.0,
  "delay_distribution": {},
  "mean_delay_minutes": 0.0,
  "data_source": "openflights",
  "region": "",
  "profile_date": "2026-03-21",
  "sample_size": 71
}