{
  "icao_code": "FUE",
  "iata_code": "FUE",
  "airline_shares": {
    "RYR": 0.2185792349726776,
    "CFG": 0.11475409836065574,
    "BER": 0.10382513661202186,
    "HLX": 0.08743169398907104,
    "TVF": 0.07103825136612021,
    "TCX": 0.04918032786885246,
    "EZY": 0.04371584699453552,
    "ISS": 0.03825136612021858,
    "EXS": 0.03278688524590164,
    "TOM": 0.0273224043715847,
    "HMY": 0.02185792349726776,
    "IBB": 0.02185792349726776,
    "GMI": 0.02185792349726776,
    "VLG": 0.02185792349726776,
    "MON": 0.02185792349726776,
    "NLY": 0.01639344262295082,
    "TRA": 0.01639344262295082,
    "LGL": 0.01639344262295082,
    "NAX": 0.01092896174863388,
    "EIN": 0.01092896174863388,
    "TOS": 0.01092896174863388,
    "AEA": 0.01092896174863388,
    "VOE": 0.01092896174863388
  },
  "domestic_route_shares": {
    "ACE": 0.25,
    "BCN": 0.16666666666666666,
    "MAD": 0.16666666666666666,
    "LPA": 0.16666666666666666,
    "TFS": 0.08333333333333333,
    "TFN": 0.08333333333333333,
    "BIO": 0.08333333333333333
  },
  "international_route_shares": {
    "MAN": 0.06289308176100629,
    "LGW": 0.06289308176100629,
    "BHX": 0.06289308176100629,
    "DUS": 0.03773584905660377,
    "MUC": 0.03773584905660377,
    "EMA": 0.03773584905660377,
    "CGN": 0.025157232704402517,
    "HAM": 0.025157232704402517,
    "LEJ": 0.025157232704402517,
    "FRA": 0.025157232704402517,
    "HAJ": 0.025157232704402517,
    "STR": 0.025157232704402517,
    "DUB": 0.025157232704402517,
    "BRE": 0.025157232704402517,
    "LBA": 0.025157232704402517,
    "LPL": 0.025157232704402517,
    "LTN": 0.025157232704402517,
    "STN": 0.025157232704402517,
    "GLA": 0.025157232704402517,
    "BRS": 0.025157232704402517,
    "BSL": 0.025157232704402517,
    "NUE": 0.012578616352201259,
    "SZG": 0.012578616352201259,
    "TXL": 0.012578616352201259,
    "VIE": 0.012578616352201259,
    "ZRH": 0.012578616352201259,
    "PAD": 0.012578616352201259,
    "SXF": 0.012578616352201259,
    "BGY": 0.012578616352201259,
    "BOH": 0.012578616352201259,
    "CRL": 0.012578616352201259,
    "EDI": 0.012578616352201259,
    "NRN": 0.012578616352201259,
    "ORK": 0.012578616352201259,
    "PIK": 0.012578616352201259,
    "PSA": 0.012578616352201259,
    "SNN": 0.012578616352201259,
    "AMS": 0.012578616352201259,
    "FCO": 0.012578616352201259,
    "MXP": 0.012578616352201259,
    "VRN": 0.012578616352201259,
    "LUX": 0.012578616352201259,
    "ERF": 0.012578616352201259,
    "NTE": 0.012578616352201259,
    "ZQW": 0.012578616352201259,
    "BRU": 0.006289308176100629,
    "LIL": 0.006289308176100629,
    "NCL": 0.006289308176100629
  },
  "domestic_ratio": 0.131,
  "fleet_mix": {
    "BER": {
      "B738": 0.5384615384615384,
      "A321": 0.23076923076923078,
      "A320": 0.15384615384615385,
      "A330": 0.07692307692307693
    },
    "CFG": {
      "A321": 1.0
    },
    "NAX": {
      "B738": 1.0
    },
    "EIN": {
      "A320": 1.0
    },
    "RYR": {
      "B738": 1.0
    },
    "NLY": {
      "A321": 0.5,
      "A320": 0.5
    },
    "HMY": {
      "A320": 1.0
    },
    "TRA": {
      "B738": 1.0
    },
    "ISS": {
      "A320": 0.7142857142857143,
      "B737": 0.2857142857142857
    },
    "LGL": {
      "B738": 1.0
    },
    "EXS": {
      "B738": 1.0
    },
    "IBB": {
      "AT76": 1.0
    },
    "GMI": {
      "A321": 0.5,
      "B737": 0.5
    },
    "TCX": {
      "B752": 0.8181818181818182,
      "A321": 0.18181818181818182
    },
    "TVF": {
      "B738": 1.0
    },
    "TOM": {
      "B738": 1.0
    },
    "EZY": {
      "A320": 0.6,
      "A319": 0.4
    },
    "AEA": {
      "B738": 1.0
    },
    "VLG": {
      "A320": 1.0
    },
    "HLX": {
      "B738": 1.0
    },
    "MON": {
      "A321": 1.0
    }
  },
  "hourly_profile": [],
  "delay_rate": 0.0,
  "delay_distribution": {},
  "mean_delay_minutes": 0.0,
  "data_source": "openflights",
  "region": "",
  "profile_date": "2026-03-21",
  "sample_size": 183
}