{
  "icao_code": "FUK",
  "iata_code": "FUK",
  "airline_shares": {
    "ANA": 0.16279069767441862,
    "SKY": 0.07751937984496124,
    "IBX": 0.07751937984496124,
    "GK": 0.046511627906976744,
    "NES": 0.046511627906976744,
    "JAL": 0.046511627906976744,
    "OZR": 0.046511627906976744,
    "CCA": 0.031007751937984496,
    "CPA": 0.031007751937984496,
    "CSN": 0.031007751937984496,
    "KAL": 0.031007751937984496,
    "CES": 0.031007751937984496,
    "HVN": 0.031007751937984496,
    "JJA": 0.015503875968992248,
    "SFJ": 0.015503875968992248,
    "AAL": 0.015503875968992248,
    "EVA": 0.015503875968992248,
    "ABL": 0.015503875968992248,
    "CAL": 0.015503875968992248,
    "DAL": 0.015503875968992248,
    "HAL": 0.015503875968992248,
    "HDA": 0.015503875968992248,
    "KLM": 0.015503875968992248,
    "MM": 0.015503875968992248,
    "JTA": 0.015503875968992248,
    "AMU": 0.015503875968992248,
    "OC": 0.015503875968992248,
    "PAL": 0.015503875968992248,
    "SQC": 0.015503875968992248,
    "THA": 0.015503875968992248,
    "TWB": 0.015503875968992248,
    "UAL": 0.015503875968992248,
    "HKE": 0.015503875968992248
  },
  "domestic_route_shares": {
    "HND": 0.13333333333333333,
    "NRT": 0.1,
    "CTS": 0.1,
    "OKA": 0.1,
    "SDJ": 0.1,
    "ITM": 0.1,
    "NGO": 0.1,
    "KIX": 0.1,
    "KMQ": 0.06666666666666667,
    "KMI": 0.03333333333333333,
    "FSZ": 0.03333333333333333,
    "KIJ": 0.03333333333333333
  },
  "international_route_shares": {
    "ICN": 0.11594202898550725,
    "TPE": 0.08695652173913043,
    "PUS": 0.08695652173913043,
    "HKG": 0.08695652173913043,
    "PVG": 0.057971014492753624,
    "HNL": 0.057971014492753624,
    "FUJ": 0.043478260869565216,
    "IBR": 0.028985507246376812,
    "DLC": 0.028985507246376812,
    "CAN": 0.028985507246376812,
    "SHE": 0.028985507246376812,
    "MMJ": 0.028985507246376812,
    "AMS": 0.028985507246376812,
    "TAO": 0.028985507246376812,
    "ISG": 0.028985507246376812,
    "MFM": 0.028985507246376812,
    "CJU": 0.028985507246376812,
    "MNL": 0.028985507246376812,
    "SIN": 0.028985507246376812,
    "BKK": 0.028985507246376812,
    "GUM": 0.028985507246376812,
    "HAN": 0.028985507246376812,
    "SGN": 0.028985507246376812
  },
  "domestic_ratio": 0.465,
  "fleet_mix": {
    "JJA": {
      "B737": 1.0
    },
    "SFJ": {
      "A320": 1.0
    },
    "AAL": {
      "B737": 1.0
    },
    "SKY": {
      "B737": 1.0
    },
    "EVA": {
      "A330": 1.0
    },
    "ABL": {
      "A320": 1.0
    },
    "CCA": {
      "B738": 0.5,
      "A320": 0.5
    },
    "CAL": {
      "A330": 0.3333333333333333,
      "B744": 0.3333333333333333,
      "B738": 0.3333333333333333
    },
    "CPA": {
      "B777": 0.42857142857142855,
      "A321": 0.2857142857142857,
      "A330": 0.2857142857142857
    },
    "CSN": {
      "A319": 1.0
    },
    "IBX": {
      "CRJ9": 1.0
    },
    "GK": {
      "A320": 1.0
    },
    "HAL": {
      "B767": 1.0
    },
    "NES": {
      "E175": 1.0
    },
    "JAL": {
      "B738": 0.4,
      "B777": 0.2,
      "B767": 0.2,
      "E175": 0.2
    },
    "HDA": {
      "A321": 0.5,
      "A330": 0.5
    },
    "KAL": {
      "B739": 0.6,
      "A330": 0.2,
      "B777": 0.2
    },
    "KLM": {
      "B777": 1.0
    },
    "MM": {
      "A320": 1.0
    },
    "CES": {
      "A320": 0.3333333333333333,
      "B738": 0.3333333333333333,
      "A319": 0.3333333333333333
    },
    "ANA": {
      "B767": 0.26666666666666666,
      "B738": 0.26666666666666666,
      "B777": 0.2,
      "B737": 0.2,
      "B787": 0.06666666666666667
    },
    "AMU": {
      "A321": 1.0
    },
    "OZR": {
      "A320": 0.3333333333333333,
      "A330": 0.16666666666666666,
      "A321": 0.16666666666666666,
      "B777": 0.16666666666666666,
      "B767": 0.16666666666666666
    },
    "PAL": {
      "A320": 1.0
    },
    "SQC": {
      "A330": 1.0
    },
    "TWB": {
      "B737": 1.0
    },
    "UAL": {
      "B738": 0.5,
      "B737": 0.5
    },
    "HKE": {
      "A320": 1.0
    },
    "HVN": {
      "A321": 1.0
    }
  },
  "hourly_profile": [],
  "delay_rate": 0.0,
  "delay_distribution": {},
  "mean_delay_minutes": 0.0,
  "data_source": "openflights",
  "region": "",
  "profile_date": "2026-03-21",
  "sample_size": 129
}