{
  "icao_code": "GAU",
  "iata_code": "GAU",
  "airline_shares": {
    "IGO": 0.38461538461538464,
    "AIC": 0.20512820512820512,
    "SEJ": 0.20512820512820512,
    "GUJ": 0.10256410256410256,
    "DRK": 0.10256410256410256
  },
  "domestic_route_shares": {
    "CCU": 0.2857142857142857,
    "DEL": 0.2857142857142857,
    "IMF": 0.14285714285714285,
    "IXB": 0.14285714285714285,
    "BLR": 0.07142857142857142,
    "BOM": 0.07142857142857142
  },
  "international_route_shares": {
    "IXA": 0.36363636363636365,
    "IXS": 0.18181818181818182,
    "BKK": 0.18181818181818182,
    "PBH": 0.18181818181818182,
    "DIB": 0.09090909090909091
  },
  "domestic_ratio": 0.718,
  "fleet_mix": {
    "IGO": {
      "A320": 1.0
    },
    "AIC": {
      "A320": 0.75,
      "A319": 0.25
    },
    "GUJ": {
      "A320": 1.0
    },
    "DRK": {
      "A319": 1.0
    },
    "SEJ": {
      "B737": 1.0
    }
  },
  "hourly_profile": [],
  "delay_rate": 0.0,
  "delay_distribution": {},
  "mean_delay_minutes": 0.0,
  "data_source": "openflights",
  "region": "",
  "profile_date": "2026-03-21",
  "sample_size": 39
}