{
  "icao_code": "GCM",
  "iata_code": "GCM",
  "airline_shares": {
    "CAY": 0.37254901960784315,
    "AAL": 0.11764705882352941,
    "UAL": 0.11764705882352941,
    "USA": 0.11764705882352941,
    "DAL": 0.0784313725490196,
    "ACA": 0.0392156862745098,
    "JBU": 0.0392156862745098,
    "BAW": 0.0392156862745098,
    "P4": 0.0392156862745098,
    "WJA": 0.0392156862745098
  },
  "domestic_route_shares": {},
  "international_route_shares": {
    "MIA": 0.11764705882352941,
    "CLT": 0.0784313725490196,
    "PHL": 0.0784313725490196,
    "YYZ": 0.0784313725490196,
    "JFK": 0.0784313725490196,
    "LCE": 0.0784313725490196,
    "NAS": 0.0392156862745098,
    "ATL": 0.0392156862745098,
    "DTW": 0.0392156862745098,
    "CYB": 0.0392156862745098,
    "HAV": 0.0392156862745098,
    "KIN": 0.0392156862745098,
    "LYB": 0.0392156862745098,
    "ORD": 0.0392156862745098,
    "TPA": 0.0392156862745098,
    "EWR": 0.0392156862745098,
    "IAD": 0.0392156862745098,
    "IAH": 0.0392156862745098,
    "MBJ": 0.0196078431372549
  },
  "domestic_ratio": 0.0,
  "fleet_mix": {
    "AAL": {
      "A319": 0.4,
      "A320": 0.2,
      "A321": 0.2,
      "B738": 0.2
    },
    "ACA": {
      "E190": 1.0
    },
    "JBU": {
      "A320": 1.0
    },
    "BAW": {
      "B767": 1.0
    },
    "DAL": {
      "B738": 1.0
    },
    "UAL": {
      "B739": 0.5,
      "B738": 0.5
    },
    "USA": {
      "A319": 0.4,
      "A320": 0.2,
      "A321": 0.2,
      "B738": 0.2
    }
  },
  "hourly_profile": [],
  "delay_rate": 0.0,
  "delay_distribution": {},
  "mean_delay_minutes": 0.0,
  "data_source": "openflights",
  "region": "",
  "profile_date": "2026-03-21",
  "sample_size": 51
}