{
  "icao_code": "GDL",
  "iata_code": "GDL",
  "airline_shares": {
    "VOI": 0.4108527131782946,
    "VB": 0.20155038759689922,
    "AMX": 0.12403100775193798,
    "4O": 0.09302325581395349,
    "DAL": 0.046511627906976744,
    "UAL": 0.046511627906976744,
    "ASA": 0.031007751937984496,
    "AAL": 0.015503875968992248,
    "CMP": 0.015503875968992248,
    "USA": 0.015503875968992248
  },
  "domestic_route_shares": {
    "MEX": 0.14545454545454545,
    "MTY": 0.10909090909090909,
    "SJD": 0.10909090909090909,
    "TIJ": 0.10909090909090909,
    "CJS": 0.07272727272727272,
    "CUN": 0.07272727272727272,
    "HMO": 0.07272727272727272,
    "MID": 0.07272727272727272,
    "VER": 0.07272727272727272,
    "VSA": 0.03636363636363636,
    "CUL": 0.03636363636363636,
    "CUU": 0.03636363636363636,
    "PBC": 0.03636363636363636,
    "TLC": 0.01818181818181818
  },
  "international_route_shares": {
    "LAX": 0.13513513513513514,
    "SAT": 0.05405405405405406,
    "DFW": 0.05405405405405406,
    "FAT": 0.05405405405405406,
    "ONT": 0.05405405405405406,
    "ORD": 0.05405405405405406,
    "SFO": 0.05405405405405406,
    "SMF": 0.05405405405405406,
    "SJC": 0.05405405405405406,
    "LAP": 0.05405405405405406,
    "TGZ": 0.05405405405405406,
    "SNA": 0.02702702702702703,
    "PTY": 0.02702702702702703,
    "ATL": 0.02702702702702703,
    "IAH": 0.02702702702702703,
    "REX": 0.02702702702702703,
    "TRC": 0.02702702702702703,
    "LAS": 0.02702702702702703,
    "LMM": 0.02702702702702703,
    "MDW": 0.02702702702702703,
    "MXL": 0.02702702702702703,
    "OAK": 0.02702702702702703,
    "PHX": 0.02702702702702703
  },
  "domestic_ratio": 0.426,
  "fleet_mix": {
    "4O": {
      "A320": 1.0
    },
    "AMX": {
      "B738": 0.6363636363636364,
      "B737": 0.18181818181818182,
      "E175": 0.18181818181818182
    },
    "ASA": {
      "B738": 1.0
    },
    "CMP": {
      "E190": 1.0
    },
    "DAL": {
      "A320": 0.3333333333333333,
      "B738": 0.3333333333333333,
      "B737": 0.3333333333333333
    },
    "UAL": {
      "A319": 0.6,
      "B737": 0.2,
      "B738": 0.2
    },
    "VOI": {
      "A319": 0.6197183098591549,
      "A320": 0.38028169014084506
    }
  },
  "hourly_profile": [],
  "delay_rate": 0.0,
  "delay_distribution": {},
  "mean_delay_minutes": 0.0,
  "data_source": "openflights",
  "region": "",
  "profile_date": "2026-03-21",
  "sample_size": 129
}