{
  "icao_code": "GDN",
  "iata_code": "GDN",
  "airline_shares": {
    "WZZ": 0.4791666666666667,
    "RYR": 0.22916666666666666,
    "ELO": 0.14583333333333334,
    "GEC": 0.041666666666666664,
    "SAS": 0.041666666666666664,
    "BER": 0.020833333333333332,
    "NAX": 0.020833333333333332,
    "LOT": 0.020833333333333332
  },
  "domestic_route_shares": {
    "WMI": 0.2,
    "KRK": 0.2,
    "LUZ": 0.2,
    "WRO": 0.2,
    "WAW": 0.2
  },
  "international_route_shares": {
    "OSL": 0.046511627906976744,
    "TXL": 0.023255813953488372,
    "BHX": 0.023255813953488372,
    "BRS": 0.023255813953488372,
    "DUB": 0.023255813953488372,
    "EDI": 0.023255813953488372,
    "LBA": 0.023255813953488372,
    "MAN": 0.023255813953488372,
    "ORK": 0.023255813953488372,
    "PSA": 0.023255813953488372,
    "RYG": 0.023255813953488372,
    "STN": 0.023255813953488372,
    "AMS": 0.023255813953488372,
    "BRU": 0.023255813953488372,
    "HEL": 0.023255813953488372,
    "ZRH": 0.023255813953488372,
    "FRA": 0.023255813953488372,
    "MUC": 0.023255813953488372,
    "CPH": 0.023255813953488372,
    "AES": 0.023255813953488372,
    "BCN": 0.023255813953488372,
    "BGO": 0.023255813953488372,
    "BGY": 0.023255813953488372,
    "BVA": 0.023255813953488372,
    "CGN": 0.023255813953488372,
    "DSA": 0.023255813953488372,
    "DTM": 0.023255813953488372,
    "EIN": 0.023255813953488372,
    "FCO": 0.023255813953488372,
    "GLA": 0.023255813953488372,
    "GSE": 0.023255813953488372,
    "HAU": 0.023255813953488372,
    "KRS": 0.023255813953488372,
    "LBC": 0.023255813953488372,
    "LPL": 0.023255813953488372,
    "LTN": 0.023255813953488372,
    "MMX": 0.023255813953488372,
    "NYO": 0.023255813953488372,
    "SVG": 0.023255813953488372,
    "TKU": 0.023255813953488372,
    "TRD": 0.023255813953488372,
    "TRF": 0.023255813953488372
  },
  "domestic_ratio": 0.104,
  "fleet_mix": {
    "BER": {
      "DH8D": 1.0
    },
    "NAX": {
      "B738": 1.0
    },
    "RYR": {
      "B738": 1.0
    },
    "ELO": {
      "DH8D": 1.0
    },
    "GEC": {
      "A319": 0.25,
      "A321": 0.25,
      "A320": 0.25,
      "E190": 0.25
    },
    "LOT": {
      "DH8D": 0.5,
      "E175": 0.25,
      "E190": 0.25
    },
    "SAS": {
      "CRJ9": 0.25,
      "A319": 0.25,
      "B738": 0.25,
      "B737": 0.25
    },
    "WZZ": {
      "A320": 1.0
    }
  },
  "hourly_profile": [],
  "delay_rate": 0.0,
  "delay_distribution": {},
  "mean_delay_minutes": 0.0,
  "data_source": "openflights",
  "region": "",
  "profile_date": "2026-03-21",
  "sample_size": 96
}