{
  "icao_code": "GIG",
  "iata_code": "GIG",
  "airline_shares": {
    "SEH": 0.2937853107344633,
    "TAM": 0.2598870056497175,
    "ONE": 0.0903954802259887,
    "USA": 0.04519774011299435,
    "AAL": 0.03954802259887006,
    "ARG": 0.022598870056497175,
    "UAE": 0.022598870056497175,
    "TAP": 0.022598870056497175,
    "UAL": 0.022598870056497175,
    "CGN": 0.011299435028248588,
    "5Q": 0.011299435028248588,
    "AZU": 0.011299435028248588,
    "AFR": 0.011299435028248588,
    "AVA": 0.011299435028248588,
    "AZA": 0.011299435028248588,
    "BAW": 0.011299435028248588,
    "CMP": 0.011299435028248588,
    "DAL": 0.011299435028248588,
    "DTA": 0.011299435028248588,
    "ETH": 0.011299435028248588,
    "IBE": 0.011299435028248588,
    "KLM": 0.011299435028248588,
    "LAN": 0.011299435028248588,
    "GEC": 0.011299435028248588,
    "LAP": 0.011299435028248588
  },
  "domestic_route_shares": {
    "GRU": 0.09090909090909091,
    "VCP": 0.06060606060606061,
    "BSB": 0.06060606060606061,
    "FLN": 0.06060606060606061,
    "FOR": 0.06060606060606061,
    "JPA": 0.06060606060606061,
    "POA": 0.06060606060606061,
    "REC": 0.06060606060606061,
    "SSA": 0.06060606060606061,
    "BEL": 0.04040404040404041,
    "CGH": 0.04040404040404041,
    "CNF": 0.04040404040404041,
    "CWB": 0.04040404040404041,
    "IGU": 0.04040404040404041,
    "MAO": 0.04040404040404041,
    "MCZ": 0.04040404040404041,
    "SLZ": 0.04040404040404041,
    "VIX": 0.04040404040404041,
    "CGB": 0.020202020202020204,
    "GYN": 0.020202020202020204,
    "NVT": 0.020202020202020204
  },
  "international_route_shares": {
    "EZE": 0.1282051282051282,
    "DFW": 0.07692307692307693,
    "JFK": 0.07692307692307693,
    "MIA": 0.07692307692307693,
    "NAT": 0.05128205128205128,
    "CLT": 0.038461538461538464,
    "RAO": 0.02564102564102564,
    "MVD": 0.02564102564102564,
    "CDG": 0.02564102564102564,
    "AEP": 0.02564102564102564,
    "BOG": 0.02564102564102564,
    "FCO": 0.02564102564102564,
    "LHR": 0.02564102564102564,
    "PTY": 0.02564102564102564,
    "ATL": 0.02564102564102564,
    "LAD": 0.02564102564102564,
    "DXB": 0.02564102564102564,
    "AJU": 0.02564102564102564,
    "CGR": 0.02564102564102564,
    "SDQ": 0.02564102564102564,
    "MAD": 0.02564102564102564,
    "AMS": 0.02564102564102564,
    "SCL": 0.02564102564102564,
    "FRA": 0.02564102564102564,
    "LIS": 0.02564102564102564,
    "OPO": 0.02564102564102564,
    "IAH": 0.02564102564102564,
    "LFW": 0.01282051282051282
  },
  "domestic_ratio": 0.559,
  "fleet_mix": {
    "CGN": {
      "AT76": 1.0
    },
    "5Q": {
      "AT76": 0.5,
      "A319": 0.5
    },
    "AAL": {
      "B767": 1.0
    },
    "AZU": {
      "E190": 1.0
    },
    "AFR": {
      "B777": 0.5,
      "A330": 0.5
    },
    "ARG": {
      "B737": 1.0
    },
    "AVA": {
      "A319": 1.0
    },
    "BAW": {
      "B777": 1.0
    },
    "CMP": {
      "B738": 1.0
    },
    "DAL": {
      "B767": 1.0
    },
    "DTA": {
      "B777": 1.0
    },
    "UAE": {
      "B777": 1.0
    },
    "ETH": {
      "B787": 1.0
    },
    "SEH": {
      "B738": 0.581081081081081,
      "B737": 0.4189189189189189
    },
    "IBE": {
      "A330": 1.0
    },
    "TAM": {
      "A320": 0.7692307692307693,
      "B767": 0.11538461538461539,
      "A321": 0.07692307692307693,
      "A319": 0.038461538461538464
    },
    "KLM": {
      "B777": 1.0
    },
    "LAN": {
      "A320": 0.5,
      "A319": 0.5
    },
    "GEC": {
      "B744": 1.0
    },
    "ONE": {
      "A318": 0.875,
      "A320": 0.125
    },
    "LAP": {
      "A320": 1.0
    },
    "TAP": {
      "A330": 1.0
    },
    "UAL": {
      "B777": 1.0
    },
    "USA": {
      "B767": 1.0
    }
  },
  "hourly_profile": [],
  "delay_rate": 0.0,
  "delay_distribution": {},
  "mean_delay_minutes": 0.0,
  "data_source": "openflights",
  "region": "",
  "profile_date": "2026-03-21",
  "sample_size": 177
}