{
  "icao_code": "GLA",
  "iata_code": "GLA",
  "airline_shares": {
    "EXS": 0.21476510067114093,
    "EZY": 0.18791946308724833,
    "TVF": 0.1476510067114094,
    "BEE": 0.09395973154362416,
    "TCX": 0.09395973154362416,
    "TOM": 0.06040268456375839,
    "BAW": 0.026845637583892617,
    "TSC": 0.026845637583892617,
    "WZZ": 0.026845637583892617,
    "AAL": 0.013422818791946308,
    "UAE": 0.013422818791946308,
    "ICE": 0.013422818791946308,
    "KLM": 0.013422818791946308,
    "AMC": 0.013422818791946308,
    "UAL": 0.013422818791946308,
    "USA": 0.013422818791946308,
    "VIR": 0.013422818791946308,
    "BCY": 0.013422818791946308
  },
  "domestic_route_shares": {
    "LGW": 0.18181818181818182,
    "LHR": 0.09090909090909091,
    "BHX": 0.09090909090909091,
    "EMA": 0.09090909090909091,
    "MAN": 0.09090909090909091,
    "BFS": 0.09090909090909091,
    "BRS": 0.09090909090909091,
    "LTN": 0.09090909090909091,
    "STN": 0.09090909090909091,
    "CWL": 0.09090909090909091
  },
  "international_route_shares": {
    "ACE": 0.06299212598425197,
    "PMI": 0.06299212598425197,
    "TFS": 0.06299212598425197,
    "AGP": 0.047244094488188976,
    "ALC": 0.047244094488188976,
    "DLM": 0.047244094488188976,
    "FAO": 0.047244094488188976,
    "LPA": 0.047244094488188976,
    "PHL": 0.031496062992125984,
    "JER": 0.031496062992125984,
    "AMS": 0.031496062992125984,
    "FUE": 0.031496062992125984,
    "BJV": 0.023622047244094488,
    "IBZ": 0.023622047244094488,
    "RHO": 0.023622047244094488,
    "NBE": 0.023622047244094488,
    "BHD": 0.015748031496062992,
    "EXT": 0.015748031496062992,
    "SOU": 0.015748031496062992,
    "DXB": 0.015748031496062992,
    "KEF": 0.015748031496062992,
    "MLA": 0.015748031496062992,
    "BCN": 0.015748031496062992,
    "FCO": 0.015748031496062992,
    "HER": 0.015748031496062992,
    "PFO": 0.015748031496062992,
    "AYT": 0.015748031496062992,
    "LCA": 0.015748031496062992,
    "FNC": 0.015748031496062992,
    "YYC": 0.015748031496062992,
    "YYZ": 0.015748031496062992,
    "CDG": 0.015748031496062992,
    "KGS": 0.015748031496062992,
    "SXF": 0.015748031496062992,
    "EWR": 0.015748031496062992,
    "MCO": 0.015748031496062992,
    "GDN": 0.015748031496062992,
    "WAW": 0.015748031496062992,
    "CUN": 0.007874015748031496
  },
  "domestic_ratio": 0.148,
  "fleet_mix": {
    "BAW": {
      "A319": 0.4,
      "A321": 0.2,
      "A320": 0.2,
      "B767": 0.2
    },
    "BEE": {
      "DH8D": 0.875,
      "E175": 0.125
    },
    "UAE": {
      "B777": 1.0
    },
    "KLM": {
      "B737": 1.0
    },
    "AMC": {
      "A320": 1.0
    },
    "EXS": {
      "B738": 1.0
    },
    "TCX": {
      "B752": 1.0
    },
    "TVF": {
      "B787": 0.5,
      "B738": 0.5
    },
    "EZY": {
      "A319": 0.65,
      "A320": 0.35
    },
    "UAL": {
      "B752": 1.0
    },
    "USA": {
      "B752": 1.0
    },
    "VIR": {
      "B744": 1.0
    },
    "WZZ": {
      "A320": 1.0
    }
  },
  "hourly_profile": [],
  "delay_rate": 0.0,
  "delay_distribution": {},
  "mean_delay_minutes": 0.0,
  "data_source": "openflights",
  "region": "",
  "profile_date": "2026-03-21",
  "sample_size": 149
}