{
  "icao_code": "GMMN",
  "iata_code": "CMN",
  "airline_shares": {
    "RAM": 0.6462882096069869,
    "3O": 0.09606986899563319,
    "MAI": 0.026200873362445413,
    "EZY": 0.026200873362445413,
    "AAW": 0.017467248908296942,
    "AFR": 0.017467248908296942,
    "DAH": 0.017467248908296942,
    "LAA": 0.017467248908296942,
    "SVA": 0.017467248908296942,
    "AZA": 0.008733624454148471,
    "UAE": 0.008733624454148471,
    "ETD": 0.008733624454148471,
    "TRA": 0.008733624454148471,
    "IBE": 0.008733624454148471,
    "GEC": 0.008733624454148471,
    "MSR": 0.008733624454148471,
    "QTR": 0.008733624454148471,
    "AFL": 0.008733624454148471,
    "THY": 0.008733624454148471,
    "TAR": 0.008733624454148471,
    "VLG": 0.008733624454148471,
    "KNE": 0.008733624454148471,
    "TAP": 0.004366812227074236
  },
  "domestic_route_shares": {
    "AGA": 0.11764705882352941,
    "FEZ": 0.11764705882352941,
    "NDR": 0.11764705882352941,
    "OUD": 0.11764705882352941,
    "OZZ": 0.11764705882352941,
    "RAK": 0.11764705882352941,
    "RBA": 0.11764705882352941,
    "TNG": 0.11764705882352941,
    "TTU": 0.058823529411764705
  },
  "international_route_shares": {
    "BCN": 0.02830188679245283,
    "LYS": 0.02830188679245283,
    "TLS": 0.02830188679245283,
    "TIP": 0.02830188679245283,
    "CDG": 0.02830188679245283,
    "JED": 0.02830188679245283,
    "BLQ": 0.018867924528301886,
    "BRU": 0.018867924528301886,
    "LGW": 0.018867924528301886,
    "BEN": 0.018867924528301886,
    "ALG": 0.018867924528301886,
    "AMS": 0.018867924528301886,
    "CAI": 0.018867924528301886,
    "FCO": 0.018867924528301886,
    "FRA": 0.018867924528301886,
    "IST": 0.018867924528301886,
    "MAD": 0.018867924528301886,
    "MXP": 0.018867924528301886,
    "NKC": 0.018867924528301886,
    "SVO": 0.018867924528301886,
    "TUN": 0.018867924528301886,
    "LIS": 0.014150943396226415,
    "BGY": 0.009433962264150943,
    "CUF": 0.009433962264150943,
    "MPL": 0.009433962264150943,
    "SAW": 0.009433962264150943,
    "TSF": 0.009433962264150943,
    "ORN": 0.009433962264150943,
    "ABJ": 0.009433962264150943,
    "AGP": 0.009433962264150943,
    "ARN": 0.009433962264150943,
    "BEY": 0.009433962264150943,
    "BJL": 0.009433962264150943,
    "BKO": 0.009433962264150943,
    "BOD": 0.009433962264150943,
    "BZV": 0.009433962264150943,
    "CKY": 0.009433962264150943,
    "DKR": 0.009433962264150943,
    "DLA": 0.009433962264150943,
    "EUN": 0.009433962264150943,
    "FNA": 0.009433962264150943,
    "GRU": 0.009433962264150943,
    "GVA": 0.009433962264150943,
    "JFK": 0.009433962264150943,
    "LAD": 0.009433962264150943,
    "LBV": 0.009433962264150943,
    "LHR": 0.009433962264150943,
    "LPA": 0.009433962264150943,
    "MRS": 0.009433962264150943,
    "MUC": 0.009433962264150943,
    "NCE": 0.009433962264150943,
    "NIM": 0.009433962264150943,
    "NSI": 0.009433962264150943,
    "NTE": 0.009433962264150943,
    "ORY": 0.009433962264150943,
    "OUA": 0.009433962264150943,
    "OXB": 0.009433962264150943,
    "PNR": 0.009433962264150943,
    "RAI": 0.009433962264150943,
    "ROB": 0.009433962264150943,
    "SSG": 0.009433962264150943,
    "SXB": 0.009433962264150943,
    "TFN": 0.009433962264150943,
    "TRN": 0.009433962264150943,
    "VIL": 0.009433962264150943,
    "VLC": 0.009433962264150943,
    "YUL": 0.009433962264150943,
    "ZRH": 0.009433962264150943,
    "DXB": 0.009433962264150943,
    "AUH": 0.009433962264150943,
    "OUZ": 0.009433962264150943,
    "DOH": 0.009433962264150943,
    "RUH": 0.009433962264150943,
    "ACC": 0.0047169811320754715,
    "AHU": 0.0047169811320754715,
    "BGF": 0.0047169811320754715,
    "COO": 0.0047169811320754715,
    "FIH": 0.0047169811320754715,
    "GLN": 0.0047169811320754715,
    "LFW": 0.0047169811320754715,
    "TXL": 0.0047169811320754715,
    "CPH": 0.0047169811320754715,
    "LOS": 0.0047169811320754715,
    "TTA": 0.0047169811320754715
  },
  "domestic_ratio": 0.074,
  "fleet_mix": {
    "3O": {
      "A320": 1.0
    },
    "AAW": {
      "A320": 0.5,
      "A319": 0.25,
      "A330": 0.25
    },
    "AFR": {
      "A320": 0.4,
      "A319": 0.4,
      "A321": 0.2
    },
    "DAH": {
      "B767": 1.0
    },
    "RAM": {
      "B738": 0.5333333333333333,
      "B737": 0.27111111111111114,
      "AT76": 0.13333333333333333,
      "B767": 0.06222222222222222
    },
    "AZA": {
      "A319": 0.3333333333333333,
      "A320": 0.3333333333333333,
      "E190": 0.3333333333333333
    },
    "UAE": {
      "B777": 1.0
    },
    "ETD": {
      "A330": 1.0
    },
    "TRA": {
      "B738": 1.0
    },
    "IBE": {
      "A320": 0.5,
      "A319": 0.5
    },
    "MAI": {
      "B737": 1.0
    },
    "GEC": {
      "A321": 1.0
    },
    "LAA": {
      "A320": 1.0
    },
    "MSR": {
      "A321": 1.0
    },
    "QTR": {
      "A330": 1.0
    },
    "AFL": {
      "B738": 1.0
    },
    "SVA": {
      "B777": 1.0
    },
    "THY": {
      "A330": 1.0
    },
    "TAP": {
      "A319": 1.0
    },
    "TAR": {
      "A320": 0.5,
      "A319": 0.5
    },
    "EZY": {
      "A319": 0.75,
      "A320": 0.25
    },
    "VLG": {
      "A320": 1.0
    }
  },
  "hourly_profile": [],
  "delay_rate": 0.0,
  "delay_distribution": {},
  "mean_delay_minutes": 0.0,
  "data_source": "openflights",
  "region": "",
  "profile_date": "2026-03-21",
  "sample_size": 229
}