{
  "icao_code": "GMP",
  "iata_code": "GMP",
  "airline_shares": {
    "KAL": 0.2972972972972973,
    "OZR": 0.24324324324324326,
    "JJA": 0.08108108108108109,
    "JAL": 0.05405405405405406,
    "TWB": 0.05405405405405406,
    "ESR": 0.05405405405405406,
    "EVA": 0.02702702702702703,
    "CCA": 0.02702702702702703,
    "CAL": 0.02702702702702703,
    "CSN": 0.02702702702702703,
    "CSH": 0.02702702702702703,
    "JNA": 0.02702702702702703,
    "CES": 0.02702702702702703,
    "ANA": 0.02702702702702703
  },
  "domestic_route_shares": {
    "CJU": 0.8571428571428571,
    "PUS": 0.14285714285714285
  },
  "international_route_shares": {
    "KIX": 0.13333333333333333,
    "TSA": 0.13333333333333333,
    "PEK": 0.13333333333333333,
    "SHA": 0.13333333333333333,
    "HND": 0.13333333333333333,
    "KPO": 0.06666666666666667,
    "KWJ": 0.06666666666666667,
    "RSU": 0.06666666666666667,
    "USN": 0.06666666666666667,
    "NGO": 0.03333333333333333,
    "HIN": 0.03333333333333333
  },
  "domestic_ratio": 0.189,
  "fleet_mix": {
    "JJA": {
      "B737": 0.8571428571428571,
      "B738": 0.14285714285714285
    },
    "EVA": {
      "A321": 1.0
    },
    "CCA": {
      "B738": 0.5,
      "A330": 0.5
    },
    "CAL": {
      "B738": 1.0
    },
    "CSN": {
      "A321": 1.0
    },
    "CSH": {
      "A330": 1.0
    },
    "JAL": {
      "B767": 0.5,
      "B738": 0.5
    },
    "KAL": {
      "B738": 0.4,
      "B777": 0.34285714285714286,
      "B739": 0.14285714285714285,
      "B744": 0.11428571428571428
    },
    "JNA": {
      "B738": 1.0
    },
    "CES": {
      "A321": 1.0
    },
    "ANA": {
      "B777": 1.0
    },
    "OZR": {
      "A320": 0.37037037037037035,
      "A330": 0.2962962962962963,
      "A321": 0.25925925925925924,
      "B767": 0.07407407407407407
    },
    "TWB": {
      "B737": 1.0
    },
    "ESR": {
      "B737": 0.5,
      "B738": 0.5
    }
  },
  "hourly_profile": [],
  "delay_rate": 0.0,
  "delay_distribution": {},
  "mean_delay_minutes": 0.0,
  "data_source": "openflights",
  "region": "",
  "profile_date": "2026-03-21",
  "sample_size": 74
}