{
  "icao_code": "GND",
  "iata_code": "GND",
  "airline_shares": {
    "BWA": 0.21428571428571427,
    "LIA": 0.21428571428571427,
    "VCV": 0.14285714285714285,
    "AAL": 0.07142857142857142,
    "ACA": 0.07142857142857142,
    "BAW": 0.07142857142857142,
    "DAL": 0.07142857142857142,
    "USA": 0.07142857142857142,
    "VIR": 0.07142857142857142
  },
  "domestic_route_shares": {},
  "international_route_shares": {
    "POS": 0.21428571428571427,
    "MIA": 0.14285714285714285,
    "YYZ": 0.14285714285714285,
    "UVF": 0.14285714285714285,
    "JFK": 0.14285714285714285,
    "BGI": 0.07142857142857142,
    "SVD": 0.07142857142857142,
    "PMV": 0.07142857142857142
  },
  "domestic_ratio": 0.0,
  "fleet_mix": {
    "AAL": {
      "B738": 1.0
    },
    "ACA": {
      "A319": 1.0
    },
    "BAW": {
      "B777": 1.0
    },
    "BWA": {
      "B738": 1.0
    },
    "DAL": {
      "B738": 1.0
    },
    "LIA": {
      "AT76": 1.0
    },
    "USA": {
      "B738": 1.0
    },
    "VCV": {
      "E190": 1.0
    },
    "VIR": {
      "A330": 1.0
    }
  },
  "hourly_profile": [],
  "delay_rate": 0.0,
  "delay_distribution": {},
  "mean_delay_minutes": 0.0,
  "data_source": "openflights",
  "region": "",
  "profile_date": "2026-03-21",
  "sample_size": 28
}