{
  "icao_code": "GOA",
  "iata_code": "GOA",
  "airline_shares": {
    "RYR": 0.29411764705882354,
    "VOE": 0.23529411764705882,
    "AFR": 0.058823529411764705,
    "ADH": 0.058823529411764705,
    "AZA": 0.058823529411764705,
    "BAW": 0.058823529411764705,
    "GEC": 0.058823529411764705,
    "SBI": 0.058823529411764705,
    "THY": 0.058823529411764705,
    "VLG": 0.058823529411764705
  },
  "domestic_route_shares": {
    "FCO": 0.14285714285714285,
    "BRI": 0.14285714285714285,
    "CAG": 0.14285714285714285,
    "CTA": 0.14285714285714285,
    "NAP": 0.14285714285714285,
    "OLB": 0.14285714285714285,
    "PMO": 0.14285714285714285
  },
  "international_route_shares": {
    "CDG": 0.1,
    "TIA": 0.1,
    "LGW": 0.1,
    "CRL": 0.1,
    "STN": 0.1,
    "TPS": 0.1,
    "MUC": 0.1,
    "DME": 0.1,
    "IST": 0.1,
    "BCN": 0.1
  },
  "domestic_ratio": 0.412,
  "fleet_mix": {
    "AFR": {
      "E175": 0.5,
      "E190": 0.5
    },
    "ADH": {
      "A320": 1.0
    },
    "AZA": {
      "E175": 0.25,
      "A319": 0.25,
      "A320": 0.25,
      "E190": 0.25
    },
    "BAW": {
      "A320": 0.5,
      "A319": 0.5
    },
    "RYR": {
      "B738": 1.0
    },
    "GEC": {
      "CRJ9": 0.5,
      "CRJ7": 0.5
    },
    "SBI": {
      "A320": 1.0
    },
    "THY": {
      "B738": 0.5,
      "B739": 0.5
    },
    "VLG": {
      "A320": 1.0
    }
  },
  "hourly_profile": [],
  "delay_rate": 0.0,
  "delay_distribution": {},
  "mean_delay_minutes": 0.0,
  "data_source": "openflights",
  "region": "",
  "profile_date": "2026-03-21",
  "sample_size": 34
}