{
  "icao_code": "GOJ",
  "iata_code": "GOJ",
  "airline_shares": {
    "SVR": 0.4444444444444444,
    "UR": 0.16666666666666666,
    "Y7": 0.1111111111111111,
    "GEC": 0.05555555555555555,
    "CSA": 0.05555555555555555,
    "ARR": 0.05555555555555555,
    "SBI": 0.05555555555555555,
    "AFL": 0.05555555555555555
  },
  "domestic_route_shares": {
    "DME": 0.2857142857142857,
    "SVO": 0.14285714285714285,
    "KUF": 0.14285714285714285,
    "SVX": 0.14285714285714285,
    "VKO": 0.14285714285714285,
    "NSK": 0.14285714285714285
  },
  "international_route_shares": {
    "PRG": 0.18181818181818182,
    "EVN": 0.18181818181818182,
    "FRA": 0.09090909090909091,
    "DWC": 0.09090909090909091,
    "DYU": 0.09090909090909091,
    "LBD": 0.09090909090909091,
    "NMA": 0.09090909090909091,
    "TAS": 0.09090909090909091,
    "EGO": 0.09090909090909091
  },
  "domestic_ratio": 0.389,
  "fleet_mix": {
    "GEC": {
      "A319": 1.0
    },
    "CSA": {
      "A320": 1.0
    },
    "SBI": {
      "A319": 1.0
    },
    "AFL": {
      "A320": 1.0
    },
    "SVR": {
      "A320": 0.875,
      "A321": 0.125
    },
    "UR": {
      "AT76": 1.0
    },
    "Y7": {
      "B738": 1.0
    }
  },
  "hourly_profile": [],
  "delay_rate": 0.0,
  "delay_distribution": {},
  "mean_delay_minutes": 0.0,
  "data_source": "openflights",
  "region": "",
  "profile_date": "2026-03-21",
  "sample_size": 36
}