{
  "icao_code": "GOT",
  "iata_code": "GOT",
  "airline_shares": {
    "NAX": 0.208955223880597,
    "SAS": 0.208955223880597,
    "BYE": 0.05970149253731343,
    "HS": 0.05970149253731343,
    "RLA": 0.029850746268656716,
    "BER": 0.029850746268656716,
    "AFR": 0.029850746268656716,
    "FIN": 0.029850746268656716,
    "BAW": 0.029850746268656716,
    "BTI": 0.029850746268656716,
    "CHH": 0.029850746268656716,
    "IRA": 0.029850746268656716,
    "KLM": 0.029850746268656716,
    "GEC": 0.029850746268656716,
    "DAT": 0.029850746268656716,
    "SCW": 0.029850746268656716,
    "THY": 0.029850746268656716,
    "VLG": 0.029850746268656716,
    "WIF": 0.029850746268656716,
    "LBT": 0.014925373134328358
  },
  "domestic_route_shares": {
    "ARN": 1.0
  },
  "international_route_shares": {
    "TXL": 0.06451612903225806,
    "LHR": 0.06451612903225806,
    "AGP": 0.06451612903225806,
    "BCN": 0.06451612903225806,
    "IST": 0.06451612903225806,
    "LYS": 0.03225806451612903,
    "CDG": 0.03225806451612903,
    "HEL": 0.03225806451612903,
    "BHX": 0.03225806451612903,
    "SVG": 0.03225806451612903,
    "RIX": 0.03225806451612903,
    "ALC": 0.03225806451612903,
    "FCO": 0.03225806451612903,
    "LGW": 0.03225806451612903,
    "NCE": 0.03225806451612903,
    "BLE": 0.03225806451612903,
    "SDL": 0.03225806451612903,
    "IKA": 0.03225806451612903,
    "AMS": 0.03225806451612903,
    "FRA": 0.03225806451612903,
    "CPH": 0.03225806451612903,
    "PMI": 0.03225806451612903,
    "SPU": 0.03225806451612903,
    "BRU": 0.03225806451612903,
    "BMA": 0.03225806451612903,
    "OSL": 0.03225806451612903
  },
  "domestic_ratio": 0.075,
  "fleet_mix": {
    "BER": {
      "B737": 1.0
    },
    "AFR": {
      "E175": 0.5,
      "E190": 0.5
    },
    "FIN": {
      "A319": 0.5,
      "A320": 0.5
    },
    "BAW": {
      "A320": 0.3333333333333333,
      "A321": 0.3333333333333333,
      "A319": 0.3333333333333333
    },
    "LBT": {
      "A320": 1.0
    },
    "BTI": {
      "DH8D": 1.0
    },
    "NAX": {
      "B738": 1.0
    },
    "CHH": {
      "B737": 1.0
    },
    "GEC": {
      "A319": 0.5,
      "A321": 0.5
    },
    "SAS": {
      "B738": 0.36363636363636365,
      "A320": 0.18181818181818182,
      "B737": 0.09090909090909091,
      "A319": 0.09090909090909091,
      "A321": 0.09090909090909091,
      "CRJ9": 0.09090909090909091,
      "B739": 0.09090909090909091
    },
    "DAT": {
      "A319": 0.5,
      "DH8D": 0.5
    },
    "THY": {
      "B739": 0.5,
      "B738": 0.5
    },
    "VLG": {
      "A320": 1.0
    }
  },
  "hourly_profile": [],
  "delay_rate": 0.0,
  "delay_distribution": {},
  "mean_delay_minutes": 0.0,
  "data_source": "openflights",
  "region": "",
  "profile_date": "2026-03-21",
  "sample_size": 67
}