{
  "icao_code": "GRQ",
  "iata_code": "GRQ",
  "airline_shares": {
    "TRA": 0.6923076923076923,
    "RYR": 0.3076923076923077
  },
  "domestic_route_shares": {
    "EIN": 0.5,
    "MST": 0.5
  },
  "international_route_shares": {
    "PMI": 0.36363636363636365,
    "GRO": 0.18181818181818182,
    "FAO": 0.18181818181818182,
    "AYT": 0.09090909090909091,
    "LPA": 0.09090909090909091,
    "HER": 0.09090909090909091
  },
  "domestic_ratio": 0.154,
  "fleet_mix": {
    "RYR": {
      "B738": 1.0
    },
    "TRA": {
      "B738": 1.0
    }
  },
  "hourly_profile": [],
  "delay_rate": 0.0,
  "delay_distribution": {},
  "mean_delay_minutes": 0.0,
  "data_source": "openflights",
  "region": "",
  "profile_date": "2026-03-21",
  "sample_size": 13
}