{
  "icao_code": "GRR",
  "iata_code": "GRR",
  "airline_shares": {
    "SWA": 0.35714285714285715,
    "DAL": 0.2857142857142857,
    "AAY": 0.2857142857142857,
    "UAL": 0.07142857142857142
  },
  "domestic_route_shares": {
    "ATL": 0.07692307692307693,
    "CVG": 0.07692307692307693,
    "DTW": 0.07692307692307693,
    "MSP": 0.07692307692307693,
    "LAS": 0.07692307692307693,
    "PIE": 0.07692307692307693,
    "SFB": 0.07692307692307693,
    "ORD": 0.07692307692307693,
    "BWI": 0.07692307692307693,
    "DEN": 0.07692307692307693,
    "MCO": 0.07692307692307693,
    "STL": 0.07692307692307693,
    "TPA": 0.07692307692307693
  },
  "international_route_shares": {
    "AZA": 1.0
  },
  "domestic_ratio": 0.929,
  "fleet_mix": {
    "DAL": {
      "A320": 0.6,
      "A319": 0.4
    },
    "AAY": {
      "A319": 0.5,
      "A320": 0.5
    },
    "UAL": {
      "A319": 0.5,
      "A320": 0.5
    }
  },
  "hourly_profile": [],
  "delay_rate": 0.0,
  "delay_distribution": {},
  "mean_delay_minutes": 0.0,
  "data_source": "openflights",
  "region": "",
  "profile_date": "2026-03-21",
  "sample_size": 28
}