{
  "icao_code": "GSO",
  "iata_code": "GSO",
  "airline_shares": {
    "USA": 0.38095238095238093,
    "AAY": 0.19047619047619047,
    "DAL": 0.14285714285714285,
    "FLG": 0.09523809523809523,
    "AAL": 0.09523809523809523,
    "FFT": 0.09523809523809523
  },
  "domestic_route_shares": {
    "ATL": 0.19047619047619047,
    "CLT": 0.19047619047619047,
    "LGA": 0.14285714285714285,
    "DEN": 0.09523809523809523,
    "PIE": 0.09523809523809523,
    "SFB": 0.09523809523809523,
    "DFW": 0.09523809523809523,
    "MIA": 0.09523809523809523
  },
  "international_route_shares": {},
  "domestic_ratio": 1.0,
  "fleet_mix": {
    "FLG": {
      "CRJ9": 1.0
    },
    "AAL": {
      "CRJ9": 1.0
    },
    "DAL": {
      "B738": 0.4444444444444444,
      "A320": 0.2222222222222222,
      "A319": 0.2222222222222222,
      "CRJ7": 0.1111111111111111
    },
    "FFT": {
      "A319": 1.0
    },
    "AAY": {
      "A320": 1.0
    },
    "USA": {
      "CRJ9": 1.0
    }
  },
  "hourly_profile": [],
  "delay_rate": 0.0,
  "delay_distribution": {},
  "mean_delay_minutes": 0.0,
  "data_source": "openflights",
  "region": "",
  "profile_date": "2026-03-21",
  "sample_size": 21
}