{
  "icao_code": "GUA",
  "iata_code": "GUA",
  "airline_shares": {
    "AVA": 0.21875,
    "5U": 0.109375,
    "CMP": 0.09375,
    "DAL": 0.09375,
    "UAL": 0.09375,
    "USA": 0.09375,
    "MCK": 0.078125,
    "AAL": 0.0625,
    "P4": 0.0625,
    "4O": 0.03125,
    "IBE": 0.03125,
    "NKS": 0.03125
  },
  "domestic_route_shares": {},
  "international_route_shares": {
    "SAP": 0.125,
    "TGU": 0.125,
    "MIA": 0.09375,
    "LAX": 0.09375,
    "DFW": 0.0625,
    "SJO": 0.0625,
    "SAL": 0.046875,
    "MEX": 0.03125,
    "FRS": 0.03125,
    "RTB": 0.03125,
    "BOG": 0.03125,
    "MGA": 0.03125,
    "PTY": 0.03125,
    "ATL": 0.03125,
    "JFK": 0.03125,
    "FLL": 0.03125,
    "EWR": 0.03125,
    "IAD": 0.03125,
    "IAH": 0.03125,
    "MAD": 0.015625
  },
  "domestic_ratio": 0.0,
  "fleet_mix": {
    "4O": {
      "A320": 1.0
    },
    "AAL": {
      "B738": 1.0
    },
    "AVA": {
      "A320": 0.375,
      "E190": 0.25,
      "A318": 0.125,
      "A319": 0.125,
      "A321": 0.125
    },
    "CMP": {
      "E190": 0.42857142857142855,
      "B737": 0.2857142857142857,
      "B738": 0.2857142857142857
    },
    "DAL": {
      "B752": 1.0
    },
    "NKS": {
      "A319": 1.0
    },
    "P4": {
      "CRJ9": 1.0
    },
    "UAL": {
      "B738": 1.0
    },
    "USA": {
      "B738": 0.5,
      "A320": 0.25,
      "E190": 0.25
    }
  },
  "hourly_profile": [],
  "delay_rate": 0.0,
  "delay_distribution": {},
  "mean_delay_minutes": 0.0,
  "data_source": "openflights",
  "region": "",
  "profile_date": "2026-03-21",
  "sample_size": 64
}