{
  "icao_code": "GUM",
  "iata_code": "GUM",
  "airline_shares": {
    "UAL": 0.5384615384615384,
    "DAL": 0.11538461538461539,
    "KAL": 0.11538461538461539,
    "JJA": 0.038461538461538464,
    "EVA": 0.038461538461538464,
    "CAL": 0.038461538461538464,
    "JAL": 0.038461538461538464,
    "JNA": 0.038461538461538464,
    "PAL": 0.038461538461538464
  },
  "domestic_route_shares": {},
  "international_route_shares": {
    "ICN": 0.11538461538461539,
    "KIX": 0.11538461538461539,
    "NRT": 0.11538461538461539,
    "TPE": 0.07692307692307693,
    "NGO": 0.07692307692307693,
    "MNL": 0.07692307692307693,
    "PUS": 0.038461538461538464,
    "CNS": 0.038461538461538464,
    "CTS": 0.038461538461538464,
    "FUK": 0.038461538461538464,
    "HKG": 0.038461538461538464,
    "HNL": 0.038461538461538464,
    "OKJ": 0.038461538461538464,
    "ROR": 0.038461538461538464,
    "SDJ": 0.038461538461538464,
    "TKK": 0.038461538461538464,
    "YAP": 0.038461538461538464
  },
  "domestic_ratio": 0.0,
  "fleet_mix": {
    "JJA": {
      "B737": 1.0
    },
    "EVA": {
      "A330": 1.0
    },
    "CAL": {
      "A330": 1.0
    },
    "DAL": {
      "B752": 1.0
    },
    "JAL": {
      "B767": 1.0
    },
    "KAL": {
      "B744": 0.25,
      "B777": 0.25,
      "B739": 0.25,
      "B738": 0.25
    },
    "JNA": {
      "B738": 1.0
    },
    "PAL": {
      "A320": 1.0
    },
    "UAL": {
      "B738": 0.5,
      "B737": 0.4090909090909091,
      "B777": 0.09090909090909091
    }
  },
  "hourly_profile": [],
  "delay_rate": 0.0,
  "delay_distribution": {},
  "mean_delay_minutes": 0.0,
  "data_source": "openflights",
  "region": "",
  "profile_date": "2026-03-21",
  "sample_size": 52
}