{
  "icao_code": "GYD",
  "iata_code": "GYD",
  "airline_shares": {
    "AHY": 0.4444444444444444,
    "AFG": 0.037037037037037035,
    "KZR": 0.037037037037037035,
    "GEC": 0.037037037037037035,
    "QTR": 0.037037037037037035,
    "SBI": 0.037037037037037035,
    "AFL": 0.037037037037037035,
    "Y7": 0.037037037037037035,
    "ARD": 0.018518518518518517,
    "BRU": 0.018518518518518517,
    "BAW": 0.018518518518518517,
    "BTI": 0.018518518518518517,
    "CSN": 0.018518518518518517,
    "VSV": 0.018518518518518517,
    "FDB": 0.018518518518518517,
    "UZB": 0.018518518518518517,
    "IOS": 0.018518518518518517,
    "IRA": 0.018518518518518517,
    "PGT": 0.018518518518518517,
    "AUI": 0.018518518518518517,
    "THY": 0.018518518518518517,
    "SVR": 0.018518518518518517,
    "LMU": 0.018518518518518517,
    "WZZ": 0.018518518518518517
  },
  "domestic_route_shares": {},
  "international_route_shares": {
    "KBP": 0.05555555555555555,
    "LHR": 0.037037037037037035,
    "RIX": 0.037037037037037035,
    "SCO": 0.037037037037037035,
    "SVO": 0.037037037037037035,
    "DXB": 0.037037037037037035,
    "IKA": 0.037037037037037035,
    "DME": 0.037037037037037035,
    "IST": 0.037037037037037035,
    "LED": 0.037037037037037035,
    "OVB": 0.037037037037037035,
    "SAW": 0.037037037037037035,
    "SVX": 0.037037037037037035,
    "TBS": 0.037037037037037035,
    "NBC": 0.018518518518518517,
    "MSQ": 0.018518518518518517,
    "URC": 0.018518518518518517,
    "KBL": 0.018518518518518517,
    "TAS": 0.018518518518518517,
    "OMS": 0.018518518518518517,
    "CDG": 0.018518518518518517,
    "ESB": 0.018518518518518517,
    "FCO": 0.018518518518518517,
    "KVD": 0.018518518518518517,
    "MRV": 0.018518518518518517,
    "MXP": 0.018518518518518517,
    "PEK": 0.018518518518518517,
    "PRG": 0.018518518518518517,
    "TBZ": 0.018518518518518517,
    "TLV": 0.018518518518518517,
    "VIE": 0.018518518518518517,
    "ALA": 0.018518518518518517,
    "TSE": 0.018518518518518517,
    "ASB": 0.018518518518518517,
    "FRA": 0.018518518518518517,
    "DOH": 0.018518518518518517,
    "BUD": 0.018518518518518517,
    "KJA": 0.018518518518518517,
    "UFA": 0.018518518518518517
  },
  "domestic_ratio": 0.0,
  "fleet_mix": {
    "BAW": {
      "A321": 1.0
    },
    "CSN": {
      "B737": 1.0
    },
    "VSV": {
      "CRJ9": 1.0
    },
    "FDB": {
      "B738": 1.0
    },
    "UZB": {
      "A320": 1.0
    },
    "IRA": {
      "A320": 1.0
    },
    "AHY": {
      "A320": 0.36065573770491804,
      "A319": 0.19672131147540983,
      "E190": 0.19672131147540983,
      "E175": 0.14754098360655737,
      "B767": 0.06557377049180328,
      "B737": 0.03278688524590164
    },
    "KZR": {
      "E190": 1.0
    },
    "GEC": {
      "A330": 1.0
    },
    "PGT": {
      "B738": 1.0
    },
    "AUI": {
      "B737": 1.0
    },
    "QTR": {
      "A320": 1.0
    },
    "SBI": {
      "A319": 0.5,
      "A320": 0.5
    },
    "AFL": {
      "A319": 0.5,
      "A320": 0.5
    },
    "THY": {
      "A321": 0.3333333333333333,
      "B738": 0.3333333333333333,
      "A320": 0.3333333333333333
    },
    "SVR": {
      "A320": 1.0
    },
    "LMU": {
      "A320": 1.0
    },
    "WZZ": {
      "A320": 1.0
    },
    "Y7": {
      "B738": 1.0
    }
  },
  "hourly_profile": [],
  "delay_rate": 0.0,
  "delay_distribution": {},
  "mean_delay_minutes": 0.0,
  "data_source": "openflights",
  "region": "",
  "profile_date": "2026-03-21",
  "sample_size": 108
}