{
  "icao_code": "GYE",
  "iata_code": "GYE",
  "airline_shares": {
    "TAE": 0.3076923076923077,
    "GLG": 0.15384615384615385,
    "LAN": 0.15384615384615385,
    "LNE": 0.15384615384615385,
    "AVA": 0.07692307692307693,
    "AAL": 0.038461538461538464,
    "CMP": 0.038461538461538464,
    "IBE": 0.038461538461538464,
    "KLM": 0.038461538461538464
  },
  "domestic_route_shares": {
    "UIO": 0.8181818181818182,
    "ESM": 0.18181818181818182
  },
  "international_route_shares": {
    "SCY": 0.14634146341463414,
    "LIM": 0.0975609756097561,
    "PTY": 0.0975609756097561,
    "GPS": 0.0975609756097561,
    "BOG": 0.04878048780487805,
    "CLO": 0.04878048780487805,
    "MIA": 0.04878048780487805,
    "SAL": 0.04878048780487805,
    "CUE": 0.04878048780487805,
    "LOH": 0.04878048780487805,
    "LTX": 0.04878048780487805,
    "MAD": 0.04878048780487805,
    "CCS": 0.04878048780487805,
    "SCL": 0.04878048780487805,
    "JFK": 0.04878048780487805,
    "AMS": 0.024390243902439025
  },
  "domestic_ratio": 0.212,
  "fleet_mix": {
    "GLG": {
      "A319": 0.7272727272727273,
      "A320": 0.2727272727272727
    },
    "AAL": {
      "B738": 0.5,
      "B767": 0.5
    },
    "AVA": {
      "A320": 0.3333333333333333,
      "A319": 0.3333333333333333,
      "E190": 0.3333333333333333
    },
    "CMP": {
      "B738": 1.0
    },
    "TAE": {
      "A320": 0.4444444444444444,
      "E190": 0.3333333333333333,
      "E175": 0.2222222222222222
    },
    "KLM": {
      "B777": 1.0
    },
    "LAN": {
      "B767": 0.6666666666666666,
      "A319": 0.2222222222222222,
      "A320": 0.1111111111111111
    },
    "LNE": {
      "A319": 0.6,
      "B767": 0.2,
      "A320": 0.2
    }
  },
  "hourly_profile": [],
  "delay_rate": 0.0,
  "delay_distribution": {},
  "mean_delay_minutes": 0.0,
  "data_source": "openflights",
  "region": "",
  "profile_date": "2026-03-21",
  "sample_size": 52
}