{
  "icao_code": "GYN",
  "iata_code": "GYN",
  "airline_shares": {
    "AZU": 0.27906976744186046,
    "SEH": 0.23255813953488372,
    "CGN": 0.18604651162790697,
    "TAM": 0.13953488372093023,
    "MRS": 0.13953488372093023,
    "TSJ": 0.023255813953488372
  },
  "domestic_route_shares": {
    "CGB": 0.1935483870967742,
    "GRU": 0.1935483870967742,
    "BSB": 0.16129032258064516,
    "CNF": 0.12903225806451613,
    "CGH": 0.12903225806451613,
    "SDU": 0.06451612903225806,
    "VCP": 0.06451612903225806,
    "GIG": 0.06451612903225806
  },
  "international_route_shares": {
    "PMW": 0.3333333333333333,
    "RAO": 0.3333333333333333,
    "UDI": 0.3333333333333333
  },
  "domestic_ratio": 0.721,
  "fleet_mix": {
    "CGN": {
      "AT76": 1.0
    },
    "AZU": {
      "E190": 1.0
    },
    "SEH": {
      "B737": 0.5625,
      "B738": 0.4375
    },
    "TAM": {
      "A320": 0.75,
      "A319": 0.25
    }
  },
  "hourly_profile": [],
  "delay_rate": 0.0,
  "delay_distribution": {},
  "mean_delay_minutes": 0.0,
  "data_source": "openflights",
  "region": "",
  "profile_date": "2026-03-21",
  "sample_size": 43
}