{
  "icao_code": "GZT",
  "iata_code": "GZT",
  "airline_shares": {
    "PGT": 0.42857142857142855,
    "OHY": 0.14285714285714285,
    "KKK": 0.14285714285714285,
    "THY": 0.14285714285714285,
    "SXS": 0.14285714285714285
  },
  "domestic_route_shares": {
    "IST": 0.5,
    "ADB": 0.3333333333333333,
    "SAW": 0.16666666666666666
  },
  "international_route_shares": {
    "ECN": 1.0
  },
  "domestic_ratio": 0.857,
  "fleet_mix": {
    "OHY": {
      "A320": 1.0
    },
    "KKK": {
      "A320": 1.0
    },
    "PGT": {
      "B738": 0.75,
      "A320": 0.25
    },
    "THY": {
      "A320": 0.25,
      "B738": 0.25,
      "A319": 0.25,
      "A321": 0.25
    },
    "SXS": {
      "B738": 1.0
    }
  },
  "hourly_profile": [],
  "delay_rate": 0.0,
  "delay_distribution": {},
  "mean_delay_minutes": 0.0,
  "data_source": "openflights",
  "region": "",
  "profile_date": "2026-03-21",
  "sample_size": 14
}