{
  "icao_code": "HAJ",
  "iata_code": "HAJ",
  "airline_shares": {
    "GWI": 0.265625,
    "HLX": 0.25,
    "CFG": 0.140625,
    "BER": 0.078125,
    "BEE": 0.03125,
    "GEC": 0.03125,
    "VLG": 0.03125,
    "SXS": 0.03125,
    "AEE": 0.015625,
    "AFR": 0.015625,
    "BRU": 0.015625,
    "BAW": 0.015625,
    "EIN": 0.015625,
    "SWR": 0.015625,
    "SAS": 0.015625,
    "AFL": 0.015625,
    "THY": 0.015625
  },
  "domestic_route_shares": {
    "STR": 0.5,
    "FRA": 0.25,
    "MUC": 0.25
  },
  "international_route_shares": {
    "PMI": 0.06666666666666667,
    "HER": 0.05,
    "AYT": 0.05,
    "BCN": 0.03333333333333333,
    "SKG": 0.03333333333333333,
    "VIE": 0.03333333333333333,
    "ACE": 0.03333333333333333,
    "DLM": 0.03333333333333333,
    "FUE": 0.03333333333333333,
    "KGS": 0.03333333333333333,
    "RHO": 0.03333333333333333,
    "CTA": 0.016666666666666666,
    "DBV": 0.016666666666666666,
    "FCO": 0.016666666666666666,
    "MXP": 0.016666666666666666,
    "NAP": 0.016666666666666666,
    "PRN": 0.016666666666666666,
    "SAW": 0.016666666666666666,
    "SPU": 0.016666666666666666,
    "STN": 0.016666666666666666,
    "SUF": 0.016666666666666666,
    "VCE": 0.016666666666666666,
    "IBZ": 0.016666666666666666,
    "JER": 0.016666666666666666,
    "CDG": 0.016666666666666666,
    "MSQ": 0.016666666666666666,
    "LHR": 0.016666666666666666,
    "BHX": 0.016666666666666666,
    "MAN": 0.016666666666666666,
    "LCA": 0.016666666666666666,
    "DUB": 0.016666666666666666,
    "ZRH": 0.016666666666666666,
    "CPH": 0.016666666666666666,
    "SVO": 0.016666666666666666,
    "IST": 0.016666666666666666,
    "AGP": 0.016666666666666666,
    "CFU": 0.016666666666666666,
    "FAO": 0.016666666666666666,
    "FNC": 0.016666666666666666,
    "LPA": 0.016666666666666666,
    "MAH": 0.016666666666666666,
    "TFS": 0.016666666666666666,
    "XRY": 0.016666666666666666,
    "ADB": 0.016666666666666666,
    "BVC": 0.008333333333333333,
    "SID": 0.008333333333333333
  },
  "domestic_ratio": 0.062,
  "fleet_mix": {
    "GWI": {
      "A319": 1.0
    },
    "AEE": {
      "A320": 1.0
    },
    "BER": {
      "B738": 0.2857142857142857,
      "DH8D": 0.2857142857142857,
      "A321": 0.14285714285714285,
      "A320": 0.14285714285714285,
      "E190": 0.14285714285714285
    },
    "AFR": {
      "E175": 1.0
    },
    "BRU": {
      "CRJ9": 1.0
    },
    "BAW": {
      "A319": 1.0
    },
    "BEE": {
      "E175": 1.0
    },
    "CFG": {
      "A321": 1.0
    },
    "EIN": {
      "A320": 1.0
    },
    "GEC": {
      "A319": 0.4,
      "A320": 0.2,
      "A321": 0.2,
      "E190": 0.2
    },
    "SWR": {
      "A320": 1.0
    },
    "SAS": {
      "AT76": 1.0
    },
    "AFL": {
      "A320": 1.0
    },
    "THY": {
      "A321": 0.3333333333333333,
      "B739": 0.3333333333333333,
      "B738": 0.3333333333333333
    },
    "VLG": {
      "A320": 1.0
    },
    "HLX": {
      "B738": 1.0
    },
    "SXS": {
      "B738": 1.0
    }
  },
  "hourly_profile": [],
  "delay_rate": 0.0,
  "delay_distribution": {},
  "mean_delay_minutes": 0.0,
  "data_source": "openflights",
  "region": "",
  "profile_date": "2026-03-21",
  "sample_size": 128
}