{
  "icao_code": "HAK",
  "iata_code": "HAK",
  "airline_shares": {
    "CHH": 0.233502538071066,
    "CSN": 0.15228426395939088,
    "GUN": 0.1319796954314721,
    "JAS": 0.1319796954314721,
    "CCA": 0.06091370558375635,
    "CSC": 0.050761421319796954,
    "CSZ": 0.04060913705583756,
    "CXA": 0.030456852791878174,
    "CES": 0.030456852791878174,
    "NS": 0.02030456852791878,
    "DKH": 0.015228426395939087,
    "JSA": 0.01015228426395939,
    "RHC": 0.01015228426395939,
    "CAL": 0.01015228426395939,
    "CPA": 0.01015228426395939,
    "CSH": 0.01015228426395939,
    "CRK": 0.01015228426395939,
    "HDA": 0.01015228426395939,
    "CHB": 0.01015228426395939,
    "CDG": 0.01015228426395939,
    "TGW": 0.01015228426395939
  },
  "domestic_route_shares": {
    "HGH": 0.07100591715976332,
    "CKG": 0.05917159763313609,
    "CGO": 0.05917159763313609,
    "NKG": 0.05917159763313609,
    "PVG": 0.05917159763313609,
    "CTU": 0.047337278106508875,
    "KMG": 0.047337278106508875,
    "PEK": 0.047337278106508875,
    "CAN": 0.047337278106508875,
    "CSX": 0.047337278106508875,
    "NNG": 0.047337278106508875,
    "ZUH": 0.03550295857988166,
    "SZX": 0.03550295857988166,
    "WUH": 0.03550295857988166,
    "XMN": 0.03550295857988166,
    "KWE": 0.03550295857988166,
    "KWL": 0.03550295857988166,
    "FOC": 0.03550295857988166,
    "KHN": 0.03550295857988166,
    "NGB": 0.023668639053254437,
    "TSN": 0.011834319526627219,
    "SWA": 0.011834319526627219,
    "TXN": 0.011834319526627219,
    "ZHA": 0.011834319526627219,
    "HFE": 0.011834319526627219,
    "TYN": 0.011834319526627219,
    "XIY": 0.011834319526627219,
    "WNZ": 0.011834319526627219,
    "SHA": 0.005917159763313609
  },
  "international_route_shares": {
    "SIN": 0.21428571428571427,
    "HKG": 0.21428571428571427,
    "TPE": 0.14285714285714285,
    "AQG": 0.07142857142857142,
    "BHY": 0.07142857142857142,
    "CGD": 0.07142857142857142,
    "LZO": 0.07142857142857142,
    "ZYI": 0.07142857142857142,
    "CIH": 0.07142857142857142
  },
  "domestic_ratio": 0.858,
  "fleet_mix": {
    "JSA": {
      "A320": 1.0
    },
    "CSC": {
      "A321": 0.4,
      "A320": 0.4,
      "A319": 0.2
    },
    "RHC": {
      "B738": 1.0
    },
    "CCA": {
      "A320": 0.3333333333333333,
      "A319": 0.3333333333333333,
      "A321": 0.16666666666666666,
      "B738": 0.16666666666666666
    },
    "CAL": {
      "B738": 1.0
    },
    "CPA": {
      "A320": 0.5,
      "A321": 0.5
    },
    "CSN": {
      "A320": 0.625,
      "B738": 0.1875,
      "A321": 0.125,
      "A330": 0.0625
    },
    "CSH": {
      "B738": 1.0
    },
    "GUN": {
      "E190": 0.9285714285714286,
      "A320": 0.07142857142857142
    },
    "DKH": {
      "A320": 1.0
    },
    "CHH": {
      "B738": 0.9166666666666666,
      "B737": 0.08333333333333333
    },
    "CRK": {
      "A320": 1.0
    },
    "JAS": {
      "A319": 0.6,
      "A320": 0.4
    },
    "HDA": {
      "A320": 0.5,
      "A321": 0.5
    },
    "CXA": {
      "B737": 1.0
    },
    "CES": {
      "A320": 1.0
    },
    "NS": {
      "B738": 1.0
    },
    "CHB": {
      "A320": 1.0
    },
    "TGW": {
      "A320": 1.0
    },
    "CSZ": {
      "A320": 0.5714285714285714,
      "B738": 0.2857142857142857,
      "A319": 0.14285714285714285
    }
  },
  "hourly_profile": [],
  "delay_rate": 0.0,
  "delay_distribution": {},
  "mean_delay_minutes": 0.0,
  "data_source": "openflights",
  "region": "",
  "profile_date": "2026-03-21",
  "sample_size": 197
}