{
  "icao_code": "HAM",
  "iata_code": "HAM",
  "airline_shares": {
    "GWI": 0.28776978417266186,
    "BER": 0.1510791366906475,
    "CFG": 0.10071942446043165,
    "EZY": 0.10071942446043165,
    "NAX": 0.04316546762589928,
    "HLX": 0.02877697841726619,
    "GEC": 0.02158273381294964,
    "THY": 0.02158273381294964,
    "AFR": 0.014388489208633094,
    "SAS": 0.014388489208633094,
    "AFL": 0.014388489208633094,
    "TAR": 0.014388489208633094,
    "VLG": 0.014388489208633094,
    "SXS": 0.014388489208633094,
    "ISK": 0.007194244604316547,
    "AWU": 0.007194244604316547,
    "FIN": 0.007194244604316547,
    "BAW": 0.007194244604316547,
    "BYE": 0.007194244604316547,
    "BTI": 0.007194244604316547,
    "EIN": 0.007194244604316547,
    "UAE": 0.007194244604316547,
    "ISS": 0.007194244604316547,
    "IRA": 0.007194244604316547,
    "KLM": 0.007194244604316547,
    "AMC": 0.007194244604316547,
    "LGL": 0.007194244604316547,
    "LOT": 0.007194244604316547,
    "SWR": 0.007194244604316547,
    "CSA": 0.007194244604316547,
    "TVS": 0.007194244604316547,
    "DAT": 0.007194244604316547,
    "STS": 0.007194244604316547,
    "TAP": 0.007194244604316547,
    "UAL": 0.007194244604316547,
    "EWG": 0.0035971223021582736,
    "SDM": 0.0035971223021582736
  },
  "domestic_route_shares": {
    "NUE": 0.14814814814814814,
    "STR": 0.14814814814814814,
    "DUS": 0.14814814814814814,
    "MUC": 0.14814814814814814,
    "FRA": 0.1111111111111111,
    "FDH": 0.07407407407407407,
    "CGN": 0.07407407407407407,
    "FKB": 0.07407407407407407,
    "FMM": 0.07407407407407407
  },
  "international_route_shares": {
    "AYT": 0.0398406374501992,
    "HER": 0.03187250996015936,
    "PMI": 0.03187250996015936,
    "BCN": 0.02390438247011952,
    "OLB": 0.02390438247011952,
    "PRG": 0.02390438247011952,
    "AGP": 0.02390438247011952,
    "LPA": 0.02390438247011952,
    "TFS": 0.02390438247011952,
    "AMS": 0.0199203187250996,
    "ARN": 0.01593625498007968,
    "CDG": 0.01593625498007968,
    "CTA": 0.01593625498007968,
    "FAO": 0.01593625498007968,
    "FCO": 0.01593625498007968,
    "LHR": 0.01593625498007968,
    "MAN": 0.01593625498007968,
    "MXP": 0.01593625498007968,
    "NAP": 0.01593625498007968,
    "NCE": 0.01593625498007968,
    "OSL": 0.01593625498007968,
    "SKG": 0.01593625498007968,
    "TLS": 0.01593625498007968,
    "VCE": 0.01593625498007968,
    "VIE": 0.01593625498007968,
    "ZRH": 0.01593625498007968,
    "ACE": 0.01593625498007968,
    "ALC": 0.01593625498007968,
    "CFU": 0.01593625498007968,
    "FUE": 0.01593625498007968,
    "KGS": 0.01593625498007968,
    "CPH": 0.01593625498007968,
    "ADB": 0.01593625498007968,
    "XRY": 0.01195219123505976,
    "LED": 0.01195219123505976,
    "BGO": 0.00796812749003984,
    "BHX": 0.00796812749003984,
    "BIA": 0.00796812749003984,
    "BUD": 0.00796812749003984,
    "DBV": 0.00796812749003984,
    "GVA": 0.00796812749003984,
    "KLU": 0.00796812749003984,
    "MAD": 0.00796812749003984,
    "PRN": 0.00796812749003984,
    "RJK": 0.00796812749003984,
    "SAW": 0.00796812749003984,
    "SPU": 0.00796812749003984,
    "VRN": 0.00796812749003984,
    "GWT": 0.00796812749003984,
    "IBZ": 0.00796812749003984,
    "SZG": 0.00796812749003984,
    "HEL": 0.00796812749003984,
    "BRS": 0.00796812749003984,
    "RIX": 0.00796812749003984,
    "DLM": 0.00796812749003984,
    "FNC": 0.00796812749003984,
    "HRG": 0.00796812749003984,
    "RHO": 0.00796812749003984,
    "DUB": 0.00796812749003984,
    "DXB": 0.00796812749003984,
    "IKA": 0.00796812749003984,
    "MLA": 0.00796812749003984,
    "SCN": 0.00796812749003984,
    "WAW": 0.00796812749003984,
    "BRU": 0.00796812749003984,
    "SVO": 0.00796812749003984,
    "BRN": 0.00796812749003984,
    "IST": 0.00796812749003984,
    "LIS": 0.00796812749003984,
    "DJE": 0.00796812749003984,
    "NBE": 0.00796812749003984,
    "ATH": 0.00796812749003984,
    "BSL": 0.00796812749003984,
    "EDI": 0.00796812749003984,
    "LGW": 0.00796812749003984,
    "LTN": 0.00796812749003984,
    "EWR": 0.00796812749003984,
    "MAH": 0.00796812749003984
  },
  "domestic_ratio": 0.097,
  "fleet_mix": {
    "ISK": {
      "AT76": 1.0
    },
    "GWI": {
      "CRJ9": 0.5102040816326531,
      "A319": 0.4897959183673469
    },
    "BER": {
      "A320": 0.4864864864864865,
      "B738": 0.24324324324324326,
      "A319": 0.08108108108108109,
      "A321": 0.05405405405405406,
      "DH8D": 0.05405405405405406,
      "B737": 0.02702702702702703,
      "A330": 0.02702702702702703,
      "E190": 0.02702702702702703
    },
    "AFR": {
      "A318": 0.25,
      "A321": 0.25,
      "A320": 0.25,
      "A319": 0.25
    },
    "FIN": {
      "A319": 1.0
    },
    "BAW": {
      "A320": 0.3333333333333333,
      "A319": 0.3333333333333333,
      "A321": 0.3333333333333333
    },
    "BTI": {
      "DH8D": 1.0
    },
    "NAX": {
      "B738": 1.0
    },
    "EIN": {
      "A320": 1.0
    },
    "UAE": {
      "B777": 1.0
    },
    "EWG": {
      "CRJ9": 1.0
    },
    "SDM": {
      "A319": 1.0
    },
    "ISS": {
      "A320": 1.0
    },
    "KLM": {
      "B737": 1.0
    },
    "AMC": {
      "A320": 1.0
    },
    "LGL": {
      "DH8D": 1.0
    },
    "GEC": {
      "A320": 0.375,
      "A319": 0.375,
      "A321": 0.25
    },
    "LOT": {
      "E175": 1.0
    },
    "SWR": {
      "A319": 0.25,
      "A321": 0.25,
      "A320": 0.25,
      "CRJ9": 0.25
    },
    "CSA": {
      "A319": 0.5,
      "AT76": 0.5
    },
    "TVS": {
      "A319": 0.5,
      "AT76": 0.5
    },
    "SAS": {
      "B737": 0.3333333333333333,
      "B738": 0.3333333333333333,
      "CRJ9": 0.3333333333333333
    },
    "DAT": {
      "DH8D": 0.5,
      "A319": 0.5
    },
    "AFL": {
      "A319": 0.3333333333333333,
      "B738": 0.3333333333333333,
      "A321": 0.3333333333333333
    },
    "THY": {
      "A320": 0.6,
      "A321": 0.2,
      "B738": 0.2
    },
    "TAP": {
      "A320": 0.3333333333333333,
      "A319": 0.3333333333333333,
      "A321": 0.3333333333333333
    },
    "TAR": {
      "A319": 1.0
    },
    "EZY": {
      "A319": 0.8235294117647058,
      "A320": 0.17647058823529413
    },
    "UAL": {
      "B752": 1.0
    },
    "VLG": {
      "A320": 1.0
    },
    "HLX": {
      "B738": 1.0
    },
    "SXS": {
      "B738": 1.0
    }
  },
  "hourly_profile": [],
  "delay_rate": 0.0,
  "delay_distribution": {},
  "mean_delay_minutes": 0.0,
  "data_source": "openflights",
  "region": "",
  "profile_date": "2026-03-21",
  "sample_size": 278
}