{
  "icao_code": "HAN",
  "iata_code": "HAN",
  "airline_shares": {
    "HVN": 0.5064935064935064,
    "RAC": 0.09090909090909091,
    "PIC": 0.025974025974025976,
    "BRV": 0.025974025974025976,
    "KAL": 0.025974025974025976,
    "LAO": 0.025974025974025976,
    "CEB": 0.012987012987012988,
    "AAL": 0.012987012987012988,
    "MDA": 0.012987012987012988,
    "AXM": 0.012987012987012988,
    "UIA": 0.012987012987012988,
    "CAL": 0.012987012987012988,
    "CPA": 0.012987012987012988,
    "CSN": 0.012987012987012988,
    "AIQ": 0.012987012987012988,
    "CRK": 0.012987012987012988,
    "JAL": 0.012987012987012988,
    "HDA": 0.012987012987012988,
    "MAS": 0.012987012987012988,
    "SLK": 0.012987012987012988,
    "CES": 0.012987012987012988,
    "ANA": 0.012987012987012988,
    "AMU": 0.012987012987012988,
    "OZR": 0.012987012987012988,
    "QTR": 0.012987012987012988,
    "SQC": 0.012987012987012988,
    "AFL": 0.012987012987012988,
    "THA": 0.012987012987012988,
    "TGW": 0.012987012987012988
  },
  "domestic_route_shares": {
    "DAD": 0.3,
    "SGN": 0.3,
    "CXR": 0.2,
    "PQC": 0.1,
    "VCA": 0.1
  },
  "international_route_shares": {
    "HKG": 0.05970149253731343,
    "SIN": 0.05970149253731343,
    "BKK": 0.05970149253731343,
    "NRT": 0.04477611940298507,
    "KUL": 0.04477611940298507,
    "ICN": 0.04477611940298507,
    "KHH": 0.029850746268656716,
    "TPE": 0.029850746268656716,
    "CAN": 0.029850746268656716,
    "PNH": 0.029850746268656716,
    "REP": 0.029850746268656716,
    "PUS": 0.029850746268656716,
    "LPQ": 0.029850746268656716,
    "VTE": 0.029850746268656716,
    "BMV": 0.029850746268656716,
    "DLI": 0.029850746268656716,
    "HUI": 0.029850746268656716,
    "MNL": 0.014925373134328358,
    "RMQ": 0.014925373134328358,
    "DMK": 0.014925373134328358,
    "NNG": 0.014925373134328358,
    "HND": 0.014925373134328358,
    "MFM": 0.014925373134328358,
    "SVO": 0.014925373134328358,
    "CDG": 0.014925373134328358,
    "CTU": 0.014925373134328358,
    "DIN": 0.014925373134328358,
    "DME": 0.014925373134328358,
    "FRA": 0.014925373134328358,
    "FUK": 0.014925373134328358,
    "KIX": 0.014925373134328358,
    "NGO": 0.014925373134328358,
    "PEK": 0.014925373134328358,
    "PVG": 0.014925373134328358,
    "PXU": 0.014925373134328358,
    "RGN": 0.014925373134328358,
    "TBB": 0.014925373134328358,
    "UIH": 0.014925373134328358,
    "VCL": 0.014925373134328358,
    "VDH": 0.014925373134328358,
    "VII": 0.014925373134328358
  },
  "domestic_ratio": 0.13,
  "fleet_mix": {
    "CEB": {
      "A319": 1.0
    },
    "AAL": {
      "B767": 1.0
    },
    "MDA": {
      "E190": 1.0
    },
    "AXM": {
      "A320": 1.0
    },
    "PIC": {
      "A320": 1.0
    },
    "CAL": {
      "A330": 1.0
    },
    "CPA": {
      "A320": 0.5,
      "A321": 0.5
    },
    "CSN": {
      "E190": 1.0
    },
    "AIQ": {
      "A320": 1.0
    },
    "CRK": {
      "A320": 1.0
    },
    "JAL": {
      "B767": 1.0
    },
    "BRV": {
      "A321": 1.0
    },
    "HDA": {
      "A320": 0.5,
      "A321": 0.5
    },
    "KAL": {
      "A330": 0.5,
      "B739": 0.25,
      "A321": 0.25
    },
    "MAS": {
      "B738": 1.0
    },
    "SLK": {
      "A320": 1.0
    },
    "CES": {
      "B737": 1.0
    },
    "ANA": {
      "B767": 1.0
    },
    "AMU": {
      "A319": 1.0
    },
    "OZR": {
      "A321": 0.5,
      "A330": 0.5
    },
    "QTR": {
      "B777": 1.0
    },
    "LAO": {
      "AT76": 0.5,
      "A320": 0.5
    },
    "SQC": {
      "A330": 1.0
    },
    "AFL": {
      "A330": 1.0
    },
    "THA": {
      "A330": 1.0
    },
    "TGW": {
      "A320": 1.0
    },
    "RAC": {
      "A320": 1.0
    },
    "HVN": {
      "A321": 0.6781609195402298,
      "AT76": 0.16091954022988506,
      "B777": 0.11494252873563218,
      "A330": 0.04597701149425287
    }
  },
  "hourly_profile": [],
  "delay_rate": 0.0,
  "delay_distribution": {},
  "mean_delay_minutes": 0.0,
  "data_source": "openflights",
  "region": "",
  "profile_date": "2026-03-21",
  "sample_size": 154
}