{
  "icao_code": "HAV",
  "iata_code": "HAV",
  "airline_shares": {
    "CUB": 0.44155844155844154,
    "BPA": 0.09090909090909091,
    "AMX": 0.05194805194805195,
    "4O": 0.025974025974025976,
    "ACA": 0.025974025974025976,
    "AFR": 0.025974025974025976,
    "AVA": 0.025974025974025976,
    "CMP": 0.025974025974025976,
    "CFG": 0.025974025974025976,
    "DTA": 0.025974025974025976,
    "TAE": 0.025974025974025976,
    "KLM": 0.025974025974025976,
    "CAY": 0.025974025974025976,
    "AFL": 0.025974025974025976,
    "TAT": 0.025974025974025976,
    "BHS": 0.025974025974025976,
    "AEA": 0.025974025974025976,
    "VCV": 0.025974025974025976,
    "VIR": 0.025974025974025976
  },
  "domestic_route_shares": {
    "HOG": 0.3333333333333333,
    "SCU": 0.3333333333333333,
    "CMW": 0.2222222222222222,
    "SNU": 0.1111111111111111
  },
  "international_route_shares": {
    "MEX": 0.08823529411764706,
    "CUN": 0.07352941176470588,
    "BOG": 0.058823529411764705,
    "PTY": 0.058823529411764705,
    "CCS": 0.058823529411764705,
    "MAD": 0.058823529411764705,
    "NAS": 0.058823529411764705,
    "YYZ": 0.029411764705882353,
    "CDG": 0.029411764705882353,
    "FCO": 0.029411764705882353,
    "CYO": 0.029411764705882353,
    "MXP": 0.029411764705882353,
    "FDF": 0.029411764705882353,
    "GAO": 0.029411764705882353,
    "PMV": 0.029411764705882353,
    "SDQ": 0.029411764705882353,
    "FRA": 0.029411764705882353,
    "LAD": 0.029411764705882353,
    "UIO": 0.029411764705882353,
    "AMS": 0.029411764705882353,
    "GCM": 0.029411764705882353,
    "SVO": 0.029411764705882353,
    "SAL": 0.029411764705882353,
    "LGW": 0.029411764705882353,
    "CCC": 0.014705882352941176,
    "EZE": 0.014705882352941176,
    "ORY": 0.014705882352941176
  },
  "domestic_ratio": 0.117,
  "fleet_mix": {
    "4O": {
      "A320": 1.0
    },
    "ACA": {
      "E190": 1.0
    },
    "AFR": {
      "B777": 1.0
    },
    "AMX": {
      "B737": 1.0
    },
    "AVA": {
      "A318": 0.5,
      "A319": 0.5
    },
    "BPA": {
      "B767": 1.0
    },
    "CMP": {
      "B738": 0.5,
      "E190": 0.5
    },
    "CUB": {
      "A319": 0.43478260869565216,
      "A320": 0.43478260869565216,
      "B737": 0.08695652173913043,
      "B767": 0.043478260869565216
    },
    "CFG": {
      "B767": 1.0
    },
    "DTA": {
      "B777": 1.0
    },
    "TAE": {
      "E175": 1.0
    },
    "AFL": {
      "A330": 1.0
    },
    "TAT": {
      "A319": 0.5,
      "A320": 0.5
    },
    "BHS": {
      "B737": 1.0
    },
    "AEA": {
      "A330": 1.0
    },
    "VCV": {
      "E190": 1.0
    },
    "VIR": {
      "B744": 1.0
    }
  },
  "hourly_profile": [],
  "delay_rate": 0.0,
  "delay_distribution": {},
  "mean_delay_minutes": 0.0,
  "data_source": "openflights",
  "region": "",
  "profile_date": "2026-03-21",
  "sample_size": 77
}