{
  "icao_code": "HBE",
  "iata_code": "HBE",
  "airline_shares": {
    "MSR": 0.25316455696202533,
    "RBG": 0.12658227848101267,
    "LAA": 0.10126582278481013,
    "NIA": 0.0759493670886076,
    "SVA": 0.06329113924050633,
    "ALX": 0.05063291139240506,
    "1QA": 0.05063291139240506,
    "KNE": 0.05063291139240506,
    "AAW": 0.02531645569620253,
    "AEE": 0.02531645569620253,
    "FDB": 0.02531645569620253,
    "ABY": 0.02531645569620253,
    "JZR": 0.02531645569620253,
    "KAC": 0.02531645569620253,
    "QTR": 0.02531645569620253,
    "THY": 0.02531645569620253,
    "LMU": 0.02531645569620253
  },
  "domestic_route_shares": {
    "CAI": 0.4,
    "SSH": 0.4,
    "HRG": 0.2
  },
  "international_route_shares": {
    "JED": 0.2028985507246377,
    "KWI": 0.17391304347826086,
    "RUH": 0.11594202898550725,
    "TIP": 0.057971014492753624,
    "ATH": 0.057971014492753624,
    "DMM": 0.057971014492753624,
    "MED": 0.043478260869565216,
    "AMM": 0.028985507246376812,
    "DXB": 0.028985507246376812,
    "SHJ": 0.028985507246376812,
    "BEN": 0.028985507246376812,
    "MRA": 0.028985507246376812,
    "TOB": 0.028985507246376812,
    "BEY": 0.028985507246376812,
    "DOH": 0.028985507246376812,
    "IST": 0.028985507246376812,
    "ELQ": 0.014492753623188406,
    "YNB": 0.014492753623188406
  },
  "domestic_ratio": 0.127,
  "fleet_mix": {
    "AAW": {
      "A320": 0.5,
      "A319": 0.5
    },
    "AEE": {
      "E175": 1.0
    },
    "RBG": {
      "A320": 1.0
    },
    "ALX": {
      "A320": 1.0
    },
    "FDB": {
      "B738": 1.0
    },
    "ABY": {
      "A320": 1.0
    },
    "JZR": {
      "A320": 1.0
    },
    "KAC": {
      "A320": 1.0
    },
    "LAA": {
      "A320": 0.75,
      "CRJ9": 0.25
    },
    "1QA": {
      "DH8D": 1.0
    },
    "MSR": {
      "A320": 0.4444444444444444,
      "E175": 0.2962962962962963,
      "B738": 0.18518518518518517,
      "A321": 0.07407407407407407
    },
    "NIA": {
      "A320": 1.0
    },
    "QTR": {
      "A320": 1.0
    },
    "SVA": {
      "A320": 1.0
    },
    "THY": {
      "A319": 1.0
    },
    "LMU": {
      "A321": 1.0
    },
    "KNE": {
      "A320": 1.0
    }
  },
  "hourly_profile": [],
  "delay_rate": 0.0,
  "delay_distribution": {},
  "mean_delay_minutes": 0.0,
  "data_source": "openflights",
  "region": "",
  "profile_date": "2026-03-21",
  "sample_size": 79
}