{
  "icao_code": "HEA",
  "iata_code": "HEA",
  "airline_shares": {
    "4Q": 0.5,
    "IRC": 0.16666666666666666,
    "AFG": 0.16666666666666666,
    "HNX": 0.16666666666666666
  },
  "domestic_route_shares": {
    "KBL": 1.0
  },
  "international_route_shares": {
    "DEL": 0.3333333333333333,
    "ISB": 0.3333333333333333,
    "MHD": 0.3333333333333333
  },
  "domestic_ratio": 0.5,
  "fleet_mix": {
    "4Q": {
      "A320": 0.5,
      "A319": 0.5
    }
  },
  "hourly_profile": [],
  "delay_rate": 0.0,
  "delay_distribution": {},
  "mean_delay_minutes": 0.0,
  "data_source": "openflights",
  "region": "",
  "profile_date": "2026-03-21",
  "sample_size": 12
}