{
  "icao_code": "HEL",
  "iata_code": "HEL",
  "airline_shares": {
    "FIN": 0.4597156398104265,
    "NAX": 0.1990521327014218,
    "BEE": 0.07582938388625593,
    "CCA": 0.02843601895734597,
    "SBI": 0.02843601895734597,
    "BER": 0.018957345971563982,
    "GEC": 0.018957345971563982,
    "SAS": 0.018957345971563982,
    "GWI": 0.009478672985781991,
    "BRU": 0.009478672985781991,
    "BAW": 0.009478672985781991,
    "BTI": 0.009478672985781991,
    "D2": 0.009478672985781991,
    "ETH": 0.009478672985781991,
    "ICE": 0.009478672985781991,
    "JAL": 0.009478672985781991,
    "ELO": 0.009478672985781991,
    "KLM": 0.009478672985781991,
    "AUI": 0.009478672985781991,
    "AFL": 0.009478672985781991,
    "THY": 0.009478672985781991,
    "TAP": 0.009478672985781991,
    "VLG": 0.009478672985781991,
    "SXS": 0.009478672985781991
  },
  "domestic_route_shares": {
    "OUL": 0.25,
    "RVN": 0.25,
    "KUO": 0.125,
    "VAA": 0.125,
    "MHQ": 0.125,
    "IVL": 0.0625,
    "KTT": 0.0625
  },
  "international_route_shares": {
    "ARN": 0.041025641025641026,
    "TXL": 0.03076923076923077,
    "BCN": 0.03076923076923077,
    "CPH": 0.03076923076923077,
    "ZRH": 0.020512820512820513,
    "AGP": 0.020512820512820513,
    "AMS": 0.020512820512820513,
    "BUD": 0.020512820512820513,
    "DBV": 0.020512820512820513,
    "DME": 0.020512820512820513,
    "FCO": 0.020512820512820513,
    "LHR": 0.020512820512820513,
    "MUC": 0.020512820512820513,
    "NCE": 0.020512820512820513,
    "NRT": 0.020512820512820513,
    "OSL": 0.020512820512820513,
    "PEK": 0.020512820512820513,
    "PRG": 0.020512820512820513,
    "PVG": 0.020512820512820513,
    "SVO": 0.020512820512820513,
    "SVX": 0.020512820512820513,
    "IST": 0.020512820512820513,
    "JYV": 0.015384615384615385,
    "AYT": 0.010256410256410256,
    "BKK": 0.010256410256410256,
    "BRU": 0.010256410256410256,
    "CDG": 0.010256410256410256,
    "CKG": 0.010256410256410256,
    "DEL": 0.010256410256410256,
    "GOT": 0.010256410256410256,
    "GZP": 0.010256410256410256,
    "HAM": 0.010256410256410256,
    "HKG": 0.010256410256410256,
    "ICN": 0.010256410256410256,
    "JFK": 0.010256410256410256,
    "KIX": 0.010256410256410256,
    "KRK": 0.010256410256410256,
    "LJU": 0.010256410256410256,
    "MAD": 0.010256410256410256,
    "MXP": 0.010256410256410256,
    "NGO": 0.010256410256410256,
    "SIN": 0.010256410256410256,
    "TLV": 0.010256410256410256,
    "VIE": 0.010256410256410256,
    "XIY": 0.010256410256410256,
    "MSQ": 0.010256410256410256,
    "KAJ": 0.010256410256410256,
    "KEM": 0.010256410256410256,
    "KOK": 0.010256410256410256,
    "NRK": 0.010256410256410256,
    "SVL": 0.010256410256410256,
    "TAY": 0.010256410256410256,
    "RIX": 0.010256410256410256,
    "CEE": 0.010256410256410256,
    "ALC": 0.010256410256410256,
    "ATH": 0.010256410256410256,
    "BOJ": 0.010256410256410256,
    "CHQ": 0.010256410256410256,
    "DUB": 0.010256410256410256,
    "LGW": 0.010256410256410256,
    "ORY": 0.010256410256410256,
    "PMI": 0.010256410256410256,
    "SPU": 0.010256410256410256,
    "KEF": 0.010256410256410256,
    "GDN": 0.010256410256410256,
    "FRA": 0.010256410256410256,
    "KBP": 0.010256410256410256,
    "LED": 0.010256410256410256,
    "LIS": 0.010256410256410256,
    "ADB": 0.010256410256410256
  },
  "domestic_ratio": 0.076,
  "fleet_mix": {
    "GWI": {
      "A319": 1.0
    },
    "BER": {
      "B738": 0.3333333333333333,
      "B737": 0.3333333333333333,
      "A319": 0.3333333333333333
    },
    "FIN": {
      "A320": 0.3333333333333333,
      "A319": 0.3333333333333333,
      "A321": 0.18840579710144928,
      "A330": 0.13043478260869565,
      "B787": 0.014492753623188406
    },
    "BRU": {
      "CRJ9": 1.0
    },
    "BAW": {
      "A320": 1.0
    },
    "BEE": {
      "AT76": 1.0
    },
    "BTI": {
      "DH8D": 1.0
    },
    "CCA": {
      "A330": 0.6666666666666666,
      "AT76": 0.3333333333333333
    },
    "NAX": {
      "B738": 1.0
    },
    "JAL": {
      "B787": 1.0
    },
    "ELO": {
      "DH8D": 1.0
    },
    "KLM": {
      "B737": 1.0
    },
    "GEC": {
      "A320": 0.5,
      "A321": 0.25,
      "A319": 0.25
    },
    "AUI": {
      "E190": 1.0
    },
    "SBI": {
      "A319": 1.0
    },
    "SAS": {
      "A321": 1.0
    },
    "AFL": {
      "A319": 1.0
    },
    "THY": {
      "A321": 1.0
    },
    "TAP": {
      "A320": 1.0
    },
    "VLG": {
      "A320": 1.0
    },
    "SXS": {
      "B738": 1.0
    }
  },
  "hourly_profile": [],
  "delay_rate": 0.0,
  "delay_distribution": {},
  "mean_delay_minutes": 0.0,
  "data_source": "openflights",
  "region": "",
  "profile_date": "2026-03-21",
  "sample_size": 211
}