{
  "icao_code": "HER",
  "iata_code": "HER",
  "airline_shares": {
    "AEE": 0.1477832512315271,
    "BER": 0.12807881773399016,
    "HLX": 0.08866995073891626,
    "CFG": 0.07881773399014778,
    "EZY": 0.07881773399014778,
    "TVF": 0.06403940886699508,
    "GWI": 0.059113300492610835,
    "EXS": 0.04926108374384237,
    "NLY": 0.03940886699507389,
    "BSY": 0.034482758620689655,
    "TRA": 0.029556650246305417,
    "MON": 0.029556650246305417,
    "HMY": 0.024630541871921183,
    "AFL": 0.019704433497536946,
    "TSO": 0.019704433497536946,
    "CYP": 0.009852216748768473,
    "LGL": 0.009852216748768473,
    "SWR": 0.009852216748768473,
    "MSR": 0.009852216748768473,
    "OAL": 0.009852216748768473,
    "CSA": 0.009852216748768473,
    "AUI": 0.009852216748768473,
    "SBI": 0.009852216748768473,
    "GMI": 0.009852216748768473,
    "CWA": 0.009852216748768473,
    "TVS": 0.0049261083743842365,
    "TOM": 0.0049261083743842365
  },
  "domestic_route_shares": {
    "ATH": 0.4,
    "RHO": 0.26666666666666666,
    "SKG": 0.26666666666666666,
    "KGS": 0.06666666666666667
  },
  "international_route_shares": {
    "DUS": 0.06382978723404255,
    "HAM": 0.0425531914893617,
    "MUC": 0.0425531914893617,
    "HAJ": 0.031914893617021274,
    "STR": 0.031914893617021274,
    "TXL": 0.031914893617021274,
    "DME": 0.031914893617021274,
    "FRA": 0.031914893617021274,
    "VIE": 0.031914893617021274,
    "MAN": 0.031914893617021274,
    "LGW": 0.031914893617021274,
    "CGN": 0.02127659574468085,
    "BRU": 0.02127659574468085,
    "LED": 0.02127659574468085,
    "BSL": 0.02127659574468085,
    "GRZ": 0.02127659574468085,
    "LEJ": 0.02127659574468085,
    "LNZ": 0.02127659574468085,
    "NUE": 0.02127659574468085,
    "SZG": 0.02127659574468085,
    "SXF": 0.02127659574468085,
    "LBA": 0.02127659574468085,
    "GVA": 0.02127659574468085,
    "BHX": 0.02127659574468085,
    "NCL": 0.015957446808510637,
    "PRG": 0.015957446808510637,
    "BOD": 0.010638297872340425,
    "CDG": 0.010638297872340425,
    "MRS": 0.010638297872340425,
    "TLV": 0.010638297872340425,
    "DRS": 0.010638297872340425,
    "ZRH": 0.010638297872340425,
    "LCA": 0.010638297872340425,
    "LIL": 0.010638297872340425,
    "AMS": 0.010638297872340425,
    "RTM": 0.010638297872340425,
    "LUX": 0.010638297872340425,
    "EMA": 0.010638297872340425,
    "GLA": 0.010638297872340425,
    "KBP": 0.010638297872340425,
    "SVO": 0.010638297872340425,
    "LYS": 0.010638297872340425,
    "NTE": 0.010638297872340425,
    "ORY": 0.010638297872340425,
    "BRS": 0.010638297872340425,
    "EDI": 0.010638297872340425,
    "LTN": 0.010638297872340425,
    "MXP": 0.010638297872340425,
    "VKO": 0.010638297872340425,
    "RIX": 0.010638297872340425,
    "JIK": 0.005319148936170213,
    "MJT": 0.005319148936170213,
    "LGG": 0.005319148936170213,
    "GRQ": 0.005319148936170213,
    "MST": 0.005319148936170213,
    "CWL": 0.005319148936170213
  },
  "domestic_ratio": 0.074,
  "fleet_mix": {
    "GWI": {
      "A319": 0.8571428571428571,
      "A320": 0.14285714285714285
    },
    "AEE": {
      "A320": 0.8823529411764706,
      "A321": 0.058823529411764705,
      "DH8D": 0.058823529411764705
    },
    "BER": {
      "A320": 0.3684210526315789,
      "B738": 0.3157894736842105,
      "A321": 0.2631578947368421,
      "A319": 0.05263157894736842
    },
    "CYP": {
      "A320": 1.0
    },
    "CFG": {
      "B738": 1.0
    },
    "NLY": {
      "A321": 0.6,
      "A320": 0.4
    },
    "HMY": {
      "A320": 0.5555555555555556,
      "A319": 0.4444444444444444
    },
    "TRA": {
      "B738": 1.0
    },
    "LGL": {
      "B738": 1.0
    },
    "EXS": {
      "B738": 0.8,
      "B752": 0.2
    },
    "SWR": {
      "A320": 1.0
    },
    "MSR": {
      "DH8D": 1.0
    },
    "OAL": {
      "A320": 1.0
    },
    "CSA": {
      "B738": 1.0
    },
    "AUI": {
      "B737": 1.0
    },
    "TVS": {
      "B738": 1.0
    },
    "SBI": {
      "A320": 1.0
    },
    "GMI": {
      "B737": 1.0
    },
    "AFL": {
      "A320": 0.5,
      "A321": 0.5
    },
    "TVF": {
      "B738": 1.0
    },
    "EZY": {
      "A320": 0.5833333333333334,
      "A319": 0.4166666666666667
    },
    "TSO": {
      "B777": 0.6666666666666666,
      "B738": 0.3333333333333333
    },
    "CWA": {
      "A320": 1.0
    },
    "HLX": {
      "B738": 1.0
    },
    "MON": {
      "A321": 0.5,
      "A320": 0.5
    }
  },
  "hourly_profile": [],
  "delay_rate": 0.0,
  "delay_distribution": {},
  "mean_delay_minutes": 0.0,
  "data_source": "openflights",
  "region": "",
  "profile_date": "2026-03-21",
  "sample_size": 203
}