{
  "icao_code": "HET",
  "iata_code": "HET",
  "airline_shares": {
    "GUN": 0.17567567567567569,
    "CSN": 0.13513513513513514,
    "CES": 0.13513513513513514,
    "CCA": 0.0945945945945946,
    "JAS": 0.0945945945945946,
    "CHH": 0.06756756756756757,
    "CXA": 0.06756756756756757,
    "CSZ": 0.06756756756756757,
    "CSH": 0.02702702702702703,
    "CHB": 0.02702702702702703,
    "CDG": 0.02702702702702703,
    "CSC": 0.013513513513513514,
    "RHC": 0.013513513513513514,
    "9C": 0.013513513513513514,
    "PDC": 0.013513513513513514,
    "EVA": 0.013513513513513514,
    "KN": 0.013513513513513514
  },
  "domestic_route_shares": {
    "TSN": 0.07407407407407407,
    "CAN": 0.07407407407407407,
    "HLD": 0.07407407407407407,
    "PEK": 0.05555555555555555,
    "WUH": 0.05555555555555555,
    "CSX": 0.05555555555555555,
    "CGO": 0.05555555555555555,
    "XIY": 0.05555555555555555,
    "CTU": 0.037037037037037035,
    "TYN": 0.037037037037037035,
    "SJW": 0.037037037037037035,
    "HGH": 0.037037037037037035,
    "SHE": 0.037037037037037035,
    "SHA": 0.037037037037037035,
    "HRB": 0.037037037037037035,
    "NKG": 0.037037037037037035,
    "TNA": 0.037037037037037035,
    "PVG": 0.018518518518518517,
    "CGQ": 0.018518518518518517,
    "DLC": 0.018518518518518517,
    "INC": 0.018518518518518517,
    "TAO": 0.018518518518518517,
    "URC": 0.018518518518518517,
    "DSN": 0.018518518518518517,
    "KHN": 0.018518518518518517,
    "CKG": 0.018518518518518517
  },
  "international_route_shares": {
    "TGO": 0.15,
    "XIL": 0.15,
    "CIF": 0.15,
    "TPE": 0.1,
    "HLH": 0.1,
    "WUA": 0.1,
    "ERL": 0.05,
    "NZH": 0.05,
    "RLK": 0.05,
    "YIE": 0.05,
    "NAY": 0.05
  },
  "domestic_ratio": 0.73,
  "fleet_mix": {
    "CSC": {
      "A320": 1.0
    },
    "RHC": {
      "A321": 1.0
    },
    "9C": {
      "A320": 1.0
    },
    "EVA": {
      "A321": 1.0
    },
    "CCA": {
      "A321": 0.3333333333333333,
      "B737": 0.2222222222222222,
      "A320": 0.2222222222222222,
      "A319": 0.1111111111111111,
      "B738": 0.1111111111111111
    },
    "CSN": {
      "A319": 0.5,
      "A320": 0.35714285714285715,
      "B737": 0.14285714285714285
    },
    "CSH": {
      "B738": 1.0
    },
    "GUN": {
      "E190": 1.0
    },
    "CHH": {
      "B738": 1.0
    },
    "JAS": {
      "A319": 0.7142857142857143,
      "A320": 0.2857142857142857
    },
    "KN": {
      "B737": 1.0
    },
    "CXA": {
      "B737": 1.0
    },
    "CES": {
      "A320": 0.7272727272727273,
      "B737": 0.18181818181818182,
      "A319": 0.09090909090909091
    },
    "CHB": {
      "A319": 0.5,
      "A320": 0.5
    },
    "CDG": {
      "B738": 1.0
    },
    "CSZ": {
      "A320": 1.0
    }
  },
  "hourly_profile": [],
  "delay_rate": 0.0,
  "delay_distribution": {},
  "mean_delay_minutes": 0.0,
  "data_source": "openflights",
  "region": "",
  "profile_date": "2026-03-21",
  "sample_size": 148
}