{
  "icao_code": "HFE",
  "iata_code": "HFE",
  "airline_shares": {
    "CES": 0.18840579710144928,
    "CHH": 0.14492753623188406,
    "CSN": 0.13043478260869565,
    "CDG": 0.10144927536231885,
    "GUN": 0.08695652173913043,
    "CCA": 0.07246376811594203,
    "CSZ": 0.057971014492753624,
    "RHC": 0.043478260869565216,
    "TNA": 0.028985507246376812,
    "JAS": 0.028985507246376812,
    "CXA": 0.028985507246376812,
    "CHB": 0.028985507246376812,
    "CSC": 0.014492753623188406,
    "PDC": 0.014492753623188406,
    "WCP": 0.014492753623188406,
    "AMU": 0.014492753623188406
  },
  "domestic_route_shares": {
    "XMN": 0.09836065573770492,
    "CAN": 0.08196721311475409,
    "CTU": 0.06557377049180328,
    "KMG": 0.06557377049180328,
    "XIY": 0.06557377049180328,
    "PEK": 0.04918032786885246,
    "SZX": 0.04918032786885246,
    "FOC": 0.04918032786885246,
    "TAO": 0.04918032786885246,
    "PVG": 0.03278688524590164,
    "CSX": 0.03278688524590164,
    "HRB": 0.03278688524590164,
    "DLC": 0.03278688524590164,
    "TYN": 0.03278688524590164,
    "CKG": 0.03278688524590164,
    "LJG": 0.01639344262295082,
    "CGQ": 0.01639344262295082,
    "ZUH": 0.01639344262295082,
    "CGO": 0.01639344262295082,
    "NNG": 0.01639344262295082,
    "SWA": 0.01639344262295082,
    "HAK": 0.01639344262295082,
    "LHW": 0.01639344262295082,
    "SYX": 0.01639344262295082,
    "KWL": 0.01639344262295082,
    "TXN": 0.01639344262295082,
    "SHE": 0.01639344262295082,
    "KWE": 0.01639344262295082,
    "YNT": 0.01639344262295082
  },
  "international_route_shares": {
    "MFM": 0.25,
    "TPE": 0.25,
    "ICN": 0.125,
    "KHH": 0.125,
    "TSA": 0.125,
    "HKG": 0.125
  },
  "domestic_ratio": 0.884,
  "fleet_mix": {
    "CSC": {
      "A321": 1.0
    },
    "RHC": {
      "A319": 0.6666666666666666,
      "B738": 0.3333333333333333
    },
    "PDC": {
      "B738": 1.0
    },
    "CCA": {
      "A321": 0.5,
      "B738": 0.25,
      "A319": 0.125,
      "A320": 0.125
    },
    "CSN": {
      "A320": 0.4444444444444444,
      "B738": 0.3333333333333333,
      "B737": 0.2222222222222222
    },
    "TNA": {
      "A320": 0.5,
      "A321": 0.5
    },
    "GUN": {
      "E190": 1.0
    },
    "CHH": {
      "B738": 1.0
    },
    "JAS": {
      "A319": 1.0
    },
    "CXA": {
      "B737": 1.0
    },
    "CES": {
      "A320": 0.9285714285714286,
      "B737": 0.07142857142857142
    },
    "AMU": {
      "A320": 0.5,
      "A321": 0.5
    },
    "CHB": {
      "A320": 1.0
    },
    "CDG": {
      "B738": 1.0
    },
    "CSZ": {
      "B738": 0.4,
      "A320": 0.4,
      "B737": 0.2
    }
  },
  "hourly_profile": [],
  "delay_rate": 0.0,
  "delay_distribution": {},
  "mean_delay_minutes": 0.0,
  "data_source": "openflights",
  "region": "",
  "profile_date": "2026-03-21",
  "sample_size": 138
}