{
  "icao_code": "HGA",
  "iata_code": "HGA",
  "airline_shares": {
    "XU": 0.4,
    "DAO": 0.2,
    "FLT": 0.13333333333333333,
    "ETH": 0.13333333333333333,
    "ASL": 0.13333333333333333
  },
  "domestic_route_shares": {
    "MGQ": 1.0
  },
  "international_route_shares": {
    "WJR": 0.25,
    "DXB": 0.16666666666666666,
    "JIB": 0.16666666666666666,
    "ADD": 0.16666666666666666,
    "BBO": 0.08333333333333333,
    "NBO": 0.08333333333333333,
    "SHJ": 0.08333333333333333
  },
  "domestic_ratio": 0.2,
  "fleet_mix": {
    "FLT": {
      "CRJ9": 1.0
    },
    "DAO": {
      "A321": 1.0
    },
    "ASL": {
      "B737": 1.0
    }
  },
  "hourly_profile": [],
  "delay_rate": 0.0,
  "delay_distribution": {},
  "mean_delay_minutes": 0.0,
  "data_source": "openflights",
  "region": "",
  "profile_date": "2026-03-21",
  "sample_size": 15
}