{
  "icao_code": "HGH",
  "iata_code": "HGH",
  "airline_shares": {
    "CXA": 0.15306122448979592,
    "CCA": 0.12244897959183673,
    "CSN": 0.10204081632653061,
    "JAS": 0.08163265306122448,
    "CES": 0.08163265306122448,
    "CHH": 0.07653061224489796,
    "CSC": 0.04081632653061224,
    "9C": 0.030612244897959183,
    "CSZ": 0.030612244897959183,
    "GUN": 0.025510204081632654,
    "CDG": 0.025510204081632654,
    "DKH": 0.02040816326530612,
    "PDC": 0.015306122448979591,
    "EEA": 0.015306122448979591,
    "CSH": 0.015306122448979591,
    "RHC": 0.01020408163265306,
    "UIA": 0.01020408163265306,
    "AIQ": 0.01020408163265306,
    "G5": 0.01020408163265306,
    "KN": 0.01020408163265306,
    "ANA": 0.01020408163265306,
    "NS": 0.01020408163265306,
    "OZR": 0.01020408163265306,
    "JSA": 0.00510204081632653,
    "MDA": 0.00510204081632653,
    "AXM": 0.00510204081632653,
    "EVA": 0.00510204081632653,
    "CPA": 0.00510204081632653,
    "XAX": 0.00510204081632653,
    "TNA": 0.00510204081632653,
    "CRK": 0.00510204081632653,
    "HDA": 0.00510204081632653,
    "KAL": 0.00510204081632653,
    "KLM": 0.00510204081632653,
    "KSY": 0.00510204081632653,
    "AMU": 0.00510204081632653,
    "QTR": 0.00510204081632653,
    "VEX": 0.00510204081632653,
    "HVN": 0.00510204081632653
  },
  "domestic_route_shares": {
    "CGO": 0.05844155844155844,
    "DLC": 0.05844155844155844,
    "CAN": 0.05194805194805195,
    "SYX": 0.045454545454545456,
    "PEK": 0.045454545454545456,
    "TAO": 0.045454545454545456,
    "XIY": 0.045454545454545456,
    "CTU": 0.03896103896103896,
    "HAK": 0.03896103896103896,
    "KMG": 0.03896103896103896,
    "KWL": 0.03896103896103896,
    "SZX": 0.03896103896103896,
    "KWE": 0.032467532467532464,
    "SHE": 0.032467532467532464,
    "SJW": 0.032467532467532464,
    "CSX": 0.032467532467532464,
    "WUH": 0.032467532467532464,
    "CKG": 0.025974025974025976,
    "TSN": 0.025974025974025976,
    "TYN": 0.025974025974025976,
    "LJG": 0.01948051948051948,
    "NNG": 0.01948051948051948,
    "XMN": 0.01948051948051948,
    "HET": 0.012987012987012988,
    "LHW": 0.012987012987012988,
    "CGQ": 0.012987012987012988,
    "HRB": 0.012987012987012988,
    "SWA": 0.012987012987012988,
    "JJN": 0.012987012987012988,
    "TNA": 0.012987012987012988,
    "INC": 0.006493506493506494,
    "YCU": 0.006493506493506494,
    "URC": 0.006493506493506494,
    "ZUH": 0.006493506493506494,
    "DSN": 0.006493506493506494,
    "DNH": 0.006493506493506494,
    "JHG": 0.006493506493506494,
    "FOC": 0.006493506493506494,
    "LYG": 0.006493506493506494,
    "YNT": 0.006493506493506494
  },
  "international_route_shares": {
    "HKG": 0.11904761904761904,
    "TPE": 0.07142857142857142,
    "MFM": 0.07142857142857142,
    "RMQ": 0.047619047619047616,
    "ICN": 0.047619047619047616,
    "SIN": 0.023809523809523808,
    "KOW": 0.023809523809523808,
    "BKI": 0.023809523809523808,
    "KHH": 0.023809523809523808,
    "BHY": 0.023809523809523808,
    "GYS": 0.023809523809523808,
    "NNY": 0.023809523809523808,
    "KUL": 0.023809523809523808,
    "CNX": 0.023809523809523808,
    "DMK": 0.023809523809523808,
    "FUG": 0.023809523809523808,
    "XFN": 0.023809523809523808,
    "TSA": 0.023809523809523808,
    "JNZ": 0.023809523809523808,
    "WEF": 0.023809523809523808,
    "TGO": 0.023809523809523808,
    "YIH": 0.023809523809523808,
    "CJJ": 0.023809523809523808,
    "AMS": 0.023809523809523808,
    "HKT": 0.023809523809523808,
    "LYI": 0.023809523809523808,
    "LZO": 0.023809523809523808,
    "KIX": 0.023809523809523808,
    "NRT": 0.023809523809523808,
    "PUS": 0.023809523809523808,
    "DOH": 0.023809523809523808,
    "DAD": 0.023809523809523808
  },
  "domestic_ratio": 0.786,
  "fleet_mix": {
    "JSA": {
      "A320": 1.0
    },
    "CSC": {
      "A320": 0.8,
      "A319": 0.2
    },
    "RHC": {
      "B737": 0.5,
      "A321": 0.5
    },
    "9C": {
      "A320": 1.0
    },
    "MDA": {
      "E190": 1.0
    },
    "AXM": {
      "A320": 1.0
    },
    "PDC": {
      "B738": 1.0
    },
    "EVA": {
      "A330": 0.5,
      "B744": 0.5
    },
    "CCA": {
      "A319": 0.4146341463414634,
      "A320": 0.2682926829268293,
      "A321": 0.14634146341463414,
      "B738": 0.0975609756097561,
      "B737": 0.024390243902439025,
      "A330": 0.024390243902439025,
      "B744": 0.024390243902439025
    },
    "CPA": {
      "A330": 0.3333333333333333,
      "A321": 0.3333333333333333,
      "A320": 0.3333333333333333
    },
    "CSN": {
      "A320": 0.3235294117647059,
      "A321": 0.23529411764705882,
      "B738": 0.20588235294117646,
      "A319": 0.08823529411764706,
      "E190": 0.058823529411764705,
      "B777": 0.029411764705882353,
      "B752": 0.029411764705882353,
      "B737": 0.029411764705882353
    },
    "EEA": {
      "A319": 1.0
    },
    "AIQ": {
      "A320": 1.0
    },
    "CSH": {
      "B738": 1.0
    },
    "G5": {
      "CRJ9": 1.0
    },
    "TNA": {
      "A321": 1.0
    },
    "GUN": {
      "E190": 1.0
    },
    "DKH": {
      "A320": 1.0
    },
    "CHH": {
      "B738": 0.875,
      "A320": 0.0625,
      "A330": 0.0625
    },
    "CRK": {
      "A320": 0.5,
      "A330": 0.5
    },
    "JAS": {
      "A319": 0.6875,
      "A320": 0.3125
    },
    "HDA": {
      "A330": 0.3333333333333333,
      "A321": 0.3333333333333333,
      "A320": 0.3333333333333333
    },
    "KAL": {
      "B739": 1.0
    },
    "KLM": {
      "B777": 1.0
    },
    "KN": {
      "B737": 1.0
    },
    "KSY": {
      "B737": 1.0
    },
    "CXA": {
      "B737": 0.8709677419354839,
      "B738": 0.12903225806451613
    },
    "CES": {
      "A320": 0.7368421052631579,
      "B737": 0.10526315789473684,
      "A321": 0.10526315789473684,
      "A330": 0.05263157894736842
    },
    "ANA": {
      "B737": 1.0
    },
    "NS": {
      "E190": 0.6666666666666666,
      "B737": 0.3333333333333333
    },
    "AMU": {
      "A321": 0.3333333333333333,
      "A320": 0.3333333333333333,
      "A319": 0.3333333333333333
    },
    "OZR": {
      "A330": 0.5,
      "A320": 0.5
    },
    "QTR": {
      "A330": 1.0
    },
    "CDG": {
      "B738": 1.0
    },
    "VEX": {
      "A319": 1.0
    },
    "HVN": {
      "A321": 1.0
    },
    "CSZ": {
      "A320": 0.5714285714285714,
      "B738": 0.2857142857142857,
      "B737": 0.14285714285714285
    }
  },
  "hourly_profile": [],
  "delay_rate": 0.0,
  "delay_distribution": {},
  "mean_delay_minutes": 0.0,
  "data_source": "openflights",
  "region": "",
  "profile_date": "2026-03-21",
  "sample_size": 392
}