{
  "icao_code": "HIA",
  "iata_code": "HIA",
  "airline_shares": {
    "GUN": 0.3333333333333333,
    "CES": 0.3333333333333333,
    "9C": 0.16666666666666666,
    "G5": 0.16666666666666666
  },
  "domestic_route_shares": {
    "HRB": 0.09090909090909091,
    "SZX": 0.09090909090909091,
    "CKG": 0.09090909090909091,
    "DLC": 0.09090909090909091,
    "FOC": 0.09090909090909091,
    "TSN": 0.09090909090909091,
    "WNZ": 0.09090909090909091,
    "XIY": 0.09090909090909091,
    "CAN": 0.09090909090909091,
    "PEK": 0.09090909090909091,
    "SHA": 0.09090909090909091
  },
  "international_route_shares": {
    "HKG": 1.0
  },
  "domestic_ratio": 0.917,
  "fleet_mix": {
    "9C": {
      "A320": 1.0
    },
    "G5": {
      "CRJ9": 1.0
    },
    "GUN": {
      "E190": 1.0
    },
    "CES": {
      "A320": 1.0
    }
  },
  "hourly_profile": [],
  "delay_rate": 0.0,
  "delay_distribution": {},
  "mean_delay_minutes": 0.0,
  "data_source": "openflights",
  "region": "",
  "profile_date": "2026-03-21",
  "sample_size": 24
}