{
  "icao_code": "HIJ",
  "iata_code": "HIJ",
  "airline_shares": {
    "ANA": 0.2727272727272727,
    "IBX": 0.18181818181818182,
    "CCA": 0.09090909090909091,
    "CAL": 0.09090909090909091,
    "JAL": 0.09090909090909091,
    "CES": 0.09090909090909091,
    "OZR": 0.09090909090909091,
    "THY": 0.09090909090909091
  },
  "domestic_route_shares": {
    "HND": 0.3333333333333333,
    "NRT": 0.16666666666666666,
    "SDJ": 0.16666666666666666,
    "CTS": 0.16666666666666666,
    "OKA": 0.16666666666666666
  },
  "international_route_shares": {
    "ICN": 0.4,
    "DLC": 0.2,
    "TPE": 0.2,
    "PVG": 0.2
  },
  "domestic_ratio": 0.545,
  "fleet_mix": {
    "CCA": {
      "B738": 1.0
    },
    "CAL": {
      "B738": 1.0
    },
    "IBX": {
      "CRJ9": 1.0
    },
    "JAL": {
      "B738": 1.0
    },
    "CES": {
      "A320": 1.0
    },
    "ANA": {
      "A320": 0.3333333333333333,
      "B767": 0.3333333333333333,
      "B787": 0.16666666666666666,
      "B777": 0.16666666666666666
    },
    "OZR": {
      "A321": 1.0
    },
    "THY": {
      "A321": 1.0
    }
  },
  "hourly_profile": [],
  "delay_rate": 0.0,
  "delay_distribution": {},
  "mean_delay_minutes": 0.0,
  "data_source": "openflights",
  "region": "",
  "profile_date": "2026-03-21",
  "sample_size": 22
}