{
  "icao_code": "HIR",
  "iata_code": "HIR",
  "airline_shares": {
    "SOL": 0.8636363636363636,
    "ANG": 0.09090909090909091,
    "FJI": 0.045454545454545456
  },
  "domestic_route_shares": {},
  "international_route_shares": {
    "VLI": 0.09090909090909091,
    "NAN": 0.09090909090909091,
    "ATD": 0.045454545454545456,
    "BNE": 0.045454545454545456,
    "BNY": 0.045454545454545456,
    "EGM": 0.045454545454545456,
    "FRE": 0.045454545454545456,
    "GZO": 0.045454545454545456,
    "IRA": 0.045454545454545456,
    "JJA": 0.045454545454545456,
    "MUA": 0.045454545454545456,
    "NNB": 0.045454545454545456,
    "RBV": 0.045454545454545456,
    "RNA": 0.045454545454545456,
    "RNL": 0.045454545454545456,
    "RUS": 0.045454545454545456,
    "SCZ": 0.045454545454545456,
    "VAO": 0.045454545454545456,
    "POM": 0.045454545454545456,
    "CHY": 0.022727272727272728,
    "KGE": 0.022727272727272728
  },
  "domestic_ratio": 0.0,
  "fleet_mix": {
    "SOL": {
      "A320": 1.0
    },
    "ANG": {
      "B737": 0.6666666666666666,
      "DH8D": 0.3333333333333333
    }
  },
  "hourly_profile": [],
  "delay_rate": 0.0,
  "delay_distribution": {},
  "mean_delay_minutes": 0.0,
  "data_source": "openflights",
  "region": "",
  "profile_date": "2026-03-21",
  "sample_size": 44
}