{
  "icao_code": "HKT",
  "iata_code": "HKT",
  "airline_shares": {
    "AIQ": 0.09523809523809523,
    "TSO": 0.08571428571428572,
    "THA": 0.0761904761904762,
    "BCC": 0.05714285714285714,
    "CSN": 0.05714285714285714,
    "BKP": 0.05714285714285714,
    "CSC": 0.0380952380952381,
    "JST": 0.0380952380952381,
    "CES": 0.0380952380952381,
    "JSA": 0.01904761904761905,
    "CEB": 0.01904761904761905,
    "9C": 0.01904761904761905,
    "BER": 0.01904761904761905,
    "AXM": 0.01904761904761905,
    "CCA": 0.01904761904761905,
    "CPA": 0.01904761904761905,
    "NOK": 0.01904761904761905,
    "GTA": 0.01904761904761905,
    "UAE": 0.01904761904761905,
    "CSH": 0.01904761904761905,
    "NWR": 0.01904761904761905,
    "DKH": 0.01904761904761905,
    "CHH": 0.01904761904761905,
    "HDA": 0.01904761904761905,
    "KAL": 0.01904761904761905,
    "MAS": 0.01904761904761905,
    "SLK": 0.01904761904761905,
    "OEA": 0.01904761904761905,
    "OZR": 0.01904761904761905,
    "QTR": 0.01904761904761905,
    "AWQ": 0.01904761904761905,
    "TGW": 0.01904761904761905,
    "HKE": 0.01904761904761905
  },
  "domestic_route_shares": {
    "DMK": 0.3333333333333333,
    "BKK": 0.25,
    "CNX": 0.16666666666666666,
    "UTH": 0.08333333333333333,
    "USM": 0.08333333333333333,
    "UTP": 0.08333333333333333
  },
  "international_route_shares": {
    "HKG": 0.12345679012345678,
    "SIN": 0.09876543209876543,
    "ICN": 0.09876543209876543,
    "PVG": 0.07407407407407407,
    "KUL": 0.07407407407407407,
    "CKG": 0.04938271604938271,
    "PEK": 0.04938271604938271,
    "CTU": 0.024691358024691357,
    "MNL": 0.024691358024691357,
    "AUH": 0.024691358024691357,
    "CAN": 0.024691358024691357,
    "KWE": 0.024691358024691357,
    "SZX": 0.024691358024691357,
    "DXB": 0.024691358024691357,
    "PEN": 0.024691358024691357,
    "MEL": 0.024691358024691357,
    "SYD": 0.024691358024691357,
    "HGH": 0.024691358024691357,
    "KMG": 0.024691358024691357,
    "CGK": 0.024691358024691357,
    "DME": 0.024691358024691357,
    "OVB": 0.024691358024691357,
    "SVX": 0.024691358024691357,
    "VKO": 0.024691358024691357,
    "LED": 0.012345679012345678
  },
  "domestic_ratio": 0.229,
  "fleet_mix": {
    "JSA": {
      "A320": 1.0
    },
    "CSC": {
      "A321": 1.0
    },
    "CEB": {
      "A320": 1.0
    },
    "BCC": {
      "B767": 1.0
    },
    "9C": {
      "A320": 1.0
    },
    "BER": {
      "A330": 1.0
    },
    "AXM": {
      "A320": 1.0
    },
    "CCA": {
      "B738": 1.0
    },
    "CPA": {
      "A320": 0.5,
      "A321": 0.5
    },
    "CSN": {
      "A321": 0.6666666666666666,
      "B738": 0.3333333333333333
    },
    "NOK": {
      "B738": 1.0
    },
    "UAE": {
      "B777": 1.0
    },
    "AIQ": {
      "A320": 1.0
    },
    "CSH": {
      "B738": 1.0
    },
    "NWR": {
      "AT76": 1.0
    },
    "DKH": {
      "A320": 1.0
    },
    "CHH": {
      "B738": 1.0
    },
    "JST": {
      "B787": 1.0
    },
    "HDA": {
      "A320": 0.5,
      "A321": 0.5
    },
    "KAL": {
      "A330": 1.0
    },
    "MAS": {
      "B738": 1.0
    },
    "SLK": {
      "A320": 0.3333333333333333,
      "B738": 0.3333333333333333,
      "A319": 0.3333333333333333
    },
    "CES": {
      "A320": 0.5,
      "B737": 0.5
    },
    "OZR": {
      "B767": 1.0
    },
    "BKP": {
      "AT76": 0.6666666666666666,
      "A320": 0.3333333333333333
    },
    "QTR": {
      "A330": 1.0
    },
    "AWQ": {
      "A320": 1.0
    },
    "THA": {
      "A320": 0.4,
      "B744": 0.2,
      "A330": 0.2,
      "B777": 0.2
    },
    "TGW": {
      "A320": 1.0
    },
    "TSO": {
      "B767": 0.7142857142857143,
      "B744": 0.2857142857142857
    },
    "HKE": {
      "A320": 1.0
    }
  },
  "hourly_profile": [],
  "delay_rate": 0.0,
  "delay_distribution": {},
  "mean_delay_minutes": 0.0,
  "data_source": "openflights",
  "region": "",
  "profile_date": "2026-03-21",
  "sample_size": 105
}