{
  "icao_code": "HLD",
  "iata_code": "HLD",
  "airline_shares": {
    "GUN": 0.26666666666666666,
    "CCA": 0.2,
    "YCP": 0.06666666666666667,
    "CSH": 0.06666666666666667,
    "DKH": 0.06666666666666667,
    "CHH": 0.06666666666666667,
    "JAS": 0.06666666666666667,
    "KN": 0.06666666666666667,
    "OME": 0.06666666666666667,
    "CSZ": 0.06666666666666667
  },
  "domestic_route_shares": {
    "HET": 0.4444444444444444,
    "PEK": 0.4444444444444444,
    "HRB": 0.1111111111111111
  },
  "international_route_shares": {
    "HTA": 0.16666666666666666,
    "CIF": 0.16666666666666666,
    "JGD": 0.16666666666666666,
    "TGO": 0.16666666666666666,
    "NAY": 0.16666666666666666,
    "COQ": 0.16666666666666666
  },
  "domestic_ratio": 0.6,
  "fleet_mix": {
    "CCA": {
      "B737": 0.5,
      "A320": 0.25,
      "B738": 0.25
    },
    "YCP": {
      "B738": 1.0
    },
    "CSH": {
      "B738": 1.0
    },
    "GUN": {
      "E190": 1.0
    },
    "DKH": {
      "A320": 1.0
    },
    "CHH": {
      "B738": 1.0
    },
    "JAS": {
      "A319": 1.0
    },
    "KN": {
      "B737": 1.0
    },
    "CSZ": {
      "A320": 1.0
    }
  },
  "hourly_profile": [],
  "delay_rate": 0.0,
  "delay_distribution": {},
  "mean_delay_minutes": 0.0,
  "data_source": "openflights",
  "region": "",
  "profile_date": "2026-03-21",
  "sample_size": 30
}