{
  "icao_code": "HMB",
  "iata_code": "HMB",
  "airline_shares": {
    "1QA": 0.2222222222222222,
    "MSR": 0.2222222222222222,
    "KNE": 0.2222222222222222,
    "ABY": 0.1111111111111111,
    "JZR": 0.1111111111111111,
    "KAC": 0.1111111111111111
  },
  "domestic_route_shares": {
    "CAI": 1.0
  },
  "international_route_shares": {
    "KWI": 0.42857142857142855,
    "JED": 0.2857142857142857,
    "SHJ": 0.14285714285714285,
    "RUH": 0.14285714285714285
  },
  "domestic_ratio": 0.222,
  "fleet_mix": {
    "ABY": {
      "A320": 1.0
    },
    "JZR": {
      "A320": 1.0
    },
    "KAC": {
      "A320": 1.0
    },
    "1QA": {
      "DH8D": 1.0
    },
    "MSR": {
      "E175": 1.0
    },
    "KNE": {
      "A320": 1.0
    }
  },
  "hourly_profile": [],
  "delay_rate": 0.0,
  "delay_distribution": {},
  "mean_delay_minutes": 0.0,
  "data_source": "openflights",
  "region": "",
  "profile_date": "2026-03-21",
  "sample_size": 18
}