{
  "icao_code": "HMO",
  "iata_code": "HMO",
  "airline_shares": {
    "VOI": 0.32,
    "DAL": 0.28,
    "AMX": 0.16,
    "VB": 0.16,
    "4O": 0.08
  },
  "domestic_route_shares": {
    "MEX": 0.3684210526315789,
    "GDL": 0.21052631578947367,
    "CUL": 0.10526315789473684,
    "MTY": 0.10526315789473684,
    "CUN": 0.10526315789473684,
    "TIJ": 0.10526315789473684
  },
  "international_route_shares": {
    "PHX": 0.6666666666666666,
    "LAX": 0.3333333333333333
  },
  "domestic_ratio": 0.76,
  "fleet_mix": {
    "4O": {
      "A320": 1.0
    },
    "AMX": {
      "B737": 1.0
    },
    "VOI": {
      "A319": 0.6,
      "A320": 0.4
    }
  },
  "hourly_profile": [],
  "delay_rate": 0.0,
  "delay_distribution": {},
  "mean_delay_minutes": 0.0,
  "data_source": "openflights",
  "region": "",
  "profile_date": "2026-03-21",
  "sample_size": 25
}