{
  "icao_code": "HNL",
  "iata_code": "HNL",
  "airline_shares": {
    "HAL": 0.2972972972972973,
    "UAL": 0.10810810810810811,
    "DAL": 0.0972972972972973,
    "AAL": 0.07567567567567568,
    "ASA": 0.07567567567567568,
    "JAL": 0.043243243243243246,
    "USA": 0.03783783783783784,
    "FJI": 0.032432432432432434,
    "MYD": 0.032432432432432434,
    "MKU": 0.032432432432432434,
    "CAL": 0.021621621621621623,
    "AAY": 0.021621621621621623,
    "JST": 0.021621621621621623,
    "KAL": 0.021621621621621623,
    "ACA": 0.010810810810810811,
    "CCA": 0.010810810810810811,
    "CES": 0.010810810810810811,
    "OZR": 0.010810810810810811,
    "PAL": 0.010810810810810811,
    "QFA": 0.010810810810810811,
    "WJA": 0.010810810810810811,
    "ANZ": 0.005405405405405406
  },
  "domestic_route_shares": {
    "LAX": 0.14285714285714285,
    "PHX": 0.07142857142857142,
    "SEA": 0.07142857142857142,
    "SFO": 0.07142857142857142,
    "OGG": 0.07142857142857142,
    "DFW": 0.047619047619047616,
    "OAK": 0.047619047619047616,
    "PDX": 0.047619047619047616,
    "SAN": 0.047619047619047616,
    "LAS": 0.047619047619047616,
    "LIH": 0.047619047619047616,
    "ANC": 0.023809523809523808,
    "SJC": 0.023809523809523808,
    "ATL": 0.023809523809523808,
    "SLC": 0.023809523809523808,
    "JFK": 0.023809523809523808,
    "KOA": 0.023809523809523808,
    "SMF": 0.023809523809523808,
    "DEN": 0.023809523809523808,
    "EWR": 0.023809523809523808,
    "IAD": 0.023809523809523808,
    "IAH": 0.023809523809523808,
    "ORD": 0.023809523809523808
  },
  "international_route_shares": {
    "NRT": 0.1188118811881188,
    "KIX": 0.07920792079207921,
    "HND": 0.0594059405940594,
    "NGO": 0.0594059405940594,
    "ICN": 0.0594059405940594,
    "SYD": 0.0594059405940594,
    "YVR": 0.039603960396039604,
    "PEK": 0.039603960396039604,
    "TPE": 0.039603960396039604,
    "FUK": 0.039603960396039604,
    "LNY": 0.039603960396039604,
    "MKK": 0.039603960396039604,
    "ITO": 0.0297029702970297,
    "BLI": 0.019801980198019802,
    "APW": 0.019801980198019802,
    "CXI": 0.019801980198019802,
    "NAN": 0.019801980198019802,
    "BNE": 0.019801980198019802,
    "AKL": 0.019801980198019802,
    "PPG": 0.019801980198019802,
    "PPT": 0.019801980198019802,
    "MEL": 0.019801980198019802,
    "PVG": 0.019801980198019802,
    "JHM": 0.019801980198019802,
    "MNL": 0.019801980198019802,
    "GUM": 0.019801980198019802,
    "MAJ": 0.019801980198019802,
    "CTS": 0.009900990099009901,
    "SDJ": 0.009900990099009901
  },
  "domestic_ratio": 0.454,
  "fleet_mix": {
    "AAL": {
      "B777": 0.6666666666666666,
      "B767": 0.16666666666666666,
      "B787": 0.16666666666666666
    },
    "ACA": {
      "B767": 1.0
    },
    "ASA": {
      "B738": 1.0
    },
    "CAL": {
      "A330": 0.6666666666666666,
      "B744": 0.3333333333333333
    },
    "DAL": {
      "A330": 0.375,
      "B752": 0.375,
      "B744": 0.125,
      "B767": 0.125
    },
    "FJI": {
      "B738": 1.0
    },
    "HAL": {
      "A330": 0.6170212765957447,
      "B767": 0.2978723404255319,
      "AT76": 0.0851063829787234
    },
    "JAL": {
      "B777": 0.6666666666666666,
      "B787": 0.25,
      "B767": 0.08333333333333333
    },
    "JST": {
      "A330": 1.0
    },
    "KAL": {
      "A330": 0.6666666666666666,
      "B744": 0.3333333333333333
    },
    "CES": {
      "A330": 1.0
    },
    "ANZ": {
      "B767": 1.0
    },
    "OZR": {
      "A330": 1.0
    },
    "QFA": {
      "B767": 1.0
    },
    "UAL": {
      "B767": 0.23529411764705882,
      "B777": 0.23529411764705882,
      "B752": 0.17647058823529413,
      "B738": 0.17647058823529413,
      "B739": 0.11764705882352941,
      "B744": 0.058823529411764705
    },
    "USA": {
      "B767": 0.5,
      "B752": 0.5
    },
    "MKU": {
      "AT76": 1.0
    },
    "WJA": {
      "B738": 1.0
    }
  },
  "hourly_profile": [],
  "delay_rate": 0.0,
  "delay_distribution": {},
  "mean_delay_minutes": 0.0,
  "data_source": "openflights",
  "region": "",
  "profile_date": "2026-03-21",
  "sample_size": 185
}