{
  "icao_code": "HOU",
  "iata_code": "HOU",
  "airline_shares": {
    "SWA": 0.8490566037735849,
    "TRS": 0.05660377358490566,
    "JBU": 0.03773584905660377,
    "AAL": 0.018867924528301886,
    "DAL": 0.018867924528301886,
    "USA": 0.018867924528301886
  },
  "domestic_route_shares": {
    "ATL": 0.06666666666666667,
    "DFW": 0.044444444444444446,
    "BOS": 0.044444444444444446,
    "DAL": 0.03333333333333333,
    "LAX": 0.03333333333333333,
    "SAT": 0.03333333333333333,
    "MCO": 0.03333333333333333,
    "JFK": 0.022222222222222223,
    "ABQ": 0.022222222222222223,
    "AUS": 0.022222222222222223,
    "BHM": 0.022222222222222223,
    "BNA": 0.022222222222222223,
    "BWI": 0.022222222222222223,
    "CHS": 0.022222222222222223,
    "CLT": 0.022222222222222223,
    "DCA": 0.022222222222222223,
    "DEN": 0.022222222222222223,
    "ELP": 0.022222222222222223,
    "EWR": 0.022222222222222223,
    "FLL": 0.022222222222222223,
    "IND": 0.022222222222222223,
    "JAX": 0.022222222222222223,
    "LAS": 0.022222222222222223,
    "LGA": 0.022222222222222223,
    "MCI": 0.022222222222222223,
    "MDW": 0.022222222222222223,
    "MEM": 0.022222222222222223,
    "MSY": 0.022222222222222223,
    "OAK": 0.022222222222222223,
    "OKC": 0.022222222222222223,
    "PHX": 0.022222222222222223,
    "PIT": 0.022222222222222223,
    "PNS": 0.022222222222222223,
    "RDU": 0.022222222222222223,
    "SAN": 0.022222222222222223,
    "SNA": 0.022222222222222223,
    "STL": 0.022222222222222223,
    "TPA": 0.022222222222222223,
    "TUL": 0.022222222222222223
  },
  "international_route_shares": {
    "BKG": 0.125,
    "CRP": 0.125,
    "ECP": 0.125,
    "GSP": 0.125,
    "HRL": 0.125,
    "JAN": 0.125,
    "LIT": 0.125,
    "MAF": 0.125
  },
  "domestic_ratio": 0.849,
  "fleet_mix": {
    "JBU": {
      "E190": 1.0
    },
    "SWA": {
      "B738": 1.0
    }
  },
  "hourly_profile": [],
  "delay_rate": 0.0,
  "delay_distribution": {},
  "mean_delay_minutes": 0.0,
  "data_source": "openflights",
  "region": "",
  "profile_date": "2026-03-21",
  "sample_size": 106
}