{
  "icao_code": "HRB",
  "iata_code": "HRB",
  "airline_shares": {
    "CSN": 0.242152466367713,
    "CSC": 0.12556053811659193,
    "CES": 0.08968609865470852,
    "CHH": 0.07174887892376682,
    "CXA": 0.07174887892376682,
    "CSZ": 0.06278026905829596,
    "CCA": 0.053811659192825115,
    "PDC": 0.04484304932735426,
    "JAS": 0.026905829596412557,
    "CDG": 0.026905829596412557,
    "SVR": 0.02242152466367713,
    "9C": 0.017937219730941704,
    "CHB": 0.017937219730941704,
    "AFL": 0.017937219730941704,
    "SOZ": 0.013452914798206279,
    "EVA": 0.008968609865470852,
    "YCP": 0.008968609865470852,
    "CSH": 0.008968609865470852,
    "GUN": 0.008968609865470852,
    "DKH": 0.008968609865470852,
    "IOS": 0.008968609865470852,
    "KN": 0.008968609865470852,
    "KSY": 0.008968609865470852,
    "OZR": 0.008968609865470852,
    "SYL": 0.008968609865470852,
    "CRK": 0.004484304932735426
  },
  "domestic_route_shares": {
    "TSN": 0.09090909090909091,
    "CGO": 0.07792207792207792,
    "TNA": 0.06493506493506493,
    "PVG": 0.06493506493506493,
    "PEK": 0.06493506493506493,
    "TAO": 0.06493506493506493,
    "XIY": 0.05194805194805195,
    "YNT": 0.05194805194805195,
    "DLC": 0.03896103896103896,
    "NKG": 0.03896103896103896,
    "SJW": 0.03896103896103896,
    "NGB": 0.025974025974025976,
    "CAN": 0.025974025974025976,
    "HFE": 0.025974025974025976,
    "HGH": 0.025974025974025976,
    "SZX": 0.025974025974025976,
    "HET": 0.025974025974025976,
    "KHN": 0.025974025974025976,
    "INC": 0.012987012987012988,
    "WNZ": 0.012987012987012988,
    "WUH": 0.012987012987012988,
    "HIA": 0.012987012987012988,
    "CTU": 0.012987012987012988,
    "CSX": 0.012987012987012988,
    "YCU": 0.012987012987012988,
    "YIW": 0.012987012987012988,
    "HLD": 0.012987012987012988,
    "FOC": 0.012987012987012988,
    "YNZ": 0.012987012987012988,
    "DSN": 0.012987012987012988,
    "TYN": 0.012987012987012988
  },
  "international_route_shares": {
    "CZX": 0.057971014492753624,
    "HEK": 0.057971014492753624,
    "JGD": 0.057971014492753624,
    "TPE": 0.057971014492753624,
    "ICN": 0.057971014492753624,
    "KHV": 0.057971014492753624,
    "TGO": 0.057971014492753624,
    "UUS": 0.043478260869565216,
    "IKT": 0.043478260869565216,
    "NZH": 0.028985507246376812,
    "XUZ": 0.028985507246376812,
    "JMU": 0.028985507246376812,
    "JXA": 0.028985507246376812,
    "CJU": 0.028985507246376812,
    "KIJ": 0.028985507246376812,
    "KIX": 0.028985507246376812,
    "LDS": 0.028985507246376812,
    "OHE": 0.028985507246376812,
    "YTY": 0.028985507246376812,
    "DOY": 0.028985507246376812,
    "NAY": 0.028985507246376812,
    "CIF": 0.028985507246376812,
    "JNG": 0.028985507246376812,
    "YKS": 0.028985507246376812,
    "OVB": 0.028985507246376812,
    "SVX": 0.028985507246376812,
    "HKG": 0.014492753623188406
  },
  "domestic_ratio": 0.691,
  "fleet_mix": {
    "CSC": {
      "A321": 0.6875,
      "A320": 0.25,
      "A319": 0.0625
    },
    "9C": {
      "A320": 1.0
    },
    "PDC": {
      "B738": 1.0
    },
    "CCA": {
      "A320": 0.2857142857142857,
      "A321": 0.2857142857142857,
      "B738": 0.2857142857142857,
      "B737": 0.14285714285714285
    },
    "YCP": {
      "B738": 1.0
    },
    "CSN": {
      "A320": 0.5882352941176471,
      "A319": 0.14705882352941177,
      "A321": 0.11764705882352941,
      "B738": 0.11764705882352941,
      "B737": 0.029411764705882353
    },
    "CSH": {
      "B738": 1.0
    },
    "GUN": {
      "E190": 1.0
    },
    "DKH": {
      "A320": 1.0
    },
    "CHH": {
      "B738": 1.0
    },
    "CRK": {
      "A320": 1.0
    },
    "SOZ": {
      "A319": 0.5,
      "B737": 0.5
    },
    "JAS": {
      "A319": 0.6666666666666666,
      "A320": 0.3333333333333333
    },
    "KN": {
      "B737": 1.0
    },
    "KSY": {
      "B737": 1.0
    },
    "CXA": {
      "B737": 1.0
    },
    "CES": {
      "A320": 0.6153846153846154,
      "A321": 0.23076923076923078,
      "B737": 0.07692307692307693,
      "A319": 0.07692307692307693
    },
    "OZR": {
      "B767": 1.0
    },
    "CHB": {
      "A320": 0.6666666666666666,
      "A319": 0.3333333333333333
    },
    "CDG": {
      "B738": 1.0
    },
    "AFL": {
      "A319": 0.5,
      "B737": 0.5
    },
    "SVR": {
      "A320": 1.0
    },
    "CSZ": {
      "A320": 0.6666666666666666,
      "B738": 0.2222222222222222,
      "B737": 0.1111111111111111
    }
  },
  "hourly_profile": [],
  "delay_rate": 0.0,
  "delay_distribution": {},
  "mean_delay_minutes": 0.0,
  "data_source": "openflights",
  "region": "",
  "profile_date": "2026-03-21",
  "sample_size": 223
}