{
  "icao_code": "HRG",
  "iata_code": "HRG",
  "airline_shares": {
    "BER": 0.16,
    "TSO": 0.13333333333333333,
    "CFG": 0.10666666666666667,
    "MSR": 0.08,
    "MON": 0.08,
    "BHP": 0.05333333333333334,
    "NLY": 0.05333333333333334,
    "TCX": 0.05333333333333334,
    "TVF": 0.05333333333333334,
    "TOM": 0.05333333333333334,
    "EZY": 0.05333333333333334,
    "1QA": 0.04,
    "FSC": 0.02666666666666667,
    "THY": 0.02666666666666667,
    "HLX": 0.02666666666666667
  },
  "domestic_route_shares": {
    "CAI": 0.5714285714285714,
    "HBE": 0.2857142857142857,
    "SSH": 0.14285714285714285
  },
  "international_route_shares": {
    "LGW": 0.14705882352941177,
    "DUS": 0.11764705882352941,
    "MAN": 0.11764705882352941,
    "IST": 0.058823529411764705,
    "BSL": 0.029411764705882353,
    "ZRH": 0.029411764705882353,
    "CGN": 0.029411764705882353,
    "DRS": 0.029411764705882353,
    "LEJ": 0.029411764705882353,
    "NUE": 0.029411764705882353,
    "TXL": 0.029411764705882353,
    "FRA": 0.029411764705882353,
    "HAM": 0.029411764705882353,
    "MUC": 0.029411764705882353,
    "SZG": 0.029411764705882353,
    "VIE": 0.029411764705882353,
    "GVA": 0.029411764705882353,
    "DME": 0.029411764705882353,
    "OVB": 0.029411764705882353,
    "SVO": 0.029411764705882353,
    "SVX": 0.029411764705882353,
    "VKO": 0.029411764705882353,
    "BHX": 0.029411764705882353
  },
  "domestic_ratio": 0.093,
  "fleet_mix": {
    "BHP": {
      "A320": 1.0
    },
    "BER": {
      "B738": 0.7142857142857143,
      "A330": 0.14285714285714285,
      "A321": 0.14285714285714285
    },
    "NLY": {
      "A320": 0.5,
      "A321": 0.5
    },
    "FSC": {
      "A320": 1.0
    },
    "1QA": {
      "DH8D": 1.0
    },
    "MSR": {
      "E175": 0.4,
      "A321": 0.2,
      "B738": 0.2,
      "A320": 0.2
    },
    "TCX": {
      "B752": 0.6666666666666666,
      "B767": 0.3333333333333333
    },
    "THY": {
      "B738": 0.5,
      "A320": 0.5
    },
    "TVF": {
      "B738": 1.0
    },
    "TOM": {
      "B738": 1.0
    },
    "EZY": {
      "A320": 1.0
    },
    "TSO": {
      "B744": 0.4,
      "B738": 0.4,
      "B767": 0.2
    },
    "HLX": {
      "B738": 1.0
    },
    "MON": {
      "A321": 1.0
    }
  },
  "hourly_profile": [],
  "delay_rate": 0.0,
  "delay_distribution": {},
  "mean_delay_minutes": 0.0,
  "data_source": "openflights",
  "region": "",
  "profile_date": "2026-03-21",
  "sample_size": 75
}