{
  "icao_code": "HSN",
  "iata_code": "HSN",
  "airline_shares": {
    "CXA": 0.375,
    "CSN": 0.25,
    "KN": 0.125,
    "CES": 0.125,
    "CSZ": 0.125
  },
  "domestic_route_shares": {
    "JJN": 0.2857142857142857,
    "LYG": 0.14285714285714285,
    "SZX": 0.14285714285714285,
    "PEK": 0.14285714285714285,
    "XMN": 0.14285714285714285,
    "PVG": 0.14285714285714285
  },
  "international_route_shares": {
    "NAY": 1.0
  },
  "domestic_ratio": 0.875,
  "fleet_mix": {
    "CSN": {
      "A320": 1.0
    },
    "KN": {
      "B737": 1.0
    },
    "CXA": {
      "B737": 1.0
    },
    "CES": {
      "A319": 1.0
    },
    "CSZ": {
      "A320": 1.0
    }
  },
  "hourly_profile": [],
  "delay_rate": 0.0,
  "delay_distribution": {},
  "mean_delay_minutes": 0.0,
  "data_source": "openflights",
  "region": "",
  "profile_date": "2026-03-21",
  "sample_size": 16
}