{
  "icao_code": "HYD",
  "iata_code": "HYD",
  "airline_shares": {
    "SEJ": 0.2689075630252101,
    "IGO": 0.23529411764705882,
    "AIC": 0.2184873949579832,
    "SVA": 0.04201680672268908,
    "JAI": 0.03361344537815126,
    "BAW": 0.01680672268907563,
    "CPA": 0.01680672268907563,
    "UAE": 0.01680672268907563,
    "ETD": 0.01680672268907563,
    "FDB": 0.01680672268907563,
    "ABY": 0.01680672268907563,
    "MAS": 0.01680672268907563,
    "SLK": 0.01680672268907563,
    "QTR": 0.01680672268907563,
    "THA": 0.01680672268907563,
    "TGW": 0.01680672268907563,
    "OMA": 0.01680672268907563
  },
  "domestic_route_shares": {
    "BOM": 0.10810810810810811,
    "AMD": 0.08108108108108109,
    "BLR": 0.08108108108108109,
    "CCU": 0.08108108108108109,
    "DEL": 0.08108108108108109,
    "MAA": 0.08108108108108109,
    "PNQ": 0.08108108108108109,
    "VTZ": 0.08108108108108109,
    "COK": 0.05405405405405406,
    "GOI": 0.05405405405405406,
    "TIR": 0.05405405405405406,
    "VGA": 0.05405405405405406,
    "BBI": 0.02702702702702703,
    "JAI": 0.02702702702702703,
    "CJB": 0.02702702702702703,
    "IDR": 0.02702702702702703
  },
  "international_route_shares": {
    "DXB": 0.13333333333333333,
    "AUH": 0.08888888888888889,
    "MCT": 0.08888888888888889,
    "SHJ": 0.08888888888888889,
    "SIN": 0.08888888888888889,
    "JED": 0.06666666666666667,
    "RPR": 0.044444444444444446,
    "LHR": 0.044444444444444446,
    "HKG": 0.044444444444444446,
    "KUL": 0.044444444444444446,
    "DOH": 0.044444444444444446,
    "IXM": 0.044444444444444446,
    "RJA": 0.044444444444444446,
    "DMM": 0.044444444444444446,
    "RUH": 0.044444444444444446,
    "BKK": 0.044444444444444446
  },
  "domestic_ratio": 0.622,
  "fleet_mix": {
    "IGO": {
      "A320": 1.0
    },
    "JAI": {
      "B738": 1.0
    },
    "AIC": {
      "A319": 0.4117647058823529,
      "A321": 0.23529411764705882,
      "A320": 0.17647058823529413,
      "B744": 0.11764705882352941,
      "B777": 0.058823529411764705
    },
    "BAW": {
      "B767": 1.0
    },
    "CPA": {
      "A330": 1.0
    },
    "UAE": {
      "B777": 0.5,
      "A330": 0.5
    },
    "ETD": {
      "B737": 0.5,
      "A320": 0.5
    },
    "FDB": {
      "B738": 1.0
    },
    "ABY": {
      "A320": 1.0
    },
    "MAS": {
      "B738": 1.0
    },
    "SLK": {
      "A320": 0.5,
      "B738": 0.5
    },
    "QTR": {
      "A321": 1.0
    },
    "SEJ": {
      "B737": 1.0
    },
    "SVA": {
      "B777": 1.0
    },
    "THA": {
      "A320": 1.0
    },
    "TGW": {
      "A320": 1.0
    },
    "OMA": {
      "B738": 1.0
    }
  },
  "hourly_profile": [],
  "delay_rate": 0.0,
  "delay_distribution": {},
  "mean_delay_minutes": 0.0,
  "data_source": "openflights",
  "region": "",
  "profile_date": "2026-03-21",
  "sample_size": 119
}