{
  "icao_code": "IAD",
  "iata_code": "IAD",
  "airline_shares": {
    "UAL": 0.507537688442211,
    "USA": 0.05527638190954774,
    "AAL": 0.05025125628140704,
    "DAL": 0.05025125628140704,
    "JBU": 0.04020100502512563,
    "AVA": 0.020100502512562814,
    "GEC": 0.020100502512562814,
    "SVA": 0.020100502512562814,
    "VRD": 0.020100502512562814,
    "SWA": 0.020100502512562814,
    "AFR": 0.010050251256281407,
    "AMX": 0.010050251256281407,
    "FIN": 0.010050251256281407,
    "BAW": 0.010050251256281407,
    "CMP": 0.010050251256281407,
    "UAE": 0.010050251256281407,
    "ETD": 0.010050251256281407,
    "ICE": 0.010050251256281407,
    "KAL": 0.010050251256281407,
    "KLM": 0.010050251256281407,
    "ANA": 0.010050251256281407,
    "POE": 0.010050251256281407,
    "QTR": 0.010050251256281407,
    "SAA": 0.010050251256281407,
    "SAS": 0.010050251256281407,
    "DAT": 0.010050251256281407,
    "AFL": 0.010050251256281407,
    "THY": 0.010050251256281407,
    "VIR": 0.010050251256281407,
    "ETH": 0.005025125628140704
  },
  "domestic_route_shares": {
    "LAX": 0.1,
    "DFW": 0.075,
    "MIA": 0.075,
    "BOS": 0.05,
    "DEN": 0.05,
    "SFO": 0.05,
    "CLT": 0.0375,
    "JFK": 0.0375,
    "LGB": 0.025,
    "ATL": 0.025,
    "DTW": 0.025,
    "BDL": 0.025,
    "CLE": 0.025,
    "FLL": 0.025,
    "HNL": 0.025,
    "IAH": 0.025,
    "LAS": 0.025,
    "MCO": 0.025,
    "MSY": 0.025,
    "ORD": 0.025,
    "PDX": 0.025,
    "PHX": 0.025,
    "RDU": 0.025,
    "SAN": 0.025,
    "SEA": 0.025,
    "SMF": 0.025,
    "TPA": 0.025,
    "MDW": 0.025,
    "EWR": 0.0125,
    "AUS": 0.0125
  },
  "international_route_shares": {
    "LHR": 0.06722689075630252,
    "MEX": 0.05042016806722689,
    "DXB": 0.05042016806722689,
    "CDG": 0.04201680672268908,
    "DOH": 0.03361344537815126,
    "SAL": 0.03361344537815126,
    "PTY": 0.03361344537815126,
    "SVO": 0.03361344537815126,
    "AMS": 0.03361344537815126,
    "FRA": 0.03361344537815126,
    "MUC": 0.03361344537815126,
    "NRT": 0.03361344537815126,
    "DKR": 0.03361344537815126,
    "BRU": 0.03361344537815126,
    "BOG": 0.01680672268907563,
    "AUH": 0.01680672268907563,
    "KEF": 0.01680672268907563,
    "ICN": 0.01680672268907563,
    "YTZ": 0.01680672268907563,
    "CPH": 0.01680672268907563,
    "JED": 0.01680672268907563,
    "RUH": 0.01680672268907563,
    "IST": 0.01680672268907563,
    "AUA": 0.01680672268907563,
    "CUN": 0.01680672268907563,
    "DUB": 0.01680672268907563,
    "FCO": 0.01680672268907563,
    "GCM": 0.01680672268907563,
    "GRU": 0.01680672268907563,
    "GUA": 0.01680672268907563,
    "GVA": 0.01680672268907563,
    "KWI": 0.01680672268907563,
    "MBJ": 0.01680672268907563,
    "PEK": 0.01680672268907563,
    "PUJ": 0.01680672268907563,
    "SJO": 0.01680672268907563,
    "SJU": 0.01680672268907563,
    "STT": 0.01680672268907563,
    "SXM": 0.01680672268907563,
    "ZRH": 0.01680672268907563,
    "ADD": 0.008403361344537815,
    "MAN": 0.008403361344537815
  },
  "domestic_ratio": 0.402,
  "fleet_mix": {
    "AAL": {
      "B738": 0.5454545454545454,
      "CRJ7": 0.18181818181818182,
      "B777": 0.18181818181818182,
      "CRJ9": 0.09090909090909091
    },
    "AFR": {
      "A380": 0.5,
      "B777": 0.5
    },
    "AMX": {
      "B737": 1.0
    },
    "AVA": {
      "A319": 0.5,
      "A321": 0.25,
      "A320": 0.25
    },
    "FIN": {
      "B744": 0.5,
      "B777": 0.5
    },
    "JBU": {
      "E190": 0.5,
      "B777": 0.25,
      "A320": 0.25
    },
    "BAW": {
      "B744": 0.5,
      "B777": 0.5
    },
    "CMP": {
      "B737": 1.0
    },
    "DAL": {
      "A320": 0.15384615384615385,
      "A319": 0.15384615384615385,
      "CRJ7": 0.15384615384615385,
      "B737": 0.15384615384615385,
      "B767": 0.15384615384615385,
      "A380": 0.07692307692307693,
      "B777": 0.07692307692307693,
      "CRJ9": 0.07692307692307693
    },
    "UAE": {
      "B777": 1.0
    },
    "ETH": {
      "B777": 0.5,
      "B787": 0.5
    },
    "KAL": {
      "B777": 1.0
    },
    "GEC": {
      "A330": 1.0
    },
    "ANA": {
      "B777": 1.0
    },
    "POE": {
      "DH8D": 1.0
    },
    "QTR": {
      "B777": 1.0
    },
    "DAT": {
      "A330": 1.0
    },
    "AFL": {
      "B767": 1.0
    },
    "SVA": {
      "B777": 1.0
    },
    "UAL": {
      "B738": 0.18660287081339713,
      "A320": 0.1722488038277512,
      "B752": 0.16267942583732056,
      "B739": 0.13875598086124402,
      "B767": 0.0861244019138756,
      "B777": 0.08133971291866028,
      "A319": 0.07655502392344497,
      "B737": 0.07177033492822966,
      "DH8D": 0.014354066985645933,
      "A330": 0.009569377990430622
    },
    "USA": {
      "B738": 0.46153846153846156,
      "A319": 0.15384615384615385,
      "A321": 0.15384615384615385,
      "A320": 0.15384615384615385,
      "CRJ7": 0.07692307692307693
    },
    "VIR": {
      "A330": 1.0
    },
    "VRD": {
      "A320": 0.5,
      "A319": 0.5
    },
    "SWA": {
      "B738": 1.0
    }
  },
  "hourly_profile": [],
  "delay_rate": 0.0,
  "delay_distribution": {},
  "mean_delay_minutes": 0.0,
  "data_source": "openflights",
  "region": "",
  "profile_date": "2026-03-21",
  "sample_size": 199
}