{
  "icao_code": "IBZ",
  "iata_code": "IBZ",
  "airline_shares": {
    "RYR": 0.26666666666666666,
    "BER": 0.16666666666666666,
    "TVF": 0.08888888888888889,
    "VLG": 0.08888888888888889,
    "EZY": 0.06666666666666667,
    "EXS": 0.05555555555555555,
    "GWI": 0.044444444444444446,
    "CFG": 0.044444444444444446,
    "TRA": 0.03333333333333333,
    "AEA": 0.027777777777777776,
    "IBE": 0.022222222222222223,
    "HMY": 0.016666666666666666,
    "BAW": 0.011111111111111112,
    "NAX": 0.011111111111111112,
    "EIN": 0.011111111111111112,
    "LGL": 0.011111111111111112,
    "GEC": 0.011111111111111112,
    "GMI": 0.011111111111111112,
    "STS": 0.011111111111111112
  },
  "domestic_route_shares": {
    "MAD": 0.21428571428571427,
    "BCN": 0.14285714285714285,
    "VLC": 0.14285714285714285,
    "AGP": 0.10714285714285714,
    "BIO": 0.10714285714285714,
    "PMI": 0.07142857142857142,
    "GRO": 0.07142857142857142,
    "ALC": 0.07142857142857142,
    "MAH": 0.03571428571428571,
    "SCQ": 0.03571428571428571
  },
  "international_route_shares": {
    "MAN": 0.05263157894736842,
    "DUS": 0.039473684210526314,
    "FRA": 0.039473684210526314,
    "EMA": 0.039473684210526314,
    "LBA": 0.039473684210526314,
    "STN": 0.039473684210526314,
    "BRU": 0.039473684210526314,
    "LGW": 0.03289473684210526,
    "CGN": 0.02631578947368421,
    "STR": 0.02631578947368421,
    "TXL": 0.02631578947368421,
    "MUC": 0.02631578947368421,
    "LHR": 0.02631578947368421,
    "DUB": 0.02631578947368421,
    "EIN": 0.02631578947368421,
    "AMS": 0.02631578947368421,
    "NCL": 0.02631578947368421,
    "LTN": 0.02631578947368421,
    "ORY": 0.02631578947368421,
    "GLA": 0.019736842105263157,
    "BSL": 0.013157894736842105,
    "FDH": 0.013157894736842105,
    "FMO": 0.013157894736842105,
    "HAJ": 0.013157894736842105,
    "HAM": 0.013157894736842105,
    "NUE": 0.013157894736842105,
    "PAD": 0.013157894736842105,
    "ZRH": 0.013157894736842105,
    "BGY": 0.013157894736842105,
    "BHX": 0.013157894736842105,
    "BLQ": 0.013157894736842105,
    "BOH": 0.013157894736842105,
    "BRS": 0.013157894736842105,
    "CIA": 0.013157894736842105,
    "CRL": 0.013157894736842105,
    "HHN": 0.013157894736842105,
    "LPL": 0.013157894736842105,
    "MRS": 0.013157894736842105,
    "NRN": 0.013157894736842105,
    "PIK": 0.013157894736842105,
    "PSA": 0.013157894736842105,
    "RTM": 0.013157894736842105,
    "LUX": 0.013157894736842105,
    "BRE": 0.013157894736842105,
    "BRN": 0.013157894736842105,
    "GVA": 0.013157894736842105,
    "MXP": 0.013157894736842105,
    "SEN": 0.013157894736842105
  },
  "domestic_ratio": 0.156,
  "fleet_mix": {
    "GWI": {
      "A319": 0.6,
      "A320": 0.4
    },
    "BER": {
      "B738": 0.5,
      "A320": 0.36363636363636365,
      "A321": 0.09090909090909091,
      "A330": 0.045454545454545456
    },
    "BAW": {
      "A319": 0.5,
      "A320": 0.5
    },
    "NAX": {
      "B738": 1.0
    },
    "EIN": {
      "A320": 1.0
    },
    "RYR": {
      "B738": 1.0
    },
    "HMY": {
      "A319": 0.5,
      "A320": 0.5
    },
    "TRA": {
      "B738": 1.0
    },
    "IBE": {
      "A320": 0.6666666666666666,
      "A319": 0.3333333333333333
    },
    "LGL": {
      "DH8D": 1.0
    },
    "GEC": {
      "A321": 0.5,
      "A319": 0.5
    },
    "EXS": {
      "B738": 1.0
    },
    "GMI": {
      "A319": 1.0
    },
    "TVF": {
      "B738": 1.0
    },
    "EZY": {
      "A319": 0.6666666666666666,
      "A320": 0.3333333333333333
    },
    "AEA": {
      "B738": 0.7142857142857143,
      "E190": 0.2857142857142857
    },
    "VLG": {
      "A320": 1.0
    }
  },
  "hourly_profile": [],
  "delay_rate": 0.0,
  "delay_distribution": {},
  "mean_delay_minutes": 0.0,
  "data_source": "openflights",
  "region": "",
  "profile_date": "2026-03-21",
  "sample_size": 180
}