{
  "icao_code": "IKA",
  "iata_code": "IKA",
  "airline_shares": {
    "IRA": 0.375,
    "IRM": 0.2,
    "IRC": 0.125,
    "THY": 0.03333333333333333,
    "7J": 0.016666666666666666,
    "AZA": 0.016666666666666666,
    "BRU": 0.016666666666666666,
    "CSN": 0.016666666666666666,
    "UAE": 0.016666666666666666,
    "ETD": 0.016666666666666666,
    "ABY": 0.016666666666666666,
    "GBA": 0.016666666666666666,
    "AHY": 0.016666666666666666,
    "KKK": 0.016666666666666666,
    "KAC": 0.016666666666666666,
    "GEC": 0.016666666666666666,
    "PGT": 0.016666666666666666,
    "QTR": 0.016666666666666666,
    "AFL": 0.016666666666666666,
    "OMA": 0.016666666666666666
  },
  "domestic_route_shares": {},
  "international_route_shares": {
    "IST": 0.08333333333333333,
    "DXB": 0.06666666666666667,
    "DYU": 0.03333333333333333,
    "FCO": 0.03333333333333333,
    "ARN": 0.03333333333333333,
    "ESB": 0.03333333333333333,
    "FRA": 0.03333333333333333,
    "GYD": 0.03333333333333333,
    "KUL": 0.03333333333333333,
    "NJF": 0.03333333333333333,
    "SAW": 0.03333333333333333,
    "SVO": 0.025,
    "MSQ": 0.016666666666666666,
    "URC": 0.016666666666666666,
    "EVN": 0.016666666666666666,
    "ISU": 0.016666666666666666,
    "KBL": 0.016666666666666666,
    "AUH": 0.016666666666666666,
    "SHJ": 0.016666666666666666,
    "BAH": 0.016666666666666666,
    "AMS": 0.016666666666666666,
    "BEY": 0.016666666666666666,
    "BOM": 0.016666666666666666,
    "CGN": 0.016666666666666666,
    "GOT": 0.016666666666666666,
    "HAM": 0.016666666666666666,
    "KHI": 0.016666666666666666,
    "LHR": 0.016666666666666666,
    "MXP": 0.016666666666666666,
    "ORY": 0.016666666666666666,
    "PEK": 0.016666666666666666,
    "TAS": 0.016666666666666666,
    "VIE": 0.016666666666666666,
    "KWI": 0.016666666666666666,
    "DOH": 0.016666666666666666,
    "ALA": 0.016666666666666666,
    "BKK": 0.016666666666666666,
    "CAN": 0.016666666666666666,
    "DEL": 0.016666666666666666,
    "DUS": 0.016666666666666666,
    "EBL": 0.016666666666666666,
    "PVG": 0.016666666666666666,
    "MCT": 0.016666666666666666,
    "MZR": 0.008333333333333333
  },
  "domestic_ratio": 0.0,
  "fleet_mix": {
    "AZA": {
      "A320": 1.0
    },
    "BRU": {
      "E175": 1.0
    },
    "CSN": {
      "B737": 1.0
    },
    "UAE": {
      "B777": 0.6666666666666666,
      "A330": 0.3333333333333333
    },
    "ETD": {
      "A320": 1.0
    },
    "ABY": {
      "A320": 1.0
    },
    "GBA": {
      "A320": 1.0
    },
    "IRA": {
      "A320": 1.0
    },
    "AHY": {
      "E175": 0.3333333333333333,
      "E190": 0.3333333333333333,
      "A319": 0.3333333333333333
    },
    "KKK": {
      "A320": 1.0
    },
    "KAC": {
      "A320": 1.0
    },
    "PGT": {
      "B738": 0.5,
      "A320": 0.5
    },
    "QTR": {
      "A320": 0.5,
      "A321": 0.5
    },
    "AFL": {
      "A320": 1.0
    },
    "THY": {
      "B738": 0.4,
      "A330": 0.2,
      "A321": 0.2,
      "B739": 0.2
    },
    "OMA": {
      "E175": 1.0
    }
  },
  "hourly_profile": [],
  "delay_rate": 0.0,
  "delay_distribution": {},
  "mean_delay_minutes": 0.0,
  "data_source": "openflights",
  "region": "",
  "profile_date": "2026-03-21",
  "sample_size": 120
}