{
  "icao_code": "IKT",
  "iata_code": "IKT",
  "airline_shares": {
    "IOS": 0.24390243902439024,
    "MRR": 0.1951219512195122,
    "SBI": 0.17073170731707318,
    "SYL": 0.0975609756097561,
    "DRU": 0.04878048780487805,
    "CWK": 0.04878048780487805,
    "AFL": 0.04878048780487805,
    "SVR": 0.036585365853658534,
    "CHH": 0.024390243902439025,
    "SZ": 0.024390243902439025,
    "TSO": 0.024390243902439025,
    "Y7": 0.024390243902439025,
    "YK": 0.012195121951219513
  },
  "domestic_route_shares": {
    "OVB": 0.17647058823529413,
    "YKS": 0.17647058823529413,
    "HTA": 0.11764705882352941,
    "KJA": 0.11764705882352941,
    "DME": 0.11764705882352941,
    "ABA": 0.058823529411764705,
    "UUD": 0.058823529411764705,
    "VVO": 0.058823529411764705,
    "SVO": 0.058823529411764705,
    "VKO": 0.058823529411764705
  },
  "international_route_shares": {
    "ULK": 0.125,
    "ODO": 0.08333333333333333,
    "UKX": 0.08333333333333333,
    "DYU": 0.08333333333333333,
    "HRB": 0.0625,
    "OSS": 0.0625,
    "BTK": 0.041666666666666664,
    "KCK": 0.041666666666666664,
    "MJZ": 0.041666666666666664,
    "NZH": 0.041666666666666664,
    "KYZ": 0.041666666666666664,
    "FRU": 0.041666666666666664,
    "NER": 0.041666666666666664,
    "TAS": 0.041666666666666664,
    "BKK": 0.041666666666666664,
    "GDX": 0.041666666666666664,
    "PEK": 0.041666666666666664,
    "KHV": 0.041666666666666664
  },
  "domestic_ratio": 0.415,
  "fleet_mix": {
    "DRU": {
      "B738": 1.0
    },
    "CHH": {
      "B738": 1.0
    },
    "CWK": {
      "A320": 1.0
    },
    "SYL": {
      "B738": 0.6666666666666666,
      "DH8D": 0.3333333333333333
    },
    "SBI": {
      "A320": 0.75,
      "B738": 0.25
    },
    "AFL": {
      "A319": 0.5,
      "A320": 0.5
    },
    "SZ": {
      "B737": 1.0
    },
    "SVR": {
      "A320": 1.0
    },
    "TSO": {
      "B738": 1.0
    },
    "Y7": {
      "AT76": 1.0
    },
    "YK": {
      "B737": 1.0
    }
  },
  "hourly_profile": [],
  "delay_rate": 0.0,
  "delay_distribution": {},
  "mean_delay_minutes": 0.0,
  "data_source": "openflights",
  "region": "",
  "profile_date": "2026-03-21",
  "sample_size": 82
}