{
  "icao_code": "INC",
  "iata_code": "INC",
  "airline_shares": {
    "CSN": 0.16666666666666666,
    "CES": 0.16666666666666666,
    "CCA": 0.12962962962962962,
    "CDG": 0.1111111111111111,
    "GUN": 0.09259259259259259,
    "CSC": 0.07407407407407407,
    "CXA": 0.05555555555555555,
    "G5": 0.037037037037037035,
    "VEX": 0.037037037037037035,
    "DKH": 0.027777777777777776,
    "CHH": 0.027777777777777776,
    "YCP": 0.018518518518518517,
    "WCP": 0.018518518518518517,
    "CSH": 0.018518518518518517,
    "CSZ": 0.018518518518518517
  },
  "domestic_route_shares": {
    "PEK": 0.1326530612244898,
    "XIY": 0.12244897959183673,
    "PVG": 0.08163265306122448,
    "CKG": 0.061224489795918366,
    "CGO": 0.061224489795918366,
    "URC": 0.061224489795918366,
    "CTU": 0.04081632653061224,
    "NKG": 0.04081632653061224,
    "TYN": 0.04081632653061224,
    "WUH": 0.04081632653061224,
    "HRB": 0.02040816326530612,
    "KWL": 0.02040816326530612,
    "CGQ": 0.02040816326530612,
    "HGH": 0.02040816326530612,
    "CSX": 0.02040816326530612,
    "HET": 0.02040816326530612,
    "JGN": 0.02040816326530612,
    "DSN": 0.02040816326530612,
    "KWE": 0.02040816326530612,
    "LHW": 0.02040816326530612,
    "KMG": 0.02040816326530612,
    "SJW": 0.02040816326530612,
    "TNA": 0.02040816326530612,
    "XNN": 0.02040816326530612,
    "LXA": 0.02040816326530612,
    "SHA": 0.01020408163265306
  },
  "international_route_shares": {
    "TPE": 0.4,
    "XUZ": 0.2,
    "RLK": 0.2,
    "HKG": 0.2
  },
  "domestic_ratio": 0.907,
  "fleet_mix": {
    "CSC": {
      "A321": 0.75,
      "A320": 0.25
    },
    "CCA": {
      "B737": 0.25,
      "B738": 0.25,
      "A320": 0.25,
      "A321": 0.125,
      "A319": 0.125
    },
    "YCP": {
      "B738": 1.0
    },
    "CSN": {
      "A320": 0.4166666666666667,
      "B738": 0.25,
      "B737": 0.16666666666666666,
      "A319": 0.08333333333333333,
      "A321": 0.08333333333333333
    },
    "CSH": {
      "B738": 1.0
    },
    "GUN": {
      "E190": 1.0
    },
    "DKH": {
      "A320": 1.0
    },
    "CHH": {
      "B738": 1.0
    },
    "CXA": {
      "B737": 1.0
    },
    "CES": {
      "A320": 0.8888888888888888,
      "B737": 0.1111111111111111
    },
    "CDG": {
      "B738": 1.0
    },
    "VEX": {
      "A319": 1.0
    },
    "CSZ": {
      "A320": 0.5,
      "B738": 0.5
    }
  },
  "hourly_profile": [],
  "delay_rate": 0.0,
  "delay_distribution": {},
  "mean_delay_minutes": 0.0,
  "data_source": "openflights",
  "region": "",
  "profile_date": "2026-03-21",
  "sample_size": 108
}