{
  "icao_code": "IND",
  "iata_code": "IND",
  "airline_shares": {
    "SWA": 0.25316455696202533,
    "DAL": 0.24050632911392406,
    "USA": 0.20253164556962025,
    "AAL": 0.12658227848101267,
    "TRS": 0.0759493670886076,
    "FFT": 0.05063291139240506,
    "UAL": 0.05063291139240506
  },
  "domestic_route_shares": {
    "LAX": 0.0821917808219178,
    "PHX": 0.0821917808219178,
    "CLT": 0.0547945205479452,
    "DFW": 0.0547945205479452,
    "PHL": 0.0547945205479452,
    "ATL": 0.0547945205479452,
    "RSW": 0.0547945205479452,
    "DEN": 0.0547945205479452,
    "MCO": 0.0547945205479452,
    "TPA": 0.0547945205479452,
    "JFK": 0.0410958904109589,
    "DTW": 0.0273972602739726,
    "LGA": 0.0273972602739726,
    "MSP": 0.0273972602739726,
    "SLC": 0.0273972602739726,
    "IAH": 0.0273972602739726,
    "SFO": 0.0273972602739726,
    "DCA": 0.0273972602739726,
    "MIA": 0.0273972602739726,
    "BWI": 0.0273972602739726,
    "FLL": 0.0273972602739726,
    "HOU": 0.0273972602739726,
    "LAS": 0.0273972602739726,
    "MCI": 0.0273972602739726
  },
  "international_route_shares": {
    "CUN": 0.3333333333333333,
    "MBJ": 0.3333333333333333,
    "TTN": 0.3333333333333333
  },
  "domestic_ratio": 0.924,
  "fleet_mix": {
    "AAL": {
      "A319": 0.45454545454545453,
      "B738": 0.18181818181818182,
      "E190": 0.18181818181818182,
      "A320": 0.18181818181818182
    },
    "DAL": {
      "A320": 0.56,
      "A319": 0.2,
      "E175": 0.12,
      "CRJ7": 0.08,
      "CRJ9": 0.04
    },
    "FFT": {
      "A319": 0.6666666666666666,
      "A320": 0.3333333333333333
    },
    "UAL": {
      "A319": 1.0
    },
    "USA": {
      "A319": 0.38461538461538464,
      "CRJ9": 0.15384615384615385,
      "B738": 0.15384615384615385,
      "E190": 0.15384615384615385,
      "A320": 0.15384615384615385
    }
  },
  "hourly_profile": [],
  "delay_rate": 0.0,
  "delay_distribution": {},
  "mean_delay_minutes": 0.0,
  "data_source": "openflights",
  "region": "",
  "profile_date": "2026-03-21",
  "sample_size": 79
}