{
  "icao_code": "ISB",
  "iata_code": "ISB",
  "airline_shares": {
    "PIA": 0.5504587155963303,
    "SAI": 0.13761467889908258,
    "SVA": 0.05504587155963303,
    "4Q": 0.03669724770642202,
    "MXI": 0.03669724770642202,
    "CSN": 0.01834862385321101,
    "UAE": 0.01834862385321101,
    "ETD": 0.01834862385321101,
    "GBA": 0.01834862385321101,
    "KAC": 0.01834862385321101,
    "QTR": 0.01834862385321101,
    "THA": 0.01834862385321101,
    "THY": 0.01834862385321101,
    "OMA": 0.01834862385321101,
    "KNE": 0.01834862385321101
  },
  "domestic_route_shares": {
    "KHI": 0.2727272727272727,
    "UET": 0.2727272727272727,
    "KDU": 0.09090909090909091,
    "LHE": 0.09090909090909091,
    "MUX": 0.09090909090909091,
    "PEW": 0.09090909090909091,
    "SKT": 0.09090909090909091
  },
  "international_route_shares": {
    "JED": 0.09195402298850575,
    "DXB": 0.06896551724137931,
    "AUH": 0.06896551724137931,
    "RUH": 0.06896551724137931,
    "DMM": 0.05747126436781609,
    "KBL": 0.04597701149425287,
    "SKZ": 0.04597701149425287,
    "MCT": 0.04597701149425287,
    "HEA": 0.022988505747126436,
    "URC": 0.022988505747126436,
    "BAH": 0.022988505747126436,
    "KWI": 0.022988505747126436,
    "BCN": 0.022988505747126436,
    "BHV": 0.022988505747126436,
    "BHX": 0.022988505747126436,
    "CDG": 0.022988505747126436,
    "CJL": 0.022988505747126436,
    "GIL": 0.022988505747126436,
    "LBA": 0.022988505747126436,
    "LHR": 0.022988505747126436,
    "MAN": 0.022988505747126436,
    "MED": 0.022988505747126436,
    "MXP": 0.022988505747126436,
    "PEK": 0.022988505747126436,
    "SHJ": 0.022988505747126436,
    "YYZ": 0.022988505747126436,
    "DOH": 0.022988505747126436,
    "BKK": 0.022988505747126436,
    "IST": 0.022988505747126436,
    "CPH": 0.011494252873563218,
    "OSL": 0.011494252873563218
  },
  "domestic_ratio": 0.202,
  "fleet_mix": {
    "4Q": {
      "A319": 1.0
    },
    "CSN": {
      "B752": 1.0
    },
    "UAE": {
      "B777": 1.0
    },
    "ETD": {
      "A320": 0.3333333333333333,
      "A330": 0.3333333333333333,
      "B777": 0.3333333333333333
    },
    "KAC": {
      "A320": 1.0
    },
    "SAI": {
      "A320": 0.5,
      "A330": 0.5
    },
    "PIA": {
      "B777": 0.7692307692307693,
      "A320": 0.07692307692307693,
      "B738": 0.07692307692307693,
      "B737": 0.07692307692307693
    },
    "QTR": {
      "A330": 0.6666666666666666,
      "B777": 0.3333333333333333
    },
    "THA": {
      "A330": 1.0
    },
    "THY": {
      "B738": 1.0
    },
    "OMA": {
      "B738": 0.5,
      "B737": 0.5
    }
  },
  "hourly_profile": [],
  "delay_rate": 0.0,
  "delay_distribution": {},
  "mean_delay_minutes": 0.0,
  "data_source": "openflights",
  "region": "",
  "profile_date": "2026-03-21",
  "sample_size": 109
}