{
  "icao_code": "IST",
  "iata_code": "IST",
  "airline_shares": {
    "THY": 0.6417033773861968,
    "OHY": 0.04698972099853157,
    "KKK": 0.03524229074889868,
    "SAS": 0.01762114537444934,
    "DAH": 0.011747430249632892,
    "KZR": 0.011747430249632892,
    "MSR": 0.011747430249632892,
    "OZR": 0.011747430249632892,
    "AUI": 0.011747430249632892,
    "AFL": 0.011747430249632892,
    "SVA": 0.011747430249632892,
    "AAW": 0.00881057268722467,
    "CCA": 0.00881057268722467,
    "LMU": 0.007342143906020558,
    "AFR": 0.005873715124816446,
    "GEC": 0.005873715124816446,
    "LAA": 0.005873715124816446,
    "LYN": 0.005873715124816446,
    "ACA": 0.004405286343612335,
    "7J": 0.002936857562408223,
    "MLD": 0.002936857562408223,
    "AEE": 0.002936857562408223,
    "RAM": 0.002936857562408223,
    "AZA": 0.002936857562408223,
    "BRU": 0.002936857562408223,
    "BAW": 0.002936857562408223,
    "CSN": 0.002936857562408223,
    "UAE": 0.002936857562408223,
    "IRC": 0.002936857562408223,
    "ETD": 0.002936857562408223,
    "GBA": 0.002936857562408223,
    "UZB": 0.002936857562408223,
    "IRA": 0.002936857562408223,
    "AHY": 0.002936857562408223,
    "BON": 0.002936857562408223,
    "ADR": 0.002936857562408223,
    "KAL": 0.002936857562408223,
    "KLM": 0.002936857562408223,
    "AMC": 0.002936857562408223,
    "KAC": 0.002936857562408223,
    "LOT": 0.002936857562408223,
    "SWR": 0.002936857562408223,
    "MEA": 0.002936857562408223,
    "MAS": 0.002936857562408223,
    "OAL": 0.002936857562408223,
    "CTN": 0.002936857562408223,
    "PGT": 0.002936857562408223,
    "QTR": 0.002936857562408223,
    "RJA": 0.002936857562408223,
    "ROT": 0.002936857562408223,
    "SQC": 0.002936857562408223,
    "SZ": 0.002936857562408223,
    "TUA": 0.002936857562408223,
    "TAP": 0.002936857562408223,
    "TAR": 0.002936857562408223,
    "TSO": 0.002936857562408223,
    "USA": 0.002936857562408223,
    "IRM": 0.002936857562408223,
    "RWD": 0.002936857562408223,
    "OMA": 0.002936857562408223,
    "AFG": 0.0014684287812041115,
    "SYL": 0.0014684287812041115
  },
  "domestic_route_shares": {
    "ADB": 0.16326530612244897,
    "ADA": 0.12244897959183673,
    "AYT": 0.12244897959183673,
    "BJV": 0.12244897959183673,
    "GZT": 0.12244897959183673,
    "DLM": 0.08163265306122448,
    "GNY": 0.08163265306122448,
    "ESB": 0.061224489795918366,
    "ASR": 0.04081632653061224,
    "KYA": 0.04081632653061224,
    "NAV": 0.04081632653061224
  },
  "international_route_shares": {
    "IKA": 0.015822784810126583,
    "KBP": 0.012658227848101266,
    "ODS": 0.011075949367088608,
    "DYU": 0.00949367088607595,
    "CDG": 0.00949367088607595,
    "ECN": 0.00949367088607595,
    "BEN": 0.00949367088607595,
    "TIP": 0.00949367088607595,
    "ATH": 0.00949367088607595,
    "ICN": 0.00949367088607595,
    "MUC": 0.00949367088607595,
    "ZRH": 0.00949367088607595,
    "DOK": 0.00949367088607595,
    "JED": 0.007911392405063292,
    "DIY": 0.006329113924050633,
    "ERZ": 0.006329113924050633,
    "EZS": 0.006329113924050633,
    "MLX": 0.006329113924050633,
    "TZX": 0.006329113924050633,
    "MRA": 0.006329113924050633,
    "KIV": 0.006329113924050633,
    "YYZ": 0.006329113924050633,
    "MRS": 0.006329113924050633,
    "ALG": 0.006329113924050633,
    "ORN": 0.006329113924050633,
    "CMN": 0.006329113924050633,
    "FCO": 0.006329113924050633,
    "MSQ": 0.006329113924050633,
    "LHR": 0.006329113924050633,
    "CAN": 0.006329113924050633,
    "PEK": 0.006329113924050633,
    "PVG": 0.006329113924050633,
    "DXB": 0.006329113924050633,
    "AUH": 0.006329113924050633,
    "BAH": 0.006329113924050633,
    "TAS": 0.006329113924050633,
    "GYD": 0.006329113924050633,
    "SJJ": 0.006329113924050633,
    "LJU": 0.006329113924050633,
    "ALA": 0.006329113924050633,
    "TSE": 0.006329113924050633,
    "EBL": 0.006329113924050633,
    "ISU": 0.006329113924050633,
    "TBS": 0.006329113924050633,
    "AMS": 0.006329113924050633,
    "MLA": 0.006329113924050633,
    "KWI": 0.006329113924050633,
    "FRA": 0.006329113924050633,
    "WAW": 0.006329113924050633,
    "BEY": 0.006329113924050633,
    "KUL": 0.006329113924050633,
    "CAI": 0.006329113924050633,
    "HRG": 0.006329113924050633,
    "SSH": 0.006329113924050633,
    "ZAG": 0.006329113924050633,
    "VIE": 0.006329113924050633,
    "DNK": 0.006329113924050633,
    "FRU": 0.006329113924050633,
    "OSS": 0.006329113924050633,
    "DOH": 0.006329113924050633,
    "AMM": 0.006329113924050633,
    "OTP": 0.006329113924050633,
    "ARN": 0.006329113924050633,
    "CPH": 0.006329113924050633,
    "GOT": 0.006329113924050633,
    "HEL": 0.006329113924050633,
    "OSL": 0.006329113924050633,
    "SIN": 0.006329113924050633,
    "AER": 0.006329113924050633,
    "LED": 0.006329113924050633,
    "ROV": 0.006329113924050633,
    "DMM": 0.006329113924050633,
    "MED": 0.006329113924050633,
    "RUH": 0.006329113924050633,
    "ASB": 0.006329113924050633,
    "IAH": 0.006329113924050633,
    "LIS": 0.006329113924050633,
    "MCT": 0.006329113924050633,
    "TUN": 0.006329113924050633,
    "VKO": 0.006329113924050633,
    "BLL": 0.004746835443037975,
    "AAL": 0.004746835443037975,
    "KGL": 0.004746835443037975,
    "GZP": 0.0031645569620253164,
    "AAE": 0.0031645569620253164,
    "CZL": 0.0031645569620253164,
    "URC": 0.0031645569620253164,
    "GUW": 0.0031645569620253164,
    "SCO": 0.0031645569620253164,
    "LTN": 0.0031645569620253164,
    "NBC": 0.0031645569620253164,
    "SVO": 0.0031645569620253164,
    "ACC": 0.0031645569620253164,
    "ADD": 0.0031645569620253164,
    "ADF": 0.0031645569620253164,
    "AGP": 0.0031645569620253164,
    "AJI": 0.0031645569620253164,
    "AQJ": 0.0031645569620253164,
    "BAL": 0.0031645569620253164,
    "BCN": 0.0031645569620253164,
    "BEG": 0.0031645569620253164,
    "BGG": 0.0031645569620253164,
    "BGW": 0.0031645569620253164,
    "BHX": 0.0031645569620253164,
    "BIO": 0.0031645569620253164,
    "BKK": 0.0031645569620253164,
    "BLQ": 0.0031645569620253164,
    "BOM": 0.0031645569620253164,
    "BRE": 0.0031645569620253164,
    "BRU": 0.0031645569620253164,
    "BSL": 0.0031645569620253164,
    "BSR": 0.0031645569620253164,
    "BUD": 0.0031645569620253164,
    "BUS": 0.0031645569620253164,
    "CGN": 0.0031645569620253164,
    "CND": 0.0031645569620253164,
    "DAC": 0.0031645569620253164,
    "DAR": 0.0031645569620253164,
    "DEL": 0.0031645569620253164,
    "DLA": 0.0031645569620253164,
    "DNZ": 0.0031645569620253164,
    "DUB": 0.0031645569620253164,
    "DUS": 0.0031645569620253164,
    "EDI": 0.0031645569620253164,
    "ELQ": 0.0031645569620253164,
    "ERC": 0.0031645569620253164,
    "FDH": 0.0031645569620253164,
    "FIH": 0.0031645569620253164,
    "GOA": 0.0031645569620253164,
    "GRU": 0.0031645569620253164,
    "GVA": 0.0031645569620253164,
    "HAJ": 0.0031645569620253164,
    "HAM": 0.0031645569620253164,
    "HBE": 0.0031645569620253164,
    "HKG": 0.0031645569620253164,
    "HTY": 0.0031645569620253164,
    "IAD": 0.0031645569620253164,
    "IFN": 0.0031645569620253164,
    "IGD": 0.0031645569620253164,
    "ISB": 0.0031645569620253164,
    "ISE": 0.0031645569620253164,
    "JFK": 0.0031645569620253164,
    "JIB": 0.0031645569620253164,
    "JNB": 0.0031645569620253164,
    "KBL": 0.0031645569620253164,
    "KCM": 0.0031645569620253164,
    "KFS": 0.0031645569620253164,
    "KHI": 0.0031645569620253164,
    "KIX": 0.0031645569620253164,
    "KRT": 0.0031645569620253164,
    "KSH": 0.0031645569620253164,
    "KSY": 0.0031645569620253164,
    "KTM": 0.0031645569620253164,
    "KVD": 0.0031645569620253164,
    "KZN": 0.0031645569620253164,
    "KZR": 0.0031645569620253164,
    "LAX": 0.0031645569620253164,
    "LEJ": 0.0031645569620253164,
    "LGW": 0.0031645569620253164,
    "LHE": 0.0031645569620253164,
    "LOS": 0.0031645569620253164,
    "LUX": 0.0031645569620253164,
    "LWO": 0.0031645569620253164,