{
  "icao_code": "ITM",
  "iata_code": "ITM",
  "airline_shares": {
    "ANA": 0.5,
    "IBX": 0.22727272727272727,
    "JAL": 0.22727272727272727,
    "AAL": 0.045454545454545456
  },
  "domestic_route_shares": {
    "NRT": 0.15,
    "CTS": 0.15,
    "FUK": 0.15,
    "SDJ": 0.1,
    "HND": 0.1,
    "OKA": 0.1,
    "KIJ": 0.05,
    "KMI": 0.05,
    "KMJ": 0.05,
    "KOJ": 0.05,
    "NGS": 0.05
  },
  "international_route_shares": {
    "FKS": 0.5,
    "OIT": 0.5
  },
  "domestic_ratio": 0.909,
  "fleet_mix": {
    "AAL": {
      "B777": 0.5,
      "B737": 0.5
    },
    "IBX": {
      "CRJ9": 1.0
    },
    "JAL": {
      "B777": 0.5,
      "B738": 0.16666666666666666,
      "E175": 0.16666666666666666,
      "B767": 0.16666666666666666
    },
    "ANA": {
      "A320": 0.2727272727272727,
      "B767": 0.2727272727272727,
      "B777": 0.1590909090909091,
      "B738": 0.13636363636363635,
      "B737": 0.11363636363636363,
      "B787": 0.045454545454545456
    }
  },
  "hourly_profile": [],
  "delay_rate": 0.0,
  "delay_distribution": {},
  "mean_delay_minutes": 0.0,
  "data_source": "openflights",
  "region": "",
  "profile_date": "2026-03-21",
  "sample_size": 44
}