{
  "icao_code": "IXC",
  "iata_code": "IXC",
  "airline_shares": {
    "SEJ": 0.3333333333333333,
    "IGO": 0.16666666666666666,
    "JAI": 0.16666666666666666,
    "AIC": 0.16666666666666666,
    "GUJ": 0.16666666666666666
  },
  "domestic_route_shares": {
    "BOM": 0.5,
    "DEL": 0.3333333333333333,
    "SXR": 0.16666666666666666
  },
  "international_route_shares": {},
  "domestic_ratio": 1.0,
  "fleet_mix": {
    "IGO": {
      "A320": 1.0
    },
    "JAI": {
      "B738": 1.0
    },
    "AIC": {
      "A321": 1.0
    },
    "GUJ": {
      "A320": 1.0
    },
    "SEJ": {
      "B737": 1.0
    }
  },
  "hourly_profile": [],
  "delay_rate": 0.0,
  "delay_distribution": {},
  "mean_delay_minutes": 0.0,
  "data_source": "openflights",
  "region": "",
  "profile_date": "2026-03-21",
  "sample_size": 12
}