{
  "icao_code": "JAI",
  "iata_code": "JAI",
  "airline_shares": {
    "IGO": 0.3448275862068966,
    "AIC": 0.13793103448275862,
    "JAI": 0.10344827586206896,
    "ETD": 0.06896551724137931,
    "GUJ": 0.06896551724137931,
    "ABY": 0.06896551724137931,
    "AXB": 0.06896551724137931,
    "SEJ": 0.06896551724137931,
    "OMA": 0.06896551724137931
  },
  "domestic_route_shares": {
    "BOM": 0.3333333333333333,
    "DEL": 0.2857142857142857,
    "AMD": 0.09523809523809523,
    "BLR": 0.09523809523809523,
    "CCU": 0.09523809523809523,
    "HYD": 0.09523809523809523
  },
  "international_route_shares": {
    "SHJ": 0.5,
    "AUH": 0.25,
    "MCT": 0.25
  },
  "domestic_ratio": 0.724,
  "fleet_mix": {
    "IGO": {
      "A320": 1.0
    },
    "JAI": {
      "B738": 1.0
    },
    "AIC": {
      "A319": 1.0
    },
    "ETD": {
      "A320": 1.0
    },
    "GUJ": {
      "A320": 1.0
    },
    "ABY": {
      "A320": 1.0
    },
    "AXB": {
      "B738": 1.0
    },
    "OMA": {
      "B738": 1.0
    }
  },
  "hourly_profile": [],
  "delay_rate": 0.0,
  "delay_distribution": {},
  "mean_delay_minutes": 0.0,
  "data_source": "openflights",
  "region": "",
  "profile_date": "2026-03-21",
  "sample_size": 29
}