{
  "icao_code": "JAX",
  "iata_code": "JAX",
  "airline_shares": {
    "SWA": 0.3137254901960784,
    "USA": 0.19607843137254902,
    "AAL": 0.11764705882352941,
    "JBU": 0.11764705882352941,
    "DAL": 0.09803921568627451,
    "3M": 0.0784313725490196,
    "TRS": 0.0392156862745098,
    "UAL": 0.0392156862745098
  },
  "domestic_route_shares": {
    "ATL": 0.1276595744680851,
    "CLT": 0.0851063829787234,
    "DFW": 0.0851063829787234,
    "PHL": 0.0851063829787234,
    "ORD": 0.0851063829787234,
    "JFK": 0.06382978723404255,
    "TPA": 0.0425531914893617,
    "BOS": 0.0425531914893617,
    "LGA": 0.0425531914893617,
    "MIA": 0.0425531914893617,
    "BNA": 0.0425531914893617,
    "BWI": 0.0425531914893617,
    "DEN": 0.0425531914893617,
    "FLL": 0.0425531914893617,
    "HOU": 0.0425531914893617,
    "LAS": 0.0425531914893617,
    "MDW": 0.0425531914893617
  },
  "international_route_shares": {
    "MHH": 0.5,
    "SJU": 0.5
  },
  "domestic_ratio": 0.922,
  "fleet_mix": {
    "AAL": {
      "A319": 0.3333333333333333,
      "B737": 0.3333333333333333,
      "E190": 0.3333333333333333
    },
    "JBU": {
      "E190": 0.6666666666666666,
      "A320": 0.3333333333333333
    },
    "DAL": {
      "B739": 0.2857142857142857,
      "B738": 0.2857142857142857,
      "CRJ7": 0.2857142857142857,
      "CRJ9": 0.14285714285714285
    },
    "UAL": {
      "B737": 0.5,
      "A320": 0.5
    },
    "USA": {
      "A319": 0.3333333333333333,
      "CRJ7": 0.3333333333333333,
      "E190": 0.3333333333333333
    }
  },
  "hourly_profile": [],
  "delay_rate": 0.0,
  "delay_distribution": {},
  "mean_delay_minutes": 0.0,
  "data_source": "openflights",
  "region": "",
  "profile_date": "2026-03-21",
  "sample_size": 51
}