{
  "icao_code": "JED",
  "iata_code": "JED",
  "airline_shares": {
    "SVA": 0.4367816091954023,
    "KNE": 0.14367816091954022,
    "IYE": 0.034482758620689655,
    "PIA": 0.034482758620689655,
    "AIC": 0.022988505747126436,
    "MSR": 0.022988505747126436,
    "SAI": 0.017241379310344827,
    "AAW": 0.011494252873563218,
    "BBC": 0.011494252873563218,
    "FDB": 0.011494252873563218,
    "GIA": 0.011494252873563218,
    "GEC": 0.011494252873563218,
    "NIA": 0.011494252873563218,
    "SUD": 0.011494252873563218,
    "AEA": 0.011494252873563218,
    "OMA": 0.011494252873563218,
    "ALK": 0.008620689655172414,
    "UBD": 0.005747126436781609,
    "JAI": 0.005747126436781609,
    "RAM": 0.005747126436781609,
    "BAW": 0.005747126436781609,
    "RBA": 0.005747126436781609,
    "XAX": 0.005747126436781609,
    "RBG": 0.005747126436781609,
    "UAE": 0.005747126436781609,
    "ALX": 0.005747126436781609,
    "ETH": 0.005747126436781609,
    "ETD": 0.005747126436781609,
    "AFG": 0.005747126436781609,
    "ABY": 0.005747126436781609,
    "GBA": 0.005747126436781609,
    "JZR": 0.005747126436781609,
    "LNI": 0.005747126436781609,
    "KAL": 0.005747126436781609,
    "KAC": 0.005747126436781609,
    "1QA": 0.005747126436781609,
    "MEA": 0.005747126436781609,
    "MAS": 0.005747126436781609,
    "QTR": 0.005747126436781609,
    "RJA": 0.005747126436781609,
    "RFJ": 0.005747126436781609,
    "SQC": 0.005747126436781609,
    "THY": 0.005747126436781609,
    "TAR": 0.005747126436781609,
    "TEP": 0.005747126436781609,
    "LMU": 0.005747126436781609,
    "WZP": 0.0028735632183908046,
    "9D": 0.0028735632183908046,
    "ACA": 0.0028735632183908046
  },
  "domestic_route_shares": {
    "RUH": 0.3125,
    "AHB": 0.125,
    "DMM": 0.125,
    "MED": 0.125,
    "AJF": 0.0625,
    "ELQ": 0.0625,
    "HOF": 0.0625,
    "TUU": 0.0625,
    "YNB": 0.0625
  },
  "international_route_shares": {
    "HBE": 0.04430379746835443,
    "KWI": 0.03164556962025317,
    "KUL": 0.02531645569620253,
    "DXB": 0.02531645569620253,
    "CGK": 0.02531645569620253,
    "ISB": 0.02531645569620253,
    "LHE": 0.02531645569620253,
    "AMM": 0.02531645569620253,
    "DAC": 0.0189873417721519,
    "BOM": 0.0189873417721519,
    "CMN": 0.0189873417721519,
    "ADD": 0.0189873417721519,
    "CAI": 0.0189873417721519,
    "KHI": 0.0189873417721519,
    "KRT": 0.0189873417721519,
    "IST": 0.015822784810126583,
    "CCJ": 0.012658227848101266,
    "DEL": 0.012658227848101266,
    "LHR": 0.012658227848101266,
    "AUH": 0.012658227848101266,
    "BAH": 0.012658227848101266,
    "ADE": 0.012658227848101266,
    "SAH": 0.012658227848101266,
    "FRA": 0.012658227848101266,
    "HMB": 0.012658227848101266,
    "BEY": 0.012658227848101266,
    "LXR": 0.012658227848101266,
    "SSH": 0.012658227848101266,
    "PEW": 0.012658227848101266,
    "DOH": 0.012658227848101266,
    "CMB": 0.012658227848101266,
    "GIZ": 0.012658227848101266,
    "MAD": 0.012658227848101266,
    "MAN": 0.012658227848101266,
    "TUN": 0.012658227848101266,
    "HYD": 0.00949367088607595,
    "MCT": 0.00949367088607595,
    "BEN": 0.006329113924050633,
    "TIP": 0.006329113924050633,
    "CGP": 0.006329113924050633,
    "BWN": 0.006329113924050633,
    "DWC": 0.006329113924050633,
    "SHJ": 0.006329113924050633,
    "SUB": 0.006329113924050633,
    "GXF": 0.006329113924050633,
    "HOD": 0.006329113924050633,
    "RIY": 0.006329113924050633,
    "TAI": 0.006329113924050633,
    "MUX": 0.006329113924050633,
    "SKT": 0.006329113924050633,
    "PZU": 0.006329113924050633,
    "ABT": 0.006329113924050633,
    "AQI": 0.006329113924050633,
    "BHH": 0.006329113924050633,
    "BLR": 0.006329113924050633,
    "CAN": 0.006329113924050633,
    "CDG": 0.006329113924050633,
    "DWD": 0.006329113924050633,
    "EAM": 0.006329113924050633,
    "EJH": 0.006329113924050633,
    "FCO": 0.006329113924050633,
    "GVA": 0.006329113924050633,
    "HAS": 0.006329113924050633,
    "IAD": 0.006329113924050633,
    "JFK": 0.006329113924050633,
    "JNB": 0.006329113924050633,
    "KAN": 0.006329113924050633,
    "LAX": 0.006329113924050633,
    "LKO": 0.006329113924050633,
    "MAA": 0.006329113924050633,
    "MNL": 0.006329113924050633,
    "MXP": 0.006329113924050633,
    "NBO": 0.006329113924050633,
    "RAE": 0.006329113924050633,
    "SHW": 0.006329113924050633,
    "SIN": 0.006329113924050633,
    "URY": 0.006329113924050633,
    "WAE": 0.006329113924050633,
    "YYZ": 0.006329113924050633,
    "ASM": 0.006329113924050633,
    "SLL": 0.006329113924050633,
    "ADA": 0.006329113924050633,
    "ASW": 0.006329113924050633,
    "ATZ": 0.006329113924050633,
    "HTY": 0.006329113924050633,
    "LGW": 0.006329113924050633,
    "SAW": 0.006329113924050633,
    "JIB": 0.0031645569620253164,
    "NDJ": 0.0031645569620253164,
    "ALG": 0.0031645569620253164,
    "AWZ": 0.0031645569620253164,
    "AZD": 0.0031645569620253164,
    "GBT": 0.0031645569620253164,
    "IFN": 0.0031645569620253164,
    "MHD": 0.0031645569620253164,
    "OMH": 0.0031645569620253164,
    "ORN": 0.0031645569620253164,
    "RAS": 0.0031645569620253164,
    "SYZ": 0.0031645569620253164,
    "TBZ": 0.0031645569620253164,
    "THR": 0.0031645569620253164,
    "HRI": 0.0031645569620253164
  },
  "domestic_ratio": 0.092,
  "fleet_mix": {
    "WZP": {
      "B737": 1.0
    },
    "AAW": {
      "A320": 0.5,
      "A330": 0.5
    },
    "9D": {
      "B737": 1.0
    },
    "JAI": {
      "B739": 1.0
    },
    "ACA": {
      "A321": 1.0
    },
    "AIC": {
      "B777": 0.5,
      "B744": 0.5
    },
    "RAM": {
      "B767": 0.5,
      "B738": 0.5
    },
    "BAW": {
      "B777": 1.0
    },
    "BBC": {
      "B777": 1.0
    },
    "RBA": {
      "B787": 1.0
    },
    "RBG": {
      "A320": 1.0
    },
    "UAE": {
      "A380": 1.0
    },
    "ALX": {
      "A320": 1.0
    },
    "ETH": {
      "B738": 0.5,
      "B752": 0.5
    },
    "ETD": {
      "B777": 1.0
    },
    "FDB": {
      "B738": 1.0
    },
    "ABY": {
      "A320": 1.0
    },
    "GIA": {
      "B777": 0.5,
      "B744": 0.5
    },
    "GBA": {
      "A321": 0.3333333333333333,
      "A320": 0.3333333333333333,
      "A330": 0.3333333333333333
    },
    "IYE": {
      "A320": 1.0
    },
    "JZR": {
      "A320": 1.0
    },
    "LNI": {
      "B744": 1.0
    },
    "KAL": {
      "A330": 1.0
    },
    "KAC": {
      "A320": 1.0
    },
    "GEC": {
      "A330": 1.0
    },
    "1QA": {
      "DH8D": 1.0
    },
    "MEA": {
      "A320": 0.5,
      "A330": 0.5
    },
    "MAS": {
      "B777": 1.0
    },
    "MSR": {
      "A320": 0.5,
      "B738": 0.16666666666666666,
      "A330": 0.16666666666666666,
      "E175": 0.16666666666666666
    },
    "SAI": {
      "A330": 0.75,
      "A320": 0.25
    },
    "NIA": {
      "A320": 1.0
    },
    "PIA": {
      "B777": 1.0
    },
    "QTR": {
      "A330": 0.5,
      "B787": 0.25,
      "B777": 0.25
    },
    "RJA": {
      "A321": 0.2,
      "E190": 0.2,
      "A320": 0.2,
      "E175": 0.2,
      "A319": 0.2
    },
    "RFJ": {
      "A320": 1.0
    },
    "SUD": {
      "A320": 1.0
    },
    "SQC": {
      "A330": 1.0
    },
    "SVA": {
      "A320": 0.2830188679245283,
      "B777": 0.2830188679245283,
      "E175": 0.16037735849056603,
      "A321": 0.12264150943396226,
      "A330": 0.11320754716981132,
      "B744": 0.03773584905660377
    },
    "THY": {
      "A321": 0.5,
      "A330": 0.5
    },
    "TAR": {
      "A320": 1.0
    },
    "TEP": {
      "A320": 1.0
    },
    "LMU": {
      "A321": 1.0
    },
    "AEA": {
      "A320": 1.0
    },
    "OMA": {
      "B738": 0.5,
      "E175": 0.5
    },
    "KNE": {
      "A320": 1.0
    }
  },
  "hourly_profile": [],
  "delay_rate": 0.0,
  "delay_distribution": {},
  "mean_delay_minutes": 0.0,
  "data_source": "openflights",
  "region": "",
  "profile_date": "2026-03-21",
  "sample_size": 348
}