{
  "icao_code": "JHG",
  "iata_code": "JHG",
  "airline_shares": {
    "CES": 0.22727272727272727,
    "RHC": 0.13636363636363635,
    "CSC": 0.09090909090909091,
    "CSN": 0.09090909090909091,
    "EEA": 0.09090909090909091,
    "JAS": 0.09090909090909091,
    "KSY": 0.09090909090909091,
    "PDC": 0.045454545454545456,
    "CSH": 0.045454545454545456,
    "CHB": 0.045454545454545456,
    "LAO": 0.045454545454545456
  },
  "domestic_route_shares": {
    "KMG": 0.5294117647058824,
    "LJG": 0.23529411764705882,
    "CTU": 0.11764705882352941,
    "CKG": 0.058823529411764705,
    "HGH": 0.058823529411764705
  },
  "international_route_shares": {
    "DLU": 0.4,
    "DIG": 0.2,
    "TCZ": 0.2,
    "LPQ": 0.2
  },
  "domestic_ratio": 0.773,
  "fleet_mix": {
    "CSC": {
      "A319": 1.0
    },
    "RHC": {
      "B737": 1.0
    },
    "PDC": {
      "B738": 1.0
    },
    "CSN": {
      "B737": 1.0
    },
    "EEA": {
      "A319": 1.0
    },
    "CSH": {
      "B737": 1.0
    },
    "JAS": {
      "A319": 1.0
    },
    "KSY": {
      "B737": 1.0
    },
    "CES": {
      "B737": 0.8,
      "A320": 0.2
    },
    "CHB": {
      "A319": 1.0
    },
    "LAO": {
      "AT76": 1.0
    }
  },
  "hourly_profile": [],
  "delay_rate": 0.0,
  "delay_distribution": {},
  "mean_delay_minutes": 0.0,
  "data_source": "openflights",
  "region": "",
  "profile_date": "2026-03-21",
  "sample_size": 44
}