{
  "icao_code": "JIB",
  "iata_code": "JIB",
  "airline_shares": {
    "DAO": 0.1111111111111111,
    "ETH": 0.1111111111111111,
    "IYE": 0.1111111111111111,
    "ASL": 0.1111111111111111,
    "KQA": 0.1111111111111111,
    "THY": 0.1111111111111111,
    "WZP": 0.08333333333333333,
    "ATM": 0.08333333333333333,
    "AFR": 0.05555555555555555,
    "FDB": 0.05555555555555555,
    "MSR": 0.05555555555555555
  },
  "domestic_route_shares": {},
  "international_route_shares": {
    "MGQ": 0.16666666666666666,
    "ADD": 0.16666666666666666,
    "DXB": 0.1388888888888889,
    "SAH": 0.08333333333333333,
    "CDG": 0.05555555555555555,
    "HGA": 0.05555555555555555,
    "DIR": 0.05555555555555555,
    "TAI": 0.05555555555555555,
    "HAH": 0.05555555555555555,
    "NBO": 0.05555555555555555,
    "IST": 0.05555555555555555,
    "JED": 0.027777777777777776,
    "BBO": 0.027777777777777776
  },
  "domestic_ratio": 0.0,
  "fleet_mix": {
    "WZP": {
      "B737": 1.0
    },
    "DAO": {
      "A321": 1.0
    },
    "ATM": {
      "CRJ7": 1.0
    },
    "FDB": {
      "B738": 1.0
    },
    "ASL": {
      "B737": 1.0
    },
    "KQA": {
      "E190": 1.0
    },
    "THY": {
      "A320": 1.0
    }
  },
  "hourly_profile": [],
  "delay_rate": 0.0,
  "delay_distribution": {},
  "mean_delay_minutes": 0.0,
  "data_source": "openflights",
  "region": "",
  "profile_date": "2026-03-21",
  "sample_size": 36
}