{
  "icao_code": "JJN",
  "iata_code": "JJN",
  "airline_shares": {
    "CXA": 0.41935483870967744,
    "CSZ": 0.25806451612903225,
    "CSC": 0.06451612903225806,
    "CCA": 0.06451612903225806,
    "GUN": 0.06451612903225806,
    "9C": 0.03225806451612903,
    "CSN": 0.03225806451612903,
    "NS": 0.03225806451612903,
    "CHB": 0.03225806451612903
  },
  "domestic_route_shares": {
    "SZX": 0.11538461538461539,
    "KWE": 0.07692307692307693,
    "WUH": 0.07692307692307693,
    "SHA": 0.07692307692307693,
    "PVG": 0.07692307692307693,
    "CAN": 0.07692307692307693,
    "CSX": 0.07692307692307693,
    "HGH": 0.07692307692307693,
    "HSN": 0.07692307692307693,
    "NKG": 0.07692307692307693,
    "NNG": 0.038461538461538464,
    "YIW": 0.038461538461538464,
    "PEK": 0.038461538461538464,
    "CGO": 0.038461538461538464,
    "CTU": 0.038461538461538464
  },
  "international_route_shares": {
    "MFM": 0.4,
    "HKG": 0.4,
    "TPE": 0.2
  },
  "domestic_ratio": 0.839,
  "fleet_mix": {
    "CSC": {
      "A320": 0.5,
      "A319": 0.5
    },
    "9C": {
      "A320": 1.0
    },
    "CCA": {
      "A320": 1.0
    },
    "CSN": {
      "B738": 1.0
    },
    "GUN": {
      "E190": 1.0
    },
    "CXA": {
      "B737": 0.7692307692307693,
      "B738": 0.23076923076923078
    },
    "NS": {
      "E190": 1.0
    },
    "CHB": {
      "A320": 1.0
    },
    "CSZ": {
      "A320": 0.875,
      "B738": 0.125
    }
  },
  "hourly_profile": [],
  "delay_rate": 0.0,
  "delay_distribution": {},
  "mean_delay_minutes": 0.0,
  "data_source": "openflights",
  "region": "",
  "profile_date": "2026-03-21",
  "sample_size": 62
}