{
  "icao_code": "JOG",
  "iata_code": "JOG",
  "airline_shares": {
    "LNI": 0.3076923076923077,
    "GIA": 0.19230769230769232,
    "AWQ": 0.11538461538461539,
    "SJY": 0.11538461538461539,
    "MDL": 0.07692307692307693,
    "AXM": 0.038461538461538464,
    "ITK": 0.038461538461538464,
    "SLK": 0.038461538461538464,
    "QG": 0.038461538461538464,
    "TGW": 0.038461538461538464
  },
  "domestic_route_shares": {
    "CGK": 0.2777777777777778,
    "BPN": 0.2222222222222222,
    "DPS": 0.16666666666666666,
    "UPG": 0.1111111111111111,
    "BDJ": 0.05555555555555555,
    "BTH": 0.05555555555555555,
    "LOP": 0.05555555555555555,
    "SUB": 0.05555555555555555
  },
  "international_route_shares": {
    "SIN": 0.5,
    "PKU": 0.25,
    "KUL": 0.125,
    "PLM": 0.125
  },
  "domestic_ratio": 0.692,
  "fleet_mix": {
    "AXM": {
      "A320": 1.0
    },
    "GIA": {
      "B738": 0.6666666666666666,
      "A319": 0.3333333333333333
    },
    "ITK": {
      "B739": 1.0
    },
    "LNI": {
      "B739": 0.5555555555555556,
      "B738": 0.4444444444444444
    },
    "SLK": {
      "A320": 1.0
    },
    "QG": {
      "A320": 1.0
    },
    "AWQ": {
      "A320": 1.0
    },
    "MDL": {
      "A320": 1.0
    },
    "TGW": {
      "A320": 1.0
    }
  },
  "hourly_profile": [],
  "delay_rate": 0.0,
  "delay_distribution": {},
  "mean_delay_minutes": 0.0,
  "data_source": "openflights",
  "region": "",
  "profile_date": "2026-03-21",
  "sample_size": 52
}