{
  "icao_code": "JRO",
  "iata_code": "JRO",
  "airline_shares": {
    "PRF": 0.28125,
    "ETH": 0.15625,
    "RWD": 0.125,
    "FLM": 0.0625,
    "KLM": 0.0625,
    "KQA": 0.0625,
    "P2": 0.0625,
    "QTR": 0.0625,
    "THY": 0.0625,
    "JUS": 0.0625
  },
  "domestic_route_shares": {
    "DAR": 0.5833333333333334,
    "ZNZ": 0.25,
    "MWZ": 0.16666666666666666
  },
  "international_route_shares": {
    "WIL": 0.2,
    "NBO": 0.2,
    "EBB": 0.2,
    "ADD": 0.1,
    "MBA": 0.1,
    "KGL": 0.1,
    "AMS": 0.05,
    "IST": 0.05
  },
  "domestic_ratio": 0.375,
  "fleet_mix": {
    "ETH": {
      "B767": 1.0
    },
    "KQA": {
      "E175": 0.5,
      "E190": 0.5
    },
    "PRF": {
      "AT76": 0.6363636363636364,
      "CRJ9": 0.18181818181818182,
      "E175": 0.18181818181818182
    },
    "QTR": {
      "A320": 1.0
    },
    "THY": {
      "B739": 1.0
    },
    "JUS": {
      "CRJ9": 1.0
    },
    "RWD": {
      "CRJ9": 1.0
    }
  },
  "hourly_profile": [],
  "delay_rate": 0.0,
  "delay_distribution": {},
  "mean_delay_minutes": 0.0,
  "data_source": "openflights",
  "region": "",
  "profile_date": "2026-03-21",
  "sample_size": 32
}