{
  "icao_code": "JTR",
  "iata_code": "JTR",
  "airline_shares": {
    "TRA": 0.15384615384615385,
    "EZY": 0.15384615384615385,
    "GWI": 0.07692307692307693,
    "AEE": 0.07692307692307693,
    "BER": 0.07692307692307693,
    "BAW": 0.07692307692307693,
    "NAX": 0.07692307692307693,
    "NLY": 0.07692307692307693,
    "HMY": 0.07692307692307693,
    "TVF": 0.07692307692307693,
    "VOE": 0.07692307692307693
  },
  "domestic_route_shares": {
    "ATH": 1.0
  },
  "international_route_shares": {
    "LGW": 0.20833333333333334,
    "VIE": 0.16666666666666666,
    "MAN": 0.125,
    "CGN": 0.08333333333333333,
    "LHR": 0.08333333333333333,
    "JMK": 0.08333333333333333,
    "AMS": 0.08333333333333333,
    "VCE": 0.08333333333333333,
    "BRU": 0.041666666666666664,
    "VOL": 0.041666666666666664
  },
  "domestic_ratio": 0.077,
  "fleet_mix": {
    "GWI": {
      "A319": 1.0
    },
    "AEE": {
      "A321": 0.25,
      "A320": 0.25,
      "DH8D": 0.25,
      "A319": 0.25
    },
    "BER": {
      "A321": 0.3333333333333333,
      "A320": 0.3333333333333333,
      "E190": 0.3333333333333333
    },
    "BAW": {
      "A320": 1.0
    },
    "NAX": {
      "B738": 1.0
    },
    "NLY": {
      "A321": 0.3333333333333333,
      "A320": 0.3333333333333333,
      "E190": 0.3333333333333333
    },
    "HMY": {
      "A320": 1.0
    },
    "TRA": {
      "B738": 1.0
    },
    "EZY": {
      "A320": 1.0
    }
  },
  "hourly_profile": [],
  "delay_rate": 0.0,
  "delay_distribution": {},
  "mean_delay_minutes": 0.0,
  "data_source": "openflights",
  "region": "",
  "profile_date": "2026-03-21",
  "sample_size": 26
}