{
  "icao_code": "KATL",
  "iata_code": "ATL",
  "airline_shares": {
    "DAL": 0.6017857142857143,
    "TRS": 0.14285714285714285,
    "SWA": 0.09642857142857143,
    "FLG": 0.060714285714285714,
    "3M": 0.02142857142857143,
    "USA": 0.010714285714285714,
    "AAL": 0.007142857142857143,
    "ASA": 0.007142857142857143,
    "BAW": 0.007142857142857143,
    "FFT": 0.007142857142857143,
    "NKS": 0.007142857142857143,
    "AFR": 0.005357142857142857,
    "KAL": 0.005357142857142857,
    "UAL": 0.005357142857142857,
    "KLM": 0.0035714285714285713,
    "GEC": 0.0035714285714285713,
    "QTR": 0.0035714285714285713,
    "CAL": 0.0017857142857142857,
    "OZR": 0.0017857142857142857
  },
  "domestic_route_shares": {
    "DFW": 0.025974025974025976,
    "DEN": 0.025974025974025976,
    "FLL": 0.025974025974025976,
    "SFO": 0.025974025974025976,
    "LGA": 0.022727272727272728,
    "PHL": 0.022727272727272728,
    "MSP": 0.01948051948051948,
    "AUS": 0.01948051948051948,
    "BOS": 0.01948051948051948,
    "BWI": 0.01948051948051948,
    "DCA": 0.01948051948051948,
    "HOU": 0.01948051948051948,
    "JAX": 0.01948051948051948,
    "LAS": 0.01948051948051948,
    "LAX": 0.01948051948051948,
    "MCI": 0.01948051948051948,
    "MCO": 0.01948051948051948,
    "MDW": 0.01948051948051948,
    "MSY": 0.01948051948051948,
    "PHX": 0.01948051948051948,
    "RSW": 0.01948051948051948,
    "SAT": 0.01948051948051948,
    "SDF": 0.01948051948051948,
    "STL": 0.01948051948051948,
    "TPA": 0.01948051948051948,
    "CVG": 0.012987012987012988,
    "GSO": 0.012987012987012988,
    "SYR": 0.012987012987012988,
    "TYS": 0.012987012987012988,
    "MIA": 0.012987012987012988,
    "PDX": 0.012987012987012988,
    "SEA": 0.012987012987012988,
    "BDL": 0.012987012987012988,
    "CLT": 0.012987012987012988,
    "CMH": 0.012987012987012988,
    "DTW": 0.012987012987012988,
    "IND": 0.012987012987012988,
    "JFK": 0.012987012987012988,
    "MKE": 0.012987012987012988,
    "OKC": 0.012987012987012988,
    "ORF": 0.012987012987012988,
    "PBI": 0.012987012987012988,
    "PIT": 0.012987012987012988,
    "RDU": 0.012987012987012988,
    "RIC": 0.012987012987012988,
    "SAN": 0.012987012987012988,
    "CHS": 0.00974025974025974,
    "IAH": 0.00974025974025974,
    "ABQ": 0.006493506493506494,
    "ALB": 0.006493506493506494,
    "BHM": 0.006493506493506494,
    "BNA": 0.006493506493506494,
    "BUF": 0.006493506493506494,
    "CLE": 0.006493506493506494,
    "COS": 0.006493506493506494,
    "DSM": 0.006493506493506494,
    "ELP": 0.006493506493506494,
    "EWR": 0.006493506493506494,
    "GRR": 0.006493506493506494,
    "HNL": 0.006493506493506494,
    "IAD": 0.006493506493506494,
    "MEM": 0.006493506493506494,
    "MYR": 0.006493506493506494,
    "OMA": 0.006493506493506494,
    "ORD": 0.006493506493506494,
    "PNS": 0.006493506493506494,
    "PVD": 0.006493506493506494,
    "ROC": 0.006493506493506494,
    "SAV": 0.006493506493506494,
    "SJC": 0.006493506493506494,
    "SLC": 0.006493506493506494,
    "SMF": 0.006493506493506494,
    "SNA": 0.006493506493506494,
    "SRQ": 0.006493506493506494,
    "TUL": 0.006493506493506494,
    "TUS": 0.006493506493506494,
    "PWM": 0.003246753246753247,
    "DAL": 0.003246753246753247
  },
  "international_route_shares": {
    "CAK": 0.023809523809523808,
    "FRA": 0.01984126984126984,
    "CHA": 0.015873015873015872,
    "CRW": 0.015873015873015872,
    "GSP": 0.015873015873015872,
    "LEX": 0.015873015873015872,
    "ROA": 0.015873015873015872,
    "XNA": 0.015873015873015872,
    "CDG": 0.015873015873015872,
    "MEX": 0.015873015873015872,
    "LHR": 0.015873015873015872,
    "AMS": 0.015873015873015872,
    "AUA": 0.015873015873015872,
    "CUN": 0.015873015873015872,
    "DAY": 0.015873015873015872,
    "MBJ": 0.015873015873015872,
    "NAS": 0.015873015873015872,
    "PUJ": 0.015873015873015872,
    "SJU": 0.015873015873015872,
    "MDT": 0.011904761904761904,
    "LWB": 0.007936507936507936,
    "MCN": 0.007936507936507936,
    "MEI": 0.007936507936507936,
    "MSL": 0.007936507936507936,
    "PIB": 0.007936507936507936,
    "TUP": 0.007936507936507936,
    "AZO": 0.007936507936507936,
    "EVV": 0.007936507936507936,
    "FWA": 0.007936507936507936,
    "LAN": 0.007936507936507936,
    "MBS": 0.007936507936507936,
    "ABE": 0.007936507936507936,
    "AGS": 0.007936507936507936,
    "AVL": 0.007936507936507936,
    "BDA": 0.007936507936507936,
    "BOG": 0.007936507936507936,
    "BON": 0.007936507936507936,
    "BRU": 0.007936507936507936,
    "BSB": 0.007936507936507936,
    "BTR": 0.007936507936507936,
    "BZE": 0.007936507936507936,
    "CAE": 0.007936507936507936,
    "CCS": 0.007936507936507936,
    "CZM": 0.007936507936507936,
    "DAB": 0.007936507936507936,
    "DUB": 0.007936507936507936,
    "DUS": 0.007936507936507936,
    "DXB": 0.007936507936507936,
    "ECP": 0.007936507936507936,
    "EYW": 0.007936507936507936,
    "EZE": 0.007936507936507936,
    "FAY": 0.007936507936507936,
    "FCO": 0.007936507936507936,
    "FNT": 0.007936507936507936,
    "FPO": 0.007936507936507936,
    "GCM": 0.007936507936507936,
    "GDL": 0.007936507936507936,
    "GIG": 0.007936507936507936,
    "GNV": 0.007936507936507936,
    "GPT": 0.007936507936507936,
    "GRU": 0.007936507936507936,
    "GUA": 0.007936507936507936,
    "HSV": 0.007936507936507936,
    "ICT": 0.007936507936507936,
    "ILM": 0.007936507936507936,
    "JAN": 0.007936507936507936,
    "JNB": 0.007936507936507936,
    "KIN": 0.007936507936507936,
    "LIM": 0.007936507936507936,
    "LIR": 0.007936507936507936,
    "LIT": 0.007936507936507936,
    "LOS": 0.007936507936507936,
    "MAD": 0.007936507936507936,
    "MAN": 0.007936507936507936,
    "MGA": 0.007936507936507936,
    "MHT": 0.007936507936507936,
    "MLB": 0.007936507936507936,
    "MOB": 0.007936507936507936,
    "MSN": 0.007936507936507936,
    "MUC": 0.007936507936507936,
    "NRT": 0.007936507936507936,
    "PAP": 0.007936507936507936,
    "PLS": 0.007936507936507936,
    "PTY": 0.007936507936507936,
    "PVR": 0.007936507936507936,
    "RTB": 0.007936507936507936,
    "SAL": 0.007936507936507936,
    "SAP": 0.007936507936507936,
    "SCL": 0.007936507936507936,
    "SDQ": 0.007936507936507936,
    "SJD": 0.007936507936507936,
    "SJO": 0.007936507936507936,
    "STR": 0.007936507936507936,
    "STT": 0.007936507936507936,
    "SXM": 0.007936507936507936,
    "TGU": 0.007936507936507936,
    "TLH": 0.007936507936507936,
    "TRI": 0.007936507936507936,
    "UIO": 0.007936507936507936,
    "UVF": 0.007936507936507936,
    "VPS": 0.007936507936507936,
    "ZRH": 0.007936507936507936,
    "TTN": 0.007936507936507936,
    "ICN": 0.007936507936507936,
    "CID": 0.003968253968253968,
    "YYZ": 0.003968253968253968
  },
  "domestic_ratio": 0.55,
  "fleet_mix": {
    "FLG": {
      "CRJ9": 1.0
    },
    "AAL": {
      "A319": 0.5,
      "B738": 0.5
    },
    "AFR": {
      "B777": 0.6666666666666666,
      "B744": 0.3333333333333333
    },
    "ASA": {
      "B739": 0.6666666666666666,
      "B738": 0.3333333333333333
    },
    "BAW": {
      "B777": 1.0
    },
    "DAL": {
      "B738": 0.2894736842105263,
      "A319": 0.25,
      "A320": 0.20394736842105263,
      "B739": 0.09539473684210527,
      "B767": 0.07236842105263158,
      "B752": 0.04276315789473684,
      "A330": 0.019736842105263157,
      "B777": 0.019736842105263157,
      "B744": 0.006578947368421052
    },
    "FFT": {
      "A319": 1.0
    },
    "TRS": {
      "B737": 1.0
    },
    "KAL": {
      "B777": 1.0
    },
    "KLM": {
      "B777": 1.0
    },
    "NKS": {
      "A320": 0.6666666666666666,
      "A319": 0.3333333333333333
    },
    "UAL": {
      "B738": 1.0
    },
    "USA": {
      "A319": 0.2857142857142857,
      "A320": 0.2857142857142857,
      "A321": 0.2857142857142857,
      "E190": 0.14285714285714285
    }
  },
  "hourly_profile": [],
  "delay_rate": 0.0,
  "delay_distribution": {},