{
  "icao_code": "KBL",
  "iata_code": "KBL",
  "airline_shares": {
    "AFG": 0.24074074074074073,
    "4Q": 0.18518518518518517,
    "HNX": 0.1111111111111111,
    "KMF": 0.09259259259259259,
    "IRC": 0.07407407407407407,
    "FDB": 0.07407407407407407,
    "PIA": 0.07407407407407407,
    "AIC": 0.037037037037037035,
    "UAE": 0.037037037037037035,
    "SEJ": 0.037037037037037035,
    "THY": 0.037037037037037035
  },
  "domestic_route_shares": {
    "HEA": 0.42857142857142855,
    "MZR": 0.2857142857142857,
    "KDH": 0.2857142857142857
  },
  "international_route_shares": {
    "DEL": 0.25,
    "DXB": 0.25,
    "ISB": 0.1,
    "IKA": 0.05,
    "MHD": 0.05,
    "GYD": 0.05,
    "KWI": 0.05,
    "DWC": 0.05,
    "PEW": 0.05,
    "IST": 0.05,
    "ESB": 0.025,
    "DYU": 0.025
  },
  "domestic_ratio": 0.259,
  "fleet_mix": {
    "4Q": {
      "A319": 0.6666666666666666,
      "A320": 0.3333333333333333
    },
    "AIC": {
      "A320": 1.0
    },
    "FDB": {
      "B738": 1.0
    },
    "KMF": {
      "A320": 1.0
    },
    "SEJ": {
      "B737": 1.0
    },
    "THY": {
      "A330": 1.0
    }
  },
  "hourly_profile": [],
  "delay_rate": 0.0,
  "delay_distribution": {},
  "mean_delay_minutes": 0.0,
  "data_source": "openflights",
  "region": "",
  "profile_date": "2026-03-21",
  "sample_size": 54
}