{
  "icao_code": "KBOS",
  "iata_code": "BOS",
  "airline_shares": {
    "JBU": 0.2879746835443038,
    "DAL": 0.10443037974683544,
    "AAL": 0.0949367088607595,
    "KAP": 0.06962025316455696,
    "USA": 0.06962025316455696,
    "SWA": 0.06329113924050633,
    "UAL": 0.056962025316455694,
    "ASA": 0.03164556962025317,
    "NKS": 0.03164556962025317,
    "TRS": 0.0189873417721519,
    "PEN": 0.0189873417721519,
    "FIN": 0.012658227848101266,
    "EIN": 0.012658227848101266,
    "GEC": 0.012658227848101266,
    "RZO": 0.012658227848101266,
    "VRD": 0.012658227848101266,
    "ACA": 0.006329113924050633,
    "AFR": 0.006329113924050633,
    "AZA": 0.006329113924050633,
    "BAW": 0.006329113924050633,
    "CMP": 0.006329113924050633,
    "UAE": 0.006329113924050633,
    "ICE": 0.006329113924050633,
    "IBE": 0.006329113924050633,
    "JAL": 0.006329113924050633,
    "SWR": 0.006329113924050633,
    "POE": 0.006329113924050633,
    "SCX": 0.006329113924050633,
    "TCV": 0.006329113924050633,
    "VIR": 0.006329113924050633
  },
  "domestic_route_shares": {
    "LAX": 0.06153846153846154,
    "ORD": 0.05128205128205128,
    "DFW": 0.041025641025641026,
    "JFK": 0.041025641025641026,
    "MCO": 0.041025641025641026,
    "CLT": 0.03076923076923077,
    "DCA": 0.03076923076923077,
    "PHL": 0.03076923076923077,
    "PHX": 0.03076923076923077,
    "DEN": 0.03076923076923077,
    "SFO": 0.03076923076923077,
    "ATL": 0.03076923076923077,
    "LGA": 0.020512820512820513,
    "MIA": 0.020512820512820513,
    "PDX": 0.020512820512820513,
    "SAN": 0.020512820512820513,
    "SEA": 0.020512820512820513,
    "BWI": 0.020512820512820513,
    "DTW": 0.020512820512820513,
    "EWR": 0.020512820512820513,
    "FLL": 0.020512820512820513,
    "HOU": 0.020512820512820513,
    "IAD": 0.020512820512820513,
    "LAS": 0.020512820512820513,
    "MSP": 0.020512820512820513,
    "RDU": 0.015384615384615385,
    "ALB": 0.010256410256410256,
    "SYR": 0.010256410256410256,
    "AUS": 0.010256410256410256,
    "BUF": 0.010256410256410256,
    "CHS": 0.010256410256410256,
    "JAX": 0.010256410256410256,
    "LGB": 0.010256410256410256,
    "MSY": 0.010256410256410256,
    "PBI": 0.010256410256410256,
    "PIT": 0.010256410256410256,
    "RIC": 0.010256410256410256,
    "RSW": 0.010256410256410256,
    "SAV": 0.010256410256410256,
    "SJC": 0.010256410256410256,
    "TPA": 0.010256410256410256,
    "CMH": 0.010256410256410256,
    "CVG": 0.010256410256410256,
    "SLC": 0.010256410256410256,
    "MYR": 0.010256410256410256,
    "CLE": 0.010256410256410256,
    "IAH": 0.010256410256410256,
    "BNA": 0.010256410256410256,
    "MCI": 0.010256410256410256,
    "MDW": 0.010256410256410256,
    "MKE": 0.010256410256410256,
    "STL": 0.010256410256410256
  },
  "international_route_shares": {
    "CUN": 0.06611570247933884,
    "LHR": 0.06611570247933884,
    "MAD": 0.049586776859504134,
    "NRT": 0.03305785123966942,
    "CDG": 0.03305785123966942,
    "ISP": 0.03305785123966942,
    "PQI": 0.03305785123966942,
    "DXB": 0.03305785123966942,
    "PLS": 0.03305785123966942,
    "PTY": 0.03305785123966942,
    "ACK": 0.01652892561983471,
    "AUG": 0.01652892561983471,
    "BHB": 0.01652892561983471,
    "HYA": 0.01652892561983471,
    "LEB": 0.01652892561983471,
    "MVY": 0.01652892561983471,
    "PVC": 0.01652892561983471,
    "RKD": 0.01652892561983471,
    "RUT": 0.01652892561983471,
    "SLK": 0.01652892561983471,
    "MDT": 0.01652892561983471,
    "YYZ": 0.01652892561983471,
    "FCO": 0.01652892561983471,
    "AUA": 0.01652892561983471,
    "NAS": 0.01652892561983471,
    "PUJ": 0.01652892561983471,
    "SDQ": 0.01652892561983471,
    "SJU": 0.01652892561983471,
    "STI": 0.01652892561983471,
    "SXM": 0.01652892561983471,
    "AMS": 0.01652892561983471,
    "BDA": 0.01652892561983471,
    "DUB": 0.01652892561983471,
    "SNN": 0.01652892561983471,
    "KEF": 0.01652892561983471,
    "CAK": 0.01652892561983471,
    "PBG": 0.01652892561983471,
    "FRA": 0.01652892561983471,
    "MUC": 0.01652892561983471,
    "ZRH": 0.01652892561983471,
    "ACY": 0.01652892561983471,
    "YTZ": 0.01652892561983471,
    "LIS": 0.01652892561983471,
    "PDL": 0.01652892561983471,
    "RAI": 0.01652892561983471,
    "STT": 0.008264462809917356
  },
  "domestic_ratio": 0.617,
  "fleet_mix": {
    "AAL": {
      "A319": 0.2857142857142857,
      "B738": 0.23809523809523808,
      "E190": 0.16666666666666666,
      "A320": 0.14285714285714285,
      "A321": 0.11904761904761904,
      "B787": 0.047619047619047616
    },
    "ACA": {
      "E190": 0.5,
      "E175": 0.5
    },
    "AFR": {
      "B744": 1.0
    },
    "ASA": {
      "B738": 0.75,
      "B739": 0.25
    },
    "FIN": {
      "B777": 0.3333333333333333,
      "B744": 0.3333333333333333,
      "A330": 0.3333333333333333
    },
    "AZA": {
      "A330": 1.0
    },
    "JBU": {
      "A320": 0.5145631067961165,
      "E190": 0.46601941747572817,
      "B777": 0.019417475728155338
    },
    "BAW": {
      "B777": 0.5,
      "B744": 0.5
    },
    "CMP": {
      "B737": 1.0
    },
    "DAL": {
      "B738": 0.3877551020408163,
      "A320": 0.24489795918367346,
      "A319": 0.12244897959183673,
      "B752": 0.08163265306122448,
      "CRJ7": 0.061224489795918366,
      "A330": 0.04081632653061224,
      "B767": 0.04081632653061224,
      "CRJ9": 0.02040816326530612
    },
    "EIN": {
      "A330": 1.0
    },
    "UAE": {
      "B777": 1.0
    },
    "IBE": {
      "A330": 1.0
    },
    "JAL": {
      "B787": 1.0
    },
    "GEC": {
      "B744": 0.5,
      "A330": 0.5
    },
    "SWR": {
      "A330": 1.0
    },
    "NKS": {
      "A319": 0.8333333333333334,
      "A320": 0.16666666666666666
    },
    "POE": {
      "DH8D": 1.0
    },
    "SCX": {
      "B738": 0.5,
      "B737": 0.5
    },
    "UAL": {
      "B752": 0.21333333333333335,
      "B738": 0.17333333333333334,
      "B739": 0.17333333333333334,
      "A320": 0.16,
      "B737": 0.16,
      "A319": 0.12
    },
    "USA": {
      "A319": 0.3,
      "B738": 0.25,
      "E190": 0.175,
      "A320": 0.15,
      "A321": 0.125
    },
    "TCV": {
      "B752": 1.0
    },
    "VIR": {
      "B767": 0.5,
      "A330": 0.5
    },
    "VRD": {
      "A320": 0.6666666666666666,
      "A319": 0.3333333333333333
    }
  },
  "hourly_profile": [],
  "delay_rate": 0.0,
  "delay_distribution": {},
  "mean_delay_minutes": 0.0,
  "data_source": "openflights",
  "region": "",
  "profile_date": "2026-03-21",
  "sample_size": 316
}