{
  "icao_code": "KBV",
  "iata_code": "KBV",
  "airline_shares": {
    "AIQ": 0.3,
    "BKP": 0.2,
    "AXM": 0.1,
    "NOK": 0.1,
    "MAS": 0.1,
    "THA": 0.1,
    "TGW": 0.1
  },
  "domestic_route_shares": {
    "DMK": 0.3333333333333333,
    "BKK": 0.3333333333333333,
    "CNX": 0.16666666666666666,
    "USM": 0.16666666666666666
  },
  "international_route_shares": {
    "KUL": 0.5,
    "SIN": 0.5
  },
  "domestic_ratio": 0.6,
  "fleet_mix": {
    "AXM": {
      "A320": 1.0
    },
    "NOK": {
      "B738": 1.0
    },
    "AIQ": {
      "A320": 1.0
    },
    "MAS": {
      "B738": 1.0
    },
    "BKP": {
      "A320": 0.3333333333333333,
      "A319": 0.3333333333333333,
      "AT76": 0.3333333333333333
    },
    "THA": {
      "A330": 1.0
    },
    "TGW": {
      "A320": 1.0
    }
  },
  "hourly_profile": [],
  "delay_rate": 0.0,
  "delay_distribution": {},
  "mean_delay_minutes": 0.0,
  "data_source": "openflights",
  "region": "",
  "profile_date": "2026-03-21",
  "sample_size": 20
}