{
  "icao_code": "KCLT",
  "iata_code": "CLT",
  "airline_shares": {
    "USA": 0.47058823529411764,
    "AAL": 0.46008403361344535,
    "DAL": 0.023109243697478993,
    "SWA": 0.01680672268907563,
    "JBU": 0.008403361344537815,
    "7I": 0.004201680672268907,
    "AVA": 0.004201680672268907,
    "FFT": 0.004201680672268907,
    "GEC": 0.004201680672268907,
    "UAL": 0.004201680672268907
  },
  "domestic_route_shares": {
    "JFK": 0.02766798418972332,
    "BOS": 0.023715415019762844,
    "BWI": 0.023715415019762844,
    "DTW": 0.023715415019762844,
    "LGA": 0.023715415019762844,
    "MCO": 0.023715415019762844,
    "MSP": 0.023715415019762844,
    "ORD": 0.023715415019762844,
    "SLC": 0.023715415019762844,
    "ALB": 0.015810276679841896,
    "BDL": 0.015810276679841896,
    "BHM": 0.015810276679841896,
    "BNA": 0.015810276679841896,
    "BUF": 0.015810276679841896,
    "CHS": 0.015810276679841896,
    "CLE": 0.015810276679841896,
    "CVG": 0.015810276679841896,
    "DCA": 0.015810276679841896,
    "DEN": 0.015810276679841896,
    "DFW": 0.015810276679841896,
    "EWR": 0.015810276679841896,
    "FLL": 0.015810276679841896,
    "GSO": 0.015810276679841896,
    "IAH": 0.015810276679841896,
    "IND": 0.015810276679841896,
    "JAX": 0.015810276679841896,
    "LAS": 0.015810276679841896,
    "LAX": 0.015810276679841896,
    "MCI": 0.015810276679841896,
    "MEM": 0.015810276679841896,
    "MIA": 0.015810276679841896,
    "MYR": 0.015810276679841896,
    "ORF": 0.015810276679841896,
    "PBI": 0.015810276679841896,
    "PDX": 0.015810276679841896,
    "PHL": 0.015810276679841896,
    "PHX": 0.015810276679841896,
    "PIT": 0.015810276679841896,
    "PVD": 0.015810276679841896,
    "RDU": 0.015810276679841896,
    "RIC": 0.015810276679841896,
    "ROC": 0.015810276679841896,
    "RSW": 0.015810276679841896,
    "SAN": 0.015810276679841896,
    "SAT": 0.015810276679841896,
    "SAV": 0.015810276679841896,
    "SDF": 0.015810276679841896,
    "SEA": 0.015810276679841896,
    "SFO": 0.015810276679841896,
    "SMF": 0.015810276679841896,
    "STL": 0.015810276679841896,
    "SYR": 0.015810276679841896,
    "TPA": 0.015810276679841896,
    "ATL": 0.015810276679841896,
    "IAD": 0.011857707509881422,
    "TYS": 0.011857707509881422,
    "PWM": 0.007905138339920948,
    "MSY": 0.007905138339920948,
    "HOU": 0.007905138339920948,
    "MDW": 0.007905138339920948,
    "AUS": 0.003952569169960474,
    "CMH": 0.003952569169960474,
    "PNS": 0.003952569169960474,
    "MKE": 0.003952569169960474
  },
  "international_route_shares": {
    "SJO": 0.026905829596412557,
    "ANU": 0.017937219730941704,
    "AUA": 0.017937219730941704,
    "BTR": 0.017937219730941704,
    "BZE": 0.017937219730941704,
    "CAK": 0.017937219730941704,
    "CDG": 0.017937219730941704,
    "CHO": 0.017937219730941704,
    "CUN": 0.017937219730941704,
    "CZM": 0.017937219730941704,
    "DAB": 0.017937219730941704,
    "DAY": 0.017937219730941704,
    "DUB": 0.017937219730941704,
    "FAY": 0.017937219730941704,
    "FCO": 0.017937219730941704,
    "FRA": 0.017937219730941704,
    "GCM": 0.017937219730941704,
    "GRU": 0.017937219730941704,
    "GSP": 0.017937219730941704,
    "ILM": 0.017937219730941704,
    "LHR": 0.017937219730941704,
    "LIR": 0.017937219730941704,
    "MBJ": 0.017937219730941704,
    "MDT": 0.017937219730941704,
    "MEX": 0.017937219730941704,
    "MLB": 0.017937219730941704,
    "NAS": 0.017937219730941704,
    "OAJ": 0.017937219730941704,
    "PGV": 0.017937219730941704,
    "PLS": 0.017937219730941704,
    "PUJ": 0.017937219730941704,
    "ROA": 0.017937219730941704,
    "SJD": 0.017937219730941704,
    "SJU": 0.017937219730941704,
    "STT": 0.017937219730941704,
    "SXM": 0.017937219730941704,
    "TRI": 0.017937219730941704,
    "UVF": 0.017937219730941704,
    "AGS": 0.013452914798206279,
    "AVL": 0.013452914798206279,
    "AVP": 0.013452914798206279,
    "CHA": 0.013452914798206279,
    "HSV": 0.013452914798206279,
    "LEX": 0.013452914798206279,
    "LYH": 0.013452914798206279,
    "MOB": 0.013452914798206279,
    "PHF": 0.013452914798206279,
    "VPS": 0.013452914798206279,
    "XNA": 0.013452914798206279,
    "GIG": 0.013452914798206279,
    "GNV": 0.013452914798206279,
    "CUR": 0.008968609865470852,
    "CAE": 0.008968609865470852,
    "CRW": 0.008968609865470852,
    "EWN": 0.008968609865470852,
    "FLO": 0.008968609865470852,
    "HHH": 0.008968609865470852,
    "HTS": 0.008968609865470852,
    "SBY": 0.008968609865470852,
    "TTN": 0.008968609865470852,
    "MUC": 0.008968609865470852,
    "GPT": 0.008968609865470852,
    "HPN": 0.008968609865470852,
    "JAN": 0.008968609865470852,
    "LIT": 0.008968609865470852,
    "TLH": 0.008968609865470852
  },
  "domestic_ratio": 0.532,
  "fleet_mix": {
    "AAL": {
      "A319": 0.28532608695652173,
      "A320": 0.19021739130434784,
      "A321": 0.18478260869565216,
      "CRJ9": 0.10326086956521739,
      "B737": 0.08695652173913043,
      "CRJ7": 0.06521739130434782,
      "A330": 0.03804347826086957,
      "E190": 0.02717391304347826,
      "B767": 0.019021739130434784
    },
    "AVA": {
      "A319": 1.0
    },
    "JBU": {
      "E190": 1.0
    },
    "DAL": {
      "A320": 0.5,
      "A319": 0.25,
      "CRJ7": 0.16666666666666666,
      "E175": 0.08333333333333333
    },
    "FFT": {
      "A319": 1.0
    },
    "UAL": {
      "A320": 0.5,
      "A319": 0.5
    },
    "USA": {
      "A319": 0.26715686274509803,
      "A320": 0.18137254901960784,
      "A321": 0.1715686274509804,
      "CRJ9": 0.16176470588235295,
      "CRJ7": 0.11274509803921569,
      "B752": 0.04656862745098039,
      "A330": 0.03431372549019608,
      "E190": 0.024509803921568627
    }
  },
  "hourly_profile": [],
  "delay_rate": 0.0,
  "delay_distribution": {},
  "mean_delay_minutes": 0.0,
  "data_source": "openflights",
  "region": "",
  "profile_date": "2026-03-21",
  "sample_size": 476
}