{
  "icao_code": "KDEN",
  "iata_code": "DEN",
  "airline_shares": {
    "FFT": 0.26490066225165565,
    "UAL": 0.24724061810154527,
    "SWA": 0.23841059602649006,
    "GLA": 0.06622516556291391,
    "NKS": 0.03532008830022075,
    "USA": 0.03090507726269316,
    "AAL": 0.026490066225165563,
    "DAL": 0.026490066225165563,
    "TRS": 0.019867549668874173,
    "ACA": 0.008830022075055188,
    "JBU": 0.008830022075055188,
    "ASA": 0.004415011037527594,
    "FIN": 0.004415011037527594,
    "BAW": 0.004415011037527594,
    "ICE": 0.004415011037527594,
    "GEC": 0.004415011037527594,
    "VOI": 0.004415011037527594
  },
  "domestic_route_shares": {
    "PHX": 0.03636363636363636,
    "DFW": 0.030303030303030304,
    "MSP": 0.030303030303030304,
    "ORD": 0.024242424242424242,
    "PHL": 0.024242424242424242,
    "SEA": 0.024242424242424242,
    "ATL": 0.024242424242424242,
    "DTW": 0.024242424242424242,
    "LGA": 0.024242424242424242,
    "FLL": 0.024242424242424242,
    "LAS": 0.024242424242424242,
    "LAX": 0.024242424242424242,
    "MIA": 0.01818181818181818,
    "BOS": 0.01818181818181818,
    "SLC": 0.01818181818181818,
    "AUS": 0.01818181818181818,
    "GEG": 0.01818181818181818,
    "IAH": 0.01818181818181818,
    "MCI": 0.01818181818181818,
    "MCO": 0.01818181818181818,
    "MSY": 0.01818181818181818,
    "OMA": 0.01818181818181818,
    "PDX": 0.01818181818181818,
    "SAN": 0.01818181818181818,
    "SFO": 0.01818181818181818,
    "SNA": 0.01818181818181818,
    "TPA": 0.01818181818181818,
    "CLE": 0.015151515151515152,
    "CLT": 0.012121212121212121,
    "JFK": 0.012121212121212121,
    "BNA": 0.012121212121212121,
    "DCA": 0.012121212121212121,
    "DSM": 0.012121212121212121,
    "IND": 0.012121212121212121,
    "MDW": 0.012121212121212121,
    "MKE": 0.012121212121212121,
    "OKC": 0.012121212121212121,
    "RSW": 0.012121212121212121,
    "STL": 0.012121212121212121,
    "BOI": 0.012121212121212121,
    "BWI": 0.012121212121212121,
    "EWR": 0.012121212121212121,
    "IAD": 0.012121212121212121,
    "PIT": 0.012121212121212121,
    "RNO": 0.012121212121212121,
    "SAT": 0.012121212121212121,
    "SJC": 0.012121212121212121,
    "SMF": 0.012121212121212121,
    "PSP": 0.00909090909090909,
    "ABQ": 0.00909090909090909,
    "OAK": 0.00909090909090909,
    "CVG": 0.006060606060606061,
    "FAT": 0.006060606060606061,
    "GSO": 0.006060606060606061,
    "MEM": 0.006060606060606061,
    "TYS": 0.006060606060606061,
    "ANC": 0.006060606060606061,
    "HNL": 0.006060606060606061,
    "KOA": 0.006060606060606061,
    "LIH": 0.006060606060606061,
    "OGG": 0.006060606060606061,
    "BDL": 0.006060606060606061,
    "BUR": 0.006060606060606061,
    "CMH": 0.006060606060606061,
    "GRR": 0.006060606060606061,
    "HOU": 0.006060606060606061,
    "JAX": 0.006060606060606061,
    "ONT": 0.006060606060606061,
    "RDU": 0.006060606060606061,
    "SDF": 0.006060606060606061,
    "TUL": 0.006060606060606061,
    "TUS": 0.006060606060606061
  },
  "international_route_shares": {
    "CUN": 0.04878048780487805,
    "SJD": 0.04878048780487805,
    "LHR": 0.032520325203252036,
    "BZN": 0.032520325203252036,
    "PVR": 0.032520325203252036,
    "MEX": 0.032520325203252036,
    "YUL": 0.016260162601626018,
    "YYZ": 0.016260162601626018,
    "BIS": 0.016260162601626018,
    "BKG": 0.016260162601626018,
    "BMI": 0.016260162601626018,
    "CID": 0.016260162601626018,
    "CZM": 0.016260162601626018,
    "EUG": 0.016260162601626018,
    "FAR": 0.016260162601626018,
    "FSD": 0.016260162601626018,
    "ILG": 0.016260162601626018,
    "LIR": 0.016260162601626018,
    "LIT": 0.016260162601626018,
    "MDT": 0.016260162601626018,
    "MOT": 0.016260162601626018,
    "MSN": 0.016260162601626018,
    "PHF": 0.016260162601626018,
    "SBA": 0.016260162601626018,
    "SJO": 0.016260162601626018,
    "KEF": 0.016260162601626018,
    "FRA": 0.016260162601626018,
    "BIL": 0.016260162601626018,
    "GJT": 0.016260162601626018,
    "ICT": 0.016260162601626018,
    "JAC": 0.016260162601626018,
    "NRT": 0.016260162601626018,
    "YEG": 0.016260162601626018,
    "YVR": 0.016260162601626018,
    "YYC": 0.016260162601626018,
    "AMA": 0.016260162601626018,
    "CAK": 0.016260162601626018,
    "DAY": 0.016260162601626018,
    "ALS": 0.016260162601626018,
    "BFF": 0.016260162601626018,
    "CEZ": 0.016260162601626018,
    "CYS": 0.016260162601626018,
    "DDC": 0.016260162601626018,
    "EAR": 0.016260162601626018,
    "FMN": 0.016260162601626018,
    "LBF": 0.016260162601626018,
    "LBL": 0.016260162601626018,
    "MCK": 0.016260162601626018,
    "PGA": 0.016260162601626018,
    "PIR": 0.016260162601626018,
    "RIW": 0.016260162601626018,
    "SHR": 0.016260162601626018,
    "MTJ": 0.008130081300813009,
    "CDR": 0.008130081300813009,
    "AIA": 0.008130081300813009
  },
  "domestic_ratio": 0.728,
  "fleet_mix": {
    "AAL": {
      "A321": 0.375,
      "A320": 0.375,
      "B738": 0.25
    },
    "ACA": {
      "E190": 1.0
    },
    "ASA": {
      "B739": 0.3333333333333333,
      "B737": 0.3333333333333333,
      "B738": 0.3333333333333333
    },
    "FIN": {
      "B777": 1.0
    },
    "JBU": {
      "A320": 1.0
    },
    "BAW": {
      "B777": 1.0
    },
    "DAL": {
      "A320": 0.5714285714285714,
      "B738": 0.42857142857142855
    },
    "FFT": {
      "A319": 0.6626506024096386,
      "A320": 0.3373493975903614
    },
    "TRS": {
      "B737": 1.0
    },
    "GEC": {
      "B744": 1.0
    },
    "NKS": {
      "A320": 0.5,
      "A319": 0.5
    },
    "UAL": {
      "B738": 0.23974763406940064,
      "A320": 0.1892744479495268,
      "B739": 0.167192429022082,
      "B752": 0.15457413249211358,
      "A319": 0.14195583596214512,
      "B737": 0.07255520504731862,
      "DH8D": 0.022082018927444796,
      "B787": 0.012618296529968454
    },
    "USA": {
      "A321": 0.3,
      "A320": 0.3,
      "B738": 0.2,
      "CRJ7": 0.2
    },
    "SWA": {
      "B738": 1.0
    },
    "VOI": {
      "A320": 1.0
    }
  },
  "hourly_profile": [],
  "delay_rate": 0.0,
  "delay_distribution": {},
  "mean_delay_minutes": 0.0,
  "data_source": "openflights",
  "region": "",
  "profile_date": "2026-03-21",
  "sample_size": 453
}