{
  "icao_code": "KDFW",
  "iata_code": "DFW",
  "airline_shares": {
    "USA": 0.46511627906976744,
    "AAL": 0.34728682170542635,
    "NKS": 0.06821705426356589,
    "DAL": 0.020155038759689922,
    "UAL": 0.017054263565891473,
    "MAS": 0.010852713178294573,
    "ASA": 0.006201550387596899,
    "FIN": 0.006201550387596899,
    "JBU": 0.006201550387596899,
    "TAM": 0.006201550387596899,
    "SCX": 0.006201550387596899,
    "VRD": 0.006201550387596899,
    "BAW": 0.004651162790697674,
    "ACA": 0.0031007751937984496,
    "AVA": 0.0031007751937984496,
    "UAE": 0.0031007751937984496,
    "FFT": 0.0031007751937984496,
    "KAL": 0.0031007751937984496,
    "KLM": 0.0031007751937984496,
    "GEC": 0.0031007751937984496,
    "QFA": 0.0031007751937984496,
    "WJA": 0.0031007751937984496,
    "CAL": 0.0015503875968992248
  },
  "domestic_route_shares": {
    "DEN": 0.02881844380403458,
    "MSP": 0.02881844380403458,
    "ATL": 0.023054755043227664,
    "BOS": 0.023054755043227664,
    "DTW": 0.023054755043227664,
    "LGA": 0.023054755043227664,
    "PDX": 0.023054755043227664,
    "SFO": 0.023054755043227664,
    "ORD": 0.020172910662824207,
    "BWI": 0.01729106628242075,
    "EWR": 0.01729106628242075,
    "FLL": 0.01729106628242075,
    "IAD": 0.01729106628242075,
    "LAS": 0.01729106628242075,
    "LAX": 0.01729106628242075,
    "MCO": 0.01729106628242075,
    "PHL": 0.01729106628242075,
    "PHX": 0.01729106628242075,
    "SAN": 0.01729106628242075,
    "SEA": 0.01729106628242075,
    "SLC": 0.01729106628242075,
    "TPA": 0.01729106628242075,
    "IAH": 0.01440922190201729,
    "JFK": 0.01440922190201729,
    "ABQ": 0.011527377521613832,
    "AUS": 0.011527377521613832,
    "BDL": 0.011527377521613832,
    "BHM": 0.011527377521613832,
    "BNA": 0.011527377521613832,
    "CLE": 0.011527377521613832,
    "CLT": 0.011527377521613832,
    "CMH": 0.011527377521613832,
    "COS": 0.011527377521613832,
    "DCA": 0.011527377521613832,
    "DSM": 0.011527377521613832,
    "ELP": 0.011527377521613832,
    "FAT": 0.011527377521613832,
    "HNL": 0.011527377521613832,
    "HOU": 0.011527377521613832,
    "IND": 0.011527377521613832,
    "JAX": 0.011527377521613832,
    "MCI": 0.011527377521613832,
    "MEM": 0.011527377521613832,
    "MIA": 0.011527377521613832,
    "MKE": 0.011527377521613832,
    "MSY": 0.011527377521613832,
    "OGG": 0.011527377521613832,
    "OKC": 0.011527377521613832,
    "OMA": 0.011527377521613832,
    "ONT": 0.011527377521613832,
    "ORF": 0.011527377521613832,
    "PBI": 0.011527377521613832,
    "PIT": 0.011527377521613832,
    "PNS": 0.011527377521613832,
    "PSP": 0.011527377521613832,
    "RDU": 0.011527377521613832,
    "RIC": 0.011527377521613832,
    "RNO": 0.011527377521613832,
    "RSW": 0.011527377521613832,
    "SAT": 0.011527377521613832,
    "SDF": 0.011527377521613832,
    "SJC": 0.011527377521613832,
    "SMF": 0.011527377521613832,
    "SNA": 0.011527377521613832,
    "STL": 0.011527377521613832,
    "TUL": 0.011527377521613832,
    "TUS": 0.011527377521613832,
    "MYR": 0.005763688760806916,
    "OAK": 0.005763688760806916,
    "CVG": 0.005763688760806916,
    "GSO": 0.005763688760806916,
    "SAV": 0.005763688760806916,
    "TYS": 0.005763688760806916
  },
  "international_route_shares": {
    "LHR": 0.03355704697986577,
    "CUN": 0.026845637583892617,
    "FRA": 0.026845637583892617,
    "GIG": 0.020134228187919462,
    "GRU": 0.020134228187919462,
    "ICN": 0.020134228187919462,
    "MAD": 0.020134228187919462,
    "MEX": 0.020134228187919462,
    "NRT": 0.020134228187919462,
    "SAL": 0.020134228187919462,
    "SJD": 0.020134228187919462,
    "YYC": 0.020134228187919462,
    "YYZ": 0.020134228187919462,
    "CDG": 0.016778523489932886,
    "BJX": 0.013422818791946308,
    "BOG": 0.013422818791946308,
    "BZE": 0.013422818791946308,
    "CRP": 0.013422818791946308,
    "CZM": 0.013422818791946308,
    "DAY": 0.013422818791946308,
    "GDL": 0.013422818791946308,
    "GUA": 0.013422818791946308,
    "HSV": 0.013422818791946308,
    "ICT": 0.013422818791946308,
    "LBB": 0.013422818791946308,
    "LIM": 0.013422818791946308,
    "LIR": 0.013422818791946308,
    "LIT": 0.013422818791946308,
    "MBJ": 0.013422818791946308,
    "MFE": 0.013422818791946308,
    "MTY": 0.013422818791946308,
    "NAS": 0.013422818791946308,
    "PLS": 0.013422818791946308,
    "PVR": 0.013422818791946308,
    "SCL": 0.013422818791946308,
    "SJU": 0.013422818791946308,
    "XNA": 0.013422818791946308,
    "YUL": 0.013422818791946308,
    "YVR": 0.013422818791946308,
    "DXB": 0.013422818791946308,
    "PTY": 0.010067114093959731,
    "RTB": 0.010067114093959731,
    "SJO": 0.010067114093959731,
    "YEG": 0.010067114093959731,
    "CCS": 0.006711409395973154,
    "EZE": 0.006711409395973154,
    "AMS": 0.006711409395973154,
    "ABI": 0.006711409395973154,
    "ACT": 0.006711409395973154,
    "AMA": 0.006711409395973154,
    "BPT": 0.006711409395973154,
    "BTR": 0.006711409395973154,
    "CAE": 0.006711409395973154,
    "CHA": 0.006711409395973154,
    "CLL": 0.006711409395973154,
    "COU": 0.006711409395973154,
    "DRO": 0.006711409395973154,
    "FSM": 0.006711409395973154,
    "GGG": 0.006711409395973154,
    "GPT": 0.006711409395973154,
    "GRI": 0.006711409395973154,
    "GRK": 0.006711409395973154,
    "GSP": 0.006711409395973154,
    "JAN": 0.006711409395973154,
    "JLN": 0.006711409395973154,
    "LAW": 0.006711409395973154,
    "LCH": 0.006711409395973154,
    "LEX": 0.006711409395973154,
    "LFT": 0.006711409395973154,
    "MAF": 0.006711409395973154,
    "MHK": 0.006711409395973154,
    "MLM": 0.006711409395973154,
    "MLU": 0.006711409395973154,
    "MOB": 0.006711409395973154,
    "MSN": 0.006711409395973154,
    "PBC": 0.006711409395973154,
    "ROW": 0.006711409395973154,
    "SAF": 0.006711409395973154,
    "SJT": 0.006711409395973154,
    "SPS": 0.006711409395973154,
    "TRC": 0.006711409395973154,
    "TXK": 0.006711409395973154,
    "TYR": 0.006711409395973154,
    "VPS": 0.006711409395973154,
    "BNE": 0.003355704697986577,
    "SYD": 0.003355704697986577,
    "AEX": 0.003355704697986577,
    "AGU": 0.003355704697986577,
    "GCK": 0.003355704697986577,
    "GJT": 0.003355704697986577,
    "MGM": 0.003355704697986577,
    "SLP": 0.003355704697986577,
    "SPI": 0.003355704697986577,
    "LRD": 0.003355704697986577,
    "TLH": 0.003355704697986577
  },
  "domestic_ratio": 0.538,
  "fleet_mix": {
    "AAL": {
      "B738": 0.5174418604651163,
      "A319": 0.19767441860465115,
      "B777": 0.10465116279069768,
      "B767": 0.09883720930232558,
      "A320": 0.03488372093023256,
      "A321": 0.023255813953488372,
      "B737": 0.011627906976744186,
      "E190": 0.011627906976744186
    },
    "ACA": {
      "E175": 1.0
    },
    "ASA": {
      "B739": 1.0
    },
    "AVA": {
      "E190": 1.0
    },
    "FIN": {
      "B777": 0.6,
      "B744": 0.4
    },
    "JBU": {
      "E190": 0.5,
      "B777": 0.5
    },
    "BAW": {
      "B744": 1.0
    },
    "DAL": {
      "A319": 0.4,
      "A320": 0.26666666666666666,
      "E175": 0.2,
      "B738": 0.06666666666666667,
      "CRJ9": 0.06666666666666667
    },
    "UAE": {
      "B777": 1.0
    },
    "FFT": {
      "A319": 0.5,
      "A320": 0.5
    },
    "TAM": {
      "B767": 0.5,
      "B777": 0.5
    },
    "KAL": {
      "B777": 1.0
    },
    "GEC": {
      "A330": 1.0
    },
    "MAS": {
      "B777": 0.875,
      "B767": 0.125
    },
    "NKS": {
      "A319": 0.5263157894736842,
      "A320": 0.47368421052631576
    },
    "QFA": {
      "B744": 1.0
    },
    "SCX": {
      "B738": 1.0
    },
    "UAL": {
      "A319": 0.25806451612903225,
      "B738": 0.25806451612903225,
      "B737": 0.22580645161290322,
      "B739": 0.12903225806451613,
      "A320": 0.12903225806451613
    },
    "USA": {
      "B738": 0.5,
      "A319": 0.1875,
      "B777": 0.1,
      "B767": 0.09375,
      "A320": 0.0375,
      "A321": 0.025,