{
  "icao_code": "KDTW",
  "iata_code": "DTW",
  "airline_shares": {
    "DAL": 0.6194331983805668,
    "NKS": 0.10526315789473684,
    "USA": 0.06477732793522267,
    "SWA": 0.05668016194331984,
    "AAL": 0.04048582995951417,
    "FFT": 0.024291497975708502,
    "AFR": 0.016194331983805668,
    "UAL": 0.016194331983805668,
    "FLG": 0.008097165991902834,
    "JBU": 0.008097165991902834,
    "TRS": 0.008097165991902834,
    "SEH": 0.008097165991902834,
    "GEC": 0.008097165991902834,
    "RJA": 0.008097165991902834,
    "VIR": 0.008097165991902834
  },
  "domestic_route_shares": {
    "DFW": 0.04597701149425287,
    "PHX": 0.04597701149425287,
    "DEN": 0.04597701149425287,
    "CLT": 0.034482758620689655,
    "MIA": 0.034482758620689655,
    "PHL": 0.034482758620689655,
    "IAH": 0.034482758620689655,
    "LAS": 0.034482758620689655,
    "LGA": 0.034482758620689655,
    "ORD": 0.034482758620689655,
    "MSY": 0.022988505747126436,
    "BOS": 0.022988505747126436,
    "ATL": 0.022988505747126436,
    "BNA": 0.022988505747126436,
    "BWI": 0.022988505747126436,
    "FLL": 0.022988505747126436,
    "LAX": 0.022988505747126436,
    "MCO": 0.022988505747126436,
    "RSW": 0.022988505747126436,
    "STL": 0.022988505747126436,
    "TPA": 0.022988505747126436,
    "AUS": 0.011494252873563218,
    "BDL": 0.011494252873563218,
    "BUF": 0.011494252873563218,
    "DCA": 0.011494252873563218,
    "EWR": 0.011494252873563218,
    "GRR": 0.011494252873563218,
    "IAD": 0.011494252873563218,
    "IND": 0.011494252873563218,
    "JFK": 0.011494252873563218,
    "MCI": 0.011494252873563218,
    "MKE": 0.011494252873563218,
    "MSP": 0.011494252873563218,
    "OMA": 0.011494252873563218,
    "ORF": 0.011494252873563218,
    "PBI": 0.011494252873563218,
    "PDX": 0.011494252873563218,
    "PIT": 0.011494252873563218,
    "PVD": 0.011494252873563218,
    "RDU": 0.011494252873563218,
    "RIC": 0.011494252873563218,
    "SAN": 0.011494252873563218,
    "SAT": 0.011494252873563218,
    "SDF": 0.011494252873563218,
    "SEA": 0.011494252873563218,
    "SFO": 0.011494252873563218,
    "SLC": 0.011494252873563218,
    "SYR": 0.011494252873563218,
    "MYR": 0.011494252873563218,
    "MDW": 0.011494252873563218,
    "CHS": 0.005747126436781609,
    "CLE": 0.005747126436781609,
    "CMH": 0.005747126436781609,
    "CVG": 0.005747126436781609,
    "MEM": 0.005747126436781609,
    "SAV": 0.005747126436781609
  },
  "international_route_shares": {
    "LHR": 0.0821917808219178,
    "YUL": 0.0684931506849315,
    "CDG": 0.0547945205479452,
    "CUN": 0.0547945205479452,
    "FRA": 0.0547945205479452,
    "GRU": 0.0547945205479452,
    "AMS": 0.0273972602739726,
    "AZO": 0.0273972602739726,
    "DAY": 0.0273972602739726,
    "ERI": 0.0273972602739726,
    "GCM": 0.0273972602739726,
    "GRB": 0.0273972602739726,
    "ICN": 0.0273972602739726,
    "MBJ": 0.0273972602739726,
    "MEX": 0.0273972602739726,
    "MSN": 0.0273972602739726,
    "MTY": 0.0273972602739726,
    "NAS": 0.0273972602739726,
    "NGO": 0.0273972602739726,
    "NRT": 0.0273972602739726,
    "PEK": 0.0273972602739726,
    "PUJ": 0.0273972602739726,
    "PVG": 0.0273972602739726,
    "SJU": 0.0273972602739726,
    "TVC": 0.0273972602739726,
    "ILG": 0.0273972602739726,
    "TTN": 0.0273972602739726,
    "ACY": 0.0273972602739726,
    "LEX": 0.0136986301369863,
    "MHT": 0.0136986301369863
  },
  "domestic_ratio": 0.704,
  "fleet_mix": {
    "FLG": {
      "CRJ9": 1.0
    },
    "AAL": {
      "A319": 0.3157894736842105,
      "A321": 0.21052631578947367,
      "B738": 0.21052631578947367,
      "A320": 0.15789473684210525,
      "E190": 0.10526315789473684
    },
    "AFR": {
      "B777": 1.0
    },
    "JBU": {
      "E190": 1.0
    },
    "DAL": {
      "A320": 0.29064039408866993,
      "A319": 0.19704433497536947,
      "B738": 0.18226600985221675,
      "B752": 0.07389162561576355,
      "B777": 0.06403940886699508,
      "B739": 0.06403940886699508,
      "B767": 0.03940886699507389,
      "A330": 0.029556650246305417,
      "CRJ7": 0.029556650246305417,
      "B744": 0.019704433497536946,
      "E175": 0.0049261083743842365,
      "CRJ9": 0.0049261083743842365
    },
    "FFT": {
      "A319": 0.5,
      "A320": 0.5
    },
    "TRS": {
      "B737": 1.0
    },
    "NKS": {
      "A320": 0.4594594594594595,
      "A319": 0.43243243243243246,
      "A321": 0.10810810810810811
    },
    "UAL": {
      "A320": 0.5,
      "A319": 0.25,
      "B737": 0.25
    },
    "USA": {
      "A319": 0.2608695652173913,
      "A321": 0.17391304347826086,
      "B738": 0.17391304347826086,
      "A320": 0.13043478260869565,
      "CRJ7": 0.08695652173913043,
      "E175": 0.08695652173913043,
      "E190": 0.08695652173913043
    },
    "VIR": {
      "B777": 1.0
    },
    "SWA": {
      "B738": 1.0
    }
  },
  "hourly_profile": [],
  "delay_rate": 0.0,
  "delay_distribution": {},
  "mean_delay_minutes": 0.0,
  "data_source": "openflights",
  "region": "",
  "profile_date": "2026-03-21",
  "sample_size": 247
}