{
  "icao_code": "KEF",
  "iata_code": "KEF",
  "airline_shares": {
    "ICE": 0.6455696202531646,
    "EZY": 0.12658227848101267,
    "BMI": 0.12658227848101267,
    "NAX": 0.05063291139240506,
    "BSK": 0.02531645569620253,
    "SAS": 0.02531645569620253
  },
  "domestic_route_shares": {},
  "international_route_shares": {
    "OSL": 0.0759493670886076,
    "CDG": 0.05063291139240506,
    "CPH": 0.05063291139240506,
    "LGW": 0.05063291139240506,
    "MAN": 0.05063291139240506,
    "BGO": 0.0379746835443038,
    "AMS": 0.02531645569620253,
    "ARN": 0.02531645569620253,
    "BLL": 0.02531645569620253,
    "BOS": 0.02531645569620253,
    "BRU": 0.02531645569620253,
    "DEN": 0.02531645569620253,
    "EWR": 0.02531645569620253,
    "FRA": 0.02531645569620253,
    "GLA": 0.02531645569620253,
    "HEL": 0.02531645569620253,
    "IAD": 0.02531645569620253,
    "JFK": 0.02531645569620253,
    "LHR": 0.02531645569620253,
    "MUC": 0.02531645569620253,
    "SEA": 0.02531645569620253,
    "SFB": 0.02531645569620253,
    "YEG": 0.02531645569620253,
    "YYZ": 0.02531645569620253,
    "ZRH": 0.02531645569620253,
    "GOH": 0.02531645569620253,
    "BRS": 0.02531645569620253,
    "BSL": 0.02531645569620253,
    "EDI": 0.02531645569620253,
    "LTN": 0.02531645569620253,
    "ALC": 0.02531645569620253,
    "SXF": 0.02531645569620253,
    "SVG": 0.012658227848101266,
    "TRD": 0.012658227848101266
  },
  "domestic_ratio": 0.0,
  "fleet_mix": {
    "NAX": {
      "B738": 1.0
    },
    "SAS": {
      "B738": 1.0
    },
    "EZY": {
      "A319": 0.5714285714285714,
      "A320": 0.42857142857142855
    },
    "BMI": {
      "A320": 1.0
    }
  },
  "hourly_profile": [],
  "delay_rate": 0.0,
  "delay_distribution": {},
  "mean_delay_minutes": 0.0,
  "data_source": "openflights",
  "region": "",
  "profile_date": "2026-03-21",
  "sample_size": 79
}