{
  "icao_code": "KEWR",
  "iata_code": "EWR",
  "airline_shares": {
    "UAL": 0.6026058631921825,
    "JBU": 0.05211726384364821,
    "SWA": 0.05211726384364821,
    "DAL": 0.03908794788273615,
    "AAL": 0.03257328990228013,
    "USA": 0.03257328990228013,
    "ACA": 0.019543973941368076,
    "GEC": 0.019543973941368076,
    "SAS": 0.019543973941368076,
    "AVA": 0.013029315960912053,
    "TAP": 0.013029315960912053,
    "VRD": 0.013029315960912053,
    "JAI": 0.006514657980456026,
    "AIC": 0.006514657980456026,
    "ASA": 0.006514657980456026,
    "FIN": 0.006514657980456026,
    "BAW": 0.006514657980456026,
    "CPA": 0.006514657980456026,
    "ETD": 0.006514657980456026,
    "ICE": 0.006514657980456026,
    "SWR": 0.006514657980456026,
    "ELY": 0.006514657980456026,
    "ANA": 0.006514657980456026,
    "POE": 0.006514657980456026,
    "BHS": 0.006514657980456026,
    "VIR": 0.006514657980456026
  },
  "domestic_route_shares": {
    "PHX": 0.06956521739130435,
    "DFW": 0.05217391304347826,
    "MIA": 0.05217391304347826,
    "CLT": 0.034782608695652174,
    "SEA": 0.034782608695652174,
    "BOS": 0.034782608695652174,
    "FLL": 0.034782608695652174,
    "MCO": 0.034782608695652174,
    "PBI": 0.034782608695652174,
    "RSW": 0.034782608695652174,
    "TPA": 0.034782608695652174,
    "AUS": 0.034782608695652174,
    "DEN": 0.034782608695652174,
    "LAX": 0.034782608695652174,
    "MSY": 0.034782608695652174,
    "ORD": 0.034782608695652174,
    "SFO": 0.034782608695652174,
    "PHL": 0.017391304347826087,
    "ATL": 0.017391304347826087,
    "DTW": 0.017391304347826087,
    "MSP": 0.017391304347826087,
    "SLC": 0.017391304347826087,
    "CLE": 0.017391304347826087,
    "HNL": 0.017391304347826087,
    "IAH": 0.017391304347826087,
    "LAS": 0.017391304347826087,
    "PDX": 0.017391304347826087,
    "SAN": 0.017391304347826087,
    "SAT": 0.017391304347826087,
    "SNA": 0.017391304347826087,
    "BNA": 0.017391304347826087,
    "HOU": 0.017391304347826087,
    "MDW": 0.017391304347826087,
    "STL": 0.017391304347826087,
    "DCA": 0.008695652173913044,
    "IAD": 0.008695652173913044,
    "PWM": 0.008695652173913044,
    "PIT": 0.008695652173913044,
    "RDU": 0.008695652173913044
  },
  "international_route_shares": {
    "LHR": 0.041666666666666664,
    "BRU": 0.03125,
    "YVR": 0.020833333333333332,
    "BOM": 0.020833333333333332,
    "BOG": 0.020833333333333332,
    "SAL": 0.020833333333333332,
    "SJU": 0.020833333333333332,
    "HKG": 0.020833333333333332,
    "AMS": 0.020833333333333332,
    "CDG": 0.020833333333333332,
    "FRA": 0.020833333333333332,
    "MUC": 0.020833333333333332,
    "ZRH": 0.020833333333333332,
    "TLV": 0.020833333333333332,
    "ARN": 0.020833333333333332,
    "OSL": 0.020833333333333332,
    "LIS": 0.020833333333333332,
    "YYC": 0.010416666666666666,
    "YYZ": 0.010416666666666666,
    "STI": 0.010416666666666666,
    "KEF": 0.010416666666666666,
    "DUS": 0.010416666666666666,
    "YTZ": 0.010416666666666666,
    "CPH": 0.010416666666666666,
    "OPO": 0.010416666666666666,
    "ANU": 0.010416666666666666,
    "AUA": 0.010416666666666666,
    "BCN": 0.010416666666666666,
    "BDA": 0.010416666666666666,
    "BFS": 0.010416666666666666,
    "BHX": 0.010416666666666666,
    "BON": 0.010416666666666666,
    "BQN": 0.010416666666666666,
    "BTV": 0.010416666666666666,
    "BZE": 0.010416666666666666,
    "CUN": 0.010416666666666666,
    "DEL": 0.010416666666666666,
    "DUB": 0.010416666666666666,
    "EDI": 0.010416666666666666,
    "FCO": 0.010416666666666666,
    "GCM": 0.010416666666666666,
    "GLA": 0.010416666666666666,
    "GRU": 0.010416666666666666,
    "GUA": 0.010416666666666666,
    "GVA": 0.010416666666666666,
    "HAM": 0.010416666666666666,
    "LIM": 0.010416666666666666,
    "LIR": 0.010416666666666666,
    "MAD": 0.010416666666666666,
    "MAN": 0.010416666666666666,
    "MBJ": 0.010416666666666666,
    "MEX": 0.010416666666666666,
    "MXP": 0.010416666666666666,
    "NAS": 0.010416666666666666,
    "NRT": 0.010416666666666666,
    "PEK": 0.010416666666666666,
    "PLS": 0.010416666666666666,
    "POP": 0.010416666666666666,
    "POS": 0.010416666666666666,
    "PTY": 0.010416666666666666,
    "PUJ": 0.010416666666666666,
    "PVG": 0.010416666666666666,
    "PVR": 0.010416666666666666,
    "SAP": 0.010416666666666666,
    "SDQ": 0.010416666666666666,
    "SJD": 0.010416666666666666,
    "SJO": 0.010416666666666666,
    "SNN": 0.010416666666666666,
    "STR": 0.010416666666666666,
    "STT": 0.010416666666666666,
    "SXM": 0.010416666666666666,
    "TXL": 0.010416666666666666,
    "UVF": 0.010416666666666666,
    "YEG": 0.010416666666666666,
    "YYT": 0.010416666666666666,
    "FPO": 0.010416666666666666
  },
  "domestic_ratio": 0.375,
  "fleet_mix": {
    "JAI": {
      "A330": 1.0
    },
    "AAL": {
      "A320": 0.3333333333333333,
      "A321": 0.16666666666666666,
      "B737": 0.16666666666666666,
      "A319": 0.16666666666666666,
      "B738": 0.16666666666666666
    },
    "ACA": {
      "E190": 0.5,
      "A319": 0.25,
      "E175": 0.25
    },
    "AIC": {
      "B777": 1.0
    },
    "ASA": {
      "B739": 1.0
    },
    "AVA": {
      "B737": 0.3333333333333333,
      "A320": 0.3333333333333333,
      "B738": 0.3333333333333333
    },
    "FIN": {
      "B777": 0.5,
      "B787": 0.5
    },
    "JBU": {
      "A320": 0.875,
      "E190": 0.125
    },
    "BAW": {
      "B777": 0.5,
      "B787": 0.5
    },
    "CPA": {
      "B777": 1.0
    },
    "DAL": {
      "A319": 0.5,
      "A320": 0.5
    },
    "GEC": {
      "B744": 1.0
    },
    "SWR": {
      "A330": 1.0
    },
    "ELY": {
      "B777": 1.0
    },
    "ANA": {
      "A319": 1.0
    },
    "POE": {
      "DH8D": 1.0
    },
    "SAS": {
      "A330": 1.0
    },
    "TAP": {
      "A330": 1.0
    },
    "UAL": {
      "B738": 0.2125340599455041,
      "B752": 0.19346049046321526,
      "B739": 0.17166212534059946,
      "A320": 0.09536784741144415,
      "A319": 0.09264305177111716,
      "B737": 0.08991825613079019,
      "B767": 0.07084468664850137,
      "B777": 0.05449591280653951,
      "DH8D": 0.01907356948228883
    },
    "USA": {
      "A320": 0.2857142857142857,
      "A321": 0.14285714285714285,
      "A319": 0.14285714285714285,
      "B738": 0.14285714285714285,
      "CRJ7": 0.14285714285714285,
      "E175": 0.14285714285714285
    },
    "VIR": {
      "A330": 1.0
    },
    "VRD": {
      "A320": 1.0
    }
  },
  "hourly_profile": [],
  "delay_rate": 0.0,
  "delay_distribution": {},
  "mean_delay_minutes": 0.0,
  "data_source": "openflights",
  "region": "",
  "profile_date": "2026-03-21",
  "sample_size": 307
}