{
  "icao_code": "KGD",
  "iata_code": "KGD",
  "airline_shares": {
    "SBI": 0.14285714285714285,
    "AFL": 0.14285714285714285,
    "SVR": 0.14285714285714285,
    "ARD": 0.07142857142857142,
    "BER": 0.07142857142857142,
    "BRU": 0.07142857142857142,
    "BTI": 0.07142857142857142,
    "D2": 0.07142857142857142,
    "UZB": 0.07142857142857142,
    "AUI": 0.07142857142857142,
    "TSO": 0.07142857142857142
  },
  "domestic_route_shares": {
    "DME": 0.6,
    "LED": 0.2,
    "SVO": 0.2
  },
  "international_route_shares": {
    "TAS": 0.2222222222222222,
    "KBP": 0.2222222222222222,
    "EGO": 0.1111111111111111,
    "TXL": 0.1111111111111111,
    "MSQ": 0.1111111111111111,
    "RIX": 0.1111111111111111,
    "CEE": 0.1111111111111111
  },
  "domestic_ratio": 0.357,
  "fleet_mix": {
    "BER": {
      "DH8D": 1.0
    },
    "BRU": {
      "CRJ9": 1.0
    },
    "BTI": {
      "DH8D": 1.0
    },
    "UZB": {
      "B752": 1.0
    },
    "AUI": {
      "B737": 1.0
    },
    "AFL": {
      "A320": 0.6666666666666666,
      "A319": 0.3333333333333333
    },
    "SVR": {
      "A320": 1.0
    }
  },
  "hourly_profile": [],
  "delay_rate": 0.0,
  "delay_distribution": {},
  "mean_delay_minutes": 0.0,
  "data_source": "openflights",
  "region": "",
  "profile_date": "2026-03-21",
  "sample_size": 28
}