{
  "icao_code": "KGL",
  "iata_code": "KGL",
  "airline_shares": {
    "RWD": 0.5471698113207547,
    "ETH": 0.09433962264150944,
    "KQA": 0.07547169811320754,
    "JUS": 0.07547169811320754,
    "DAT": 0.05660377358490566,
    "KLM": 0.03773584905660377,
    "QTR": 0.03773584905660377,
    "SAA": 0.03773584905660377,
    "THY": 0.03773584905660377
  },
  "domestic_route_shares": {},
  "international_route_shares": {
    "EBB": 0.18867924528301888,
    "BJM": 0.1509433962264151,
    "NBO": 0.09433962264150944,
    "JNB": 0.07547169811320754,
    "IST": 0.05660377358490566,
    "ADD": 0.03773584905660377,
    "BRU": 0.03773584905660377,
    "BZV": 0.03773584905660377,
    "DAR": 0.03773584905660377,
    "DXB": 0.03773584905660377,
    "JRO": 0.03773584905660377,
    "JUB": 0.03773584905660377,
    "KME": 0.03773584905660377,
    "LBV": 0.03773584905660377,
    "LOS": 0.03773584905660377,
    "MBA": 0.03773584905660377,
    "AMS": 0.018867924528301886
  },
  "domestic_ratio": 0.0,
  "fleet_mix": {
    "ETH": {
      "B738": 1.0
    },
    "KQA": {
      "E175": 0.6666666666666666,
      "E190": 0.3333333333333333
    },
    "QTR": {
      "A320": 1.0
    },
    "DAT": {
      "A330": 1.0
    },
    "THY": {
      "B739": 1.0
    },
    "JUS": {
      "CRJ9": 1.0
    },
    "RWD": {
      "CRJ9": 0.3448275862068966,
      "B738": 0.3448275862068966,
      "DH8D": 0.20689655172413793,
      "B739": 0.06896551724137931,
      "A330": 0.034482758620689655
    }
  },
  "hourly_profile": [],
  "delay_rate": 0.0,
  "delay_distribution": {},
  "mean_delay_minutes": 0.0,
  "data_source": "openflights",
  "region": "",
  "profile_date": "2026-03-21",
  "sample_size": 53
}