{
  "icao_code": "KGS",
  "iata_code": "KGS",
  "airline_shares": {
    "CFG": 0.1590909090909091,
    "RYR": 0.1590909090909091,
    "HLX": 0.1590909090909091,
    "BER": 0.14772727272727273,
    "AEE": 0.09090909090909091,
    "EXS": 0.045454545454545456,
    "OAL": 0.045454545454545456,
    "TVF": 0.045454545454545456,
    "EZY": 0.045454545454545456,
    "GWI": 0.022727272727272728,
    "HMY": 0.022727272727272728,
    "TRA": 0.022727272727272728,
    "LGL": 0.022727272727272728,
    "BSY": 0.011363636363636364
  },
  "domestic_route_shares": {
    "RHO": 0.5714285714285714,
    "ATH": 0.2857142857142857,
    "HER": 0.14285714285714285
  },
  "international_route_shares": {
    "CGN": 0.07407407407407407,
    "DUS": 0.07407407407407407,
    "MUC": 0.07407407407407407,
    "JKL": 0.04938271604938271,
    "HAM": 0.04938271604938271,
    "FRA": 0.04938271604938271,
    "HAJ": 0.04938271604938271,
    "STR": 0.04938271604938271,
    "LBA": 0.04938271604938271,
    "LGW": 0.04938271604938271,
    "STN": 0.037037037037037035,
    "MAN": 0.037037037037037035,
    "DME": 0.024691358024691357,
    "LEJ": 0.024691358024691357,
    "TXL": 0.024691358024691357,
    "SXF": 0.024691358024691357,
    "BGY": 0.024691358024691357,
    "KRK": 0.024691358024691357,
    "KUN": 0.024691358024691357,
    "LPL": 0.024691358024691357,
    "RYG": 0.024691358024691357,
    "BRU": 0.024691358024691357,
    "AMS": 0.024691358024691357,
    "LUX": 0.024691358024691357,
    "GLA": 0.024691358024691357,
    "BSL": 0.024691358024691357,
    "NUE": 0.012345679012345678
  },
  "domestic_ratio": 0.08,
  "fleet_mix": {
    "GWI": {
      "A319": 1.0
    },
    "AEE": {
      "A320": 0.6666666666666666,
      "DH8D": 0.3333333333333333
    },
    "BER": {
      "B738": 0.6842105263157895,
      "B737": 0.10526315789473684,
      "A321": 0.10526315789473684,
      "A320": 0.10526315789473684
    },
    "CFG": {
      "B738": 1.0
    },
    "RYR": {
      "B738": 1.0
    },
    "HMY": {
      "A320": 0.5,
      "A319": 0.5
    },
    "TRA": {
      "B738": 1.0
    },
    "EXS": {
      "B738": 1.0
    },
    "TVF": {
      "B738": 1.0
    },
    "EZY": {
      "A320": 0.6666666666666666,
      "A319": 0.3333333333333333
    },
    "HLX": {
      "B738": 1.0
    }
  },
  "hourly_profile": [],
  "delay_rate": 0.0,
  "delay_distribution": {},
  "mean_delay_minutes": 0.0,
  "data_source": "openflights",
  "region": "",
  "profile_date": "2026-03-21",
  "sample_size": 88
}