{
  "icao_code": "KHH",
  "iata_code": "KHH",
  "airline_shares": {
    "CAL": 0.2037037037037037,
    "TNA": 0.16666666666666666,
    "UIA": 0.1111111111111111,
    "MDA": 0.05555555555555555,
    "EVA": 0.05555555555555555,
    "CES": 0.05555555555555555,
    "CSN": 0.037037037037037035,
    "WCP": 0.037037037037037035,
    "CXA": 0.037037037037037035,
    "HVN": 0.037037037037037035,
    "9C": 0.018518518518518517,
    "AAL": 0.018518518518518517,
    "ABL": 0.018518518518518517,
    "CPA": 0.018518518518518517,
    "DKH": 0.018518518518518517,
    "JAL": 0.018518518518518517,
    "HDA": 0.018518518518518517,
    "MM": 0.018518518518518517,
    "ANA": 0.018518518518518517,
    "AMU": 0.018518518518518517,
    "OZR": 0.018518518518518517
  },
  "domestic_route_shares": {
    "HUN": 0.5,
    "MZG": 0.5
  },
  "international_route_shares": {
    "NRT": 0.09615384615384616,
    "PVG": 0.07692307692307693,
    "ICN": 0.057692307692307696,
    "XMN": 0.057692307692307696,
    "FOC": 0.057692307692307696,
    "HKG": 0.057692307692307696,
    "HAN": 0.038461538461538464,
    "SGN": 0.038461538461538464,
    "KHN": 0.038461538461538464,
    "KIX": 0.038461538461538464,
    "WUH": 0.038461538461538464,
    "NNG": 0.038461538461538464,
    "MFM": 0.038461538461538464,
    "HGH": 0.019230769230769232,
    "KMG": 0.019230769230769232,
    "TAO": 0.019230769230769232,
    "PUS": 0.019230769230769232,
    "BKK": 0.019230769230769232,
    "CKG": 0.019230769230769232,
    "OKA": 0.019230769230769232,
    "PEK": 0.019230769230769232,
    "SIN": 0.019230769230769232,
    "SZX": 0.019230769230769232,
    "CGO": 0.019230769230769232,
    "CTU": 0.019230769230769232,
    "CSX": 0.019230769230769232,
    "HFE": 0.019230769230769232,
    "KNH": 0.019230769230769232,
    "XUZ": 0.019230769230769232,
    "NKG": 0.019230769230769232
  },
  "domestic_ratio": 0.037,
  "fleet_mix": {
    "9C": {
      "A320": 1.0
    },
    "AAL": {
      "B767": 1.0
    },
    "MDA": {
      "E190": 1.0
    },
    "EVA": {
      "A321": 1.0
    },
    "CAL": {
      "B738": 0.5714285714285714,
      "A330": 0.35714285714285715,
      "E190": 0.07142857142857142
    },
    "CPA": {
      "A320": 0.3333333333333333,
      "A330": 0.3333333333333333,
      "A321": 0.3333333333333333
    },
    "CSN": {
      "B738": 1.0
    },
    "TNA": {
      "A320": 0.7777777777777778,
      "AT76": 0.2222222222222222
    },
    "DKH": {
      "A320": 1.0
    },
    "JAL": {
      "B767": 1.0
    },
    "HDA": {
      "A320": 0.3333333333333333,
      "A330": 0.3333333333333333,
      "A321": 0.3333333333333333
    },
    "CXA": {
      "B738": 0.5,
      "B737": 0.25,
      "E190": 0.25
    },
    "MM": {
      "A320": 1.0
    },
    "CES": {
      "A320": 0.5,
      "A321": 0.25,
      "B738": 0.25
    },
    "ANA": {
      "A321": 1.0
    },
    "AMU": {
      "A320": 0.5,
      "A319": 0.5
    },
    "HVN": {
      "A321": 1.0
    }
  },
  "hourly_profile": [],
  "delay_rate": 0.0,
  "delay_distribution": {},
  "mean_delay_minutes": 0.0,
  "data_source": "openflights",
  "region": "",
  "profile_date": "2026-03-21",
  "sample_size": 108
}