{
  "icao_code": "KHI",
  "iata_code": "KHI",
  "airline_shares": {
    "PIA": 0.472,
    "MXI": 0.112,
    "SAI": 0.096,
    "SVA": 0.048,
    "THA": 0.032,
    "AZA": 0.016,
    "CCA": 0.016,
    "CPA": 0.016,
    "UAE": 0.016,
    "ETD": 0.016,
    "FDB": 0.016,
    "ABY": 0.016,
    "GBA": 0.016,
    "IRA": 0.016,
    "MAS": 0.016,
    "QTR": 0.016,
    "THY": 0.016,
    "ALK": 0.016,
    "OMA": 0.016,
    "KNE": 0.016
  },
  "domestic_route_shares": {
    "ISB": 0.15789473684210525,
    "LHE": 0.15789473684210525,
    "MUX": 0.15789473684210525,
    "PEW": 0.15789473684210525,
    "UET": 0.15789473684210525,
    "LYP": 0.10526315789473684,
    "GWD": 0.05263157894736842,
    "TUK": 0.05263157894736842
  },
  "international_route_shares": {
    "DXB": 0.09195402298850575,
    "AUH": 0.06896551724137931,
    "JED": 0.06896551724137931,
    "MCT": 0.06896551724137931,
    "BKK": 0.04597701149425287,
    "SHJ": 0.04597701149425287,
    "BHV": 0.04597701149425287,
    "CMB": 0.04597701149425287,
    "DMM": 0.04597701149425287,
    "RUH": 0.04597701149425287,
    "CTU": 0.022988505747126436,
    "BAH": 0.022988505747126436,
    "IKA": 0.022988505747126436,
    "BOM": 0.022988505747126436,
    "DAC": 0.022988505747126436,
    "DEA": 0.022988505747126436,
    "DEL": 0.022988505747126436,
    "KTM": 0.022988505747126436,
    "KUL": 0.022988505747126436,
    "LHR": 0.022988505747126436,
    "MED": 0.022988505747126436,
    "MJD": 0.022988505747126436,
    "PJG": 0.022988505747126436,
    "RYK": 0.022988505747126436,
    "SKZ": 0.022988505747126436,
    "YYZ": 0.022988505747126436,
    "DOH": 0.022988505747126436,
    "IST": 0.022988505747126436,
    "DBA": 0.011494252873563218
  },
  "domestic_ratio": 0.304,
  "fleet_mix": {
    "AZA": {
      "A320": 1.0
    },
    "CCA": {
      "A320": 1.0
    },
    "CPA": {
      "A330": 1.0
    },
    "UAE": {
      "B777": 1.0
    },
    "ETD": {
      "A320": 1.0
    },
    "FDB": {
      "B738": 1.0
    },
    "ABY": {
      "A320": 1.0
    },
    "GBA": {
      "A320": 0.3333333333333333,
      "A321": 0.3333333333333333,
      "A330": 0.3333333333333333
    },
    "IRA": {
      "A320": 1.0
    },
    "MAS": {
      "A320": 1.0
    },
    "SAI": {
      "A320": 1.0
    },
    "PIA": {
      "B737": 0.3287671232876712,
      "B738": 0.2465753424657534,
      "A320": 0.2328767123287671,
      "B777": 0.1917808219178082
    },
    "QTR": {
      "A320": 1.0
    },
    "SVA": {
      "B777": 0.6666666666666666,
      "A320": 0.3333333333333333
    },
    "THA": {
      "A330": 1.0
    },
    "THY": {
      "B738": 1.0
    },
    "ALK": {
      "A320": 1.0
    },
    "OMA": {
      "B738": 0.5,
      "B737": 0.5
    }
  },
  "hourly_profile": [],
  "delay_rate": 0.0,
  "delay_distribution": {},
  "mean_delay_minutes": 0.0,
  "data_source": "openflights",
  "region": "",
  "profile_date": "2026-03-21",
  "sample_size": 125
}