{
  "icao_code": "KHN",
  "iata_code": "KHN",
  "airline_shares": {
    "CES": 0.24324324324324326,
    "CSN": 0.13513513513513514,
    "CHH": 0.0945945945945946,
    "GUN": 0.08108108108108109,
    "CXA": 0.08108108108108109,
    "CSZ": 0.06756756756756757,
    "CSC": 0.05405405405405406,
    "JAS": 0.05405405405405406,
    "CDG": 0.05405405405405406,
    "CCA": 0.04054054054054054,
    "CAL": 0.02702702702702703,
    "GTA": 0.013513513513513514,
    "CSH": 0.013513513513513514,
    "KN": 0.013513513513513514,
    "OZR": 0.013513513513513514,
    "CHB": 0.013513513513513514
  },
  "domestic_route_shares": {
    "CAN": 0.078125,
    "CTU": 0.0625,
    "KMG": 0.0625,
    "SZX": 0.0625,
    "CKG": 0.046875,
    "PEK": 0.046875,
    "NNG": 0.046875,
    "HAK": 0.046875,
    "XIY": 0.046875,
    "NGB": 0.03125,
    "NKG": 0.03125,
    "ZUH": 0.03125,
    "SHA": 0.03125,
    "HRB": 0.03125,
    "XMN": 0.03125,
    "TNA": 0.03125,
    "KWE": 0.03125,
    "PVG": 0.03125,
    "TAO": 0.03125,
    "CGQ": 0.015625,
    "DLC": 0.015625,
    "LYA": 0.015625,
    "TYN": 0.015625,
    "CGO": 0.015625,
    "SJW": 0.015625,
    "TSN": 0.015625,
    "WNZ": 0.015625,
    "SHE": 0.015625,
    "HET": 0.015625,
    "SYX": 0.015625,
    "WUH": 0.015625
  },
  "international_route_shares": {
    "KHH": 0.2,
    "TPE": 0.2,
    "KOW": 0.2,
    "DMK": 0.1,
    "NAY": 0.1,
    "HKG": 0.1,
    "ICN": 0.1
  },
  "domestic_ratio": 0.865,
  "fleet_mix": {
    "CSC": {
      "A319": 0.5,
      "A321": 0.5
    },
    "CCA": {
      "A321": 0.5,
      "A320": 0.25,
      "B738": 0.25
    },
    "CAL": {
      "B738": 0.5,
      "A330": 0.5
    },
    "CSN": {
      "B738": 0.3333333333333333,
      "A320": 0.26666666666666666,
      "A319": 0.2,
      "A321": 0.13333333333333333,
      "B737": 0.06666666666666667
    },
    "CSH": {
      "B738": 1.0
    },
    "GUN": {
      "E190": 0.6666666666666666,
      "A320": 0.3333333333333333
    },
    "CHH": {
      "B738": 1.0
    },
    "JAS": {
      "A319": 0.5,
      "A320": 0.5
    },
    "KN": {
      "B737": 1.0
    },
    "CXA": {
      "B737": 1.0
    },
    "CES": {
      "A320": 0.7777777777777778,
      "B738": 0.1111111111111111,
      "A321": 0.05555555555555555,
      "A319": 0.05555555555555555
    },
    "OZR": {
      "A321": 1.0
    },
    "CHB": {
      "A320": 0.5,
      "A319": 0.5
    },
    "CDG": {
      "B737": 1.0
    },
    "CSZ": {
      "A320": 0.6666666666666666,
      "B738": 0.16666666666666666,
      "A319": 0.16666666666666666
    }
  },
  "hourly_profile": [],
  "delay_rate": 0.0,
  "delay_distribution": {},
  "mean_delay_minutes": 0.0,
  "data_source": "openflights",
  "region": "",
  "profile_date": "2026-03-21",
  "sample_size": 148
}