{
  "icao_code": "KIAH",
  "iata_code": "IAH",
  "airline_shares": {
    "UAL": 0.611336032388664,
    "USA": 0.08097165991902834,
    "NKS": 0.05668016194331984,
    "AAL": 0.048582995951417005,
    "DAL": 0.03643724696356275,
    "CCA": 0.024291497975708502,
    "AVA": 0.016194331983805668,
    "QTR": 0.012145748987854251,
    "AFR": 0.008097165991902834,
    "AMX": 0.008097165991902834,
    "ASA": 0.008097165991902834,
    "FIN": 0.008097165991902834,
    "JBU": 0.008097165991902834,
    "BAW": 0.008097165991902834,
    "UAE": 0.008097165991902834,
    "FFT": 0.008097165991902834,
    "KAL": 0.008097165991902834,
    "KLM": 0.008097165991902834,
    "GEC": 0.008097165991902834,
    "SQC": 0.008097165991902834,
    "THY": 0.008097165991902834,
    "VB": 0.008097165991902834
  },
  "domestic_route_shares": {
    "MIA": 0.04878048780487805,
    "PHL": 0.04878048780487805,
    "PHX": 0.04878048780487805,
    "DTW": 0.04878048780487805,
    "DEN": 0.04878048780487805,
    "LAX": 0.04878048780487805,
    "ORD": 0.04878048780487805,
    "DFW": 0.04065040650406504,
    "CLT": 0.032520325203252036,
    "SEA": 0.032520325203252036,
    "LAS": 0.032520325203252036,
    "MCO": 0.032520325203252036,
    "ATL": 0.024390243902439025,
    "MSP": 0.024390243902439025,
    "SLC": 0.016260162601626018,
    "ABQ": 0.016260162601626018,
    "AUS": 0.016260162601626018,
    "BOS": 0.016260162601626018,
    "BWI": 0.016260162601626018,
    "CLE": 0.016260162601626018,
    "DCA": 0.016260162601626018,
    "EWR": 0.016260162601626018,
    "FLL": 0.016260162601626018,
    "HNL": 0.016260162601626018,
    "IAD": 0.016260162601626018,
    "IND": 0.016260162601626018,
    "LGA": 0.016260162601626018,
    "MSY": 0.016260162601626018,
    "OKC": 0.016260162601626018,
    "PBI": 0.016260162601626018,
    "PDX": 0.016260162601626018,
    "PIT": 0.016260162601626018,
    "RDU": 0.016260162601626018,
    "RSW": 0.016260162601626018,
    "SAN": 0.016260162601626018,
    "SAT": 0.016260162601626018,
    "SFO": 0.016260162601626018,
    "SJC": 0.016260162601626018,
    "SMF": 0.016260162601626018,
    "SNA": 0.016260162601626018,
    "TPA": 0.016260162601626018
  },
  "international_route_shares": {
    "MEX": 0.06451612903225806,
    "DOH": 0.04838709677419355,
    "SAL": 0.04838709677419355,
    "LHR": 0.04838709677419355,
    "BOG": 0.03225806451612903,
    "DXB": 0.03225806451612903,
    "CUN": 0.03225806451612903,
    "AMS": 0.03225806451612903,
    "FRA": 0.03225806451612903,
    "IST": 0.03225806451612903,
    "CDG": 0.016129032258064516,
    "PEK": 0.016129032258064516,
    "ICN": 0.016129032258064516,
    "DME": 0.016129032258064516,
    "BON": 0.016129032258064516,
    "BZE": 0.016129032258064516,
    "CCS": 0.016129032258064516,
    "CZM": 0.016129032258064516,
    "EZE": 0.016129032258064516,
    "GCM": 0.016129032258064516,
    "GDL": 0.016129032258064516,
    "GIG": 0.016129032258064516,
    "GRU": 0.016129032258064516,
    "GUA": 0.016129032258064516,
    "LIM": 0.016129032258064516,
    "LIR": 0.016129032258064516,
    "LOS": 0.016129032258064516,
    "MBJ": 0.016129032258064516,
    "MGA": 0.016129032258064516,
    "MID": 0.016129032258064516,
    "MUC": 0.016129032258064516,
    "NAS": 0.016129032258064516,
    "NRT": 0.016129032258064516,
    "POS": 0.016129032258064516,
    "PTY": 0.016129032258064516,
    "PVR": 0.016129032258064516,
    "RTB": 0.016129032258064516,
    "SAP": 0.016129032258064516,
    "SJD": 0.016129032258064516,
    "SJO": 0.016129032258064516,
    "SJU": 0.016129032258064516,
    "TGU": 0.016129032258064516,
    "UIO": 0.016129032258064516,
    "YEG": 0.016129032258064516,
    "YVR": 0.016129032258064516,
    "YYC": 0.016129032258064516,
    "MTY": 0.016129032258064516
  },
  "domestic_ratio": 0.498,
  "fleet_mix": {
    "AAL": {
      "A319": 0.21052631578947367,
      "A320": 0.21052631578947367,
      "A321": 0.15789473684210525,
      "B737": 0.10526315789473684,
      "B777": 0.10526315789473684,
      "B738": 0.10526315789473684,
      "E190": 0.10526315789473684
    },
    "AFR": {
      "B777": 1.0
    },
    "ASA": {
      "B739": 1.0
    },
    "AVA": {
      "B752": 0.25,
      "B737": 0.25,
      "B738": 0.25,
      "E190": 0.25
    },
    "FIN": {
      "B744": 0.5,
      "B777": 0.5
    },
    "JBU": {
      "B777": 1.0
    },
    "BAW": {
      "B744": 0.5,
      "B777": 0.5
    },
    "CCA": {
      "B739": 0.2857142857142857,
      "B777": 0.2857142857142857,
      "A319": 0.14285714285714285,
      "B737": 0.14285714285714285,
      "A320": 0.14285714285714285
    },
    "DAL": {
      "A319": 0.7142857142857143,
      "A320": 0.14285714285714285,
      "E175": 0.14285714285714285
    },
    "UAE": {
      "B777": 1.0
    },
    "FFT": {
      "A319": 0.5,
      "A320": 0.5
    },
    "KAL": {
      "B777": 1.0
    },
    "GEC": {
      "A380": 1.0
    },
    "NKS": {
      "A320": 0.5714285714285714,
      "A319": 0.42857142857142855
    },
    "QTR": {
      "B777": 1.0
    },
    "SQC": {
      "B777": 1.0
    },
    "THY": {
      "B777": 1.0
    },
    "UAL": {
      "B738": 0.23908045977011494,
      "A320": 0.1724137931034483,
      "B739": 0.167816091954023,
      "B737": 0.15172413793103448,
      "A319": 0.13793103448275862,
      "B752": 0.06206896551724138,
      "B767": 0.0367816091954023,
      "B787": 0.01839080459770115,
      "B777": 0.013793103448275862
    },
    "USA": {
      "A319": 0.16,
      "A320": 0.16,
      "B777": 0.16,
      "CRJ7": 0.16,
      "E190": 0.16,
      "A321": 0.12,
      "B738": 0.08
    }
  },
  "hourly_profile": [],
  "delay_rate": 0.0,
  "delay_distribution": {},
  "mean_delay_minutes": 0.0,
  "data_source": "openflights",
  "region": "",
  "profile_date": "2026-03-21",
  "sample_size": 247
}