{
  "icao_code": "KIN",
  "iata_code": "KIN",
  "airline_shares": {
    "BWA": 0.36363636363636365,
    "OLA": 0.10909090909090909,
    "JBU": 0.07272727272727272,
    "AXZ": 0.07272727272727272,
    "CAY": 0.05454545454545454,
    "7I": 0.03636363636363636,
    "AAL": 0.03636363636363636,
    "ACA": 0.03636363636363636,
    "BAW": 0.03636363636363636,
    "CMP": 0.03636363636363636,
    "DAL": 0.03636363636363636,
    "NKS": 0.03636363636363636,
    "USA": 0.03636363636363636,
    "WJA": 0.03636363636363636
  },
  "domestic_route_shares": {
    "MBJ": 1.0
  },
  "international_route_shares": {
    "YYZ": 0.15384615384615385,
    "FLL": 0.11538461538461539,
    "JFK": 0.11538461538461539,
    "MIA": 0.07692307692307693,
    "CUR": 0.038461538461538464,
    "LGW": 0.038461538461538464,
    "ANU": 0.038461538461538464,
    "BGI": 0.038461538461538464,
    "MCO": 0.038461538461538464,
    "NAS": 0.038461538461538464,
    "POS": 0.038461538461538464,
    "SXM": 0.038461538461538464,
    "PTY": 0.038461538461538464,
    "ATL": 0.038461538461538464,
    "PLS": 0.038461538461538464,
    "SDQ": 0.038461538461538464,
    "GCM": 0.038461538461538464,
    "GEO": 0.038461538461538464
  },
  "domestic_ratio": 0.055,
  "fleet_mix": {
    "AAL": {
      "B738": 1.0
    },
    "ACA": {
      "A319": 1.0
    },
    "JBU": {
      "E190": 0.5,
      "A320": 0.5
    },
    "BAW": {
      "B777": 1.0
    },
    "BWA": {
      "B738": 1.0
    },
    "CMP": {
      "E190": 1.0
    },
    "DAL": {
      "A319": 1.0
    },
    "NKS": {
      "A319": 1.0
    },
    "OLA": {
      "B752": 1.0
    },
    "USA": {
      "B738": 1.0
    },
    "WJA": {
      "B738": 1.0
    }
  },
  "hourly_profile": [],
  "delay_rate": 0.0,
  "delay_distribution": {},
  "mean_delay_minutes": 0.0,
  "data_source": "openflights",
  "region": "",
  "profile_date": "2026-03-21",
  "sample_size": 55
}