{
  "icao_code": "KIX",
  "iata_code": "KIX",
  "airline_shares": {
    "ANA": 0.13043478260869565,
    "MM": 0.12173913043478261,
    "JAL": 0.06956521739130435,
    "KAL": 0.043478260869565216,
    "CAL": 0.034782608695652174,
    "CSN": 0.034782608695652174,
    "GK": 0.034782608695652174,
    "CES": 0.034782608695652174,
    "CCA": 0.02608695652173913,
    "OZR": 0.02608695652173913,
    "JSA": 0.017391304347826087,
    "JJA": 0.017391304347826087,
    "CPA": 0.017391304347826087,
    "DAL": 0.017391304347826087,
    "GIA": 0.017391304347826087,
    "JST": 0.017391304347826087,
    "GEC": 0.017391304347826087,
    "JTA": 0.017391304347826087,
    "UAL": 0.017391304347826087,
    "HVN": 0.017391304347826087,
    "CSZ": 0.017391304347826087,
    "CEB": 0.008695652173913044,
    "SFJ": 0.008695652173913044,
    "9C": 0.008695652173913044,
    "AAL": 0.008695652173913044,
    "AFR": 0.008695652173913044,
    "AIC": 0.008695652173913044,
    "FIN": 0.008695652173913044,
    "AZA": 0.008695652173913044,
    "EVA": 0.008695652173913044,
    "ABL": 0.008695652173913044,
    "XAX": 0.008695652173913044,
    "UAE": 0.008695652173913044,
    "CSH": 0.008695652173913044,
    "TNA": 0.008695652173913044,
    "HAL": 0.008695652173913044,
    "DKH": 0.008695652173913044,
    "KLM": 0.008695652173913044,
    "MAS": 0.008695652173913044,
    "AMU": 0.008695652173913044,
    "BKP": 0.008695652173913044,
    "PAL": 0.008695652173913044,
    "QTR": 0.008695652173913044,
    "ACI": 0.008695652173913044,
    "CDG": 0.008695652173913044,
    "SQC": 0.008695652173913044,
    "THA": 0.008695652173913044,
    "THY": 0.008695652173913044,
    "HKE": 0.008695652173913044,
    "ESR": 0.008695652173913044
  },
  "domestic_route_shares": {
    "CTS": 0.18181818181818182,
    "OKA": 0.18181818181818182,
    "HND": 0.13636363636363635,
    "FUK": 0.13636363636363635,
    "NRT": 0.13636363636363635,
    "KOJ": 0.045454545454545456,
    "MYJ": 0.045454545454545456,
    "NGS": 0.045454545454545456,
    "SDJ": 0.045454545454545456,
    "HKD": 0.045454545454545456
  },
  "international_route_shares": {
    "TPE": 0.08602150537634409,
    "PVG": 0.07526881720430108,
    "ICN": 0.053763440860215055,
    "HKG": 0.053763440860215055,
    "GMP": 0.043010752688172046,
    "HNL": 0.043010752688172046,
    "MNL": 0.03225806451612903,
    "PUS": 0.03225806451612903,
    "DLC": 0.03225806451612903,
    "GUM": 0.03225806451612903,
    "BKK": 0.03225806451612903,
    "ISG": 0.03225806451612903,
    "PEK": 0.021505376344086023,
    "KHH": 0.021505376344086023,
    "KUL": 0.021505376344086023,
    "CGK": 0.021505376344086023,
    "DPS": 0.021505376344086023,
    "DOH": 0.021505376344086023,
    "TAO": 0.021505376344086023,
    "CDG": 0.010752688172043012,
    "HEL": 0.010752688172043012,
    "FCO": 0.010752688172043012,
    "JFK": 0.010752688172043012,
    "RMQ": 0.010752688172043012,
    "CAN": 0.010752688172043012,
    "HRB": 0.010752688172043012,
    "SHE": 0.010752688172043012,
    "DXB": 0.010752688172043012,
    "CNS": 0.010752688172043012,
    "OOL": 0.010752688172043012,
    "CJU": 0.010752688172043012,
    "AMS": 0.010752688172043012,
    "FRA": 0.010752688172043012,
    "NKG": 0.010752688172043012,
    "YNT": 0.010752688172043012,
    "HGH": 0.010752688172043012,
    "MFM": 0.010752688172043012,
    "SPN": 0.010752688172043012,
    "NOU": 0.010752688172043012,
    "TNA": 0.010752688172043012,
    "SIN": 0.010752688172043012,
    "IST": 0.010752688172043012,
    "SFO": 0.010752688172043012,
    "HAN": 0.010752688172043012,
    "SGN": 0.010752688172043012,
    "FOC": 0.010752688172043012,
    "WUX": 0.010752688172043012
  },
  "domestic_ratio": 0.191,
  "fleet_mix": {
    "JSA": {
      "A320": 1.0
    },
    "CEB": {
      "A320": 1.0
    },
    "JJA": {
      "B737": 1.0
    },
    "SFJ": {
      "A320": 1.0
    },
    "9C": {
      "A320": 1.0
    },
    "AAL": {
      "B777": 1.0
    },
    "AFR": {
      "B777": 1.0
    },
    "AIC": {
      "B787": 1.0
    },
    "FIN": {
      "A330": 1.0
    },
    "EVA": {
      "A330": 0.5,
      "A321": 0.5
    },
    "ABL": {
      "A321": 1.0
    },
    "CCA": {
      "B738": 0.5,
      "A321": 0.25,
      "A320": 0.25
    },
    "CAL": {
      "B744": 0.4,
      "B738": 0.4,
      "A330": 0.2
    },
    "CPA": {
      "B777": 0.6,
      "A330": 0.26666666666666666,
      "B744": 0.13333333333333333
    },
    "CSN": {
      "A319": 0.5,
      "A321": 0.25,
      "A320": 0.25
    },
    "DAL": {
      "B752": 0.5,
      "A330": 0.5
    },
    "UAE": {
      "B777": 1.0
    },
    "CSH": {
      "A321": 0.5,
      "B738": 0.5
    },
    "GIA": {
      "A330": 1.0
    },
    "TNA": {
      "A321": 1.0
    },
    "GK": {
      "A320": 1.0
    },
    "HAL": {
      "A330": 1.0
    },
    "DKH": {
      "A320": 1.0
    },
    "JAL": {
      "B738": 0.5,
      "B767": 0.3,
      "A330": 0.1,
      "B777": 0.1
    },
    "JST": {
      "A330": 1.0
    },
    "KAL": {
      "B777": 0.36363636363636365,
      "B739": 0.2727272727272727,
      "A330": 0.18181818181818182,
      "B738": 0.18181818181818182
    },
    "KLM": {
      "B777": 1.0
    },
    "GEC": {
      "B744": 1.0
    },
    "MAS": {
      "A330": 1.0
    },
    "MM": {
      "A320": 1.0
    },
    "CES": {
      "A320": 0.6,
      "A321": 0.2,
      "B738": 0.2
    },
    "ANA": {
      "B737": 0.46153846153846156,
      "B767": 0.2564102564102564,
      "A330": 0.10256410256410256,
      "B777": 0.10256410256410256,
      "A321": 0.05128205128205128,
      "A320": 0.02564102564102564
    },
    "AMU": {
      "A319": 1.0
    },
    "OZR": {
      "A321": 0.3333333333333333,
      "B777": 0.3333333333333333,
      "B767": 0.3333333333333333
    },
    "BKP": {
      "B767": 1.0
    },
    "QTR": {
      "A330": 1.0
    },
    "ACI": {
      "A330": 1.0
    },
    "CDG": {
      "B738": 1.0
    },
    "SQC": {
      "A330": 1.0
    },
    "THA": {
      "B777": 0.5,
      "A380": 0.5
    },
    "UAL": {
      "B737": 0.25,
      "B738": 0.25,
      "B777": 0.25,
      "B787": 0.25
    },
    "HKE": {
      "A320": 1.0
    },
    "HVN": {
      "A321": 0.6,
      "A330": 0.4
    },
    "ESR": {
      "B738": 1.0
    },
    "CSZ": {
      "A320": 0.5,
      "B738": 0.5
    }
  },
  "hourly_profile": [],
  "delay_rate": 0.0,
  "delay_distribution": {},
  "mean_delay_minutes": 0.0,
  "data_source": "openflights",
  "region": "",
  "profile_date": "2026-03-21",
  "sample_size": 230
}