{
  "icao_code": "KJA",
  "iata_code": "KJA",
  "airline_shares": {
    "Y7": 0.43478260869565216,
    "SVR": 0.13043478260869565,
    "IOS": 0.06521739130434782,
    "AFL": 0.06521739130434782,
    "LYN": 0.043478260869565216,
    "SBI": 0.043478260869565216,
    "SZ": 0.043478260869565216,
    "TSO": 0.03260869565217391,
    "YK": 0.03260869565217391,
    "DRU": 0.021739130434782608,
    "CHH": 0.021739130434782608,
    "UZB": 0.021739130434782608,
    "SYL": 0.021739130434782608,
    "YCC": 0.021739130434782608
  },
  "domestic_route_shares": {
    "IKT": 0.1111111111111111,
    "OVB": 0.1111111111111111,
    "DME": 0.1111111111111111,
    "LED": 0.1111111111111111,
    "SVX": 0.1111111111111111,
    "YKS": 0.05555555555555555,
    "SVO": 0.05555555555555555,
    "VKO": 0.05555555555555555,
    "AER": 0.05555555555555555,
    "KRR": 0.05555555555555555,
    "NSK": 0.05555555555555555,
    "TOF": 0.05555555555555555,
    "UUD": 0.05555555555555555
  },
  "international_route_shares": {
    "PEK": 0.10714285714285714,
    "DYU": 0.10714285714285714,
    "LBD": 0.10714285714285714,
    "MJZ": 0.07142857142857142,
    "TAS": 0.07142857142857142,
    "FRU": 0.07142857142857142,
    "KHV": 0.07142857142857142,
    "OSS": 0.05357142857142857,
    "NZH": 0.03571428571428571,
    "NMA": 0.03571428571428571,
    "SKD": 0.03571428571428571,
    "DXB": 0.03571428571428571,
    "EVN": 0.03571428571428571,
    "GYD": 0.03571428571428571,
    "IAA": 0.03571428571428571,
    "TGP": 0.03571428571428571,
    "THX": 0.03571428571428571,
    "BKK": 0.017857142857142856
  },
  "domestic_ratio": 0.391,
  "fleet_mix": {
    "CHH": {
      "A320": 1.0
    },
    "UZB": {
      "A320": 1.0
    },
    "SYL": {
      "DH8D": 1.0
    },
    "SBI": {
      "B738": 0.5,
      "A320": 0.5
    },
    "AFL": {
      "A319": 0.25,
      "A320": 0.25,
      "A321": 0.25,
      "B777": 0.25
    },
    "SZ": {
      "B737": 1.0
    },
    "SVR": {
      "A320": 1.0
    },
    "TSO": {
      "B738": 0.6666666666666666,
      "B767": 0.3333333333333333
    },
    "Y7": {
      "B738": 0.5714285714285714,
      "AT76": 0.42857142857142855
    }
  },
  "hourly_profile": [],
  "delay_rate": 0.0,
  "delay_distribution": {},
  "mean_delay_minutes": 0.0,
  "data_source": "openflights",
  "region": "",
  "profile_date": "2026-03-21",
  "sample_size": 92
}