{
  "icao_code": "KJFK",
  "iata_code": "JFK",
  "airline_shares": {
    "DAL": 0.2401883830455259,
    "JBU": 0.20094191522762953,
    "USA": 0.13814756671899528,
    "AAL": 0.12087912087912088,
    "FIN": 0.02197802197802198,
    "BWA": 0.018838304552590265,
    "AVA": 0.012558869701726845,
    "VRD": 0.009419152276295133,
    "WJA": 0.009419152276295133,
    "BER": 0.006279434850863423,
    "AMX": 0.006279434850863423,
    "AZA": 0.006279434850863423,
    "CPA": 0.006279434850863423,
    "EIN": 0.006279434850863423,
    "UAE": 0.006279434850863423,
    "TAM": 0.006279434850863423,
    "KAC": 0.006279434850863423,
    "LAN": 0.006279434850863423,
    "GEC": 0.006279434850863423,
    "SWR": 0.006279434850863423,
    "SVA": 0.006279434850863423,
    "UAL": 0.006279434850863423,
    "AFR": 0.004709576138147566,
    "KAL": 0.004709576138147566,
    "OZR": 0.004709576138147566,
    "4O": 0.0031397174254317113,
    "FLG": 0.0031397174254317113,
    "AIC": 0.0031397174254317113,
    "ARG": 0.0031397174254317113,
    "RAM": 0.0031397174254317113,
    "BAW": 0.0031397174254317113,
    "EVA": 0.0031397174254317113,
    "CCA": 0.0031397174254317113,
    "CAL": 0.0031397174254317113,
    "CMP": 0.0031397174254317113,
    "ETD": 0.0031397174254317113,
    "ICE": 0.0031397174254317113,
    "SEH": 0.0031397174254317113,
    "HAL": 0.0031397174254317113,
    "UZB": 0.0031397174254317113,
    "IBE": 0.0031397174254317113,
    "JAL": 0.0031397174254317113,
    "KLM": 0.0031397174254317113,
    "CAY": 0.0031397174254317113,
    "LOT": 0.0031397174254317113,
    "ELY": 0.0031397174254317113,
    "MAS": 0.0031397174254317113,
    "MSR": 0.0031397174254317113,
    "CES": 0.0031397174254317113,
    "ANA": 0.0031397174254317113,
    "OLA": 0.0031397174254317113,
    "PIA": 0.0031397174254317113,
    "AUI": 0.0031397174254317113,
    "QFA": 0.0031397174254317113,
    "QTR": 0.0031397174254317113,
    "RJA": 0.0031397174254317113,
    "SAA": 0.0031397174254317113,
    "SEU": 0.0031397174254317113,
    "DAT": 0.0031397174254317113,
    "SQC": 0.0031397174254317113,
    "AFL": 0.0031397174254317113,
    "SCX": 0.0031397174254317113,
    "THY": 0.0031397174254317113,
    "TSO": 0.0031397174254317113,
    "AEA": 0.0031397174254317113,
    "VIR": 0.0031397174254317113,
    "LNE": 0.0031397174254317113
  },
  "domestic_route_shares": {
    "LAX": 0.06140350877192982,
    "SFO": 0.05263157894736842,
    "LAS": 0.043859649122807015,
    "AUS": 0.03508771929824561,
    "BOS": 0.03508771929824561,
    "PHX": 0.03508771929824561,
    "SAN": 0.03508771929824561,
    "SEA": 0.03508771929824561,
    "CLT": 0.03070175438596491,
    "ORD": 0.03070175438596491,
    "MCO": 0.02631578947368421,
    "MIA": 0.02631578947368421,
    "DCA": 0.021929824561403508,
    "DFW": 0.021929824561403508,
    "RDU": 0.021929824561403508,
    "MSY": 0.017543859649122806,
    "CHS": 0.017543859649122806,
    "DEN": 0.017543859649122806,
    "FLL": 0.017543859649122806,
    "PDX": 0.017543859649122806,
    "ROC": 0.017543859649122806,
    "SAV": 0.017543859649122806,
    "SLC": 0.017543859649122806,
    "SYR": 0.017543859649122806,
    "TPA": 0.017543859649122806,
    "ATL": 0.017543859649122806,
    "MSP": 0.017543859649122806,
    "ORF": 0.017543859649122806,
    "PIT": 0.017543859649122806,
    "BUF": 0.013157894736842105,
    "IAD": 0.013157894736842105,
    "JAX": 0.013157894736842105,
    "CMH": 0.013157894736842105,
    "IND": 0.013157894736842105,
    "ABQ": 0.008771929824561403,
    "BUR": 0.008771929824561403,
    "HOU": 0.008771929824561403,
    "LGB": 0.008771929824561403,
    "OAK": 0.008771929824561403,
    "PBI": 0.008771929824561403,
    "PWM": 0.008771929824561403,
    "RSW": 0.008771929824561403,
    "SJC": 0.008771929824561403,
    "SMF": 0.008771929824561403,
    "SRQ": 0.008771929824561403,
    "CLE": 0.008771929824561403,
    "DTW": 0.008771929824561403,
    "CVG": 0.008771929824561403,
    "PHL": 0.008771929824561403,
    "RIC": 0.008771929824561403,
    "SAT": 0.008771929824561403,
    "HNL": 0.008771929824561403,
    "BNA": 0.0043859649122807015,
    "BWI": 0.0043859649122807015,
    "SDF": 0.0043859649122807015,
    "STL": 0.0043859649122807015
  },
  "international_route_shares": {
    "LHR": 0.039119804400977995,
    "CDG": 0.029339853300733496,
    "MAD": 0.029339853300733496,
    "MXP": 0.029339853300733496,
    "CUN": 0.02444987775061125,
    "DUB": 0.02444987775061125,
    "GRU": 0.02444987775061125,
    "SJU": 0.022004889975550123,
    "BCN": 0.019559902200488997,
    "BDA": 0.019559902200488997,
    "FCO": 0.019559902200488997,
    "NRT": 0.019559902200488997,
    "SXM": 0.019559902200488997,
    "FRA": 0.019559902200488997,
    "MEX": 0.014669926650366748,
    "GIG": 0.014669926650366748,
    "PAP": 0.014669926650366748,
    "STT": 0.014669926650366748,
    "ZRH": 0.014669926650366748,
    "BOG": 0.014669926650366748,
    "JNB": 0.014669926650366748,
    "KIN": 0.014669926650366748,
    "MBJ": 0.014669926650366748,
    "ICN": 0.014669926650366748,
    "YUL": 0.014669926650366748,
    "YYZ": 0.014669926650366748,
    "MAN": 0.012224938875305624,
    "SJO": 0.012224938875305624,
    "BRU": 0.012224938875305624,
    "ANU": 0.009779951100244499,
    "DOH": 0.009779951100244499,
    "EZE": 0.009779951100244499,
    "YYC": 0.009779951100244499,
    "MDE": 0.009779951100244499,
    "SAL": 0.009779951100244499,
    "AUA": 0.009779951100244499,
    "DXB": 0.009779951100244499,
    "GCM": 0.009779951100244499,
    "LIR": 0.009779951100244499,
    "NAS": 0.009779951100244499,
    "PLS": 0.009779951100244499,
    "POS": 0.009779951100244499,
    "PUJ": 0.009779951100244499,
    "SDQ": 0.009779951100244499,
    "STI": 0.009779951100244499,
    "GND": 0.009779951100244499,
    "AMS": 0.009779951100244499,
    "PVG": 0.009779951100244499,
    "SVO": 0.009779951100244499,
    "TLV": 0.009779951100244499,
    "AMM": 0.009779951100244499,
    "CCS": 0.004889975550122249,
    "LCY": 0.004889975550122249,
    "DUS": 0.004889975550122249,
    "TXL": 0.004889975550122249,
    "DEL": 0.004889975550122249,
    "CMN": 0.004889975550122249,
    "SAP": 0.004889975550122249,
    "HEL": 0.004889975550122249,
    "AZS": 0.004889975550122249,
    "BGI": 0.004889975550122249,
    "BQN": 0.004889975550122249,
    "BTV": 0.004889975550122249,
    "CTG": 0.004889975550122249,
    "LRM": 0.004889975550122249,
    "POP": 0.004889975550122249,
    "PSE": 0.004889975550122249,
    "UVF": 0.004889975550122249,
    "TPE": 0.004889975550122249,
    "GEO": 0.004889975550122249,
    "TAB": 0.004889975550122249,
    "PEK": 0.004889975550122249,
    "KIX": 0.004889975550122249,
    "PTY": 0.004889975550122249,
    "HKG": 0.004889975550122249,
    "YVR": 0.004889975550122249,
    "ACC": 0.004889975550122249,
    "DKR": 0.004889975550122249,
    "GUA": 0.004889975550122249,
    "NCE": 0.004889975550122249,
    "VCE": 0.004889975550122249,
    "SNN": 0.004889975550122249,
    "AUH": 0.004889975550122249,
    "KEF": 0.004889975550122249,
    "RIX": 0.004889975550122249,
    "KWI": 0.004889975550122249,
    "LIM": 0.004889975550122249,
    "SCL": 0.004889975550122249,
    "MUC": 0.004889975550122249,
    "WAW": 0.004889975550122249,
    "GVA": 0.004889975550122249,
    "CAI": 0.004889975550122249,
    "KBP": 0.004889975550122249,
    "JED": 0.004889975550122249,
    "RUH": 0.004889975550122249,
    "IST": 0.004889975550122249,
    "VKO": 0.004889975550122249,
    "GYE": 0.004889975550122249,
    "LHE": 0.0024449877750611247
  },
  "domestic_ratio": 0.358,
  "fleet_mix": {
    "4O": {
      "A320": 1.0
    },
    "FLG": {
      "CRJ9": 1.0
    },
    "AAL": {
      "B738": 0.37333333333333335,
      "B767": 0.26666666666666666,
      "B777": 0.21333333333333335,
      "A321": 0.05333333333333334,
      "A319": 0.02666666666666667,
      "B787": 0.02666666666666667,
      "B737": 0.02666666666666667,
      "A318": 0.013333333333333334
    },
    "BER": {
      "A330": 1.0
    },
    "AFR": {
      "A330": 0.3333333333333333,