{
  "icao_code": "KLAS",
  "iata_code": "LAS",
  "airline_shares": {
    "SWA": 0.2800982800982801,
    "AAY": 0.21621621621621623,
    "AAL": 0.06388206388206388,
    "NKS": 0.06388206388206388,
    "DAL": 0.06142506142506143,
    "USA": 0.044226044226044224,
    "WJA": 0.044226044226044224,
    "UAL": 0.03931203931203931,
    "ACA": 0.019656019656019656,
    "ASA": 0.019656019656019656,
    "JBU": 0.014742014742014743,
    "TRS": 0.014742014742014743,
    "VRD": 0.014742014742014743,
    "4O": 0.009828009828009828,
    "AMX": 0.009828009828009828,
    "FIN": 0.009828009828009828,
    "BAW": 0.009828009828009828,
    "VIR": 0.009828009828009828,
    "VOI": 0.009828009828009828,
    "BTQ": 0.004914004914004914,
    "CMP": 0.004914004914004914,
    "CFG": 0.004914004914004914,
    "FFT": 0.004914004914004914,
    "HAL": 0.004914004914004914,
    "KAL": 0.004914004914004914,
    "SWR": 0.004914004914004914,
    "SCX": 0.004914004914004914,
    "TCX": 0.004914004914004914
  },
  "domestic_route_shares": {
    "LAX": 0.064,
    "JFK": 0.04,
    "ORD": 0.032,
    "PHL": 0.032,
    "DEN": 0.032,
    "DFW": 0.024,
    "PHX": 0.024,
    "PDX": 0.024,
    "ATL": 0.024,
    "DTW": 0.024,
    "MSP": 0.024,
    "BWI": 0.024,
    "SFO": 0.024,
    "CLT": 0.016,
    "DCA": 0.016,
    "MIA": 0.016,
    "SEA": 0.016,
    "BOS": 0.016,
    "MCO": 0.016,
    "RDU": 0.016,
    "SLC": 0.016,
    "SNA": 0.016,
    "AUS": 0.016,
    "BOI": 0.016,
    "DSM": 0.016,
    "HNL": 0.016,
    "RNO": 0.016,
    "FLL": 0.016,
    "IAH": 0.016,
    "OAK": 0.016,
    "SAN": 0.016,
    "CLE": 0.016,
    "ANC": 0.008,
    "LGB": 0.008,
    "CVG": 0.008,
    "MEM": 0.008,
    "COS": 0.008,
    "FAT": 0.008,
    "GRR": 0.008,
    "EWR": 0.008,
    "IAD": 0.008,
    "ABQ": 0.008,
    "ALB": 0.008,
    "BDL": 0.008,
    "BHM": 0.008,
    "BNA": 0.008,
    "BUF": 0.008,
    "BUR": 0.008,
    "CMH": 0.008,
    "ELP": 0.008,
    "GEG": 0.008,
    "HOU": 0.008,
    "IND": 0.008,
    "JAX": 0.008,
    "MCI": 0.008,
    "MDW": 0.008,
    "MKE": 0.008,
    "MSY": 0.008,
    "OKC": 0.008,
    "OMA": 0.008,
    "ONT": 0.008,
    "PIT": 0.008,
    "SAT": 0.008,
    "SDF": 0.008,
    "SJC": 0.008,
    "SMF": 0.008,
    "STL": 0.008,
    "TPA": 0.008,
    "TUL": 0.008,
    "TUS": 0.008
  },
  "international_route_shares": {
    "YVR": 0.03821656050955414,
    "YYC": 0.03821656050955414,
    "YYZ": 0.03821656050955414,
    "MEX": 0.03821656050955414,
    "LGW": 0.03821656050955414,
    "MTY": 0.03184713375796178,
    "YEG": 0.025477707006369428,
    "YUL": 0.025477707006369428,
    "BLI": 0.025477707006369428,
    "LHR": 0.025477707006369428,
    "ICT": 0.025477707006369428,
    "MAN": 0.025477707006369428,
    "TLC": 0.012738853503184714,
    "PTY": 0.012738853503184714,
    "FRA": 0.012738853503184714,
    "ATW": 0.012738853503184714,
    "AZA": 0.012738853503184714,
    "BIL": 0.012738853503184714,
    "BIS": 0.012738853503184714,
    "BZN": 0.012738853503184714,
    "CID": 0.012738853503184714,
    "CPR": 0.012738853503184714,
    "DLH": 0.012738853503184714,
    "EUG": 0.012738853503184714,
    "FAR": 0.012738853503184714,
    "FCA": 0.012738853503184714,
    "FSD": 0.012738853503184714,
    "GFK": 0.012738853503184714,
    "GJT": 0.012738853503184714,
    "GRI": 0.012738853503184714,
    "GTF": 0.012738853503184714,
    "IDA": 0.012738853503184714,
    "LRD": 0.012738853503184714,
    "MFE": 0.012738853503184714,
    "MFR": 0.012738853503184714,
    "MLI": 0.012738853503184714,
    "MOT": 0.012738853503184714,
    "MRY": 0.012738853503184714,
    "MSO": 0.012738853503184714,
    "PIA": 0.012738853503184714,
    "PSC": 0.012738853503184714,
    "RAP": 0.012738853503184714,
    "RFD": 0.012738853503184714,
    "SBN": 0.012738853503184714,
    "SCK": 0.012738853503184714,
    "SGF": 0.012738853503184714,
    "SHV": 0.012738853503184714,
    "SMX": 0.012738853503184714,
    "XNA": 0.012738853503184714,
    "ICN": 0.012738853503184714,
    "ZRH": 0.012738853503184714,
    "AMA": 0.012738853503184714,
    "FNT": 0.012738853503184714,
    "LBB": 0.012738853503184714,
    "LIT": 0.012738853503184714,
    "MAF": 0.012738853503184714,
    "YQR": 0.012738853503184714,
    "YWG": 0.012738853503184714,
    "YXE": 0.012738853503184714,
    "YYJ": 0.012738853503184714,
    "GDL": 0.012738853503184714
  },
  "domestic_ratio": 0.614,
  "fleet_mix": {
    "4O": {
      "A320": 1.0
    },
    "AAL": {
      "B738": 0.30303030303030304,
      "B737": 0.24242424242424243,
      "A321": 0.18181818181818182,
      "A320": 0.15151515151515152,
      "A319": 0.12121212121212122
    },
    "ACA": {
      "A319": 0.6,
      "B767": 0.4
    },
    "AMX": {
      "B737": 1.0
    },
    "ASA": {
      "B738": 0.5,
      "B737": 0.25,
      "B739": 0.25
    },
    "FIN": {
      "B777": 0.5,
      "B744": 0.5
    },
    "JBU": {
      "A320": 1.0
    },
    "BAW": {
      "B777": 0.5,
      "B744": 0.5
    },
    "CMP": {
      "B738": 1.0
    },
    "CFG": {
      "B767": 1.0
    },
    "DAL": {
      "B738": 0.6052631578947368,
      "B739": 0.10526315789473684,
      "A320": 0.10526315789473684,
      "B737": 0.07894736842105263,
      "B752": 0.05263157894736842,
      "A319": 0.05263157894736842
    },
    "FFT": {
      "A320": 0.5,
      "A319": 0.5
    },
    "TRS": {
      "B737": 1.0
    },
    "HAL": {
      "A330": 1.0
    },
    "KAL": {
      "B777": 1.0
    },
    "SWR": {
      "A330": 1.0
    },
    "NKS": {
      "A320": 0.5,
      "A319": 0.5
    },
    "SCX": {
      "B738": 1.0
    },
    "TCX": {
      "A330": 1.0
    },
    "UAL": {
      "B752": 0.22972972972972974,
      "B739": 0.20270270270270271,
      "A320": 0.20270270270270271,
      "B738": 0.1891891891891892,
      "A319": 0.12162162162162163,
      "B737": 0.05405405405405406
    },
    "USA": {
      "B738": 0.4,
      "A321": 0.24,
      "A320": 0.2,
      "A319": 0.16
    },
    "VIR": {
      "B744": 1.0
    },
    "VRD": {
      "A320": 0.75,
      "A319": 0.25
    },
    "SWA": {
      "B738": 1.0
    },
    "WJA": {
      "B738": 1.0
    },
    "VOI": {
      "A319": 1.0
    }
  },
  "hourly_profile": [],
  "delay_rate": 0.0,
  "delay_distribution": {},
  "mean_delay_minutes": 0.0,
  "data_source": "openflights",
  "region": "",
  "profile_date": "2026-03-21",
  "sample_size": 407
}