{
  "icao_code": "KLAX",
  "iata_code": "LAX",
  "airline_shares": {
    "USA": 0.13250883392226148,
    "DAL": 0.1254416961130742,
    "AAL": 0.12367491166077739,
    "UAL": 0.10600706713780919,
    "SWA": 0.0812720848056537,
    "VRD": 0.04946996466431095,
    "ASA": 0.04240282685512368,
    "NKS": 0.024734982332155476,
    "VOI": 0.02120141342756184,
    "AAY": 0.0176678445229682,
    "QFA": 0.0176678445229682,
    "ACA": 0.014134275618374558,
    "JBU": 0.014134275618374558,
    "GLA": 0.014134275618374558,
    "AMX": 0.012367491166077738,
    "ANZ": 0.01060070671378092,
    "VOZ": 0.01060070671378092,
    "WJA": 0.01060070671378092,
    "AFR": 0.007067137809187279,
    "AVA": 0.007067137809187279,
    "FIN": 0.007067137809187279,
    "TRS": 0.007067137809187279,
    "HAL": 0.007067137809187279,
    "KAL": 0.007067137809187279,
    "GEC": 0.007067137809187279,
    "ANA": 0.007067137809187279,
    "THT": 0.007067137809187279,
    "BTQ": 0.0035335689045936395,
    "BER": 0.0035335689045936395,
    "AZA": 0.0035335689045936395,
    "BAW": 0.0035335689045936395,
    "EVA": 0.0035335689045936395,
    "CCA": 0.0035335689045936395,
    "CAL": 0.0035335689045936395,
    "CMP": 0.0035335689045936395,
    "CPA": 0.0035335689045936395,
    "CSN": 0.0035335689045936395,
    "UAE": 0.0035335689045936395,
    "FFT": 0.0035335689045936395,
    "FJI": 0.0035335689045936395,
    "IBE": 0.0035335689045936395,
    "JAL": 0.0035335689045936395,
    "KLM": 0.0035335689045936395,
    "LAN": 0.0035335689045936395,
    "SWR": 0.0035335689045936395,
    "ELY": 0.0035335689045936395,
    "CES": 0.0035335689045936395,
    "OZR": 0.0035335689045936395,
    "PAL": 0.0035335689045936395,
    "SQC": 0.0035335689045936395,
    "AFL": 0.0035335689045936395,
    "SVA": 0.0035335689045936395,
    "SCX": 0.0035335689045936395,
    "THA": 0.0035335689045936395,
    "THY": 0.0035335689045936395,
    "TSO": 0.0035335689045936395,
    "VIR": 0.0035335689045936395,
    "MAS": 0.0017667844522968198
  },
  "domestic_route_shares": {
    "LAS": 0.05161290322580645,
    "JFK": 0.04516129032258064,
    "BOS": 0.03870967741935484,
    "HNL": 0.03870967741935484,
    "MCO": 0.03225806451612903,
    "OGG": 0.03225806451612903,
    "ORD": 0.03225806451612903,
    "SFO": 0.03225806451612903,
    "BNA": 0.025806451612903226,
    "IAD": 0.025806451612903226,
    "KOA": 0.025806451612903226,
    "LIH": 0.025806451612903226,
    "SEA": 0.025806451612903226,
    "DEN": 0.025806451612903226,
    "AUS": 0.01935483870967742,
    "CMH": 0.01935483870967742,
    "DCA": 0.01935483870967742,
    "DFW": 0.01935483870967742,
    "IND": 0.01935483870967742,
    "MIA": 0.01935483870967742,
    "PHL": 0.01935483870967742,
    "PHX": 0.01935483870967742,
    "PIT": 0.01935483870967742,
    "RDU": 0.01935483870967742,
    "STL": 0.01935483870967742,
    "FLL": 0.01935483870967742,
    "ATL": 0.01935483870967742,
    "MSP": 0.01935483870967742,
    "MSY": 0.01935483870967742,
    "SLC": 0.01935483870967742,
    "IAH": 0.01935483870967742,
    "SJC": 0.01935483870967742,
    "BDL": 0.012903225806451613,
    "CLT": 0.012903225806451613,
    "DTW": 0.012903225806451613,
    "BWI": 0.012903225806451613,
    "EWR": 0.012903225806451613,
    "TUS": 0.012903225806451613,
    "HOU": 0.00967741935483871,
    "OAK": 0.00967741935483871,
    "PBI": 0.0064516129032258064,
    "ANC": 0.0064516129032258064,
    "PDX": 0.0064516129032258064,
    "CVG": 0.0064516129032258064,
    "MEM": 0.0064516129032258064,
    "TPA": 0.0064516129032258064,
    "CLE": 0.0064516129032258064,
    "ABQ": 0.0064516129032258064,
    "ELP": 0.0064516129032258064,
    "MCI": 0.0064516129032258064,
    "MDW": 0.0064516129032258064,
    "MKE": 0.0064516129032258064,
    "RNO": 0.0064516129032258064,
    "SAT": 0.0064516129032258064,
    "SMF": 0.0064516129032258064
  },
  "international_route_shares": {
    "NRT": 0.05859375,
    "LHR": 0.0546875,
    "GDL": 0.0390625,
    "MEX": 0.0390625,
    "SJD": 0.03515625,
    "YVR": 0.03125,
    "CUN": 0.03125,
    "SYD": 0.03125,
    "PVG": 0.02734375,
    "GRU": 0.0234375,
    "YYC": 0.0234375,
    "YYZ": 0.0234375,
    "PPT": 0.0234375,
    "PVR": 0.0234375,
    "GUA": 0.0234375,
    "TPE": 0.0234375,
    "ICN": 0.0234375,
    "CDG": 0.01953125,
    "YEG": 0.015625,
    "SAL": 0.015625,
    "MAD": 0.015625,
    "DXB": 0.015625,
    "HND": 0.015625,
    "SVO": 0.015625,
    "BNE": 0.015625,
    "MEL": 0.015625,
    "DUS": 0.0078125,
    "YUL": 0.0078125,
    "MZT": 0.0078125,
    "ZIH": 0.0078125,
    "ZLO": 0.0078125,
    "FCO": 0.0078125,
    "PEK": 0.0078125,
    "PTY": 0.0078125,
    "HKG": 0.0078125,
    "CAN": 0.0078125,
    "BZE": 0.0078125,
    "HMO": 0.0078125,
    "LIR": 0.0078125,
    "SJO": 0.0078125,
    "NAN": 0.0078125,
    "BLI": 0.0078125,
    "EUG": 0.0078125,
    "MFR": 0.0078125,
    "PVU": 0.0078125,
    "AMS": 0.0078125,
    "LIM": 0.0078125,
    "FRA": 0.0078125,
    "MUC": 0.0078125,
    "ZRH": 0.0078125,
    "TLV": 0.0078125,
    "AKL": 0.0078125,
    "RAR": 0.0078125,
    "MNL": 0.0078125,
    "JED": 0.0078125,
    "IST": 0.0078125,
    "BJX": 0.0078125,
    "ITO": 0.0078125,
    "VKO": 0.0078125,
    "AGU": 0.0078125,
    "MLM": 0.0078125,
    "UPN": 0.0078125,
    "ZCL": 0.0078125,
    "IGM": 0.0078125,
    "MCE": 0.0078125,
    "PRC": 0.0078125,
    "VIS": 0.0078125
  },
  "domestic_ratio": 0.548,
  "fleet_mix": {
    "AAL": {
      "B738": 0.5277777777777778,
      "B777": 0.16666666666666666,
      "A321": 0.08333333333333333,
      "B737": 0.08333333333333333,
      "B767": 0.05555555555555555,
      "A320": 0.05555555555555555,
      "A319": 0.027777777777777776
    },
    "BER": {
      "A330": 1.0
    },
    "ACA": {
      "A319": 0.6,
      "A320": 0.2,
      "A321": 0.2
    },
    "AFR": {
      "B777": 0.6666666666666666,
      "A380": 0.3333333333333333
    },
    "AMX": {
      "B738": 0.6666666666666666,
      "B737": 0.3333333333333333
    },
    "ASA": {
      "B739": 0.5121951219512195,
      "B738": 0.36585365853658536,
      "B737": 0.12195121951219512
    },
    "AVA": {
      "A320": 0.5,
      "A321": 0.25,
      "A319": 0.25
    },
    "FIN": {
      "B744": 0.5,
      "A380": 0.5
    },
    "AZA": {
      "B777": 1.0
    },
    "JBU": {
      "A320": 0.75,
      "A380": 0.25
    },
    "BAW": {
      "B744": 0.5,
      "A380": 0.5
    },
    "EVA": {
      "B777": 1.0
    },
    "CCA": {
      "B777": 1.0
    },
    "CAL": {
      "B744": 1.0
    },
    "CMP": {
      "B738": 1.0
    },
    "CPA": {
      "B777": 1.0
    },
    "CSN": {
      "A380": 1.0
    },
    "DAL": {
      "B738": 0.35365853658536583,
      "A320": 0.2073170731707317,
      "B739": 0.10975609756097561,
      "B752": 0.0975609756097561,
      "B767": 0.07317073170731707,
      "A319": 0.04878048780487805,
      "B777": 0.036585365853658534,
      "B737": 0.024390243902439025,
      "B744": 0.024390243902439025,
      "A330": 0.024390243902439025
    },
    "UAE": {
      "A380": 1.0
    },
    "FFT": {
      "A319": 0.5,
      "A320": 0.5
    },
    "FJI": {
      "A330": 1.0
    },
    "TRS": {
      "B737": 1.0
    },
    "AAY": {
      "A319": 1.0
    },
    "HAL": {
      "A330": 0.5,
      "B767": 0.5
    },
    "JAL": {
      "B777": 1.0
    },
    "KAL": {
      "B777": 0.6666666666666666,
      "A380": 0.3333333333333333
    },
    "LAN": {
      "B767": 1.0
    },
    "ELY": {
      "B777": 1.0
    },
    "MAS": {
      "B777": 1.0
    },
    "ANA": {
      "B777": 1.0
    },
    "NKS": {
      "A319": 0.7142857142857143,
      "A320": 0.2857142857142857
    },
    "ANZ": {
      "B777": 0.75,
      "B767": 0.25
    },
    "OZR": {
      "B744": 0.5,
      "B777": 0.5
    },
    "PAL": {
      "B744": 1.0
    },
    "QFA": {
      "B744": 0.6,
      "A380": 0.4
    },
    "SQC": {
      "A380": 1.0
    },
    "AFL": {
      "A330": 1.0
    },
    "SVA": {
      "B777": 1.0
    },
    "SCX": {
      "B737": 0.5,
      "B738": 0.5
    },
    "THA": {
      "B777": 1.0
    },