{
  "icao_code": "KMCO",
  "iata_code": "MCO",
  "airline_shares": {
    "SWA": 0.24107142857142858,
    "JBU": 0.13690476190476192,
    "DAL": 0.08333333333333333,
    "AAL": 0.06547619047619048,
    "TRS": 0.0625,
    "USA": 0.05654761904761905,
    "UAL": 0.05357142857142857,
    "NKS": 0.047619047619047616,
    "3M": 0.041666666666666664,
    "FFT": 0.02976190476190476,
    "WJA": 0.02976190476190476,
    "VIR": 0.017857142857142856,
    "ACA": 0.011904761904761904,
    "ASA": 0.011904761904761904,
    "AVA": 0.011904761904761904,
    "BWA": 0.011904761904761904,
    "VRD": 0.011904761904761904,
    "TSC": 0.008928571428571428,
    "AMX": 0.005952380952380952,
    "FIN": 0.005952380952380952,
    "BAW": 0.005952380952380952,
    "CMP": 0.005952380952380952,
    "EIN": 0.005952380952380952,
    "SEH": 0.005952380952380952,
    "TAM": 0.005952380952380952,
    "GEC": 0.005952380952380952,
    "SCX": 0.005952380952380952,
    "BHS": 0.005952380952380952,
    "VOI": 0.005952380952380952
  },
  "domestic_route_shares": {
    "LAX": 0.04878048780487805,
    "ORD": 0.03902439024390244,
    "BOS": 0.03902439024390244,
    "CLT": 0.02926829268292683,
    "DCA": 0.02926829268292683,
    "DFW": 0.02926829268292683,
    "JFK": 0.02926829268292683,
    "PHL": 0.02926829268292683,
    "PHX": 0.02926829268292683,
    "ATL": 0.02926829268292683,
    "MSP": 0.02926829268292683,
    "DEN": 0.02926829268292683,
    "PVD": 0.024390243902439025,
    "FLL": 0.01951219512195122,
    "MIA": 0.01951219512195122,
    "AUS": 0.01951219512195122,
    "BDL": 0.01951219512195122,
    "BUF": 0.01951219512195122,
    "EWR": 0.01951219512195122,
    "LGA": 0.01951219512195122,
    "RIC": 0.01951219512195122,
    "DTW": 0.01951219512195122,
    "LAS": 0.01951219512195122,
    "MEM": 0.01951219512195122,
    "MKE": 0.01951219512195122,
    "BWI": 0.01951219512195122,
    "IND": 0.01951219512195122,
    "MDW": 0.01951219512195122,
    "PIT": 0.01951219512195122,
    "IAH": 0.01951219512195122,
    "SFO": 0.01951219512195122,
    "HOU": 0.014634146341463415,
    "ORF": 0.014634146341463415,
    "PNS": 0.00975609756097561,
    "RSW": 0.00975609756097561,
    "SAN": 0.00975609756097561,
    "SEA": 0.00975609756097561,
    "SYR": 0.00975609756097561,
    "CVG": 0.00975609756097561,
    "SLC": 0.00975609756097561,
    "CLE": 0.00975609756097561,
    "IAD": 0.00975609756097561,
    "ALB": 0.00975609756097561,
    "BHM": 0.00975609756097561,
    "BNA": 0.00975609756097561,
    "CMH": 0.00975609756097561,
    "GRR": 0.00975609756097561,
    "MCI": 0.00975609756097561,
    "MSY": 0.00975609756097561,
    "RDU": 0.00975609756097561,
    "ROC": 0.00975609756097561,
    "SAT": 0.00975609756097561,
    "SDF": 0.00975609756097561,
    "STL": 0.00975609756097561
  },
  "international_route_shares": {
    "YYZ": 0.04580152671755725,
    "MEX": 0.04580152671755725,
    "BOG": 0.04580152671755725,
    "LGW": 0.04580152671755725,
    "SJU": 0.04580152671755725,
    "GRU": 0.030534351145038167,
    "YUL": 0.030534351145038167,
    "CUN": 0.030534351145038167,
    "MBJ": 0.030534351145038167,
    "NAS": 0.030534351145038167,
    "SDQ": 0.030534351145038167,
    "PTY": 0.030534351145038167,
    "SAL": 0.022900763358778626,
    "CAK": 0.022900763358778626,
    "YHZ": 0.022900763358778626,
    "GNV": 0.015267175572519083,
    "MCN": 0.015267175572519083,
    "MHH": 0.015267175572519083,
    "TLH": 0.015267175572519083,
    "BQN": 0.015267175572519083,
    "HPN": 0.015267175572519083,
    "ORH": 0.015267175572519083,
    "PSE": 0.015267175572519083,
    "SJO": 0.015267175572519083,
    "SWF": 0.015267175572519083,
    "KIN": 0.015267175572519083,
    "POS": 0.015267175572519083,
    "DUB": 0.015267175572519083,
    "BMI": 0.015267175572519083,
    "ILG": 0.015267175572519083,
    "MDT": 0.015267175572519083,
    "TTN": 0.015267175572519083,
    "AUA": 0.015267175572519083,
    "FRA": 0.015267175572519083,
    "ACY": 0.015267175572519083,
    "LBE": 0.015267175572519083,
    "GLA": 0.015267175572519083,
    "MAN": 0.015267175572519083,
    "DAY": 0.015267175572519083,
    "EYW": 0.015267175572519083,
    "FNT": 0.015267175572519083,
    "ISP": 0.015267175572519083,
    "JAN": 0.015267175572519083,
    "MHT": 0.015267175572519083,
    "YQM": 0.015267175572519083,
    "YYC": 0.015267175572519083,
    "YYT": 0.015267175572519083
  },
  "domestic_ratio": 0.61,
  "fleet_mix": {
    "AAL": {
      "A320": 0.2222222222222222,
      "B738": 0.2222222222222222,
      "A321": 0.16666666666666666,
      "B767": 0.16666666666666666,
      "A319": 0.1111111111111111,
      "A330": 0.05555555555555555,
      "B737": 0.05555555555555555
    },
    "ACA": {
      "A319": 1.0
    },
    "AMX": {
      "B737": 1.0
    },
    "ASA": {
      "B738": 0.6666666666666666,
      "B739": 0.3333333333333333
    },
    "AVA": {
      "A319": 0.5,
      "E190": 0.5
    },
    "FIN": {
      "B777": 1.0
    },
    "JBU": {
      "A320": 0.5666666666666667,
      "E190": 0.43333333333333335
    },
    "BAW": {
      "B777": 1.0
    },
    "BWA": {
      "B738": 1.0
    },
    "CMP": {
      "B737": 0.5,
      "B738": 0.5
    },
    "DAL": {
      "B738": 0.34285714285714286,
      "B752": 0.22857142857142856,
      "A320": 0.14285714285714285,
      "B739": 0.11428571428571428,
      "B767": 0.05714285714285714,
      "A319": 0.05714285714285714,
      "B737": 0.05714285714285714
    },
    "EIN": {
      "A330": 1.0
    },
    "FFT": {
      "A319": 0.6666666666666666,
      "A320": 0.3333333333333333
    },
    "TRS": {
      "B737": 1.0
    },
    "SEH": {
      "B738": 1.0
    },
    "GEC": {
      "B744": 1.0
    },
    "NKS": {
      "A320": 0.64,
      "A319": 0.2,
      "A321": 0.16
    },
    "SCX": {
      "B738": 0.5,
      "B737": 0.5
    },
    "UAL": {
      "B738": 0.25396825396825395,
      "B752": 0.23809523809523808,
      "B739": 0.20634920634920634,
      "A320": 0.1746031746031746,
      "B737": 0.12698412698412698
    },
    "BHS": {
      "B737": 1.0
    },
    "USA": {
      "B738": 0.24242424242424243,
      "A319": 0.18181818181818182,
      "A321": 0.18181818181818182,
      "A320": 0.18181818181818182,
      "B752": 0.12121212121212122,
      "A330": 0.06060606060606061,
      "E190": 0.030303030303030304
    },
    "VIR": {
      "B744": 1.0
    },
    "VRD": {
      "A320": 1.0
    },
    "SWA": {
      "B738": 1.0
    },
    "WJA": {
      "B738": 1.0
    },
    "VOI": {
      "A319": 0.5,
      "A320": 0.5
    }
  },
  "hourly_profile": [],
  "delay_rate": 0.0,
  "delay_distribution": {},
  "mean_delay_minutes": 0.0,
  "data_source": "openflights",
  "region": "",
  "profile_date": "2026-03-21",
  "sample_size": 336
}