{
  "icao_code": "KMG",
  "iata_code": "KMG",
  "airline_shares": {
    "CES": 0.29338842975206614,
    "CSN": 0.128099173553719,
    "RHC": 0.11983471074380166,
    "CSC": 0.07024793388429752,
    "KSY": 0.07024793388429752,
    "CCA": 0.049586776859504134,
    "CSZ": 0.03925619834710744,
    "9C": 0.026859504132231406,
    "CXA": 0.024793388429752067,
    "CDG": 0.024793388429752067,
    "PDC": 0.02066115702479339,
    "CHH": 0.01652892561983471,
    "EEA": 0.012396694214876033,
    "GUN": 0.012396694214876033,
    "CSH": 0.008264462809917356,
    "DKH": 0.008264462809917356,
    "JAS": 0.008264462809917356,
    "CHB": 0.008264462809917356,
    "AXM": 0.004132231404958678,
    "UIA": 0.004132231404958678,
    "CPA": 0.004132231404958678,
    "AIQ": 0.004132231404958678,
    "G5": 0.004132231404958678,
    "HDA": 0.004132231404958678,
    "KAL": 0.004132231404958678,
    "KN": 0.004132231404958678,
    "MAS": 0.004132231404958678,
    "SLK": 0.004132231404958678,
    "NS": 0.004132231404958678,
    "LAO": 0.004132231404958678,
    "THA": 0.004132231404958678,
    "HKE": 0.004132231404958678
  },
  "domestic_route_shares": {
    "JHG": 0.05454545454545454,
    "CKG": 0.051515151515151514,
    "CSX": 0.048484848484848485,
    "CTU": 0.048484848484848485,
    "XIY": 0.04242424242424243,
    "WUH": 0.04242424242424243,
    "CGO": 0.03636363636363636,
    "KWE": 0.03636363636363636,
    "NKG": 0.03636363636363636,
    "XMN": 0.03636363636363636,
    "HGH": 0.03636363636363636,
    "PVG": 0.03333333333333333,
    "LJG": 0.030303030303030304,
    "NNG": 0.030303030303030304,
    "PEK": 0.030303030303030304,
    "SHA": 0.030303030303030304,
    "CAN": 0.030303030303030304,
    "SZX": 0.030303030303030304,
    "KHN": 0.024242424242424242,
    "TNA": 0.024242424242424242,
    "HAK": 0.024242424242424242,
    "HFE": 0.024242424242424242,
    "TAO": 0.01818181818181818,
    "KWL": 0.01818181818181818,
    "LHW": 0.01818181818181818,
    "SYX": 0.01818181818181818,
    "TYN": 0.01818181818181818,
    "SJW": 0.01818181818181818,
    "NGB": 0.012121212121212121,
    "TSN": 0.012121212121212121,
    "WNZ": 0.012121212121212121,
    "FOC": 0.012121212121212121,
    "XNN": 0.006060606060606061,
    "YCU": 0.006060606060606061,
    "YIW": 0.006060606060606061,
    "ZUH": 0.006060606060606061,
    "ZHA": 0.006060606060606061,
    "DLC": 0.006060606060606061,
    "DSN": 0.006060606060606061,
    "INC": 0.006060606060606061,
    "LXA": 0.006060606060606061,
    "LYA": 0.006060606060606061
  },
  "international_route_shares": {
    "HKG": 0.05194805194805195,
    "LUM": 0.03896103896103896,
    "DIG": 0.03896103896103896,
    "DLU": 0.03896103896103896,
    "SYM": 0.03896103896103896,
    "TPE": 0.025974025974025976,
    "TCZ": 0.025974025974025976,
    "JIQ": 0.025974025974025976,
    "MIG": 0.025974025974025976,
    "KUL": 0.025974025974025976,
    "RGN": 0.025974025974025976,
    "LNJ": 0.025974025974025976,
    "WNH": 0.025974025974025976,
    "ZAT": 0.025974025974025976,
    "ICN": 0.025974025974025976,
    "CZX": 0.025974025974025976,
    "BKK": 0.025974025974025976,
    "VTE": 0.025974025974025976,
    "WXN": 0.012987012987012988,
    "XUZ": 0.012987012987012988,
    "KOW": 0.012987012987012988,
    "YIC": 0.012987012987012988,
    "YIH": 0.012987012987012988,
    "CGD": 0.012987012987012988,
    "ZYI": 0.012987012987012988,
    "KHH": 0.012987012987012988,
    "UYN": 0.012987012987012988,
    "DAX": 0.012987012987012988,
    "LZH": 0.012987012987012988,
    "DMK": 0.012987012987012988,
    "BFJ": 0.012987012987012988,
    "SIN": 0.012987012987012988,
    "BHY": 0.012987012987012988,
    "BSD": 0.012987012987012988,
    "CCU": 0.012987012987012988,
    "CEI": 0.012987012987012988,
    "CMB": 0.012987012987012988,
    "CNX": 0.012987012987012988,
    "DAC": 0.012987012987012988,
    "DAD": 0.012987012987012988,
    "DXB": 0.012987012987012988,
    "HKT": 0.012987012987012988,
    "JNG": 0.012987012987012988,
    "KTM": 0.012987012987012988,
    "LLF": 0.012987012987012988,
    "LZO": 0.012987012987012988,
    "MDL": 0.012987012987012988,
    "MFM": 0.012987012987012988,
    "NAO": 0.012987012987012988,
    "NYT": 0.012987012987012988,
    "REP": 0.012987012987012988,
    "XIC": 0.012987012987012988,
    "YBP": 0.012987012987012988
  },
  "domestic_ratio": 0.682,
  "fleet_mix": {
    "CSC": {
      "A320": 0.7777777777777778,
      "A319": 0.2222222222222222
    },
    "RHC": {
      "B738": 0.4025974025974026,
      "B737": 0.36363636363636365,
      "A321": 0.16883116883116883,
      "A320": 0.03896103896103896,
      "A319": 0.025974025974025976
    },
    "9C": {
      "A320": 1.0
    },
    "AXM": {
      "A320": 1.0
    },
    "PDC": {
      "B738": 1.0
    },
    "CCA": {
      "B738": 0.4,
      "B737": 0.26666666666666666,
      "A319": 0.2,
      "A320": 0.13333333333333333
    },
    "CPA": {
      "A330": 0.3333333333333333,
      "A320": 0.3333333333333333,
      "A321": 0.3333333333333333
    },
    "CSN": {
      "B737": 0.391304347826087,
      "A320": 0.21739130434782608,
      "B738": 0.17391304347826086,
      "A321": 0.13043478260869565,
      "A319": 0.06521739130434782,
      "A330": 0.021739130434782608
    },
    "EEA": {
      "A319": 1.0
    },
    "AIQ": {
      "A320": 1.0
    },
    "CSH": {
      "B737": 1.0
    },
    "GUN": {
      "E190": 0.6666666666666666,
      "A320": 0.3333333333333333
    },
    "DKH": {
      "A320": 0.6666666666666666,
      "A321": 0.3333333333333333
    },
    "CHH": {
      "B738": 1.0
    },
    "JAS": {
      "A319": 1.0
    },
    "HDA": {
      "A330": 0.3333333333333333,
      "A320": 0.3333333333333333,
      "A321": 0.3333333333333333
    },
    "KAL": {
      "B739": 1.0
    },
    "KN": {
      "B737": 1.0
    },
    "KSY": {
      "B737": 0.9705882352941176,
      "B738": 0.029411764705882353
    },
    "CXA": {
      "B737": 1.0
    },
    "MAS": {
      "B738": 1.0
    },
    "SLK": {
      "A320": 0.5,
      "A319": 0.5
    },
    "CES": {
      "B737": 0.6410256410256411,
      "A320": 0.16666666666666666,
      "B738": 0.08974358974358974,
      "A319": 0.038461538461538464,
      "A330": 0.038461538461538464,
      "A321": 0.02564102564102564
    },
    "NS": {
      "B737": 1.0
    },
    "CHB": {
      "A319": 1.0
    },
    "LAO": {
      "A320": 1.0
    },
    "CDG": {
      "B738": 1.0
    },
    "THA": {
      "A330": 1.0
    },
    "HKE": {
      "A320": 1.0
    },
    "CSZ": {
      "B738": 0.6,
      "A320": 0.32,
      "A319": 0.08
    }
  },
  "hourly_profile": [],
  "delay_rate": 0.0,
  "delay_distribution": {},
  "mean_delay_minutes": 0.0,
  "data_source": "openflights",
  "region": "",
  "profile_date": "2026-03-21",
  "sample_size": 484
}