{
  "icao_code": "KMI",
  "iata_code": "KMI",
  "airline_shares": {
    "ANA": 0.42857142857142855,
    "CAL": 0.14285714285714285,
    "IBX": 0.14285714285714285,
    "JAL": 0.14285714285714285,
    "OZR": 0.14285714285714285
  },
  "domestic_route_shares": {
    "HND": 0.4,
    "FUK": 0.2,
    "ITM": 0.2,
    "NGO": 0.2
  },
  "international_route_shares": {
    "TPE": 0.5,
    "ICN": 0.5
  },
  "domestic_ratio": 0.714,
  "fleet_mix": {
    "CAL": {
      "B738": 1.0
    },
    "IBX": {
      "CRJ9": 1.0
    },
    "JAL": {
      "B738": 1.0
    },
    "ANA": {
      "A320": 0.36363636363636365,
      "B737": 0.2727272727272727,
      "B787": 0.18181818181818182,
      "B767": 0.18181818181818182
    },
    "OZR": {
      "A321": 1.0
    }
  },
  "hourly_profile": [],
  "delay_rate": 0.0,
  "delay_distribution": {},
  "mean_delay_minutes": 0.0,
  "data_source": "openflights",
  "region": "",
  "profile_date": "2026-03-21",
  "sample_size": 14
}