{
  "icao_code": "KMIA",
  "iata_code": "MIA",
  "airline_shares": {
    "USA": 0.3911504424778761,
    "AAL": 0.336283185840708,
    "DAL": 0.035398230088495575,
    "AVA": 0.03185840707964602,
    "TAM": 0.03008849557522124,
    "UAL": 0.017699115044247787,
    "LAN": 0.01592920353982301,
    "FIN": 0.010619469026548672,
    "DSM": 0.007079646017699115,
    "7I": 0.007079646017699115,
    "BER": 0.007079646017699115,
    "AFR": 0.007079646017699115,
    "SLM": 0.007079646017699115,
    "CAY": 0.005309734513274336,
    "BHS": 0.005309734513274336,
    "4O": 0.0035398230088495575,
    "8I": 0.0035398230088495575,
    "VC9": 0.0035398230088495575,
    "ACA": 0.0035398230088495575,
    "AMX": 0.0035398230088495575,
    "ARG": 0.0035398230088495575,
    "AZA": 0.0035398230088495575,
    "BAW": 0.0035398230088495575,
    "BWA": 0.0035398230088495575,
    "CMP": 0.0035398230088495575,
    "SEH": 0.0035398230088495575,
    "IBE": 0.0035398230088495575,
    "GEC": 0.0035398230088495575,
    "SWR": 0.0035398230088495575,
    "MAS": 0.0035398230088495575,
    "TFL": 0.0035398230088495575,
    "BBR": 0.0035398230088495575,
    "AFL": 0.0035398230088495575,
    "TAT": 0.0035398230088495575,
    "TAP": 0.0035398230088495575,
    "TSO": 0.0035398230088495575,
    "VIR": 0.0035398230088495575,
    "CHF": 0.0035398230088495575,
    "LNE": 0.0035398230088495575
  },
  "domestic_route_shares": {
    "DEN": 0.03636363636363636,
    "DTW": 0.03636363636363636,
    "EWR": 0.03636363636363636,
    "IAD": 0.03636363636363636,
    "IAH": 0.03636363636363636,
    "JFK": 0.03636363636363636,
    "LAX": 0.03636363636363636,
    "LGA": 0.03636363636363636,
    "MSP": 0.03636363636363636,
    "BWI": 0.030303030303030304,
    "ATL": 0.024242424242424242,
    "BDL": 0.024242424242424242,
    "BNA": 0.024242424242424242,
    "BOS": 0.024242424242424242,
    "CLT": 0.024242424242424242,
    "DCA": 0.024242424242424242,
    "DFW": 0.024242424242424242,
    "LAS": 0.024242424242424242,
    "MCO": 0.024242424242424242,
    "ORD": 0.024242424242424242,
    "PHL": 0.024242424242424242,
    "PHX": 0.024242424242424242,
    "RDU": 0.024242424242424242,
    "SAN": 0.024242424242424242,
    "SEA": 0.024242424242424242,
    "SFO": 0.024242424242424242,
    "STL": 0.024242424242424242,
    "TPA": 0.024242424242424242,
    "TUL": 0.024242424242424242,
    "MSY": 0.012121212121212121,
    "BHM": 0.012121212121212121,
    "CHS": 0.012121212121212121,
    "CLE": 0.012121212121212121,
    "CVG": 0.012121212121212121,
    "GSO": 0.012121212121212121,
    "IND": 0.012121212121212121,
    "JAX": 0.012121212121212121,
    "MEM": 0.012121212121212121,
    "ORF": 0.012121212121212121,
    "PIT": 0.012121212121212121,
    "PNS": 0.012121212121212121,
    "RIC": 0.012121212121212121,
    "SDF": 0.012121212121212121,
    "SFB": 0.006060606060606061,
    "CMH": 0.006060606060606061
  },
  "international_route_shares": {
    "LHR": 0.0275,
    "MEX": 0.025,
    "AUA": 0.025,
    "PUJ": 0.02,
    "MAD": 0.02,
    "PAP": 0.02,
    "PTY": 0.02,
    "CDG": 0.0175,
    "LIM": 0.0175,
    "EZE": 0.015,
    "CUR": 0.015,
    "BCN": 0.015,
    "BOG": 0.015,
    "BSB": 0.015,
    "CCS": 0.015,
    "CLO": 0.015,
    "CNF": 0.015,
    "CUN": 0.015,
    "GCM": 0.015,
    "GIG": 0.015,
    "GRU": 0.015,
    "GUA": 0.015,
    "MAO": 0.015,
    "MDE": 0.015,
    "MGA": 0.015,
    "POS": 0.015,
    "REC": 0.015,
    "SAL": 0.015,
    "SAP": 0.015,
    "SCL": 0.015,
    "SDQ": 0.015,
    "SSA": 0.015,
    "YYZ": 0.015,
    "SKB": 0.0125,
    "ANU": 0.01,
    "ASU": 0.01,
    "BDA": 0.01,
    "BGI": 0.01,
    "CZM": 0.01,
    "FDF": 0.01,
    "GND": 0.01,
    "KIN": 0.01,
    "LIR": 0.01,
    "MBJ": 0.01,
    "MVD": 0.01,
    "MXP": 0.01,
    "PLS": 0.01,
    "POP": 0.01,
    "PTP": 0.01,
    "RTB": 0.01,
    "SJO": 0.01,
    "SJU": 0.01,
    "STT": 0.01,
    "STX": 0.01,
    "SXM": 0.01,
    "TGU": 0.01,
    "UIO": 0.01,
    "YUL": 0.01,
    "BAQ": 0.01,
    "CTG": 0.01,
    "SVO": 0.01,
    "NAS": 0.01,
    "BZE": 0.0075,
    "STI": 0.0075,
    "BLA": 0.005,
    "GYE": 0.005,
    "MAR": 0.005,
    "CWB": 0.005,
    "LPB": 0.005,
    "UVF": 0.005,
    "POA": 0.005,
    "VVI": 0.005,
    "DUS": 0.005,
    "TXL": 0.005,
    "FCO": 0.005,
    "MID": 0.005,
    "BEL": 0.005,
    "FRA": 0.005,
    "ZRH": 0.005,
    "GEO": 0.005,
    "LIS": 0.005,
    "VKO": 0.005,
    "ELH": 0.005,
    "EYW": 0.005,
    "FPO": 0.005,
    "GGT": 0.005,
    "GNV": 0.005,
    "LRM": 0.005,
    "MHH": 0.005,
    "TLH": 0.005,
    "APF": 0.005,
    "CYB": 0.0025,
    "AMS": 0.0025
  },
  "domestic_ratio": 0.292,
  "fleet_mix": {
    "DSM": {
      "B767": 0.6666666666666666,
      "B777": 0.3333333333333333
    },
    "4O": {
      "A320": 1.0
    },
    "AAL": {
      "B738": 0.6564102564102564,
      "B767": 0.2205128205128205,
      "B777": 0.06153846153846154,
      "A320": 0.020512820512820513,
      "A321": 0.020512820512820513,
      "A319": 0.010256410256410256,
      "B737": 0.010256410256410256
    },
    "BER": {
      "A330": 1.0
    },
    "ACA": {
      "E190": 1.0
    },
    "AFR": {
      "B777": 0.5,
      "A320": 0.5
    },
    "AMX": {
      "B737": 1.0
    },
    "AVA": {
      "A320": 0.35294117647058826,
      "A319": 0.29411764705882354,
      "A318": 0.17647058823529413,
      "E190": 0.17647058823529413
    },
    "FIN": {
      "B767": 0.4,
      "B744": 0.2,
      "B777": 0.2,
      "A330": 0.2
    },
    "AZA": {
      "B777": 1.0
    },
    "BAW": {
      "B744": 1.0
    },
    "BWA": {
      "B738": 1.0
    },
    "CMP": {
      "B738": 0.5,
      "B737": 0.5
    },
    "DAL": {
      "B738": 0.4,
      "A320": 0.36,
      "A319": 0.08,
      "B737": 0.08,
      "A330": 0.08
    },
    "SEH": {
      "B738": 1.0
    },
    "IBE": {
      "A330": 1.0
    },
    "TAM": {
      "B767": 0.5882352941176471,
      "B777": 0.29411764705882354,
      "B738": 0.11764705882352941
    },
    "LAN": {
      "B767": 0.8888888888888888,
      "A320": 0.1111111111111111
    },
    "GEC": {
      "A380": 1.0
    },
    "SWR": {
      "A330": 1.0
    },
    "MAS": {
      "B767": 0.5,
      "B777": 0.5
    },
    "TFL": {
      "B767": 1.0
    },
    "BBR": {
      "B767": 1.0
    },
    "AFL": {
      "A330": 1.0
    },
    "TAT": {
      "E190": 0.3333333333333333,
      "A320": 0.3333333333333333,
      "A319": 0.3333333333333333
    },
    "TAP": {
      "A330": 1.0
    },
    "UAL": {
      "A319": 0.2608695652173913,
      "B738": 0.2608695652173913,
      "B739": 0.17391304347826086,
      "B737": 0.17391304347826086,
      "A320": 0.13043478260869565
    },
    "TSO": {
      "B777": 1.0
    },
    "BHS": {
      "B737": 1.0
    },
    "USA": {
      "B738": 0.5631067961165048,
      "B767": 0.1650485436893204,
      "A320": 0.08737864077669903,
      "A319": 0.04854368932038835,
      "B777": 0.038834951456310676,
      "E190": 0.038834951456310676,
      "A318": 0.02912621359223301,
      "A321": 0.019417475728155338,
      "B752": 0.009708737864077669
    },
    "VIR": {
      "B744": 0.5,
      "A330": 0.5
    },
    "LNE": {
      "B767": 1.0
    }
  },
  "hourly_profile": [],
  "delay_rate": 0.0,
  "delay_distribution": {},
  "mean_delay_minutes": 0.0,
  "data_source": "openflights",
  "region": "",
  "profile_date": "2026-03-21",
  "sample_size": 565
}