{
  "icao_code": "KMJ",
  "iata_code": "KMJ",
  "airline_shares": {
    "ANA": 0.5714285714285714,
    "NES": 0.14285714285714285,
    "JAL": 0.14285714285714285,
    "OZR": 0.14285714285714285
  },
  "domestic_route_shares": {
    "HND": 0.4,
    "ITM": 0.2,
    "NGO": 0.2,
    "OKA": 0.2
  },
  "international_route_shares": {
    "NKM": 0.5,
    "ICN": 0.5
  },
  "domestic_ratio": 0.714,
  "fleet_mix": {
    "NES": {
      "E175": 1.0
    },
    "JAL": {
      "B738": 0.5,
      "B767": 0.5
    },
    "ANA": {
      "A320": 0.42857142857142855,
      "B787": 0.14285714285714285,
      "B767": 0.14285714285714285,
      "B738": 0.14285714285714285,
      "B737": 0.14285714285714285
    },
    "OZR": {
      "A321": 0.5,
      "A320": 0.5
    }
  },
  "hourly_profile": [],
  "delay_rate": 0.0,
  "delay_distribution": {},
  "mean_delay_minutes": 0.0,
  "data_source": "openflights",
  "region": "",
  "profile_date": "2026-03-21",
  "sample_size": 14
}