{
  "icao_code": "KMSP",
  "iata_code": "MSP",
  "airline_shares": {
    "DAL": 0.5357142857142857,
    "SCX": 0.15178571428571427,
    "NKS": 0.0625,
    "SWA": 0.0625,
    "USA": 0.05357142857142857,
    "AAL": 0.044642857142857144,
    "UAL": 0.026785714285714284,
    "FLG": 0.017857142857142856,
    "ASA": 0.008928571428571428,
    "FFT": 0.008928571428571428,
    "TRS": 0.008928571428571428,
    "VIR": 0.008928571428571428,
    "GLA": 0.008928571428571428
  },
  "domestic_route_shares": {
    "DFW": 0.05291005291005291,
    "PHX": 0.05291005291005291,
    "DEN": 0.05291005291005291,
    "ORD": 0.042328042328042326,
    "ATL": 0.031746031746031744,
    "CLT": 0.031746031746031744,
    "MIA": 0.031746031746031744,
    "PHL": 0.031746031746031744,
    "SEA": 0.031746031746031744,
    "LAS": 0.031746031746031744,
    "LAX": 0.031746031746031744,
    "MCO": 0.031746031746031744,
    "SFO": 0.031746031746031744,
    "BOS": 0.021164021164021163,
    "BWI": 0.021164021164021163,
    "DCA": 0.021164021164021163,
    "JFK": 0.021164021164021163,
    "MCI": 0.021164021164021163,
    "MKE": 0.021164021164021163,
    "PSP": 0.021164021164021163,
    "RSW": 0.021164021164021163,
    "SAN": 0.021164021164021163,
    "STL": 0.021164021164021163,
    "MDW": 0.021164021164021163,
    "IAH": 0.015873015873015872,
    "MSY": 0.010582010582010581,
    "ABQ": 0.010582010582010581,
    "ANC": 0.010582010582010581,
    "BDL": 0.010582010582010581,
    "BOI": 0.010582010582010581,
    "DTW": 0.010582010582010581,
    "EWR": 0.010582010582010581,
    "FLL": 0.010582010582010581,
    "GEG": 0.010582010582010581,
    "GRR": 0.010582010582010581,
    "IND": 0.010582010582010581,
    "LGA": 0.010582010582010581,
    "MEM": 0.010582010582010581,
    "OMA": 0.010582010582010581,
    "PDX": 0.010582010582010581,
    "PIT": 0.010582010582010581,
    "RDU": 0.010582010582010581,
    "SJC": 0.010582010582010581,
    "SLC": 0.010582010582010581,
    "SMF": 0.010582010582010581,
    "SNA": 0.010582010582010581,
    "TPA": 0.010582010582010581,
    "TUS": 0.010582010582010581,
    "AUS": 0.005291005291005291,
    "CLE": 0.005291005291005291,
    "CMH": 0.005291005291005291,
    "SDF": 0.005291005291005291
  },
  "international_route_shares": {
    "CUN": 0.11428571428571428,
    "LHR": 0.11428571428571428,
    "AMS": 0.05714285714285714,
    "BIL": 0.05714285714285714,
    "BZN": 0.05714285714285714,
    "CDG": 0.05714285714285714,
    "FAR": 0.05714285714285714,
    "FSD": 0.05714285714285714,
    "MSN": 0.05714285714285714,
    "MSO": 0.05714285714285714,
    "NRT": 0.05714285714285714,
    "YYC": 0.05714285714285714,
    "LAN": 0.05714285714285714,
    "PUJ": 0.05714285714285714,
    "ATY": 0.05714285714285714,
    "DAY": 0.02857142857142857
  },
  "domestic_ratio": 0.844,
  "fleet_mix": {
    "FLG": {
      "CRJ9": 1.0
    },
    "AAL": {
      "A319": 0.3,
      "A321": 0.2,
      "A320": 0.2,
      "B738": 0.2,
      "E190": 0.1
    },
    "ASA": {
      "B739": 0.6666666666666666,
      "B737": 0.3333333333333333
    },
    "DAL": {
      "A320": 0.36318407960199006,
      "A319": 0.263681592039801,
      "B738": 0.17412935323383086,
      "B752": 0.05970149253731343,
      "A330": 0.03980099502487562,
      "B739": 0.03980099502487562,
      "B767": 0.029850746268656716,
      "B777": 0.014925373134328358,
      "E175": 0.009950248756218905,
      "CRJ9": 0.004975124378109453
    },
    "FFT": {
      "A319": 0.5,
      "A320": 0.5
    },
    "NKS": {
      "A319": 0.75,
      "A320": 0.25
    },
    "SCX": {
      "B737": 0.52,
      "B738": 0.48
    },
    "UAL": {
      "A320": 0.3333333333333333,
      "A319": 0.26666666666666666,
      "B737": 0.13333333333333333,
      "B738": 0.13333333333333333,
      "B739": 0.13333333333333333
    },
    "USA": {
      "A319": 0.2727272727272727,
      "A321": 0.18181818181818182,
      "A320": 0.18181818181818182,
      "B738": 0.18181818181818182,
      "E175": 0.09090909090909091,
      "E190": 0.09090909090909091
    },
    "VIR": {
      "B767": 1.0
    },
    "SWA": {
      "B738": 1.0
    }
  },
  "hourly_profile": [],
  "delay_rate": 0.0,
  "delay_distribution": {},
  "mean_delay_minutes": 0.0,
  "data_source": "openflights",
  "region": "",
  "profile_date": "2026-03-21",
  "sample_size": 224
}