{
  "icao_code": "KOA",
  "iata_code": "KOA",
  "airline_shares": {
    "ASA": 0.1875,
    "UAL": 0.1875,
    "AAL": 0.125,
    "HAL": 0.125,
    "MYD": 0.125,
    "USA": 0.125,
    "DAL": 0.0625,
    "WJA": 0.0625
  },
  "domestic_route_shares": {
    "LAX": 0.2857142857142857,
    "PHX": 0.14285714285714285,
    "OGG": 0.14285714285714285,
    "OAK": 0.07142857142857142,
    "SEA": 0.07142857142857142,
    "SJC": 0.07142857142857142,
    "HNL": 0.07142857142857142,
    "DEN": 0.07142857142857142,
    "SFO": 0.07142857142857142
  },
  "international_route_shares": {
    "JHM": 0.5,
    "YVR": 0.5
  },
  "domestic_ratio": 0.875,
  "fleet_mix": {
    "ASA": {
      "B738": 1.0
    },
    "UAL": {
      "B752": 0.6,
      "B739": 0.2,
      "B738": 0.2
    },
    "USA": {
      "B752": 1.0
    },
    "WJA": {
      "B738": 1.0
    }
  },
  "hourly_profile": [],
  "delay_rate": 0.0,
  "delay_distribution": {},
  "mean_delay_minutes": 0.0,
  "data_source": "openflights",
  "region": "",
  "profile_date": "2026-03-21",
  "sample_size": 32
}