{
  "icao_code": "KOJ",
  "iata_code": "KOJ",
  "airline_shares": {
    "ANA": 0.26666666666666666,
    "SKY": 0.13333333333333333,
    "GK": 0.13333333333333333,
    "CAL": 0.06666666666666667,
    "CRK": 0.06666666666666667,
    "NES": 0.06666666666666667,
    "JAL": 0.06666666666666667,
    "KAL": 0.06666666666666667,
    "MM": 0.06666666666666667,
    "CES": 0.06666666666666667
  },
  "domestic_route_shares": {
    "HND": 0.2727272727272727,
    "NGO": 0.18181818181818182,
    "UKB": 0.09090909090909091,
    "NRT": 0.09090909090909091,
    "FSZ": 0.09090909090909091,
    "KIX": 0.09090909090909091,
    "ITM": 0.09090909090909091,
    "OKA": 0.09090909090909091
  },
  "international_route_shares": {
    "TPE": 0.25,
    "HKG": 0.25,
    "ICN": 0.25,
    "PVG": 0.25
  },
  "domestic_ratio": 0.733,
  "fleet_mix": {
    "SKY": {
      "B737": 1.0
    },
    "CAL": {
      "B738": 1.0
    },
    "GK": {
      "A320": 1.0
    },
    "CRK": {
      "A320": 1.0
    },
    "NES": {
      "E175": 1.0
    },
    "JAL": {
      "B738": 0.5,
      "B767": 0.5
    },
    "KAL": {
      "B739": 0.6666666666666666,
      "B738": 0.3333333333333333
    },
    "MM": {
      "A320": 1.0
    },
    "CES": {
      "A319": 1.0
    },
    "ANA": {
      "B767": 0.2857142857142857,
      "A320": 0.2857142857142857,
      "B787": 0.14285714285714285,
      "B737": 0.14285714285714285,
      "B738": 0.14285714285714285
    }
  },
  "hourly_profile": [],
  "delay_rate": 0.0,
  "delay_distribution": {},
  "mean_delay_minutes": 0.0,
  "data_source": "openflights",
  "region": "",
  "profile_date": "2026-03-21",
  "sample_size": 30
}