{
  "icao_code": "KORD",
  "iata_code": "ORD",
  "airline_shares": {
    "USA": 0.29307282415630553,
    "UAL": 0.25044404973357015,
    "AAL": 0.17406749555950266,
    "NKS": 0.05328596802841918,
    "DAL": 0.02486678507992895,
    "FIN": 0.017761989342806393,
    "FFT": 0.014209591474245116,
    "ASA": 0.010657193605683837,
    "JBU": 0.010657193605683837,
    "GEC": 0.010657193605683837,
    "WJA": 0.008880994671403197,
    "3E": 0.007104795737122558,
    "ACA": 0.007104795737122558,
    "AMX": 0.007104795737122558,
    "MAS": 0.007104795737122558,
    "SAS": 0.007104795737122558,
    "VRD": 0.007104795737122558,
    "BER": 0.003552397868561279,
    "AFR": 0.003552397868561279,
    "AIC": 0.003552397868561279,
    "AVA": 0.003552397868561279,
    "AZA": 0.003552397868561279,
    "BAW": 0.003552397868561279,
    "CMP": 0.003552397868561279,
    "CPA": 0.003552397868561279,
    "EIN": 0.003552397868561279,
    "ETD": 0.003552397868561279,
    "CHH": 0.003552397868561279,
    "IBE": 0.003552397868561279,
    "JAL": 0.003552397868561279,
    "KAL": 0.003552397868561279,
    "KLM": 0.003552397868561279,
    "CAY": 0.003552397868561279,
    "LOT": 0.003552397868561279,
    "SWR": 0.003552397868561279,
    "ANA": 0.003552397868561279,
    "OZR": 0.003552397868561279,
    "QTR": 0.003552397868561279,
    "RJA": 0.003552397868561279,
    "THY": 0.003552397868561279,
    "VIR": 0.003552397868561279,
    "VOI": 0.003552397868561279
  },
  "domestic_route_shares": {
    "BOS": 0.03257328990228013,
    "LAX": 0.03257328990228013,
    "DEN": 0.026058631921824105,
    "FLL": 0.026058631921824105,
    "LAS": 0.026058631921824105,
    "LGA": 0.026058631921824105,
    "MCO": 0.026058631921824105,
    "PDX": 0.026058631921824105,
    "RSW": 0.026058631921824105,
    "SEA": 0.026058631921824105,
    "SFO": 0.026058631921824105,
    "TPA": 0.026058631921824105,
    "MSP": 0.026058631921824105,
    "DFW": 0.02280130293159609,
    "JFK": 0.02280130293159609,
    "AUS": 0.019543973941368076,
    "CLT": 0.019543973941368076,
    "DCA": 0.019543973941368076,
    "PHL": 0.019543973941368076,
    "PHX": 0.019543973941368076,
    "RDU": 0.019543973941368076,
    "SAN": 0.019543973941368076,
    "SNA": 0.019543973941368076,
    "DTW": 0.019543973941368076,
    "IAH": 0.019543973941368076,
    "MIA": 0.013029315960912053,
    "PBI": 0.013029315960912053,
    "PSP": 0.013029315960912053,
    "RNO": 0.013029315960912053,
    "SJC": 0.013029315960912053,
    "STL": 0.013029315960912053,
    "TUS": 0.013029315960912053,
    "ANC": 0.013029315960912053,
    "BDL": 0.013029315960912053,
    "CLE": 0.013029315960912053,
    "CMH": 0.013029315960912053,
    "DSM": 0.013029315960912053,
    "EWR": 0.013029315960912053,
    "JAX": 0.013029315960912053,
    "OMA": 0.013029315960912053,
    "PIT": 0.013029315960912053,
    "RIC": 0.013029315960912053,
    "ROC": 0.013029315960912053,
    "TUL": 0.009771986970684038,
    "CVG": 0.009771986970684038,
    "BUF": 0.009771986970684038,
    "BWI": 0.009771986970684038,
    "MCI": 0.009771986970684038,
    "ATL": 0.006514657980456026,
    "MYR": 0.006514657980456026,
    "OAK": 0.006514657980456026,
    "ALB": 0.006514657980456026,
    "GRR": 0.006514657980456026,
    "HNL": 0.006514657980456026,
    "IAD": 0.006514657980456026,
    "MSY": 0.006514657980456026,
    "OGG": 0.006514657980456026,
    "PVD": 0.006514657980456026,
    "SMF": 0.006514657980456026,
    "SRQ": 0.006514657980456026,
    "BNA": 0.006514657980456026,
    "MEM": 0.006514657980456026,
    "OKC": 0.006514657980456026,
    "SDF": 0.006514657980456026,
    "SYR": 0.006514657980456026,
    "TYS": 0.006514657980456026,
    "ABQ": 0.003257328990228013,
    "SAT": 0.003257328990228013
  },
  "international_route_shares": {
    "LHR": 0.046875,
    "MEX": 0.046875,
    "NRT": 0.046875,
    "CDG": 0.04296875,
    "FCO": 0.03515625,
    "DUB": 0.03125,
    "DUS": 0.03125,
    "PEK": 0.03125,
    "SJD": 0.03125,
    "SJU": 0.03125,
    "YYZ": 0.02734375,
    "CUN": 0.0234375,
    "MAD": 0.0234375,
    "MBJ": 0.0234375,
    "PVG": 0.0234375,
    "PVR": 0.0234375,
    "YVR": 0.0234375,
    "YYC": 0.0234375,
    "DOH": 0.015625,
    "MAN": 0.015625,
    "YUL": 0.015625,
    "GDL": 0.015625,
    "HKG": 0.015625,
    "PUJ": 0.015625,
    "ICN": 0.015625,
    "AMS": 0.015625,
    "FRA": 0.015625,
    "MUC": 0.015625,
    "AMM": 0.015625,
    "BRL": 0.0078125,
    "DEC": 0.0078125,
    "TXL": 0.0078125,
    "DEL": 0.0078125,
    "SAL": 0.0078125,
    "PTY": 0.0078125,
    "AUH": 0.0078125,
    "GCM": 0.0078125,
    "WAW": 0.0078125,
    "ZRH": 0.0078125,
    "ACY": 0.0078125,
    "ARN": 0.0078125,
    "CPH": 0.0078125,
    "IST": 0.0078125,
    "BRU": 0.0078125,
    "GRU": 0.0078125,
    "MDT": 0.0078125,
    "SJO": 0.0078125,
    "STT": 0.0078125,
    "SXM": 0.0078125,
    "ALO": 0.0078125,
    "ART": 0.0078125,
    "CMI": 0.0078125,
    "CWA": 0.0078125,
    "DAY": 0.0078125,
    "FSD": 0.0078125,
    "LIT": 0.0078125,
    "PIA": 0.0078125,
    "SUX": 0.0078125,
    "TOL": 0.0078125,
    "XNA": 0.0078125,
    "CHO": 0.00390625,
    "MHK": 0.00390625,
    "COU": 0.00390625,
    "HSV": 0.00390625,
    "YKF": 0.00390625
  },
  "domestic_ratio": 0.545,
  "fleet_mix": {
    "AAL": {
      "B738": 0.5327102803738317,
      "B767": 0.1308411214953271,
      "B777": 0.11214953271028037,
      "A321": 0.056074766355140186,
      "A320": 0.056074766355140186,
      "E190": 0.037383177570093455,
      "B737": 0.037383177570093455,
      "A319": 0.028037383177570093,
      "CRJ9": 0.009345794392523364
    },
    "BER": {
      "A330": 1.0
    },
    "ACA": {
      "E175": 1.0
    },
    "AFR": {
      "A330": 1.0
    },
    "AIC": {
      "B777": 1.0
    },
    "AMX": {
      "B737": 1.0
    },
    "ASA": {
      "B738": 0.4,
      "B739": 0.4,
      "B737": 0.2
    },
    "AVA": {
      "A319": 1.0
    },
    "FIN": {
      "B767": 0.5714285714285714,
      "B744": 0.14285714285714285,
      "B777": 0.14285714285714285,
      "A330": 0.14285714285714285
    },
    "AZA": {
      "A330": 1.0
    },
    "JBU": {
      "A320": 0.6,
      "E190": 0.4
    },
    "BAW": {
      "B744": 0.5,
      "B777": 0.5
    },
    "CMP": {
      "B738": 1.0
    },
    "CPA": {
      "B777": 1.0
    },
    "DAL": {
      "A319": 0.2857142857142857,
      "B737": 0.2857142857142857,
      "A320": 0.21428571428571427,
      "A330": 0.14285714285714285,
      "CRJ9": 0.07142857142857142
    },
    "EIN": {
      "A330": 1.0
    },
    "ETD": {
      "B777": 1.0
    },
    "FFT": {
      "A320": 1.0
    },
    "CHH": {
      "B787": 1.0
    },
    "IBE": {
      "A330": 1.0
    },
    "JAL": {
      "B777": 1.0
    },
    "KAL": {
      "B777": 1.0
    },
    "GEC": {
      "B744": 1.0
    },
    "LOT": {
      "B787": 1.0
    },
    "SWR": {
      "A330": 1.0
    },
    "MAS": {
      "B767": 0.5,
      "B777": 0.5
    },
    "ANA": {
      "B777": 1.0
    },
    "NKS": {
      "A319": 0.5555555555555556,
      "A320": 0.4444444444444444
    },
    "OZR": {
      "B777": 1.0
    },
    "QTR": {
      "B777": 1.0
    },
    "SAS": {
      "A330": 1.0
    },
    "UAL": {
      "A320": 0.19506172839506172,
      "B738": 0.18271604938271604,
      "A319": 0.1654320987654321,
      "B737": 0.13333333333333333,
      "B739": 0.1308641975308642,
      "B752": 0.10617283950617284,
      "B777": 0.04691358024691358,
      "B767": 0.024691358024691357,
      "B744": 0.014814814814814815
    },
    "USA": {
      "B738": 0.38571428571428573,
      "CRJ7": 0.19285714285714287,
      "E175": 0.10714285714285714,
      "B767": 0.1,
      "B777": 0.05714285714285714,
      "A321": 0.04285714285714286,
      "A320": 0.04285714285714286,
      "E190": 0.02857142857142857,
      "CRJ9": 0.02142857142857143,
      "A319": 0.02142857142857143
    },
    "VRD": {
      "A320": 1.0
    },
    "WJA": {
      "E175": 1.0
    },
    "VOI": {
      "A320": 1.0
    }
  },
  "hourly_profile": [],
  "delay_rate": 0.0,
  "delay_distribution": {},