{
  "icao_code": "KPDX",
  "iata_code": "PDX",
  "airline_shares": {
    "ASA": 0.2601626016260163,
    "SWA": 0.17886178861788618,
    "DAL": 0.11382113821138211,
    "UAL": 0.0975609756097561,
    "AAL": 0.08943089430894309,
    "USA": 0.08130081300813008,
    "JBU": 0.04878048780487805,
    "NKS": 0.04878048780487805,
    "SQH": 0.032520325203252036,
    "FFT": 0.016260162601626018,
    "HAL": 0.016260162601626018,
    "VRD": 0.016260162601626018
  },
  "domestic_route_shares": {
    "DFW": 0.07017543859649122,
    "ORD": 0.07017543859649122,
    "PHX": 0.07017543859649122,
    "LAS": 0.05263157894736842,
    "SFO": 0.05263157894736842,
    "DEN": 0.05263157894736842,
    "CLT": 0.03508771929824561,
    "PHL": 0.03508771929824561,
    "ATL": 0.03508771929824561,
    "BOS": 0.03508771929824561,
    "HNL": 0.03508771929824561,
    "SAN": 0.03508771929824561,
    "SJC": 0.03508771929824561,
    "JFK": 0.03508771929824561,
    "SLC": 0.03508771929824561,
    "ANC": 0.017543859649122806,
    "DCA": 0.017543859649122806,
    "LAX": 0.017543859649122806,
    "OGG": 0.017543859649122806,
    "PSP": 0.017543859649122806,
    "SNA": 0.017543859649122806,
    "LGB": 0.017543859649122806,
    "DTW": 0.017543859649122806,
    "MSP": 0.017543859649122806,
    "EWR": 0.017543859649122806,
    "IAD": 0.017543859649122806,
    "IAH": 0.017543859649122806,
    "ABQ": 0.017543859649122806,
    "MCI": 0.017543859649122806,
    "MDW": 0.017543859649122806,
    "OAK": 0.017543859649122806,
    "RNO": 0.017543859649122806,
    "SMF": 0.017543859649122806
  },
  "international_route_shares": {
    "AMS": 0.2222222222222222,
    "NRT": 0.2222222222222222,
    "OTH": 0.2222222222222222,
    "PDT": 0.2222222222222222,
    "YVR": 0.1111111111111111
  },
  "domestic_ratio": 0.927,
  "fleet_mix": {
    "AAL": {
      "A320": 0.46153846153846156,
      "B738": 0.15384615384615385,
      "A321": 0.15384615384615385,
      "A319": 0.15384615384615385,
      "DH8D": 0.07692307692307693
    },
    "ASA": {
      "B738": 0.4107142857142857,
      "B737": 0.3392857142857143,
      "B739": 0.25
    },
    "JBU": {
      "A320": 1.0
    },
    "DAL": {
      "B738": 0.45454545454545453,
      "B739": 0.18181818181818182,
      "B752": 0.18181818181818182,
      "A330": 0.09090909090909091,
      "A320": 0.09090909090909091
    },
    "FFT": {
      "A319": 0.5,
      "A320": 0.5
    },
    "HAL": {
      "A330": 1.0
    },
    "NKS": {
      "A319": 0.6666666666666666,
      "A320": 0.3333333333333333
    },
    "UAL": {
      "B739": 0.23404255319148937,
      "A320": 0.2127659574468085,
      "B738": 0.19148936170212766,
      "A319": 0.1702127659574468,
      "B752": 0.14893617021276595,
      "B737": 0.0425531914893617
    },
    "USA": {
      "A320": 0.5,
      "B738": 0.16666666666666666,
      "A321": 0.16666666666666666,
      "A319": 0.16666666666666666
    },
    "VRD": {
      "A320": 1.0
    },
    "SWA": {
      "B738": 1.0
    }
  },
  "hourly_profile": [],
  "delay_rate": 0.0,
  "delay_distribution": {},
  "mean_delay_minutes": 0.0,
  "data_source": "openflights",
  "region": "",
  "profile_date": "2026-03-21",
  "sample_size": 123
}