{
  "icao_code": "KPHL",
  "iata_code": "PHL",
  "airline_shares": {
    "AAL": 0.4567901234567901,
    "USA": 0.362962962962963,
    "SWA": 0.05185185185185185,
    "DAL": 0.0345679012345679,
    "UAL": 0.019753086419753086,
    "NKS": 0.014814814814814815,
    "FFT": 0.009876543209876543,
    "VRD": 0.009876543209876543,
    "ACA": 0.0049382716049382715,
    "ASA": 0.0049382716049382715,
    "FIN": 0.0049382716049382715,
    "JBU": 0.0049382716049382715,
    "BAW": 0.0049382716049382715,
    "TRS": 0.0049382716049382715,
    "GEC": 0.0049382716049382715,
    "QTR": 0.0049382716049382715
  },
  "domestic_route_shares": {
    "DEN": 0.035555555555555556,
    "LAS": 0.035555555555555556,
    "SFO": 0.035555555555555556,
    "ATL": 0.03111111111111111,
    "BOS": 0.02666666666666667,
    "DFW": 0.02666666666666667,
    "DTW": 0.02666666666666667,
    "FLL": 0.02666666666666667,
    "IAH": 0.02666666666666667,
    "LAX": 0.02666666666666667,
    "MCO": 0.02666666666666667,
    "MSP": 0.02666666666666667,
    "ORD": 0.02666666666666667,
    "PHX": 0.02666666666666667,
    "RSW": 0.02666666666666667,
    "SEA": 0.02666666666666667,
    "SLC": 0.02666666666666667,
    "TPA": 0.02666666666666667,
    "BNA": 0.022222222222222223,
    "AUS": 0.017777777777777778,
    "BDL": 0.017777777777777778,
    "BWI": 0.017777777777777778,
    "CLT": 0.017777777777777778,
    "DCA": 0.017777777777777778,
    "IND": 0.017777777777777778,
    "JAX": 0.017777777777777778,
    "LGA": 0.017777777777777778,
    "MIA": 0.017777777777777778,
    "PBI": 0.017777777777777778,
    "PDX": 0.017777777777777778,
    "CVG": 0.017777777777777778,
    "PIT": 0.017777777777777778,
    "PVD": 0.017777777777777778,
    "RDU": 0.017777777777777778,
    "SAN": 0.017777777777777778,
    "SAT": 0.017777777777777778,
    "STL": 0.017777777777777778,
    "BHM": 0.013333333333333334,
    "ORF": 0.013333333333333334,
    "MYR": 0.013333333333333334,
    "ALB": 0.008888888888888889,
    "BUF": 0.008888888888888889,
    "CHS": 0.008888888888888889,
    "EWR": 0.008888888888888889,
    "PWM": 0.008888888888888889,
    "RIC": 0.008888888888888889,
    "ROC": 0.008888888888888889,
    "SYR": 0.008888888888888889,
    "JFK": 0.008888888888888889,
    "MSY": 0.008888888888888889,
    "TYS": 0.008888888888888889,
    "MDW": 0.008888888888888889
  },
  "international_route_shares": {
    "LHR": 0.044444444444444446,
    "CDG": 0.03333333333333333,
    "CUN": 0.03333333333333333,
    "FRA": 0.03333333333333333,
    "PUJ": 0.03333333333333333,
    "AMS": 0.022222222222222223,
    "ATH": 0.022222222222222223,
    "AUA": 0.022222222222222223,
    "BCN": 0.022222222222222223,
    "BDA": 0.022222222222222223,
    "BRU": 0.022222222222222223,
    "BTV": 0.022222222222222223,
    "DOH": 0.022222222222222223,
    "DUB": 0.022222222222222223,
    "FCO": 0.022222222222222223,
    "GCM": 0.022222222222222223,
    "GLA": 0.022222222222222223,
    "LIS": 0.022222222222222223,
    "MAD": 0.022222222222222223,
    "MAN": 0.022222222222222223,
    "MBJ": 0.022222222222222223,
    "MUC": 0.022222222222222223,
    "NAS": 0.022222222222222223,
    "PLS": 0.022222222222222223,
    "SDQ": 0.022222222222222223,
    "SJU": 0.022222222222222223,
    "STT": 0.022222222222222223,
    "SXM": 0.022222222222222223,
    "TLV": 0.022222222222222223,
    "VCE": 0.022222222222222223,
    "ZRH": 0.022222222222222223,
    "CAK": 0.016666666666666666,
    "DAY": 0.016666666666666666,
    "ABE": 0.011111111111111112,
    "AVP": 0.011111111111111112,
    "BGM": 0.011111111111111112,
    "CHO": 0.011111111111111112,
    "ELM": 0.011111111111111112,
    "ERI": 0.011111111111111112,
    "HPN": 0.011111111111111112,
    "HVN": 0.011111111111111112,
    "IPT": 0.011111111111111112,
    "ISP": 0.011111111111111112,
    "ITH": 0.011111111111111112,
    "MDT": 0.011111111111111112,
    "PHF": 0.011111111111111112,
    "ROA": 0.011111111111111112,
    "SBY": 0.011111111111111112,
    "SCE": 0.011111111111111112,
    "SWF": 0.011111111111111112,
    "YYZ": 0.011111111111111112,
    "MHT": 0.011111111111111112
  },
  "domestic_ratio": 0.556,
  "fleet_mix": {
    "AAL": {
      "A320": 0.2170212765957447,
      "A319": 0.20425531914893616,
      "E190": 0.17872340425531916,
      "A330": 0.14468085106382977,
      "A321": 0.11914893617021277,
      "B767": 0.05106382978723404,
      "CRJ9": 0.03829787234042553,
      "B737": 0.02127659574468085,
      "B738": 0.01702127659574468,
      "B777": 0.00851063829787234
    },
    "ACA": {
      "E175": 1.0
    },
    "ASA": {
      "B739": 0.5,
      "B738": 0.5
    },
    "FIN": {
      "B777": 0.5,
      "B767": 0.5
    },
    "JBU": {
      "E190": 1.0
    },
    "BAW": {
      "B777": 0.5,
      "B767": 0.5
    },
    "DAL": {
      "A320": 0.42105263157894735,
      "B738": 0.2631578947368421,
      "B752": 0.15789473684210525,
      "A319": 0.10526315789473684,
      "CRJ9": 0.05263157894736842
    },
    "FFT": {
      "A320": 1.0
    },
    "NKS": {
      "A320": 1.0
    },
    "QTR": {
      "B777": 1.0
    },
    "UAL": {
      "B738": 0.21052631578947367,
      "B739": 0.21052631578947367,
      "A319": 0.18421052631578946,
      "A320": 0.15789473684210525,
      "B752": 0.13157894736842105,
      "B737": 0.10526315789473684
    },
    "USA": {
      "A319": 0.20392156862745098,
      "A320": 0.2,
      "E190": 0.1803921568627451,
      "A330": 0.13333333333333333,
      "A321": 0.10980392156862745,
      "B752": 0.08627450980392157,
      "CRJ9": 0.07058823529411765,
      "B738": 0.01568627450980392
    },
    "VRD": {
      "A319": 0.6666666666666666,
      "A320": 0.3333333333333333
    },
    "SWA": {
      "B738": 1.0
    }
  },
  "hourly_profile": [],
  "delay_rate": 0.0,
  "delay_distribution": {},
  "mean_delay_minutes": 0.0,
  "data_source": "openflights",
  "region": "",
  "profile_date": "2026-03-21",
  "sample_size": 405
}