{
  "icao_code": "KPHX",
  "iata_code": "PHX",
  "airline_shares": {
    "USA": 0.29533678756476683,
    "AAL": 0.29015544041450775,
    "SWA": 0.24352331606217617,
    "UAL": 0.03626943005181347,
    "DAL": 0.031088082901554404,
    "GLA": 0.015544041450777202,
    "ASA": 0.010362694300518135,
    "JBU": 0.010362694300518135,
    "NKS": 0.010362694300518135,
    "WJA": 0.010362694300518135,
    "VOI": 0.010362694300518135,
    "ACA": 0.0051813471502590676,
    "AMX": 0.0051813471502590676,
    "FIN": 0.0051813471502590676,
    "BAW": 0.0051813471502590676,
    "FFT": 0.0051813471502590676,
    "HAL": 0.0051813471502590676,
    "SCX": 0.0051813471502590676
  },
  "domestic_route_shares": {
    "DEN": 0.037037037037037035,
    "MSP": 0.030864197530864196,
    "DTW": 0.024691358024691357,
    "EWR": 0.024691358024691357,
    "JFK": 0.024691358024691357,
    "PDX": 0.024691358024691357,
    "SEA": 0.024691358024691357,
    "SFO": 0.024691358024691357,
    "SLC": 0.024691358024691357,
    "AUS": 0.018518518518518517,
    "BOI": 0.018518518518518517,
    "BOS": 0.018518518518518517,
    "BWI": 0.018518518518518517,
    "CMH": 0.018518518518518517,
    "DFW": 0.018518518518518517,
    "FLL": 0.018518518518518517,
    "GEG": 0.018518518518518517,
    "HNL": 0.018518518518518517,
    "IAH": 0.018518518518518517,
    "IND": 0.018518518518518517,
    "LAS": 0.018518518518518517,
    "LAX": 0.018518518518518517,
    "MCI": 0.018518518518518517,
    "MCO": 0.018518518518518517,
    "MKE": 0.018518518518518517,
    "OAK": 0.018518518518518517,
    "OMA": 0.018518518518518517,
    "ONT": 0.018518518518518517,
    "ORD": 0.018518518518518517,
    "PHL": 0.018518518518518517,
    "PIT": 0.018518518518518517,
    "RNO": 0.018518518518518517,
    "SAN": 0.018518518518518517,
    "SJC": 0.018518518518518517,
    "SMF": 0.018518518518518517,
    "SNA": 0.018518518518518517,
    "STL": 0.018518518518518517,
    "TPA": 0.018518518518518517,
    "ATL": 0.018518518518518517,
    "ANC": 0.012345679012345678,
    "CLT": 0.012345679012345678,
    "DCA": 0.012345679012345678,
    "DSM": 0.012345679012345678,
    "KOA": 0.012345679012345678,
    "LGB": 0.012345679012345678,
    "LIH": 0.012345679012345678,
    "MIA": 0.012345679012345678,
    "OGG": 0.012345679012345678,
    "CLE": 0.006172839506172839,
    "IAD": 0.006172839506172839,
    "ABQ": 0.006172839506172839,
    "BNA": 0.006172839506172839,
    "BUF": 0.006172839506172839,
    "BUR": 0.006172839506172839,
    "ELP": 0.006172839506172839,
    "HOU": 0.006172839506172839,
    "MDW": 0.006172839506172839,
    "MSY": 0.006172839506172839,
    "OKC": 0.006172839506172839,
    "RDU": 0.006172839506172839,
    "SAT": 0.006172839506172839,
    "SDF": 0.006172839506172839,
    "TUL": 0.006172839506172839
  },
  "international_route_shares": {
    "MEX": 0.0967741935483871,
    "YEG": 0.0967741935483871,
    "YYC": 0.0967741935483871,
    "CUN": 0.06451612903225806,
    "MZT": 0.06451612903225806,
    "PVR": 0.06451612903225806,
    "SJD": 0.06451612903225806,
    "YVR": 0.06451612903225806,
    "ZIH": 0.06451612903225806,
    "HMO": 0.06451612903225806,
    "LHR": 0.06451612903225806,
    "YYZ": 0.03225806451612903,
    "LIT": 0.03225806451612903,
    "GDL": 0.03225806451612903,
    "PGA": 0.03225806451612903,
    "SOW": 0.03225806451612903,
    "SVC": 0.03225806451612903
  },
  "domestic_ratio": 0.839,
  "fleet_mix": {
    "AAL": {
      "A319": 0.3645320197044335,
      "A320": 0.3448275862068966,
      "A321": 0.2315270935960591,
      "B738": 0.029556650246305417,
      "B737": 0.019704433497536946,
      "CRJ9": 0.009852216748768473
    },
    "ACA": {
      "A319": 1.0
    },
    "ASA": {
      "B737": 0.4,
      "B738": 0.4,
      "B739": 0.2
    },
    "FIN": {
      "B744": 1.0
    },
    "JBU": {
      "A320": 1.0
    },
    "BAW": {
      "B744": 1.0
    },
    "DAL": {
      "B738": 0.4166666666666667,
      "A320": 0.25,
      "A319": 0.16666666666666666,
      "B739": 0.08333333333333333,
      "B752": 0.08333333333333333
    },
    "FFT": {
      "A320": 0.5,
      "A319": 0.5
    },
    "HAL": {
      "B767": 1.0
    },
    "NKS": {
      "A320": 0.5,
      "A319": 0.5
    },
    "SCX": {
      "B737": 1.0
    },
    "UAL": {
      "A320": 0.3111111111111111,
      "B738": 0.24444444444444444,
      "B739": 0.17777777777777778,
      "A319": 0.15555555555555556,
      "B752": 0.06666666666666667,
      "B737": 0.044444444444444446
    },
    "USA": {
      "A319": 0.3394495412844037,
      "A320": 0.3302752293577982,
      "A321": 0.22477064220183487,
      "B752": 0.0779816513761468,
      "B738": 0.027522935779816515
    },
    "SWA": {
      "B738": 1.0
    },
    "WJA": {
      "B738": 1.0
    },
    "VOI": {
      "A320": 0.5,
      "A319": 0.5
    }
  },
  "hourly_profile": [],
  "delay_rate": 0.0,
  "delay_distribution": {},
  "mean_delay_minutes": 0.0,
  "data_source": "openflights",
  "region": "",
  "profile_date": "2026-03-21",
  "sample_size": 386
}