{
  "icao_code": "KRK",
  "iata_code": "KRK",
  "airline_shares": {
    "RYR": 0.5384615384615384,
    "EZY": 0.15384615384615385,
    "NAX": 0.11538461538461539,
    "ELO": 0.057692307692307696,
    "GWI": 0.019230769230769232,
    "BER": 0.019230769230769232,
    "FIN": 0.019230769230769232,
    "GEC": 0.019230769230769232,
    "LOT": 0.019230769230769232,
    "EXS": 0.019230769230769232,
    "AFL": 0.019230769230769232
  },
  "domestic_route_shares": {
    "GDN": 0.5,
    "WAW": 0.5
  },
  "international_route_shares": {
    "EDI": 0.04,
    "LPL": 0.04,
    "STR": 0.02,
    "TXL": 0.02,
    "HEL": 0.02,
    "ARN": 0.02,
    "BGO": 0.02,
    "CPH": 0.02,
    "OSL": 0.02,
    "SVG": 0.02,
    "TRD": 0.02,
    "AGP": 0.02,
    "ALC": 0.02,
    "BGY": 0.02,
    "BHX": 0.02,
    "BLQ": 0.02,
    "BVA": 0.02,
    "CAG": 0.02,
    "CIA": 0.02,
    "CRL": 0.02,
    "DTM": 0.02,
    "DUB": 0.02,
    "EIN": 0.02,
    "EMA": 0.02,
    "GRO": 0.02,
    "KGS": 0.02,
    "LBA": 0.02,
    "MAD": 0.02,
    "MAN": 0.02,
    "MLA": 0.02,
    "NYO": 0.02,
    "PFO": 0.02,
    "PSA": 0.02,
    "RYG": 0.02,
    "SNN": 0.02,
    "STN": 0.02,
    "TPS": 0.02,
    "AMS": 0.02,
    "ZRH": 0.02,
    "FRA": 0.02,
    "NCL": 0.02,
    "SVO": 0.02,
    "BFS": 0.02,
    "BRS": 0.02,
    "BSL": 0.02,
    "CDG": 0.02,
    "LGW": 0.02,
    "SEN": 0.02
  },
  "domestic_ratio": 0.038,
  "fleet_mix": {
    "GWI": {
      "CRJ9": 1.0
    },
    "BER": {
      "DH8D": 0.3333333333333333,
      "A319": 0.3333333333333333,
      "B737": 0.3333333333333333
    },
    "FIN": {
      "A319": 0.5,
      "A321": 0.5
    },
    "NAX": {
      "B738": 1.0
    },
    "RYR": {
      "B738": 1.0
    },
    "ELO": {
      "DH8D": 1.0
    },
    "GEC": {
      "A321": 0.5,
      "A319": 0.5
    },
    "LOT": {
      "DH8D": 0.5,
      "E175": 0.5
    },
    "EZY": {
      "A319": 0.8,
      "A320": 0.2
    }
  },
  "hourly_profile": [],
  "delay_rate": 0.0,
  "delay_distribution": {},
  "mean_delay_minutes": 0.0,
  "data_source": "openflights",
  "region": "",
  "profile_date": "2026-03-21",
  "sample_size": 104
}