{
  "icao_code": "KRR",
  "iata_code": "KRR",
  "airline_shares": {
    "SYL": 0.2808988764044944,
    "SVR": 0.2247191011235955,
    "AFL": 0.11235955056179775,
    "DRU": 0.0449438202247191,
    "SJM": 0.0449438202247191,
    "SZ": 0.0449438202247191,
    "TSO": 0.0449438202247191,
    "Y7": 0.0449438202247191,
    "BRU": 0.02247191011235955,
    "VSV": 0.02247191011235955,
    "FDB": 0.02247191011235955,
    "UZB": 0.02247191011235955,
    "PGT": 0.02247191011235955,
    "LYN": 0.02247191011235955,
    "SBI": 0.02247191011235955
  },
  "domestic_route_shares": {
    "DME": 0.2222222222222222,
    "OVB": 0.1111111111111111,
    "AER": 0.1111111111111111,
    "VKO": 0.1111111111111111,
    "SVX": 0.1111111111111111,
    "VOG": 0.05555555555555555,
    "VOZ": 0.05555555555555555,
    "MCX": 0.05555555555555555,
    "LED": 0.05555555555555555,
    "SVO": 0.05555555555555555,
    "KJA": 0.05555555555555555
  },
  "international_route_shares": {
    "TAS": 0.11320754716981132,
    "DXB": 0.07547169811320754,
    "DYU": 0.07547169811320754,
    "LBD": 0.07547169811320754,
    "MSQ": 0.03773584905660377,
    "SCO": 0.03773584905660377,
    "SAW": 0.03773584905660377,
    "FRU": 0.03773584905660377,
    "EGO": 0.03773584905660377,
    "FEG": 0.03773584905660377,
    "LCA": 0.03773584905660377,
    "NUX": 0.03773584905660377,
    "PRG": 0.03773584905660377,
    "RMI": 0.03773584905660377,
    "TLV": 0.03773584905660377,
    "EVN": 0.03773584905660377,
    "BUD": 0.03773584905660377,
    "MUC": 0.03773584905660377,
    "NMA": 0.03773584905660377,
    "PFO": 0.03773584905660377,
    "IST": 0.018867924528301886,
    "ATH": 0.018867924528301886,
    "SKG": 0.018867924528301886
  },
  "domestic_ratio": 0.404,
  "fleet_mix": {
    "DRU": {
      "B738": 0.6666666666666666,
      "B737": 0.3333333333333333
    },
    "VSV": {
      "CRJ9": 1.0
    },
    "FDB": {
      "B738": 1.0
    },
    "UZB": {
      "A320": 1.0
    },
    "PGT": {
      "A320": 0.5,
      "B738": 0.5
    },
    "SYL": {
      "DH8D": 0.5,
      "B738": 0.5
    },
    "SBI": {
      "A319": 0.3333333333333333,
      "A320": 0.3333333333333333,
      "B738": 0.3333333333333333
    },
    "AFL": {
      "A319": 0.7142857142857143,
      "A320": 0.14285714285714285,
      "B738": 0.14285714285714285
    },
    "SZ": {
      "B737": 1.0
    },
    "SVR": {
      "A320": 1.0
    },
    "TSO": {
      "B737": 1.0
    },
    "Y7": {
      "B738": 1.0
    }
  },
  "hourly_profile": [],
  "delay_rate": 0.0,
  "delay_distribution": {},
  "mean_delay_minutes": 0.0,
  "data_source": "openflights",
  "region": "",
  "profile_date": "2026-03-21",
  "sample_size": 89
}