{
  "icao_code": "KRT",
  "iata_code": "KRT",
  "airline_shares": {
    "SUD": 0.36363636363636365,
    "BFL": 0.1038961038961039,
    "KNE": 0.07792207792207792,
    "FDB": 0.06493506493506493,
    "SVA": 0.05194805194805195,
    "TEP": 0.05194805194805195,
    "UAE": 0.025974025974025976,
    "ETH": 0.025974025974025976,
    "ETD": 0.025974025974025976,
    "ABY": 0.025974025974025976,
    "GBA": 0.025974025974025976,
    "IYE": 0.025974025974025976,
    "KQA": 0.025974025974025976,
    "MSR": 0.025974025974025976,
    "QTR": 0.025974025974025976,
    "RJA": 0.025974025974025976,
    "THY": 0.025974025974025976
  },
  "domestic_route_shares": {
    "PZU": 1.0
  },
  "international_route_shares": {
    "DXB": 0.08333333333333333,
    "JED": 0.08333333333333333,
    "RUH": 0.08333333333333333,
    "ADD": 0.05555555555555555,
    "AUH": 0.05555555555555555,
    "EGN": 0.05555555555555555,
    "ELF": 0.05555555555555555,
    "UYL": 0.05555555555555555,
    "CAI": 0.05555555555555555,
    "DOH": 0.05555555555555555,
    "JUB": 0.05555555555555555,
    "SHJ": 0.041666666666666664,
    "AMM": 0.041666666666666664,
    "DWC": 0.027777777777777776,
    "BAH": 0.027777777777777776,
    "SAH": 0.027777777777777776,
    "NBO": 0.027777777777777776,
    "IST": 0.027777777777777776,
    "ASM": 0.027777777777777776,
    "MED": 0.027777777777777776,
    "KAN": 0.013888888888888888,
    "NDJ": 0.013888888888888888
  },
  "domestic_ratio": 0.065,
  "fleet_mix": {
    "UAE": {
      "A330": 1.0
    },
    "ETH": {
      "B738": 1.0
    },
    "ETD": {
      "A320": 1.0
    },
    "FDB": {
      "B738": 1.0
    },
    "ABY": {
      "A320": 1.0
    },
    "GBA": {
      "A320": 1.0
    },
    "IYE": {
      "A320": 1.0
    },
    "BFL": {
      "B737": 1.0
    },
    "KQA": {
      "E175": 0.5,
      "E190": 0.5
    },
    "MSR": {
      "A321": 0.5,
      "A320": 0.5
    },
    "QTR": {
      "A320": 0.5,
      "A321": 0.5
    },
    "RJA": {
      "A320": 1.0
    },
    "SUD": {
      "A320": 1.0
    },
    "SVA": {
      "B777": 1.0
    },
    "THY": {
      "B738": 1.0
    },
    "KNE": {
      "A320": 1.0
    }
  },
  "hourly_profile": [],
  "delay_rate": 0.0,
  "delay_distribution": {},
  "mean_delay_minutes": 0.0,
  "data_source": "openflights",
  "region": "",
  "profile_date": "2026-03-21",
  "sample_size": 77
}