{
  "icao_code": "KSAN",
  "iata_code": "SAN",
  "airline_shares": {
    "SWA": 0.25423634954036994,
    "ASA": 0.2370140657880164,
    "UAL": 0.1680972422195149,
    "DAL": 0.07307010743160926,
    "FFT": 0.06947059475024919,
    "AAL": 0.066867870196035,
    "NKS": 0.03322627090486211,
    "JBU": 0.017111529516003986,
    "WS": 0.015754790120722117,
    "ACA": 0.010992357957691882,
    "MXA": 0.009967881271458633,
    "BAW": 0.00886033890796323,
    "HAL": 0.008417321962565068,
    "AAY": 0.0068667626536715026,
    "DLH": 0.003931775390408683,
    "JAL": 0.0037656440358843726,
    "SCX": 0.0034333813268357513,
    "QK": 0.003184184295049286,
    "KLM": 0.0028242330269132795,
    "PD": 0.0017166906634178756,
    "OTH": 0.001190608040757546
  },
  "domestic_route_shares": {
    "SFO": 0.06297203853512806,
    "DEN": 0.04971300057064214,
    "PHX": 0.04769896948742909,
    "LAS": 0.04417441509180625,
    "SEA": 0.04179114497667081,
    "SLC": 0.03766238125608405,
    "ORD": 0.036420395421436005,
    "SJC": 0.0354469470645497,
    "PDX": 0.03225806451612903,
    "ATL": 0.032123795777248165,
    "IAD": 0.030613272464838373,
    "JFK": 0.029136316337148804,
    "DFW": 0.027390822731697493,
    "SMF": 0.026954449330334664,
    "EWR": 0.02671947903729314,
    "AUS": 0.02564532912624618,
    "BOS": 0.024806149508240744,
    "IAH": 0.022926387163908563,
    "OAK": 0.02205364036118291,
    "HNL": 0.020274579571011378,
    "OGG": 0.01584371118794267,
    "MCO": 0.015239501862978752,
    "RNO": 0.01473599409217549,
    "TPA": 0.014702426907455272,
    "BWI": 0.013997516028330704
  },
  "international_route_shares": {
    "SJD": 0.09849802371541502,
    "BOI": 0.07051383399209486,
    "YYC": 0.062450592885375494,
    "GEG": 0.06055335968379447,
    "YVR": 0.054387351778656126,
    "MSY": 0.052648221343873515,
    "PVR": 0.0524901185770751,
    "LHR": 0.05059288537549407,
    "YYZ": 0.046798418972332015,
    "FAT": 0.04015810276679842,
    "EUG": 0.027984189723320157,
    "LIH": 0.026561264822134386,
    "RDM": 0.023557312252964428,
    "SBP": 0.02150197628458498,
    "NRT": 0.02150197628458498,
    "MUC": 0.020869565217391306,
    "PVU": 0.02023715415019763,
    "STS": 0.02007905138339921,
    "MRY": 0.018972332015810278,
    "PAE": 0.018972332015810278
  },
  "domestic_ratio": 0.82,
  "fleet_mix": {
    "SWA": {
      "06725": 0.9862774994554563,
      "11033": 0.013722500544543673
    },
    "AAL": {
      "0A050": 1.0
    },
    "UAL": {
      "0A875": 0.6027013671553286,
      "06700": 0.3972986328446714
    },
    "ASA": {
      "06031": 0.8126168224299065,
      "16031": 0.09894859813084113,
      "06580": 0.08843457943925234
    },
    "DAL": {
      "01260": 0.9996210685865858,
      "10260": 0.00037893141341417203
    },
    "NKS": {
      "06830": 1.0
    },
    "FFT": {
      "06460": 1.0
    }
  },
  "hourly_profile": [
    0.0016852448623804743,
    1.056579851022241e-05,
    5.282899255111205e-06,
    0.0,
    0.0,
    0.0,
    0.04219979924982831,
    0.06070051244122775,
    0.06659622800993185,
    0.06861429552538433,
    0.07342701674679064,
    0.0662951027523905,
    0.0653441808864705,
    0.056653811611812564,
    0.053283321887051614,
    0.048856252311268424,
    0.04910983147551376,
    0.04745628400866395,
    0.06186275027735221,
    0.06240160600137355,
    0.062322362512546886,
    0.05047281948333245,
    0.043472977970310106,
    0.019229753288604785
  ],
  "taxi_out_mean_min": 21.5,
  "taxi_out_p95_min": 39.0,
  "taxi_in_mean_min": 5.9,
  "taxi_in_p95_min": 19.0,
  "turnaround_median_min": 57.0,
  "turnaround_p75_min": 75.0,
  "turnaround_p95_min": 149.0,
  "delay_rate": 0.10474404353108986,
  "delay_distribution": {
    "71": 0.017645794526436453,
    "72": 0.011763863017624302,
    "81": 0.2831351196446482,
    "62": 0.10696374838802121,
    "67": 0.0802228112910159,
    "63": 0.0802228112910159,
    "68": 0.4175025075225677,
    "41": 0.0025433443186702966
  },
  "mean_delay_minutes": 68.78655368941342,
  "data_source": "BTS_DB28+OTP",
  "region": "",
  "profile_date": "2026-03-22",
  "sample_size": 36116
}