{
  "icao_code": "KSAN",
  "iata_code": "SAN",
  "airline_shares": {
    "SWA": 0.26143790849673204,
    "AAL": 0.13071895424836602,
    "ASA": 0.11764705882352941,
    "USA": 0.10457516339869281,
    "UAL": 0.0784313725490196,
    "DAL": 0.06535947712418301,
    "NKS": 0.05228758169934641,
    "JBU": 0.026143790849673203,
    "ACA": 0.013071895424836602,
    "FIN": 0.013071895424836602,
    "BAW": 0.013071895424836602,
    "FFT": 0.013071895424836602,
    "AAY": 0.013071895424836602,
    "HAL": 0.013071895424836602,
    "JAL": 0.013071895424836602,
    "SQH": 0.013071895424836602,
    "SCX": 0.013071895424836602,
    "VRD": 0.013071895424836602,
    "WJA": 0.013071895424836602,
    "VOI": 0.013071895424836602,
    "MAS": 0.006535947712418301
  },
  "domestic_route_shares": {
    "JFK": 0.06349206349206349,
    "DFW": 0.047619047619047616,
    "ORD": 0.047619047619047616,
    "PHX": 0.047619047619047616,
    "DEN": 0.047619047619047616,
    "SFO": 0.047619047619047616,
    "CLT": 0.031746031746031744,
    "DCA": 0.031746031746031744,
    "MIA": 0.031746031746031744,
    "PHL": 0.031746031746031744,
    "BOS": 0.031746031746031744,
    "HNL": 0.031746031746031744,
    "PDX": 0.031746031746031744,
    "ATL": 0.031746031746031744,
    "MSP": 0.031746031746031744,
    "LAS": 0.031746031746031744,
    "LIH": 0.015873015873015872,
    "MCO": 0.015873015873015872,
    "OGG": 0.015873015873015872,
    "SEA": 0.015873015873015872,
    "DTW": 0.015873015873015872,
    "SLC": 0.015873015873015872,
    "EWR": 0.015873015873015872,
    "IAD": 0.015873015873015872,
    "IAH": 0.015873015873015872,
    "ABQ": 0.015873015873015872,
    "AUS": 0.015873015873015872,
    "BNA": 0.015873015873015872,
    "BWI": 0.015873015873015872,
    "HOU": 0.015873015873015872,
    "MCI": 0.015873015873015872,
    "MDW": 0.015873015873015872,
    "MSY": 0.015873015873015872,
    "OAK": 0.015873015873015872,
    "RNO": 0.015873015873015872,
    "SAT": 0.015873015873015872,
    "SJC": 0.015873015873015872,
    "SMF": 0.015873015873015872,
    "STL": 0.015873015873015872,
    "TUS": 0.015873015873015872
  },
  "international_route_shares": {
    "NRT": 0.18518518518518517,
    "YYC": 0.14814814814814814,
    "SJD": 0.14814814814814814,
    "LHR": 0.14814814814814814,
    "YYZ": 0.07407407407407407,
    "PVR": 0.07407407407407407,
    "BLI": 0.07407407407407407,
    "IPL": 0.07407407407407407,
    "MEX": 0.07407407407407407
  },
  "domestic_ratio": 0.824,
  "fleet_mix": {
    "AAL": {
      "B738": 0.3333333333333333,
      "A320": 0.25,
      "A321": 0.16666666666666666,
      "A319": 0.08333333333333333,
      "B787": 0.08333333333333333,
      "B737": 0.08333333333333333
    },
    "ACA": {
      "A319": 1.0
    },
    "ASA": {
      "B738": 0.5517241379310345,
      "B739": 0.3103448275862069,
      "B737": 0.13793103448275862
    },
    "FIN": {
      "B777": 1.0
    },
    "JBU": {
      "A320": 1.0
    },
    "BAW": {
      "B777": 1.0
    },
    "DAL": {
      "B738": 0.3333333333333333,
      "B739": 0.23809523809523808,
      "A320": 0.14285714285714285,
      "B767": 0.09523809523809523,
      "B752": 0.09523809523809523,
      "A319": 0.09523809523809523
    },
    "FFT": {
      "A320": 0.5,
      "A319": 0.5
    },
    "HAL": {
      "A330": 1.0
    },
    "JAL": {
      "B787": 1.0
    },
    "MAS": {
      "B787": 1.0
    },
    "NKS": {
      "A319": 0.8,
      "A320": 0.2
    },
    "SCX": {
      "B737": 1.0
    },
    "UAL": {
      "B738": 0.2553191489361702,
      "B739": 0.2553191489361702,
      "A320": 0.2127659574468085,
      "A319": 0.1276595744680851,
      "B752": 0.0851063829787234,
      "B737": 0.06382978723404255
    },
    "USA": {
      "B738": 0.4,
      "A320": 0.3,
      "A321": 0.2,
      "A319": 0.1
    },
    "VRD": {
      "A319": 0.5,
      "A320": 0.5
    },
    "SWA": {
      "B738": 1.0
    },
    "WJA": {
      "B738": 1.0
    },
    "VOI": {
      "A319": 1.0
    }
  },
  "hourly_profile": [],
  "delay_rate": 0.0,
  "delay_distribution": {},
  "mean_delay_minutes": 0.0,
  "data_source": "openflights",
  "region": "",
  "profile_date": "2026-03-21",
  "sample_size": 153
}