{
  "icao_code": "KSEA",
  "iata_code": "SEA",
  "airline_shares": {
    "ASA": 0.35344827586206895,
    "DAL": 0.1206896551724138,
    "SWA": 0.10344827586206896,
    "AAL": 0.06896551724137931,
    "UAL": 0.06896551724137931,
    "USA": 0.06896551724137931,
    "JBU": 0.034482758620689655,
    "HAL": 0.017241379310344827,
    "VRD": 0.017241379310344827,
    "ACA": 0.008620689655172414,
    "AFR": 0.008620689655172414,
    "FIN": 0.008620689655172414,
    "BAW": 0.008620689655172414,
    "EVA": 0.008620689655172414,
    "CFG": 0.008620689655172414,
    "UAE": 0.008620689655172414,
    "FFT": 0.008620689655172414,
    "ICE": 0.008620689655172414,
    "CHH": 0.008620689655172414,
    "KAL": 0.008620689655172414,
    "GEC": 0.008620689655172414,
    "CES": 0.008620689655172414,
    "ANA": 0.008620689655172414,
    "OZR": 0.008620689655172414,
    "SCX": 0.008620689655172414,
    "VIR": 0.008620689655172414
  },
  "domestic_route_shares": {
    "JFK": 0.045454545454545456,
    "ORD": 0.045454545454545456,
    "PHX": 0.045454545454545456,
    "DEN": 0.045454545454545456,
    "LAX": 0.045454545454545456,
    "DFW": 0.03409090909090909,
    "PHL": 0.03409090909090909,
    "HNL": 0.03409090909090909,
    "MSP": 0.03409090909090909,
    "SFO": 0.03409090909090909,
    "SLC": 0.03409090909090909,
    "CLT": 0.022727272727272728,
    "MIA": 0.022727272727272728,
    "ANC": 0.022727272727272728,
    "ATL": 0.022727272727272728,
    "BOS": 0.022727272727272728,
    "EWR": 0.022727272727272728,
    "IAH": 0.022727272727272728,
    "LAS": 0.022727272727272728,
    "OAK": 0.022727272727272728,
    "OGG": 0.022727272727272728,
    "SJC": 0.022727272727272728,
    "SMF": 0.022727272727272728,
    "AUS": 0.011363636363636364,
    "BUR": 0.011363636363636364,
    "COS": 0.011363636363636364,
    "DCA": 0.011363636363636364,
    "FAT": 0.011363636363636364,
    "FLL": 0.011363636363636364,
    "GEG": 0.011363636363636364,
    "KOA": 0.011363636363636364,
    "LIH": 0.011363636363636364,
    "MCI": 0.011363636363636364,
    "MCO": 0.011363636363636364,
    "ONT": 0.011363636363636364,
    "PSP": 0.011363636363636364,
    "SAN": 0.011363636363636364,
    "SAT": 0.011363636363636364,
    "SNA": 0.011363636363636364,
    "STL": 0.011363636363636364,
    "TUS": 0.011363636363636364,
    "LGB": 0.011363636363636364,
    "DTW": 0.011363636363636364,
    "IAD": 0.011363636363636364,
    "ABQ": 0.011363636363636364,
    "BWI": 0.011363636363636364,
    "MDW": 0.011363636363636364,
    "MKE": 0.011363636363636364,
    "RNO": 0.011363636363636364
  },
  "international_route_shares": {
    "LHR": 0.21428571428571427,
    "DXB": 0.07142857142857142,
    "TPE": 0.07142857142857142,
    "FRA": 0.07142857142857142,
    "NRT": 0.07142857142857142,
    "PEK": 0.07142857142857142,
    "PVG": 0.07142857142857142,
    "ICN": 0.07142857142857142,
    "YYZ": 0.03571428571428571,
    "FAI": 0.03571428571428571,
    "JNU": 0.03571428571428571,
    "KTN": 0.03571428571428571,
    "AMS": 0.03571428571428571,
    "CDG": 0.03571428571428571,
    "HND": 0.03571428571428571,
    "KEF": 0.03571428571428571
  },
  "domestic_ratio": 0.759,
  "fleet_mix": {
    "AAL": {
      "A320": 0.2727272727272727,
      "A321": 0.2727272727272727,
      "B738": 0.2727272727272727,
      "A319": 0.09090909090909091,
      "B777": 0.09090909090909091
    },
    "ACA": {
      "E190": 1.0
    },
    "ASA": {
      "B739": 0.42857142857142855,
      "B738": 0.37888198757763975,
      "B737": 0.16770186335403728,
      "CRJ7": 0.024844720496894408
    },
    "FIN": {
      "B744": 0.5,
      "B777": 0.5
    },
    "JBU": {
      "A320": 0.75,
      "B777": 0.25
    },
    "BAW": {
      "B744": 0.5,
      "B777": 0.5
    },
    "EVA": {
      "B744": 1.0
    },
    "CFG": {
      "B767": 1.0
    },
    "DAL": {
      "B738": 0.2631578947368421,
      "A330": 0.21052631578947367,
      "B752": 0.21052631578947367,
      "B739": 0.15789473684210525,
      "B767": 0.10526315789473684,
      "A320": 0.05263157894736842
    },
    "UAE": {
      "B777": 1.0
    },
    "FFT": {
      "A319": 0.5,
      "A320": 0.5
    },
    "HAL": {
      "A330": 1.0
    },
    "CHH": {
      "B787": 1.0
    },
    "KAL": {
      "B777": 1.0
    },
    "GEC": {
      "A330": 1.0
    },
    "CES": {
      "A330": 1.0
    },
    "ANA": {
      "B787": 1.0
    },
    "OZR": {
      "A330": 1.0
    },
    "SCX": {
      "B737": 0.5,
      "B738": 0.5
    },
    "UAL": {
      "B739": 0.23809523809523808,
      "B738": 0.2222222222222222,
      "A320": 0.2222222222222222,
      "B752": 0.1746031746031746,
      "A319": 0.14285714285714285
    },
    "USA": {
      "A320": 0.2727272727272727,
      "A321": 0.2727272727272727,
      "B738": 0.2727272727272727,
      "A319": 0.09090909090909091,
      "B744": 0.09090909090909091
    },
    "VRD": {
      "A319": 0.5,
      "A320": 0.5
    },
    "SWA": {
      "B738": 1.0
    }
  },
  "hourly_profile": [],
  "delay_rate": 0.0,
  "delay_distribution": {},
  "mean_delay_minutes": 0.0,
  "data_source": "openflights",
  "region": "",
  "profile_date": "2026-03-21",
  "sample_size": 232
}