{
  "icao_code": "KSFO",
  "iata_code": "SFO",
  "airline_shares": {
    "UAL": 0.3227848101265823,
    "VRD": 0.12025316455696203,
    "USA": 0.0759493670886076,
    "AAL": 0.056962025316455694,
    "DAL": 0.056962025316455694,
    "SWA": 0.056962025316455694,
    "JBU": 0.0379746835443038,
    "ASA": 0.03164556962025317,
    "AMX": 0.02531645569620253,
    "ACA": 0.0189873417721519,
    "GEC": 0.012658227848101266,
    "SQC": 0.012658227848101266,
    "WJA": 0.012658227848101266,
    "AFR": 0.006329113924050633,
    "AVA": 0.006329113924050633,
    "FIN": 0.006329113924050633,
    "BAW": 0.006329113924050633,
    "EVA": 0.006329113924050633,
    "CCA": 0.006329113924050633,
    "CAL": 0.006329113924050633,
    "CPA": 0.006329113924050633,
    "EIN": 0.006329113924050633,
    "UAE": 0.006329113924050633,
    "FFT": 0.006329113924050633,
    "TRS": 0.006329113924050633,
    "HAL": 0.006329113924050633,
    "JAL": 0.006329113924050633,
    "KAL": 0.006329113924050633,
    "KLM": 0.006329113924050633,
    "SWR": 0.006329113924050633,
    "CES": 0.006329113924050633,
    "ANA": 0.006329113924050633,
    "ANZ": 0.006329113924050633,
    "OZR": 0.006329113924050633,
    "PAL": 0.006329113924050633,
    "SAS": 0.006329113924050633,
    "SCX": 0.006329113924050633,
    "VIR": 0.006329113924050633
  },
  "domestic_route_shares": {
    "JFK": 0.06382978723404255,
    "LAX": 0.05319148936170213,
    "DFW": 0.0425531914893617,
    "ORD": 0.0425531914893617,
    "PHL": 0.0425531914893617,
    "PHX": 0.0425531914893617,
    "ATL": 0.0425531914893617,
    "PDX": 0.031914893617021274,
    "SEA": 0.031914893617021274,
    "AUS": 0.031914893617021274,
    "BOS": 0.031914893617021274,
    "FLL": 0.031914893617021274,
    "HNL": 0.031914893617021274,
    "MSP": 0.031914893617021274,
    "DEN": 0.031914893617021274,
    "LAS": 0.031914893617021274,
    "SAN": 0.031914893617021274,
    "CLT": 0.02127659574468085,
    "MIA": 0.02127659574468085,
    "SLC": 0.02127659574468085,
    "DCA": 0.02127659574468085,
    "EWR": 0.02127659574468085,
    "IAD": 0.02127659574468085,
    "MCO": 0.02127659574468085,
    "SNA": 0.02127659574468085,
    "PSP": 0.010638297872340425,
    "LGB": 0.010638297872340425,
    "CVG": 0.010638297872340425,
    "DTW": 0.010638297872340425,
    "BWI": 0.010638297872340425,
    "CLE": 0.010638297872340425,
    "IAH": 0.010638297872340425,
    "IND": 0.010638297872340425,
    "KOA": 0.010638297872340425,
    "LIH": 0.010638297872340425,
    "MSY": 0.010638297872340425,
    "OGG": 0.010638297872340425,
    "PIT": 0.010638297872340425,
    "RDU": 0.010638297872340425,
    "STL": 0.010638297872340425,
    "MDW": 0.010638297872340425,
    "MKE": 0.010638297872340425
  },
  "international_route_shares": {
    "ICN": 0.078125,
    "LHR": 0.0625,
    "TPE": 0.0625,
    "HKG": 0.0625,
    "YVR": 0.046875,
    "MEX": 0.046875,
    "PVR": 0.046875,
    "SJD": 0.046875,
    "PVG": 0.046875,
    "HND": 0.03125,
    "CDG": 0.03125,
    "GDL": 0.03125,
    "SAL": 0.03125,
    "DXB": 0.03125,
    "PEK": 0.03125,
    "FRA": 0.03125,
    "NRT": 0.03125,
    "CUN": 0.03125,
    "YUL": 0.015625,
    "YYZ": 0.015625,
    "BJX": 0.015625,
    "MLM": 0.015625,
    "DUB": 0.015625,
    "AMS": 0.015625,
    "MUC": 0.015625,
    "ZRH": 0.015625,
    "AKL": 0.015625,
    "MNL": 0.015625,
    "CPH": 0.015625,
    "KIX": 0.015625,
    "SYD": 0.015625,
    "YYC": 0.015625
  },
  "domestic_ratio": 0.595,
  "fleet_mix": {
    "AAL": {
      "B738": 0.3076923076923077,
      "A321": 0.23076923076923078,
      "B767": 0.23076923076923078,
      "A320": 0.15384615384615385,
      "B787": 0.07692307692307693
    },
    "ACA": {
      "A319": 0.4,
      "A320": 0.4,
      "E190": 0.2
    },
    "AFR": {
      "A380": 1.0
    },
    "AMX": {
      "B738": 0.75,
      "B737": 0.25
    },
    "ASA": {
      "B739": 0.5333333333333333,
      "B737": 0.26666666666666666,
      "B738": 0.2
    },
    "AVA": {
      "A319": 0.5,
      "A320": 0.5
    },
    "FIN": {
      "B744": 1.0
    },
    "JBU": {
      "A320": 0.8333333333333334,
      "B777": 0.16666666666666666
    },
    "BAW": {
      "B744": 1.0
    },
    "EVA": {
      "B777": 1.0
    },
    "CCA": {
      "B777": 1.0
    },
    "CAL": {
      "B744": 1.0
    },
    "CPA": {
      "B777": 0.5,
      "B744": 0.5
    },
    "DAL": {
      "A320": 0.2222222222222222,
      "B752": 0.2222222222222222,
      "B739": 0.14814814814814814,
      "B767": 0.14814814814814814,
      "B738": 0.1111111111111111,
      "B737": 0.07407407407407407,
      "A330": 0.07407407407407407
    },
    "EIN": {
      "A330": 1.0
    },
    "UAE": {
      "B777": 1.0
    },
    "FFT": {
      "A320": 0.5,
      "A319": 0.5
    },
    "TRS": {
      "B737": 1.0
    },
    "HAL": {
      "A330": 1.0
    },
    "JAL": {
      "B787": 1.0
    },
    "KAL": {
      "B777": 1.0
    },
    "GEC": {
      "B744": 0.5,
      "A380": 0.5
    },
    "CES": {
      "A330": 1.0
    },
    "ANA": {
      "B777": 1.0
    },
    "ANZ": {
      "B777": 0.5,
      "B744": 0.5
    },
    "OZR": {
      "B777": 1.0
    },
    "PAL": {
      "B744": 1.0
    },
    "SQC": {
      "B777": 1.0
    },
    "SCX": {
      "B737": 0.5,
      "B738": 0.5
    },
    "UAL": {
      "B738": 0.20689655172413793,
      "A319": 0.16551724137931034,
      "B739": 0.16551724137931034,
      "B752": 0.15862068965517243,
      "A320": 0.15517241379310345,
      "B744": 0.041379310344827586,
      "B777": 0.041379310344827586,
      "B737": 0.03793103448275862,
      "B767": 0.013793103448275862,
      "B787": 0.013793103448275862
    },
    "USA": {
      "B738": 0.23529411764705882,
      "A321": 0.17647058823529413,
      "B767": 0.17647058823529413,
      "B777": 0.17647058823529413,
      "A320": 0.17647058823529413,
      "A319": 0.058823529411764705
    },
    "VIR": {
      "B744": 1.0
    },
    "VRD": {
      "A320": 0.68,
      "A319": 0.32
    },
    "SWA": {
      "B738": 1.0
    }
  },
  "hourly_profile": [],
  "delay_rate": 0.0,
  "delay_distribution": {},
  "mean_delay_minutes": 0.0,
  "data_source": "openflights",
  "region": "",
  "profile_date": "2026-03-21",
  "sample_size": 316
}