{
  "icao_code": "KTM",
  "iata_code": "KTM",
  "airline_shares": {
    "TGA": 0.20930232558139536,
    "RNA": 0.09302325581395349,
    "AIC": 0.06976744186046512,
    "JAI": 0.046511627906976744,
    "CCA": 0.046511627906976744,
    "FDB": 0.046511627906976744,
    "DRK": 0.046511627906976744,
    "UBD": 0.023255813953488372,
    "IGO": 0.023255813953488372,
    "BBC": 0.023255813953488372,
    "CPA": 0.023255813953488372,
    "CSN": 0.023255813953488372,
    "XAX": 0.023255813953488372,
    "ETD": 0.023255813953488372,
    "ABY": 0.023255813953488372,
    "HDA": 0.023255813953488372,
    "KAL": 0.023255813953488372,
    "MAS": 0.023255813953488372,
    "SLK": 0.023255813953488372,
    "CES": 0.023255813953488372,
    "PIA": 0.023255813953488372,
    "QTR": 0.023255813953488372,
    "SEJ": 0.023255813953488372,
    "THA": 0.023255813953488372,
    "THY": 0.023255813953488372,
    "OMA": 0.023255813953488372
  },
  "domestic_route_shares": {
    "BWA": 1.0
  },
  "international_route_shares": {
    "DEL": 0.11904761904761904,
    "DAC": 0.09523809523809523,
    "KUL": 0.07142857142857142,
    "DOH": 0.047619047619047616,
    "BKK": 0.047619047619047616,
    "BOM": 0.023809523809523808,
    "CCU": 0.023809523809523808,
    "VNS": 0.023809523809523808,
    "CTU": 0.023809523809523808,
    "LXA": 0.023809523809523808,
    "CAN": 0.023809523809523808,
    "AUH": 0.023809523809523808,
    "DWC": 0.023809523809523808,
    "DXB": 0.023809523809523808,
    "SHJ": 0.023809523809523808,
    "PBH": 0.023809523809523808,
    "ICN": 0.023809523809523808,
    "SIN": 0.023809523809523808,
    "KMG": 0.023809523809523808,
    "KHI": 0.023809523809523808,
    "HKG": 0.023809523809523808,
    "IST": 0.023809523809523808,
    "MCT": 0.023809523809523808,
    "BDP": 0.023809523809523808,
    "BHR": 0.023809523809523808,
    "BIR": 0.023809523809523808,
    "DHI": 0.023809523809523808,
    "JKR": 0.023809523809523808,
    "KEP": 0.023809523809523808,
    "PKR": 0.023809523809523808,
    "TMI": 0.023809523809523808
  },
  "domestic_ratio": 0.023,
  "fleet_mix": {
    "UBD": {
      "AT76": 1.0
    },
    "IGO": {
      "A320": 1.0
    },
    "JAI": {
      "B738": 0.6666666666666666,
      "B739": 0.3333333333333333
    },
    "AIC": {
      "A321": 0.5,
      "A319": 0.25,
      "A320": 0.25
    },
    "CCA": {
      "A319": 1.0
    },
    "CPA": {
      "A330": 1.0
    },
    "CSN": {
      "A319": 1.0
    },
    "ETD": {
      "A320": 1.0
    },
    "FDB": {
      "B738": 1.0
    },
    "ABY": {
      "A320": 1.0
    },
    "HDA": {
      "A330": 1.0
    },
    "DRK": {
      "A319": 1.0
    },
    "KAL": {
      "B777": 1.0
    },
    "MAS": {
      "B738": 1.0
    },
    "SLK": {
      "A320": 1.0
    },
    "CES": {
      "B737": 1.0
    },
    "QTR": {
      "A320": 0.5,
      "A330": 0.5
    },
    "SEJ": {
      "B737": 1.0
    },
    "THA": {
      "B777": 1.0
    },
    "THY": {
      "A330": 1.0
    },
    "OMA": {
      "B738": 1.0
    }
  },
  "hourly_profile": [],
  "delay_rate": 0.0,
  "delay_distribution": {},
  "mean_delay_minutes": 0.0,
  "data_source": "openflights",
  "region": "",
  "profile_date": "2026-03-21",
  "sample_size": 86
}