{
  "icao_code": "KTW",
  "iata_code": "KTW",
  "airline_shares": {
    "WZZ": 0.6923076923076923,
    "RYR": 0.19230769230769232,
    "GWI": 0.038461538461538464,
    "LOT": 0.038461538461538464,
    "WAU": 0.038461538461538464
  },
  "domestic_route_shares": {
    "WAW": 1.0
  },
  "international_route_shares": {
    "DUS": 0.04,
    "ALC": 0.04,
    "BHX": 0.04,
    "CHQ": 0.04,
    "DUB": 0.04,
    "STN": 0.04,
    "BCN": 0.04,
    "BGO": 0.04,
    "BGY": 0.04,
    "BVA": 0.04,
    "CGN": 0.04,
    "CIA": 0.04,
    "DSA": 0.04,
    "DTM": 0.04,
    "EIN": 0.04,
    "HHN": 0.04,
    "KUT": 0.04,
    "LTN": 0.04,
    "MMX": 0.04,
    "NAP": 0.04,
    "NYO": 0.04,
    "SVG": 0.04,
    "TLV": 0.04,
    "TRF": 0.04,
    "IEV": 0.04
  },
  "domestic_ratio": 0.038,
  "fleet_mix": {
    "GWI": {
      "CRJ9": 1.0
    },
    "RYR": {
      "B738": 1.0
    },
    "LOT": {
      "E175": 0.5,
      "DH8D": 0.5
    },
    "WZZ": {
      "A320": 1.0
    },
    "WAU": {
      "A320": 1.0
    }
  },
  "hourly_profile": [],
  "delay_rate": 0.0,
  "delay_distribution": {},
  "mean_delay_minutes": 0.0,
  "data_source": "openflights",
  "region": "",
  "profile_date": "2026-03-21",
  "sample_size": 52
}