{
  "icao_code": "KUF",
  "iata_code": "KUF",
  "airline_shares": {
    "SVR": 0.2962962962962963,
    "TSO": 0.1111111111111111,
    "SJM": 0.07407407407407407,
    "AFL": 0.07407407407407407,
    "UR": 0.07407407407407407,
    "Y7": 0.07407407407407407,
    "BRU": 0.037037037037037035,
    "FDB": 0.037037037037037035,
    "UZB": 0.037037037037037035,
    "KZR": 0.037037037037037035,
    "GEC": 0.037037037037037035,
    "CSA": 0.037037037037037035,
    "ARR": 0.037037037037037035,
    "SBI": 0.037037037037037035
  },
  "domestic_route_shares": {
    "DME": 0.2727272727272727,
    "SVX": 0.18181818181818182,
    "LED": 0.09090909090909091,
    "SVO": 0.09090909090909091,
    "VKO": 0.09090909090909091,
    "GOJ": 0.09090909090909091,
    "NSK": 0.09090909090909091,
    "ROV": 0.09090909090909091
  },
  "international_route_shares": {
    "DWC": 0.1875,
    "TAS": 0.125,
    "EVN": 0.125,
    "EGO": 0.0625,
    "MSQ": 0.0625,
    "ALA": 0.0625,
    "FRA": 0.0625,
    "PRG": 0.0625,
    "DXB": 0.0625,
    "DYU": 0.0625,
    "LBD": 0.0625,
    "OSS": 0.0625
  },
  "domestic_ratio": 0.407,
  "fleet_mix": {
    "BRU": {
      "CRJ9": 1.0
    },
    "FDB": {
      "B738": 1.0
    },
    "UZB": {
      "A320": 1.0
    },
    "KZR": {
      "E190": 1.0
    },
    "GEC": {
      "A319": 1.0
    },
    "CSA": {
      "A319": 0.5,
      "A320": 0.5
    },
    "SBI": {
      "A319": 1.0
    },
    "AFL": {
      "A319": 0.5,
      "A321": 0.25,
      "A320": 0.25
    },
    "SVR": {
      "A320": 0.875,
      "A321": 0.125
    },
    "TSO": {
      "B738": 1.0
    },
    "UR": {
      "AT76": 1.0
    },
    "Y7": {
      "B738": 1.0
    }
  },
  "hourly_profile": [],
  "delay_rate": 0.0,
  "delay_distribution": {},
  "mean_delay_minutes": 0.0,
  "data_source": "openflights",
  "region": "",
  "profile_date": "2026-03-21",
  "sample_size": 54
}