{
  "icao_code": "KUL",
  "iata_code": "KUL",
  "airline_shares": {
    "MAS": 0.2823275862068966,
    "AXM": 0.23706896551724138,
    "XAX": 0.07758620689655173,
    "MXD": 0.06465517241379311,
    "AAL": 0.034482758620689655,
    "AWQ": 0.017241379310344827,
    "PIA": 0.01293103448275862,
    "SVA": 0.010775862068965518,
    "UAE": 0.008620689655172414,
    "UZB": 0.008620689655172414,
    "IYE": 0.008620689655172414,
    "LNI": 0.008620689655172414,
    "KLM": 0.008620689655172414,
    "KAC": 0.008620689655172414,
    "CXA": 0.008620689655172414,
    "MAU": 0.008620689655172414,
    "QTR": 0.008620689655172414,
    "HVN": 0.008620689655172414,
    "Z2": 0.008620689655172414,
    "JSA": 0.004310344827586207,
    "UBD": 0.004310344827586207,
    "CEB": 0.004310344827586207,
    "MMM": 0.004310344827586207,
    "AFR": 0.004310344827586207,
    "AZA": 0.004310344827586207,
    "BBC": 0.004310344827586207,
    "RBA": 0.004310344827586207,
    "EVA": 0.004310344827586207,
    "CAL": 0.004310344827586207,
    "CPA": 0.004310344827586207,
    "CSN": 0.004310344827586207,
    "ETH": 0.004310344827586207,
    "ETD": 0.004310344827586207,
    "AIQ": 0.004310344827586207,
    "GIA": 0.004310344827586207,
    "IRA": 0.004310344827586207,
    "AXB": 0.004310344827586207,
    "JAL": 0.004310344827586207,
    "KOR": 0.004310344827586207,
    "KZR": 0.004310344827586207,
    "KAL": 0.004310344827586207,
    "GEC": 0.004310344827586207,
    "SLK": 0.004310344827586207,
    "MSR": 0.004310344827586207,
    "CES": 0.004310344827586207,
    "BKP": 0.004310344827586207,
    "QG": 0.004310344827586207,
    "RNA": 0.004310344827586207,
    "RJA": 0.004310344827586207,
    "RPO": 0.004310344827586207,
    "SQC": 0.004310344827586207,
    "THA": 0.004310344827586207,
    "THY": 0.004310344827586207,
    "TGW": 0.004310344827586207,
    "ALK": 0.004310344827586207,
    "IRM": 0.004310344827586207,
    "OMA": 0.004310344827586207,
    "KNE": 0.004310344827586207
  },
  "domestic_route_shares": {
    "PEN": 0.3333333333333333,
    "BKI": 0.25,
    "KCH": 0.25,
    "JHB": 0.16666666666666666
  },
  "international_route_shares": {
    "SIN": 0.04090909090909091,
    "CGK": 0.04090909090909091,
    "BKK": 0.02727272727272727,
    "DAC": 0.022727272727272728,
    "LGK": 0.01818181818181818,
    "DPS": 0.01818181818181818,
    "TPE": 0.01818181818181818,
    "JED": 0.01818181818181818,
    "MNL": 0.013636363636363636,
    "RGN": 0.013636363636363636,
    "CDG": 0.013636363636363636,
    "FRA": 0.013636363636363636,
    "NRT": 0.013636363636363636,
    "BDO": 0.013636363636363636,
    "BWN": 0.013636363636363636,
    "CAN": 0.013636363636363636,
    "COK": 0.013636363636363636,
    "DMK": 0.013636363636363636,
    "HAN": 0.013636363636363636,
    "HKG": 0.013636363636363636,
    "HKT": 0.013636363636363636,
    "MAA": 0.013636363636363636,
    "SBW": 0.013636363636363636,
    "SGN": 0.013636363636363636,
    "SUB": 0.013636363636363636,
    "AUH": 0.013636363636363636,
    "CMB": 0.013636363636363636,
    "ICN": 0.013636363636363636,
    "KTM": 0.013636363636363636,
    "MEL": 0.013636363636363636,
    "PVG": 0.013636363636363636,
    "LHR": 0.00909090909090909,
    "AOR": 0.00909090909090909,
    "BLR": 0.00909090909090909,
    "BTU": 0.00909090909090909,
    "KBR": 0.00909090909090909,
    "KBV": 0.00909090909090909,
    "KMG": 0.00909090909090909,
    "LBU": 0.00909090909090909,
    "MYY": 0.00909090909090909,
    "PNH": 0.00909090909090909,
    "REP": 0.00909090909090909,
    "SDK": 0.00909090909090909,
    "TGG": 0.00909090909090909,
    "TRZ": 0.00909090909090909,
    "TWU": 0.00909090909090909,
    "ADL": 0.00909090909090909,
    "KIX": 0.00909090909090909,
    "PEK": 0.00909090909090909,
    "PER": 0.00909090909090909,
    "SYD": 0.00909090909090909,
    "DXB": 0.00909090909090909,
    "IKA": 0.00909090909090909,
    "AMS": 0.00909090909090909,
    "FOC": 0.00909090909090909,
    "XMN": 0.00909090909090909,
    "BOM": 0.00909090909090909,
    "DEL": 0.00909090909090909,
    "IST": 0.00909090909090909,
    "MCT": 0.00909090909090909,
    "DOH": 0.006818181818181818,
    "BPN": 0.004545454545454545,
    "BTJ": 0.004545454545454545,
    "CCU": 0.004545454545454545,
    "CNX": 0.004545454545454545,
    "HDY": 0.004545454545454545,
    "JOG": 0.004545454545454545,
    "KLO": 0.004545454545454545,
    "KWL": 0.004545454545454545,
    "LOP": 0.004545454545454545,
    "MFM": 0.004545454545454545,
    "NNG": 0.004545454545454545,
    "PDG": 0.004545454545454545,
    "PKU": 0.004545454545454545,
    "PLM": 0.004545454545454545,
    "SOC": 0.004545454545454545,
    "SRG": 0.004545454545454545,
    "SZX": 0.004545454545454545,
    "UPG": 0.004545454545454545,
    "URT": 0.004545454545454545,
    "VTE": 0.004545454545454545,
    "CTU": 0.004545454545454545,
    "HGH": 0.004545454545454545,
    "HND": 0.004545454545454545,
    "NGO": 0.004545454545454545,
    "OOL": 0.004545454545454545,
    "PUS": 0.004545454545454545,
    "TAS": 0.004545454545454545,
    "FNJ": 0.004545454545454545,
    "ALA": 0.004545454545454545,
    "KWI": 0.004545454545454545,
    "AKL": 0.004545454545454545,
    "BNE": 0.004545454545454545,
    "DRW": 0.004545454545454545,
    "DWC": 0.004545454545454545,
    "HYD": 0.004545454545454545,
    "KUA": 0.004545454545454545,
    "MLE": 0.004545454545454545,
    "MRU": 0.004545454545454545,
    "AMD": 0.004545454545454545,
    "CGP": 0.004545454545454545,
    "USM": 0.004545454545454545,
    "KHI": 0.004545454545454545,
    "LHE": 0.004545454545454545,
    "PEW": 0.004545454545454545,
    "RUH": 0.004545454545454545,
    "CEB": 0.004545454545454545,
    "MED": 0.0022727272727272726
  },
  "domestic_ratio": 0.052,
  "fleet_mix": {
    "JSA": {
      "A320": 1.0
    },
    "UBD": {
      "AT76": 1.0
    },
    "CEB": {
      "A320": 1.0
    },
    "MMM": {
      "A320": 1.0
    },
    "AAL": {
      "B737": 0.5,
      "A380": 0.25,
      "B777": 0.125,
      "B767": 0.125
    },
    "AFR": {
      "B777": 1.0
    },
    "AXM": {
      "A320": 1.0
    },
    "AZA": {
      "A330": 1.0
    },
    "BBC": {
      "B777": 0.5,
      "B738": 0.5
    },
    "RBA": {
      "A319": 0.5,
      "A320": 0.5
    },
    "EVA": {
      "A330": 0.5,
      "A321": 0.5
    },
    "CAL": {
      "A330": 1.0
    },
    "CPA": {
      "B777": 0.5,
      "A330": 0.25,
      "B738": 0.25
    },
    "CSN": {
      "A320": 0.5,
      "B737": 0.5
    },
    "UAE": {
      "B777": 1.0
    },
    "ETH": {
      "B767": 1.0
    },
    "ETD": {
      "A330": 0.5,
      "B777": 0.5
    },
    "AIQ": {
      "A320": 1.0
    },
    "GIA": {
      "B738": 1.0
    },
    "UZB": {
      "B767": 1.0
    },
    "AXB": {
      "B738": 1.0
    },
    "JAL": {
      "B767": 1.0
    },
    "LNI": {
      "B738": 0.5,
      "B739": 0.5
    },
    "KAL": {
      "B777": 1.0
    },
    "KLM": {
      "B777": 1.0
    },
    "CXA": {
      "B738": 1.0
    },
    "MAS": {
      "B738": 0.5769230769230769,
      "A330": 0.21794871794871795,
      "B777": 0.14102564102564102,
      "A380": 0.02564102564102564,
      "A319": 0.02564102564102564,
      "A320": 0.01282051282051282
    },
    "SLK": {
      "A320": 0.3333333333333333,
      "B738": 0.3333333333333333,
      "A319": 0.3333333333333333
    },
    "MAU": {
      "A330": 1.0
    },
    "MSR": {
      "B777": 1.0
    },
    "CES": {
      "A320": 1.0
    },
    "MXD": {
      "B739": 1.0
    },
    "BKP": {
      "A319": 1.0
    },
    "QG": {
      "A320": 1.0
    },
    "QTR": {
      "A330": 0.6666666666666666,
      "B777": 0.3333333333333333
    },
    "AWQ": {
      "A320": 1.0
    },
    "RPO": {
      "B737": 1.0
    },
    "SQC": {
      "A330": 1.0
    },
    "SVA": {
      "B777": 1.0
    },
    "THA": {
      "A330": 1.0
    },
    "TGW": {
      "A320": 1.0
    },
    "ALK": {
      "A320": 0.5,
      "A321": 0.5
    },
    "HVN": {
      "A321": 1.0
    },
    "OMA": {
      "A330": 1.0
    },
    "Z2": {
      "A320": 1.0
    }
  },