{
  "icao_code": "KUN",
  "iata_code": "KUN",
  "airline_shares": {
    "RYR": 1.0
  },
  "domestic_route_shares": {},
  "international_route_shares": {
    "ALC": 0.05263157894736842,
    "BHX": 0.05263157894736842,
    "BRS": 0.05263157894736842,
    "CAG": 0.05263157894736842,
    "CIY": 0.05263157894736842,
    "DUB": 0.05263157894736842,
    "EDI": 0.05263157894736842,
    "HHN": 0.05263157894736842,
    "KGS": 0.05263157894736842,
    "LGW": 0.05263157894736842,
    "LTN": 0.05263157894736842,
    "MLA": 0.05263157894736842,
    "NOC": 0.05263157894736842,
    "PFO": 0.05263157894736842,
    "PMI": 0.05263157894736842,
    "RHO": 0.05263157894736842,
    "RYG": 0.05263157894736842,
    "STN": 0.05263157894736842,
    "TPS": 0.05263157894736842
  },
  "domestic_ratio": 0.0,
  "fleet_mix": {
    "RYR": {
      "B738": 1.0
    }
  },
  "hourly_profile": [],
  "delay_rate": 0.0,
  "delay_distribution": {},
  "mean_delay_minutes": 0.0,
  "data_source": "openflights",
  "region": "",
  "profile_date": "2026-03-21",
  "sample_size": 38
}