{
  "icao_code": "KWE",
  "iata_code": "KWE",
  "airline_shares": {
    "CSN": 0.1864406779661017,
    "GUN": 0.09322033898305085,
    "CDG": 0.0847457627118644,
    "CSC": 0.06779661016949153,
    "CCA": 0.06779661016949153,
    "G5": 0.06779661016949153,
    "CSZ": 0.06779661016949153,
    "CHH": 0.059322033898305086,
    "CXA": 0.05084745762711865,
    "CES": 0.05084745762711865,
    "RHC": 0.0423728813559322,
    "DKH": 0.03389830508474576,
    "JAS": 0.03389830508474576,
    "EEA": 0.01694915254237288,
    "CSH": 0.01694915254237288,
    "9C": 0.00847457627118644,
    "WCP": 0.00847457627118644,
    "CRK": 0.00847457627118644,
    "KN": 0.00847457627118644,
    "NS": 0.00847457627118644,
    "CHB": 0.00847457627118644,
    "VEX": 0.00847457627118644
  },
  "domestic_route_shares": {
    "XIY": 0.06930693069306931,
    "KMG": 0.0594059405940594,
    "SHA": 0.0594059405940594,
    "CGO": 0.0594059405940594,
    "CTU": 0.04950495049504951,
    "HGH": 0.04950495049504951,
    "SZX": 0.04950495049504951,
    "CSX": 0.04950495049504951,
    "SYX": 0.039603960396039604,
    "CAN": 0.039603960396039604,
    "PVG": 0.039603960396039604,
    "CKG": 0.039603960396039604,
    "WUH": 0.039603960396039604,
    "NKG": 0.0297029702970297,
    "PEK": 0.0297029702970297,
    "HAK": 0.0297029702970297,
    "JJN": 0.019801980198019802,
    "WNZ": 0.019801980198019802,
    "LJG": 0.019801980198019802,
    "NNG": 0.019801980198019802,
    "ZUH": 0.019801980198019802,
    "FOC": 0.019801980198019802,
    "KWL": 0.019801980198019802,
    "XMN": 0.019801980198019802,
    "KHN": 0.019801980198019802,
    "LHW": 0.009900990099009901,
    "SWA": 0.009900990099009901,
    "TAO": 0.009900990099009901,
    "URC": 0.009900990099009901,
    "XNN": 0.009900990099009901,
    "INC": 0.009900990099009901,
    "TYN": 0.009900990099009901,
    "HFE": 0.009900990099009901,
    "TNA": 0.009900990099009901
  },
  "international_route_shares": {
    "XUZ": 0.11764705882352941,
    "TPE": 0.11764705882352941,
    "HZH": 0.11764705882352941,
    "SIN": 0.058823529411764705,
    "DLU": 0.058823529411764705,
    "HKT": 0.058823529411764705,
    "ACX": 0.058823529411764705,
    "BFJ": 0.058823529411764705,
    "LZO": 0.058823529411764705,
    "WUZ": 0.058823529411764705,
    "MIG": 0.058823529411764705,
    "TEN": 0.058823529411764705,
    "HKG": 0.058823529411764705,
    "YIH": 0.058823529411764705
  },
  "domestic_ratio": 0.856,
  "fleet_mix": {
    "CSC": {
      "A320": 0.625,
      "A321": 0.375
    },
    "RHC": {
      "B737": 0.3333333333333333,
      "A321": 0.3333333333333333,
      "A319": 0.3333333333333333
    },
    "9C": {
      "A320": 1.0
    },
    "CCA": {
      "A320": 0.45454545454545453,
      "A321": 0.18181818181818182,
      "A319": 0.18181818181818182,
      "B737": 0.09090909090909091,
      "B738": 0.09090909090909091
    },
    "CSN": {
      "B738": 0.5294117647058824,
      "B737": 0.23529411764705882,
      "A319": 0.14705882352941177,
      "A320": 0.058823529411764705,
      "A321": 0.029411764705882353
    },
    "EEA": {
      "A319": 1.0
    },
    "CSH": {
      "B738": 0.6666666666666666,
      "B737": 0.3333333333333333
    },
    "G5": {
      "CRJ9": 1.0
    },
    "GUN": {
      "E190": 0.9166666666666666,
      "A321": 0.08333333333333333
    },
    "DKH": {
      "A320": 1.0
    },
    "CHH": {
      "B738": 1.0
    },
    "CRK": {
      "A320": 1.0
    },
    "JAS": {
      "A319": 0.75,
      "A320": 0.25
    },
    "KN": {
      "B737": 1.0
    },
    "CXA": {
      "B737": 1.0
    },
    "CES": {
      "A320": 0.3333333333333333,
      "A319": 0.2222222222222222,
      "B738": 0.2222222222222222,
      "B737": 0.1111111111111111,
      "A321": 0.1111111111111111
    },
    "NS": {
      "B738": 1.0
    },
    "CHB": {
      "A320": 1.0
    },
    "CDG": {
      "B738": 0.9,
      "B737": 0.1
    },
    "VEX": {
      "A319": 1.0
    },
    "CSZ": {
      "B738": 0.5454545454545454,
      "A320": 0.45454545454545453
    }
  },
  "hourly_profile": [],
  "delay_rate": 0.0,
  "delay_distribution": {},
  "mean_delay_minutes": 0.0,
  "data_source": "openflights",
  "region": "",
  "profile_date": "2026-03-21",
  "sample_size": 236
}