{
  "icao_code": "KWI",
  "iata_code": "KWI",
  "airline_shares": {
    "KAC": 0.30180180180180183,
    "JZR": 0.13513513513513514,
    "IRA": 0.04504504504504504,
    "MSR": 0.04504504504504504,
    "IRC": 0.036036036036036036,
    "KNE": 0.036036036036036036,
    "PIA": 0.02702702702702703,
    "SVA": 0.02252252252252252,
    "JAI": 0.018018018018018018,
    "AIC": 0.018018018018018018,
    "AFG": 0.018018018018018018,
    "FDB": 0.018018018018018018,
    "IYE": 0.018018018018018018,
    "KLM": 0.018018018018018018,
    "GEC": 0.018018018018018018,
    "THY": 0.018018018018018018,
    "UAL": 0.018018018018018018,
    "BBC": 0.013513513513513514,
    "AZA": 0.009009009009009009,
    "BAW": 0.009009009009009009,
    "RBG": 0.009009009009009009,
    "UAE": 0.009009009009009009,
    "ALX": 0.009009009009009009,
    "ETH": 0.009009009009009009,
    "ETD": 0.009009009009009009,
    "ABY": 0.009009009009009009,
    "GBA": 0.009009009009009009,
    "AXB": 0.009009009009009009,
    "MEA": 0.009009009009009009,
    "SAI": 0.009009009009009009,
    "NIA": 0.009009009009009009,
    "PGT": 0.009009009009009009,
    "QTR": 0.009009009009009009,
    "RJA": 0.009009009009009009,
    "TAR": 0.009009009009009009,
    "ALK": 0.009009009009009009,
    "OMA": 0.009009009009009009,
    "MAS": 0.0045045045045045045
  },
  "domestic_route_shares": {},
  "international_route_shares": {
    "HBE": 0.05405405405405406,
    "JED": 0.04504504504504504,
    "AUH": 0.04054054054054054,
    "DXB": 0.036036036036036036,
    "BAH": 0.036036036036036036,
    "RUH": 0.036036036036036036,
    "SAW": 0.036036036036036036,
    "MHD": 0.02702702702702703,
    "AMM": 0.02702702702702703,
    "BEY": 0.02702702702702703,
    "CAI": 0.02702702702702703,
    "HMB": 0.02702702702702703,
    "DMM": 0.02702702702702703,
    "LHE": 0.02702702702702703,
    "DOH": 0.02252252252252252,
    "BOM": 0.018018018018018018,
    "LHR": 0.018018018018018018,
    "DAC": 0.018018018018018018,
    "AWZ": 0.018018018018018018,
    "SYZ": 0.018018018018018018,
    "ADD": 0.018018018018018018,
    "DWC": 0.018018018018018018,
    "LXR": 0.018018018018018018,
    "NJF": 0.018018018018018018,
    "CMB": 0.018018018018018018,
    "FRA": 0.018018018018018018,
    "IST": 0.018018018018018018,
    "MCT": 0.018018018018018018,
    "MED": 0.013513513513513514,
    "AMD": 0.009009009009009009,
    "GOI": 0.009009009009009009,
    "LFM": 0.009009009009009009,
    "KBL": 0.009009009009009009,
    "SHJ": 0.009009009009009009,
    "IFN": 0.009009009009009009,
    "LRR": 0.009009009009009009,
    "CCJ": 0.009009009009009009,
    "RIY": 0.009009009009009009,
    "SAH": 0.009009009009009009,
    "ATZ": 0.009009009009009009,
    "AMS": 0.009009009009009009,
    "BKK": 0.009009009009009009,
    "COK": 0.009009009009009009,
    "DEL": 0.009009009009009009,
    "FCO": 0.009009009009009009,
    "IKA": 0.009009009009009009,
    "ISB": 0.009009009009009009,
    "JFK": 0.009009009009009009,
    "KUL": 0.009009009009009009,
    "MAA": 0.009009009009009009,
    "TRV": 0.009009009009009009,
    "SSH": 0.009009009009009009,
    "PEW": 0.009009009009009009,
    "SKT": 0.009009009009009009,
    "TUN": 0.009009009009009009,
    "IAD": 0.009009009009009009,
    "TIF": 0.009009009009009009,
    "CGP": 0.0045045045045045045
  },
  "domestic_ratio": 0.0,
  "fleet_mix": {
    "JAI": {
      "B738": 1.0
    },
    "AIC": {
      "A320": 1.0
    },
    "AZA": {
      "A320": 1.0
    },
    "BAW": {
      "B744": 1.0
    },
    "RBG": {
      "A320": 1.0
    },
    "UAE": {
      "B777": 0.75,
      "A330": 0.25
    },
    "ALX": {
      "A320": 1.0
    },
    "IRC": {
      "AT76": 1.0
    },
    "ETH": {
      "B738": 1.0
    },
    "ETD": {
      "A320": 1.0
    },
    "FDB": {
      "B738": 1.0
    },
    "ABY": {
      "A320": 1.0
    },
    "GBA": {
      "A320": 0.5,
      "A321": 0.5
    },
    "IRA": {
      "A320": 1.0
    },
    "AXB": {
      "B738": 1.0
    },
    "IYE": {
      "A320": 1.0
    },
    "JZR": {
      "A320": 1.0
    },
    "KAC": {
      "A320": 0.7446808510638298,
      "B777": 0.1702127659574468,
      "A321": 0.0425531914893617,
      "B738": 0.0425531914893617
    },
    "MEA": {
      "A320": 1.0
    },
    "MAS": {
      "A320": 1.0
    },
    "MSR": {
      "A320": 0.42857142857142855,
      "B738": 0.2857142857142857,
      "E175": 0.2857142857142857
    },
    "SAI": {
      "A320": 1.0
    },
    "NIA": {
      "A320": 1.0
    },
    "PGT": {
      "B738": 1.0
    },
    "PIA": {
      "B738": 1.0
    },
    "QTR": {
      "A320": 0.25,
      "A321": 0.25,
      "B777": 0.25,
      "A330": 0.25
    },
    "RJA": {
      "E190": 0.5,
      "A320": 0.5
    },
    "SVA": {
      "A320": 0.3333333333333333,
      "A330": 0.2222222222222222,
      "A321": 0.2222222222222222,
      "E175": 0.2222222222222222
    },
    "THY": {
      "A330": 0.3333333333333333,
      "A321": 0.3333333333333333,
      "B738": 0.3333333333333333
    },
    "TAR": {
      "A319": 1.0
    },
    "UAL": {
      "B777": 1.0
    },
    "ALK": {
      "A330": 1.0
    },
    "OMA": {
      "E175": 0.3333333333333333,
      "B738": 0.3333333333333333,
      "B737": 0.3333333333333333
    },
    "KNE": {
      "A320": 1.0
    }
  },
  "hourly_profile": [],
  "delay_rate": 0.0,
  "delay_distribution": {},
  "mean_delay_minutes": 0.0,
  "data_source": "openflights",
  "region": "",
  "profile_date": "2026-03-21",
  "sample_size": 222
}