{
  "icao_code": "KWL",
  "iata_code": "KWL",
  "airline_shares": {
    "CSN": 0.2011173184357542,
    "JAS": 0.1005586592178771,
    "CDG": 0.0893854748603352,
    "GUN": 0.0670391061452514,
    "CES": 0.0670391061452514,
    "CCA": 0.055865921787709494,
    "CHH": 0.055865921787709494,
    "CSC": 0.0335195530726257,
    "9C": 0.0335195530726257,
    "G5": 0.0335195530726257,
    "CXA": 0.0335195530726257,
    "RHC": 0.0223463687150838,
    "CSH": 0.0223463687150838,
    "DKH": 0.0223463687150838,
    "OZR": 0.0223463687150838,
    "CHB": 0.0223463687150838,
    "CSZ": 0.0223463687150838,
    "AXM": 0.0111731843575419,
    "PDC": 0.0111731843575419,
    "EVA": 0.0111731843575419,
    "YCP": 0.0111731843575419,
    "CPA": 0.0111731843575419,
    "CRK": 0.0111731843575419,
    "HDA": 0.0111731843575419,
    "NS": 0.0111731843575419,
    "BKP": 0.00558659217877095
  },
  "domestic_route_shares": {
    "HGH": 0.07792207792207792,
    "PVG": 0.07792207792207792,
    "XIY": 0.07792207792207792,
    "CKG": 0.06493506493506493,
    "CGO": 0.06493506493506493,
    "XMN": 0.05194805194805195,
    "PEK": 0.05194805194805195,
    "KMG": 0.03896103896103896,
    "CTU": 0.03896103896103896,
    "NGB": 0.03896103896103896,
    "NKG": 0.03896103896103896,
    "HAK": 0.03896103896103896,
    "SJW": 0.025974025974025976,
    "SZX": 0.025974025974025976,
    "TNA": 0.025974025974025976,
    "KWE": 0.025974025974025976,
    "TYN": 0.025974025974025976,
    "FOC": 0.025974025974025976,
    "INC": 0.012987012987012988,
    "SYX": 0.012987012987012988,
    "TSN": 0.012987012987012988,
    "CAN": 0.012987012987012988,
    "NNG": 0.012987012987012988,
    "SHE": 0.012987012987012988,
    "SWA": 0.012987012987012988,
    "WNZ": 0.012987012987012988,
    "WUH": 0.012987012987012988,
    "SHA": 0.012987012987012988,
    "LHW": 0.012987012987012988,
    "ZUH": 0.012987012987012988,
    "LJG": 0.012987012987012988,
    "HFE": 0.012987012987012988
  },
  "international_route_shares": {
    "HKG": 0.24,
    "TPE": 0.16,
    "ICN": 0.16,
    "KUL": 0.08,
    "AEB": 0.08,
    "BHY": 0.08,
    "CZX": 0.08,
    "PUS": 0.08,
    "BKK": 0.04
  },
  "domestic_ratio": 0.86,
  "fleet_mix": {
    "CSC": {
      "A320": 0.6666666666666666,
      "A321": 0.3333333333333333
    },
    "RHC": {
      "B738": 1.0
    },
    "9C": {
      "A320": 1.0
    },
    "AXM": {
      "A320": 1.0
    },
    "PDC": {
      "B738": 1.0
    },
    "CCA": {
      "A319": 0.25,
      "A320": 0.25,
      "A321": 0.25,
      "B738": 0.25
    },
    "YCP": {
      "B738": 1.0
    },
    "CPA": {
      "A320": 0.5,
      "A321": 0.5
    },
    "CSN": {
      "B738": 0.6666666666666666,
      "B737": 0.16666666666666666,
      "A321": 0.08333333333333333,
      "A320": 0.08333333333333333
    },
    "CSH": {
      "B738": 0.5,
      "B737": 0.5
    },
    "G5": {
      "CRJ9": 1.0
    },
    "GUN": {
      "E190": 0.8333333333333334,
      "A321": 0.16666666666666666
    },
    "DKH": {
      "A320": 1.0
    },
    "CHH": {
      "B738": 1.0
    },
    "CRK": {
      "A320": 1.0
    },
    "JAS": {
      "A320": 0.5,
      "A319": 0.5
    },
    "HDA": {
      "A320": 0.5,
      "A321": 0.5
    },
    "CXA": {
      "B737": 1.0
    },
    "CES": {
      "A320": 0.7142857142857143,
      "B738": 0.14285714285714285,
      "B737": 0.14285714285714285
    },
    "NS": {
      "E190": 1.0
    },
    "OZR": {
      "A321": 0.4,
      "A320": 0.4,
      "B767": 0.2
    },
    "BKP": {
      "A320": 1.0
    },
    "CHB": {
      "A320": 0.6666666666666666,
      "A319": 0.3333333333333333
    },
    "CDG": {
      "B738": 1.0
    },
    "CSZ": {
      "B738": 0.5,
      "A319": 0.5
    }
  },
  "hourly_profile": [],
  "delay_rate": 0.0,
  "delay_distribution": {},
  "mean_delay_minutes": 0.0,
  "data_source": "openflights",
  "region": "",
  "profile_date": "2026-03-21",
  "sample_size": 179
}