{
  "icao_code": "KZN",
  "iata_code": "KZN",
  "airline_shares": {
    "ARD": 0.25,
    "UZB": 0.10714285714285714,
    "SVR": 0.10714285714285714,
    "AFL": 0.07142857142857142,
    "SZ": 0.07142857142857142,
    "YK": 0.07142857142857142,
    "OHY": 0.03571428571428571,
    "SDM": 0.03571428571428571,
    "FDB": 0.03571428571428571,
    "ABY": 0.03571428571428571,
    "KZR": 0.03571428571428571,
    "SBI": 0.03571428571428571,
    "THY": 0.03571428571428571,
    "TSO": 0.03571428571428571,
    "UR": 0.03571428571428571
  },
  "domestic_route_shares": {
    "DME": 0.3076923076923077,
    "LED": 0.23076923076923078,
    "AER": 0.07692307692307693,
    "ASF": 0.07692307692307693,
    "CEK": 0.07692307692307693,
    "SVX": 0.07692307692307693,
    "SVO": 0.07692307692307693,
    "UFA": 0.07692307692307693
  },
  "international_route_shares": {
    "DYU": 0.13333333333333333,
    "LBD": 0.13333333333333333,
    "EGO": 0.06666666666666667,
    "AYT": 0.06666666666666667,
    "DWC": 0.06666666666666667,
    "SHJ": 0.06666666666666667,
    "FEG": 0.06666666666666667,
    "SKD": 0.06666666666666667,
    "TAS": 0.06666666666666667,
    "ALA": 0.06666666666666667,
    "IST": 0.06666666666666667,
    "FRU": 0.06666666666666667,
    "OSS": 0.06666666666666667
  },
  "domestic_ratio": 0.464,
  "fleet_mix": {
    "OHY": {
      "A321": 1.0
    },
    "FDB": {
      "B738": 1.0
    },
    "ABY": {
      "A320": 1.0
    },
    "UZB": {
      "A320": 1.0
    },
    "KZR": {
      "E190": 1.0
    },
    "SBI": {
      "A319": 1.0
    },
    "AFL": {
      "A319": 0.3333333333333333,
      "A320": 0.3333333333333333,
      "A321": 0.3333333333333333
    },
    "SZ": {
      "B737": 1.0
    },
    "THY": {
      "B738": 0.5,
      "A319": 0.5
    },
    "SVR": {
      "A320": 1.0
    },
    "UR": {
      "AT76": 1.0
    }
  },
  "hourly_profile": [],
  "delay_rate": 0.0,
  "delay_distribution": {},
  "mean_delay_minutes": 0.0,
  "data_source": "openflights",
  "region": "",
  "profile_date": "2026-03-21",
  "sample_size": 56
}