{
  "icao_code": "KZO",
  "iata_code": "KZO",
  "airline_shares": {
    "VSV": 0.5,
    "KZR": 0.5
  },
  "domestic_route_shares": {
    "KGF": 0.3333333333333333,
    "SCO": 0.3333333333333333,
    "ALA": 0.3333333333333333
  },
  "international_route_shares": {
    "TSE": 1.0
  },
  "domestic_ratio": 0.75,
  "fleet_mix": {
    "KZR": {
      "A320": 0.3333333333333333,
      "E190": 0.3333333333333333,
      "A319": 0.16666666666666666,
      "A321": 0.16666666666666666
    }
  },
  "hourly_profile": [],
  "delay_rate": 0.0,
  "delay_distribution": {},
  "mean_delay_minutes": 0.0,
  "data_source": "openflights",
  "region": "",
  "profile_date": "2026-03-21",
  "sample_size": 8
}