{
  "icao_code": "LAD",
  "iata_code": "LAD",
  "airline_shares": {
    "DTA": 0.5882352941176471,
    "FI5": 0.058823529411764705,
    "AFR": 0.023529411764705882,
    "RAM": 0.023529411764705882,
    "BAW": 0.023529411764705882,
    "UAE": 0.023529411764705882,
    "ETH": 0.023529411764705882,
    "IBE": 0.023529411764705882,
    "KLM": 0.023529411764705882,
    "KQA": 0.023529411764705882,
    "GEC": 0.023529411764705882,
    "MSR": 0.023529411764705882,
    "SAA": 0.023529411764705882,
    "DAT": 0.023529411764705882,
    "NMB": 0.023529411764705882,
    "TM": 0.023529411764705882,
    "TAP": 0.023529411764705882
  },
  "domestic_route_shares": {},
  "international_route_shares": {
    "DXB": 0.047058823529411764,
    "JNB": 0.047058823529411764,
    "LIS": 0.047058823529411764,
    "SZA": 0.047058823529411764,
    "WDH": 0.047058823529411764,
    "ADD": 0.047058823529411764,
    "CAB": 0.03529411764705882,
    "CDG": 0.023529411764705882,
    "CMN": 0.023529411764705882,
    "LHR": 0.023529411764705882,
    "BZV": 0.023529411764705882,
    "CBT": 0.023529411764705882,
    "CPT": 0.023529411764705882,
    "GIG": 0.023529411764705882,
    "GRU": 0.023529411764705882,
    "HAV": 0.023529411764705882,
    "LUO": 0.023529411764705882,
    "MEG": 0.023529411764705882,
    "MSZ": 0.023529411764705882,
    "NOV": 0.023529411764705882,
    "OPO": 0.023529411764705882,
    "PEK": 0.023529411764705882,
    "SDD": 0.023529411764705882,
    "SPP": 0.023529411764705882,
    "SVP": 0.023529411764705882,
    "TMS": 0.023529411764705882,
    "VHC": 0.023529411764705882,
    "VPE": 0.023529411764705882,
    "SSY": 0.023529411764705882,
    "MAD": 0.023529411764705882,
    "AMS": 0.023529411764705882,
    "NBO": 0.023529411764705882,
    "FRA": 0.023529411764705882,
    "MPM": 0.023529411764705882,
    "HRE": 0.011764705882352941,
    "LUN": 0.011764705882352941,
    "BRU": 0.011764705882352941,
    "FIH": 0.011764705882352941
  },
  "domestic_ratio": 0.0,
  "fleet_mix": {
    "AFR": {
      "B777": 1.0
    },
    "RAM": {
      "B767": 1.0
    },
    "BAW": {
      "B777": 1.0
    },
    "DTA": {
      "B737": 0.6296296296296297,
      "B777": 0.37037037037037035
    },
    "UAE": {
      "B777": 0.8,
      "A330": 0.2
    },
    "ETH": {
      "B777": 1.0
    },
    "FI5": {
      "AT76": 1.0
    },
    "IBE": {
      "A330": 1.0
    },
    "KQA": {
      "B738": 1.0
    },
    "MSR": {
      "B777": 1.0
    },
    "SAA": {
      "A330": 1.0
    },
    "DAT": {
      "A330": 1.0
    },
    "NMB": {
      "A319": 1.0
    },
    "TM": {
      "E190": 1.0
    }
  },
  "hourly_profile": [],
  "delay_rate": 0.0,
  "delay_distribution": {},
  "mean_delay_minutes": 0.0,
  "data_source": "openflights",
  "region": "",
  "profile_date": "2026-03-21",
  "sample_size": 85
}