{
  "icao_code": "LBA",
  "iata_code": "LBA",
  "airline_shares": {
    "EXS": 0.4266666666666667,
    "RYR": 0.29333333333333333,
    "MON": 0.14666666666666667,
    "TVF": 0.05333333333333334,
    "EZE": 0.02666666666666667,
    "BAW": 0.013333333333333334,
    "BEE": 0.013333333333333334,
    "PIA": 0.013333333333333334,
    "SAS": 0.013333333333333334
  },
  "domestic_route_shares": {
    "LHR": 0.5,
    "ABZ": 0.5
  },
  "international_route_shares": {
    "PMI": 0.0547945205479452,
    "TFS": 0.0547945205479452,
    "ACE": 0.0410958904109589,
    "FAO": 0.0410958904109589,
    "IBZ": 0.0410958904109589,
    "DLM": 0.0410958904109589,
    "AGP": 0.0273972602739726,
    "ALC": 0.0273972602739726,
    "FUE": 0.0273972602739726,
    "KGS": 0.0273972602739726,
    "MJV": 0.0273972602739726,
    "PSA": 0.0273972602739726,
    "BCN": 0.0273972602739726,
    "BJV": 0.0273972602739726,
    "HER": 0.0273972602739726,
    "LCA": 0.0273972602739726,
    "MAH": 0.0273972602739726,
    "BHD": 0.0136986301369863,
    "BGY": 0.0136986301369863,
    "CFU": 0.0136986301369863,
    "CHQ": 0.0136986301369863,
    "DUB": 0.0136986301369863,
    "GDN": 0.0136986301369863,
    "GRO": 0.0136986301369863,
    "KRK": 0.0136986301369863,
    "LIG": 0.0136986301369863,
    "MLA": 0.0136986301369863,
    "MPL": 0.0136986301369863,
    "TSF": 0.0136986301369863,
    "AMS": 0.0136986301369863,
    "BUD": 0.0136986301369863,
    "CDG": 0.0136986301369863,
    "DBV": 0.0136986301369863,
    "DUS": 0.0136986301369863,
    "FCO": 0.0136986301369863,
    "FNC": 0.0136986301369863,
    "JER": 0.0136986301369863,
    "LPA": 0.0136986301369863,
    "NCE": 0.0136986301369863,
    "PFO": 0.0136986301369863,
    "PRG": 0.0136986301369863,
    "RHO": 0.0136986301369863,
    "VCE": 0.0136986301369863,
    "ZTH": 0.0136986301369863,
    "ISB": 0.0136986301369863,
    "CPH": 0.0136986301369863,
    "SOU": 0.0136986301369863,
    "AYT": 0.0136986301369863
  },
  "domestic_ratio": 0.027,
  "fleet_mix": {
    "BAW": {
      "A319": 1.0
    },
    "BEE": {
      "DH8D": 1.0
    },
    "RYR": {
      "B738": 1.0
    },
    "EXS": {
      "B738": 0.5238095238095238,
      "B752": 0.47619047619047616
    },
    "SAS": {
      "CRJ9": 1.0
    },
    "TVF": {
      "B738": 1.0
    },
    "MON": {
      "A320": 1.0
    }
  },
  "hourly_profile": [],
  "delay_rate": 0.0,
  "delay_distribution": {},
  "mean_delay_minutes": 0.0,
  "data_source": "openflights",
  "region": "",
  "profile_date": "2026-03-21",
  "sample_size": 150
}