{
  "icao_code": "LBD",
  "iata_code": "LBD",
  "airline_shares": {
    "SZ": 0.3333333333333333,
    "SVR": 0.2727272727272727,
    "7J": 0.12121212121212122,
    "SBI": 0.09090909090909091,
    "AFL": 0.06060606060606061,
    "Y7": 0.06060606060606061,
    "CSN": 0.030303030303030304,
    "ORB": 0.030303030303030304
  },
  "domestic_route_shares": {},
  "international_route_shares": {
    "LED": 0.12121212121212122,
    "OVB": 0.09090909090909091,
    "KJA": 0.09090909090909091,
    "DME": 0.06060606060606061,
    "REN": 0.06060606060606061,
    "CEK": 0.06060606060606061,
    "AER": 0.06060606060606061,
    "KRR": 0.06060606060606061,
    "KZN": 0.06060606060606061,
    "SVX": 0.06060606060606061,
    "SGC": 0.030303030303030304,
    "URC": 0.030303030303030304,
    "ROV": 0.030303030303030304,
    "HMA": 0.030303030303030304,
    "NJC": 0.030303030303030304,
    "TJM": 0.030303030303030304,
    "GOJ": 0.030303030303030304,
    "KUF": 0.030303030303030304,
    "UFA": 0.030303030303030304
  },
  "domestic_ratio": 0.0,
  "fleet_mix": {
    "CSN": {
      "B737": 1.0
    },
    "ORB": {
      "B738": 1.0
    },
    "SBI": {
      "A319": 0.3333333333333333,
      "A321": 0.3333333333333333,
      "A320": 0.3333333333333333
    },
    "AFL": {
      "A320": 0.5,
      "A319": 0.5
    },
    "SZ": {
      "B737": 1.0
    },
    "SVR": {
      "A320": 1.0
    },
    "Y7": {
      "B738": 1.0
    }
  },
  "hourly_profile": [],
  "delay_rate": 0.0,
  "delay_distribution": {},
  "mean_delay_minutes": 0.0,
  "data_source": "openflights",
  "region": "",
  "profile_date": "2026-03-21",
  "sample_size": 66
}