{
  "icao_code": "LBV",
  "iata_code": "LBV",
  "airline_shares": {
    "HLF": 0.15789473684210525,
    "PEC": 0.15789473684210525,
    "RAM": 0.10526315789473684,
    "DSY": 0.10526315789473684,
    "SAA": 0.10526315789473684,
    "RWD": 0.10526315789473684,
    "AFR": 0.05263157894736842,
    "SGG": 0.05263157894736842,
    "ETH": 0.05263157894736842,
    "CRD": 0.05263157894736842,
    "THY": 0.05263157894736842
  },
  "domestic_route_shares": {},
  "international_route_shares": {
    "DLA": 0.18421052631578946,
    "COO": 0.15789473684210525,
    "BZV": 0.10526315789473684,
    "PNR": 0.10526315789473684,
    "SSG": 0.07894736842105263,
    "CDG": 0.05263157894736842,
    "CMN": 0.05263157894736842,
    "ADD": 0.05263157894736842,
    "ABJ": 0.05263157894736842,
    "JNB": 0.05263157894736842,
    "KGL": 0.05263157894736842,
    "LOS": 0.02631578947368421,
    "IST": 0.02631578947368421
  },
  "domestic_ratio": 0.0,
  "fleet_mix": {
    "AFR": {
      "B777": 1.0
    },
    "RAM": {
      "B738": 1.0
    },
    "DSY": {
      "AT76": 1.0
    },
    "SGG": {
      "A320": 1.0
    },
    "ETH": {
      "B738": 1.0
    },
    "HLF": {
      "A319": 1.0
    },
    "CRD": {
      "B737": 1.0
    },
    "SAA": {
      "A320": 0.5,
      "A319": 0.5
    },
    "THY": {
      "B739": 1.0
    },
    "RWD": {
      "B738": 1.0
    }
  },
  "hourly_profile": [],
  "delay_rate": 0.0,
  "delay_distribution": {},
  "mean_delay_minutes": 0.0,
  "data_source": "openflights",
  "region": "",
  "profile_date": "2026-03-21",
  "sample_size": 38
}