{
  "icao_code": "LCA",
  "iata_code": "LCA",
  "airline_shares": {
    "CYP": 0.16279069767441862,
    "TVF": 0.06976744186046512,
    "MON": 0.05813953488372093,
    "AUI": 0.05232558139534884,
    "EZY": 0.046511627906976744,
    "WZZ": 0.046511627906976744,
    "CFG": 0.03488372093023256,
    "NAX": 0.03488372093023256,
    "TCX": 0.03488372093023256,
    "AEE": 0.023255813953488372,
    "BAW": 0.023255813953488372,
    "UAE": 0.023255813953488372,
    "GEC": 0.023255813953488372,
    "EXS": 0.023255813953488372,
    "AFL": 0.023255813953488372,
    "TOM": 0.023255813953488372,
    "GBA": 0.01744186046511628,
    "OAW": 0.011627906976744186,
    "MLD": 0.011627906976744186,
    "BER": 0.011627906976744186,
    "AFR": 0.011627906976744186,
    "AZA": 0.011627906976744186,
    "BRU": 0.011627906976744186,
    "BTI": 0.011627906976744186,
    "ETD": 0.011627906976744186,
    "LZB": 0.011627906976744186,
    "NLY": 0.011627906976744186,
    "AIZ": 0.011627906976744186,
    "ASL": 0.011627906976744186,
    "LOT": 0.011627906976744186,
    "ELY": 0.011627906976744186,
    "MEA": 0.011627906976744186,
    "MSR": 0.011627906976744186,
    "QTR": 0.011627906976744186,
    "SYL": 0.011627906976744186,
    "RJA": 0.011627906976744186,
    "ROT": 0.011627906976744186,
    "SBI": 0.011627906976744186,
    "SVR": 0.011627906976744186,
    "TSO": 0.011627906976744186,
    "WAU": 0.011627906976744186
  },
  "domestic_route_shares": {},
  "international_route_shares": {
    "LGW": 0.08139534883720931,
    "MAN": 0.05813953488372093,
    "ATH": 0.040697674418604654,
    "OTP": 0.03488372093023256,
    "SOF": 0.03488372093023256,
    "TLV": 0.03488372093023256,
    "ZRH": 0.023255813953488372,
    "SKG": 0.023255813953488372,
    "VIE": 0.023255813953488372,
    "CDG": 0.023255813953488372,
    "LHR": 0.023255813953488372,
    "BEY": 0.023255813953488372,
    "FRA": 0.023255813953488372,
    "MUC": 0.023255813953488372,
    "SVO": 0.023255813953488372,
    "BEG": 0.023255813953488372,
    "LBA": 0.023255813953488372,
    "LED": 0.023255813953488372,
    "BHX": 0.023255813953488372,
    "LTN": 0.01744186046511628,
    "KIV": 0.011627906976744186,
    "MSQ": 0.011627906976744186,
    "RIX": 0.011627906976744186,
    "AMS": 0.011627906976744186,
    "HER": 0.011627906976744186,
    "DUS": 0.011627906976744186,
    "HAJ": 0.011627906976744186,
    "SXF": 0.011627906976744186,
    "ARN": 0.011627906976744186,
    "OSL": 0.011627906976744186,
    "DXB": 0.011627906976744186,
    "MLA": 0.011627906976744186,
    "AUH": 0.011627906976744186,
    "BAH": 0.011627906976744186,
    "WAW": 0.011627906976744186,
    "CAI": 0.011627906976744186,
    "DOK": 0.011627906976744186,
    "KBP": 0.011627906976744186,
    "LWO": 0.011627906976744186,
    "ODS": 0.011627906976744186,
    "DOH": 0.011627906976744186,
    "KRR": 0.011627906976744186,
    "AMM": 0.011627906976744186,
    "DME": 0.011627906976744186,
    "CWL": 0.011627906976744186,
    "EMA": 0.011627906976744186,
    "GLA": 0.011627906976744186,
    "BSL": 0.011627906976744186,
    "LPL": 0.011627906976744186,
    "MXP": 0.011627906976744186,
    "SVX": 0.011627906976744186,
    "BUD": 0.011627906976744186,
    "IEV": 0.011627906976744186,
    "HRK": 0.005813953488372093,
    "BFS": 0.005813953488372093
  },
  "domestic_ratio": 0.0,
  "fleet_mix": {
    "OAW": {
      "A319": 1.0
    },
    "MLD": {
      "E190": 1.0
    },
    "AEE": {
      "A320": 1.0
    },
    "BER": {
      "A320": 1.0
    },
    "AFR": {
      "A320": 1.0
    },
    "AZA": {
      "A320": 1.0
    },
    "BAW": {
      "A320": 0.5,
      "B767": 0.5
    },
    "CYP": {
      "A320": 0.9285714285714286,
      "A318": 0.07142857142857142
    },
    "NAX": {
      "B738": 1.0
    },
    "UAE": {
      "B777": 1.0
    },
    "ETD": {
      "A320": 1.0
    },
    "LZB": {
      "E190": 1.0
    },
    "GBA": {
      "A320": 1.0
    },
    "NLY": {
      "A320": 1.0
    },
    "AIZ": {
      "AT76": 1.0
    },
    "ASL": {
      "A319": 1.0
    },
    "GEC": {
      "A321": 1.0
    },
    "LOT": {
      "E190": 1.0
    },
    "EXS": {
      "B738": 1.0
    },
    "ELY": {
      "B738": 1.0
    },
    "MEA": {
      "A321": 0.5,
      "A320": 0.5
    },
    "MSR": {
      "E175": 1.0
    },
    "AUI": {
      "B737": 0.7777777777777778,
      "B739": 0.2222222222222222
    },
    "QTR": {
      "A320": 1.0
    },
    "RJA": {
      "E190": 0.3333333333333333,
      "E175": 0.3333333333333333,
      "A319": 0.3333333333333333
    },
    "ROT": {
      "A318": 1.0
    },
    "SBI": {
      "B738": 1.0
    },
    "AFL": {
      "B767": 0.3333333333333333,
      "A321": 0.3333333333333333,
      "A320": 0.3333333333333333
    },
    "TCX": {
      "A321": 0.5,
      "B752": 0.5
    },
    "TVF": {
      "B738": 1.0
    },
    "TOM": {
      "B738": 1.0
    },
    "EZY": {
      "A320": 1.0
    },
    "SVR": {
      "A320": 1.0
    },
    "TSO": {
      "B744": 0.5,
      "B767": 0.5
    },
    "WZZ": {
      "A320": 1.0
    },
    "WAU": {
      "A320": 1.0
    },
    "MON": {
      "A320": 0.5,
      "A321": 0.5
    }
  },
  "hourly_profile": [],
  "delay_rate": 0.0,
  "delay_distribution": {},
  "mean_delay_minutes": 0.0,
  "data_source": "openflights",
  "region": "",
  "profile_date": "2026-03-21",
  "sample_size": 172
}