{
  "icao_code": "LED",
  "iata_code": "LED",
  "airline_shares": {
    "AFL": 0.3505747126436782,
    "TSO": 0.05747126436781609,
    "UZB": 0.05172413793103448,
    "SVR": 0.04597701149425287,
    "SJM": 0.040229885057471264,
    "SBI": 0.034482758620689655,
    "AEE": 0.022988505747126436,
    "ARD": 0.017241379310344827,
    "AUL": 0.017241379310344827,
    "GEC": 0.017241379310344827,
    "Y7": 0.017241379310344827,
    "YQ": 0.017241379310344827,
    "SDM": 0.014367816091954023,
    "DRU": 0.011494252873563218,
    "7J": 0.011494252873563218,
    "AZA": 0.011494252873563218,
    "D2": 0.011494252873563218,
    "AHY": 0.011494252873563218,
    "KZR": 0.011494252873563218,
    "SWR": 0.011494252873563218,
    "CSA": 0.011494252873563218,
    "SAS": 0.011494252873563218,
    "SZ": 0.011494252873563218,
    "YK": 0.011494252873563218,
    "JAA": 0.008620689655172414,
    "GAI": 0.005747126436781609,
    "MLD": 0.005747126436781609,
    "BER": 0.005747126436781609,
    "AFR": 0.005747126436781609,
    "ADH": 0.005747126436781609,
    "BRU": 0.005747126436781609,
    "BAW": 0.005747126436781609,
    "LBT": 0.005747126436781609,
    "BTI": 0.005747126436781609,
    "NAX": 0.005747126436781609,
    "UAE": 0.005747126436781609,
    "LZB": 0.005747126436781609,
    "CHH": 0.005747126436781609,
    "I8": 0.005747126436781609,
    "KAL": 0.005747126436781609,
    "KLM": 0.005747126436781609,
    "AMC": 0.005747126436781609,
    "LOT": 0.005747126436781609,
    "ELY": 0.005747126436781609,
    "ELL": 0.005747126436781609,
    "AUI": 0.005747126436781609,
    "ARR": 0.005747126436781609,
    "ORB": 0.005747126436781609,
    "SYL": 0.005747126436781609,
    "THY": 0.005747126436781609,
    "LMU": 0.005747126436781609,
    "VLG": 0.005747126436781609,
    "YCC": 0.005747126436781609
  },
  "domestic_route_shares": {
    "DME": 0.11904761904761904,
    "KZN": 0.07142857142857142,
    "OVB": 0.07142857142857142,
    "MMK": 0.047619047619047616,
    "VOZ": 0.047619047619047616,
    "KJA": 0.047619047619047616,
    "ROV": 0.047619047619047616,
    "SVX": 0.047619047619047616,
    "TJM": 0.047619047619047616,
    "VKO": 0.047619047619047616,
    "ASF": 0.023809523809523808,
    "IAR": 0.023809523809523808,
    "MCX": 0.023809523809523808,
    "SKX": 0.023809523809523808,
    "VOG": 0.023809523809523808,
    "YKS": 0.023809523809523808,
    "AER": 0.023809523809523808,
    "CEK": 0.023809523809523808,
    "KGD": 0.023809523809523808,
    "KRR": 0.023809523809523808,
    "KUF": 0.023809523809523808,
    "MRV": 0.023809523809523808,
    "OMS": 0.023809523809523808,
    "PEE": 0.023809523809523808,
    "SVO": 0.023809523809523808,
    "UFA": 0.023809523809523808,
    "NSK": 0.023809523809523808
  },
  "international_route_shares": {
    "DYU": 0.030303030303030304,
    "LBD": 0.030303030303030304,
    "KBP": 0.030303030303030304,
    "RHO": 0.022727272727272728,
    "FCO": 0.022727272727272728,
    "MXP": 0.022727272727272728,
    "DUS": 0.022727272727272728,
    "EVN": 0.022727272727272728,
    "ARH": 0.015151515151515152,
    "SCW": 0.015151515151515152,
    "HER": 0.015151515151515152,
    "SKG": 0.015151515151515152,
    "CDG": 0.015151515151515152,
    "NBE": 0.015151515151515152,
    "BOJ": 0.015151515151515152,
    "PEK": 0.015151515151515152,
    "BHK": 0.015151515151515152,
    "KSQ": 0.015151515151515152,
    "NMA": 0.015151515151515152,
    "NVI": 0.015151515151515152,
    "SKD": 0.015151515151515152,
    "TAS": 0.015151515151515152,
    "UGC": 0.015151515151515152,
    "GYD": 0.015151515151515152,
    "ALA": 0.015151515151515152,
    "TSE": 0.015151515151515152,
    "FRA": 0.015151515151515152,
    "MUC": 0.015151515151515152,
    "TLV": 0.015151515151515152,
    "PRG": 0.015151515151515152,
    "ARN": 0.015151515151515152,
    "BCN": 0.015151515151515152,
    "FRU": 0.015151515151515152,
    "IST": 0.015151515151515152,
    "LCA": 0.015151515151515152,
    "OSS": 0.015151515151515152,
    "TJU": 0.011363636363636364,
    "HAM": 0.011363636363636364,
    "NBC": 0.007575757575757576,
    "UUA": 0.007575757575757576,
    "CSY": 0.007575757575757576,
    "KVX": 0.007575757575757576,
    "KIV": 0.007575757575757576,
    "ATH": 0.007575757575757576,
    "TXL": 0.007575757575757576,
    "VCE": 0.007575757575757576,
    "MSQ": 0.007575757575757576,
    "LHR": 0.007575757575757576,
    "RIX": 0.007575757575757576,
    "CEE": 0.007575757575757576,
    "UCT": 0.007575757575757576,
    "OSL": 0.007575757575757576,
    "DXB": 0.007575757575757576,
    "AZN": 0.007575757575757576,
    "FEG": 0.007575757575757576,
    "IJK": 0.007575757575757576,
    "KVD": 0.007575757575757576,
    "ICN": 0.007575757575757576,
    "AMS": 0.007575757575757576,
    "MLA": 0.007575757575757576,
    "WAW": 0.007575757575757576,
    "GVA": 0.007575757575757576,
    "ZRH": 0.007575757575757576,
    "KLV": 0.007575757575757576,
    "TLL": 0.007575757575757576,
    "REN": 0.007575757575757576,
    "HEL": 0.007575757575757576,
    "CPH": 0.007575757575757576,
    "AAQ": 0.007575757575757576,
    "AYT": 0.007575757575757576,
    "KGF": 0.007575757575757576,
    "NCE": 0.007575757575757576,
    "SIP": 0.007575757575757576,
    "SXF": 0.007575757575757576,
    "TFS": 0.007575757575757576,
    "VIE": 0.007575757575757576,
    "LLK": 0.007575757575757576,
    "TIV": 0.007575757575757576,
    "PED": 0.007575757575757576,
    "PUJ": 0.007575757575757576,
    "EGO": 0.007575757575757576,
    "VNO": 0.007575757575757576,
    "CIT": 0.003787878787878788,
    "KQT": 0.003787878787878788,
    "DWC": 0.003787878787878788,
    "HKT": 0.003787878787878788
  },
  "domestic_ratio": 0.241,
  "fleet_mix": {
    "DRU": {
      "B738": 1.0
    },
    "MLD": {
      "E190": 1.0
    },
    "AEE": {
      "A320": 1.0
    },
    "BER": {
      "B737": 0.5,
      "B738": 0.5
    },
    "AFR": {
      "A320": 0.3333333333333333,
      "A319": 0.3333333333333333,
      "A321": 0.3333333333333333
    },
    "ADH": {
      "A320": 1.0
    },
    "AZA": {
      "A319": 0.5,
      "A320": 0.5
    },
    "BRU": {
      "CRJ9": 0.3333333333333333,
      "E175": 0.3333333333333333,
      "E190": 0.3333333333333333
    },
    "BAW": {
      "A321": 1.0
    },
    "LBT": {
      "A320": 1.0
    },
    "BTI": {
      "DH8D": 1.0
    },
    "NAX": {
      "B738": 1.0
    },
    "JAA": {
      "A320": 1.0
    },
    "UAE": {
      "B777": 1.0
    },
    "LZB": {
      "A320": 1.0
    },
    "SDM": {
      "A319": 1.0
    },
    "CHH": {
      "A330": 1.0
    },
    "UZB": {
      "A320": 0.7142857142857143,
      "B752": 0.14285714285714285,
      "B767": 0.14285714285714285
    },
    "AHY": {
      "A320": 1.0
    },
    "KZR": {
      "A320": 0.5,
      "E190": 0.5
    },
    "KAL": {
      "B777": 1.0
    },
    "KLM": {
      "B737": 1.0
    },
    "AMC": {
      "A319": 0.5,
      "A320": 0.5
    },
    "GEC": {
      "A320": 0.5,
      "A321": 0.3333333333333333,
      "A319": 0.16666666666666666
    },
    "LOT": {
      "E175": 1.0
    },
    "SWR": {
      "A319": 0.5,
      "A320": 0.5
    },
    "ELY": {
      "B739": 0.5,
      "B738": 0.5
    },
    "CSA": {
      "A320": 0.6666666666666666,
      "A319": 0.3333333333333333
    },
    "ELL": {
      "E175": 0.5,
      "CRJ9": 0.5
    },
    "AUI": {
      "E190": 1.0
    },
    "ORB": {
      "B738": 1.0
    },
    "SYL": {
      "B738": 1.0
    },
    "SBI": {
      "B738": 0.3333333333333333,
      "A320": 0.3333333333333333,
      "A319": 0.16666666666666666,
      "A330": 0.16666666666666666
    },
    "SAS": {
      "B738": 0.25,
      "B737": 0.25,
      "A321": 0.25,
      "A320": 0.25
    },
    "AFL": {
      "A319": 0.43356643356643354,
      "A320": 0.4195804195804196,
      "B767": 0.11888111888111888,
      "A321": 0.013986013986013986,
      "B738": 0.013986013986013986
    },
    "SZ": {
      "B737": 1.0
    },
    "THY": {
      "A321": 0.5,
      "B738": 0.5
    },
    "SVR": {
      "A320": 1.0
    },
    "LMU": {
      "A320": 1.0
    },