{
  "icao_code": "LEJ",
  "iata_code": "LEJ",
  "airline_shares": {
    "CFG": 0.323943661971831,
    "BER": 0.2535211267605634,
    "GWI": 0.08450704225352113,
    "BBO": 0.08450704225352113,
    "GMI": 0.08450704225352113,
    "RYR": 0.028169014084507043,
    "GEC": 0.028169014084507043,
    "THY": 0.028169014084507043,
    "VLG": 0.028169014084507043,
    "HLX": 0.028169014084507043,
    "SXS": 0.028169014084507043
  },
  "domestic_route_shares": {
    "CGN": 0.2,
    "DUS": 0.2,
    "STR": 0.2,
    "FRA": 0.2,
    "BRE": 0.2
  },
  "international_route_shares": {
    "AYT": 0.13114754098360656,
    "ACE": 0.06557377049180328,
    "FNC": 0.06557377049180328,
    "FUE": 0.06557377049180328,
    "HER": 0.06557377049180328,
    "PMI": 0.06557377049180328,
    "TFS": 0.06557377049180328,
    "RHO": 0.06557377049180328,
    "HRG": 0.03278688524590164,
    "KGS": 0.03278688524590164,
    "AGA": 0.03278688524590164,
    "DJE": 0.03278688524590164,
    "LPA": 0.03278688524590164,
    "AMS": 0.03278688524590164,
    "CDG": 0.03278688524590164,
    "ZRH": 0.03278688524590164,
    "STN": 0.03278688524590164,
    "DME": 0.03278688524590164,
    "IST": 0.03278688524590164,
    "BCN": 0.03278688524590164,
    "CFU": 0.01639344262295082
  },
  "domestic_ratio": 0.141,
  "fleet_mix": {
    "GWI": {
      "CRJ9": 0.5,
      "A319": 0.3333333333333333,
      "A320": 0.16666666666666666
    },
    "BER": {
      "B738": 0.9,
      "A320": 0.1
    },
    "CFG": {
      "A321": 1.0
    },
    "RYR": {
      "B738": 1.0
    },
    "GEC": {
      "CRJ7": 0.5,
      "E190": 0.5
    },
    "GMI": {
      "A319": 0.6666666666666666,
      "A321": 0.3333333333333333
    },
    "THY": {
      "A320": 1.0
    },
    "VLG": {
      "A319": 0.5,
      "A320": 0.5
    },
    "HLX": {
      "B738": 1.0
    },
    "SXS": {
      "B738": 1.0
    }
  },
  "hourly_profile": [],
  "delay_rate": 0.0,
  "delay_distribution": {},
  "mean_delay_minutes": 0.0,
  "data_source": "openflights",
  "region": "",
  "profile_date": "2026-03-21",
  "sample_size": 71
}