{
  "icao_code": "LEMD",
  "iata_code": "MAD",
  "airline_shares": {
    "IBE": 0.19916142557651992,
    "AEA": 0.16771488469601678,
    "RYR": 0.12578616352201258,
    "EZY": 0.050314465408805034,
    "FIN": 0.029350104821802937,
    "AAL": 0.025157232704402517,
    "USA": 0.020964360587002098,
    "WZZ": 0.020964360587002098,
    "VLG": 0.016771488469601678,
    "BER": 0.012578616352201259,
    "AMX": 0.012578616352201259,
    "RAM": 0.012578616352201259,
    "AVA": 0.012578616352201259,
    "CSA": 0.012578616352201259,
    "EB": 0.010482180293501049,
    "LAN": 0.010482180293501049,
    "SAS": 0.010482180293501049,
    "GWI": 0.008385744234800839,
    "CCA": 0.008385744234800839,
    "DAL": 0.008385744234800839,
    "CXS": 0.008385744234800839,
    "TRA": 0.008385744234800839,
    "TAM": 0.008385744234800839,
    "GEC": 0.008385744234800839,
    "SWR": 0.008385744234800839,
    "THA": 0.008385744234800839,
    "CUB": 0.006289308176100629,
    "ELY": 0.006289308176100629,
    "TAR": 0.006289308176100629,
    "AEE": 0.0041928721174004195,
    "AFR": 0.0041928721174004195,
    "DAH": 0.0041928721174004195,
    "ARG": 0.0041928721174004195,
    "AZA": 0.0041928721174004195,
    "BAW": 0.0041928721174004195,
    "CPA": 0.0041928721174004195,
    "NAX": 0.0041928721174004195,
    "EIN": 0.0041928721174004195,
    "UAE": 0.0041928721174004195,
    "LZB": 0.0041928721174004195,
    "NLY": 0.0041928721174004195,
    "CHH": 0.0041928721174004195,
    "KAL": 0.0041928721174004195,
    "KLM": 0.0041928721174004195,
    "LGL": 0.0041928721174004195,
    "LAA": 0.0041928721174004195,
    "LOT": 0.0041928721174004195,
    "MSR": 0.0041928721174004195,
    "CES": 0.0041928721174004195,
    "ASZ": 0.0041928721174004195,
    "PGT": 0.0041928721174004195,
    "AUI": 0.0041928721174004195,
    "QTR": 0.0041928721174004195,
    "TVS": 0.0041928721174004195,
    "RJA": 0.0041928721174004195,
    "ROT": 0.0041928721174004195,
    "SBI": 0.0041928721174004195,
    "DAT": 0.0041928721174004195,
    "AFL": 0.0041928721174004195,
    "SVA": 0.0041928721174004195,
    "THY": 0.0041928721174004195,
    "TAP": 0.0041928721174004195,
    "UAL": 0.0041928721174004195,
    "TSO": 0.0041928721174004195,
    "VCV": 0.0041928721174004195,
    "HVN": 0.0041928721174004195
  },
  "domestic_route_shares": {
    "LPA": 0.1509433962264151,
    "BCN": 0.1320754716981132,
    "IBZ": 0.11320754716981132,
    "TFN": 0.11320754716981132,
    "ACE": 0.07547169811320754,
    "FUE": 0.07547169811320754,
    "PMI": 0.07547169811320754,
    "BIO": 0.07547169811320754,
    "OVD": 0.07547169811320754,
    "SCQ": 0.03773584905660377,
    "TFS": 0.03773584905660377,
    "AGP": 0.03773584905660377
  },
  "international_route_shares": {
    "JFK": 0.02830188679245283,
    "BRU": 0.02358490566037736,
    "MIA": 0.018867924528301886,
    "CUN": 0.018867924528301886,
    "GRU": 0.018867924528301886,
    "LIS": 0.018867924528301886,
    "MUC": 0.018867924528301886,
    "PRG": 0.018867924528301886,
    "FRA": 0.018867924528301886,
    "BOS": 0.014150943396226415,
    "DFW": 0.014150943396226415,
    "ORD": 0.014150943396226415,
    "VIE": 0.014150943396226415,
    "CDG": 0.014150943396226415,
    "MEX": 0.014150943396226415,
    "EZE": 0.014150943396226415,
    "FCO": 0.014150943396226415,
    "DOH": 0.014150943396226415,
    "PUJ": 0.014150943396226415,
    "CCS": 0.014150943396226415,
    "GVA": 0.014150943396226415,
    "MXP": 0.014150943396226415,
    "AMS": 0.014150943396226415,
    "DUS": 0.009433962264150943,
    "PHL": 0.009433962264150943,
    "TXL": 0.009433962264150943,
    "ALG": 0.009433962264150943,
    "CMN": 0.009433962264150943,
    "RAK": 0.009433962264150943,
    "TNG": 0.009433962264150943,
    "BOG": 0.009433962264150943,
    "LAX": 0.009433962264150943,
    "LHR": 0.009433962264150943,
    "PEK": 0.009433962264150943,
    "HAV": 0.009433962264150943,
    "CPH": 0.009433962264150943,
    "DUB": 0.009433962264150943,
    "SOF": 0.009433962264150943,
    "BUD": 0.009433962264150943,
    "OPO": 0.009433962264150943,
    "DKR": 0.009433962264150943,
    "DME": 0.009433962264150943,
    "LCG": 0.009433962264150943,
    "LIM": 0.009433962264150943,
    "ORY": 0.009433962264150943,
    "SCL": 0.009433962264150943,
    "TLV": 0.009433962264150943,
    "ZRH": 0.009433962264150943,
    "VVI": 0.009433962264150943,
    "OTP": 0.009433962264150943,
    "JED": 0.009433962264150943,
    "LGW": 0.009433962264150943,
    "HAM": 0.0047169811320754715,
    "ATH": 0.0047169811320754715,
    "CLO": 0.0047169811320754715,
    "MDE": 0.0047169811320754715,
    "HEL": 0.0047169811320754715,
    "ATL": 0.0047169811320754715,
    "DXB": 0.0047169811320754715,
    "AHO": 0.0047169811320754715,
    "BGY": 0.0047169811320754715,
    "BLQ": 0.0047169811320754715,
    "BVA": 0.0047169811320754715,
    "CAG": 0.0047169811320754715,
    "CIA": 0.0047169811320754715,
    "CRL": 0.0047169811320754715,
    "CTA": 0.0047169811320754715,
    "KRK": 0.0047169811320754715,
    "MAN": 0.0047169811320754715,
    "MLA": 0.0047169811320754715,
    "MRS": 0.0047169811320754715,
    "PMO": 0.0047169811320754715,
    "PSA": 0.0047169811320754715,
    "RBA": 0.0047169811320754715,
    "RYG": 0.0047169811320754715,
    "STN": 0.0047169811320754715,
    "EIN": 0.0047169811320754715,
    "RTM": 0.0047169811320754715,
    "ACC": 0.0047169811320754715,
    "GIG": 0.0047169811320754715,
    "GYE": 0.0047169811320754715,
    "LAD": 0.0047169811320754715,
    "LIN": 0.0047169811320754715,
    "LOS": 0.0047169811320754715,
    "ORN": 0.0047169811320754715,
    "PTY": 0.0047169811320754715,
    "SDR": 0.0047169811320754715,
    "SJO": 0.0047169811320754715,
    "SSG": 0.0047169811320754715,
    "UIO": 0.0047169811320754715,
    "VCE": 0.0047169811320754715,
    "ICN": 0.0047169811320754715,
    "LUX": 0.0047169811320754715,
    "TIP": 0.0047169811320754715,
    "WAW": 0.0047169811320754715,
    "CAI": 0.0047169811320754715,
    "SAW": 0.0047169811320754715,
    "KBP": 0.0047169811320754715,
    "AMM": 0.0047169811320754715,
    "ARN": 0.0047169811320754715,
    "SVO": 0.0047169811320754715,
    "BKK": 0.0047169811320754715,
    "IST": 0.0047169811320754715,
    "TUN": 0.0047169811320754715,
    "BRS": 0.0047169811320754715,
    "BSL": 0.0047169811320754715,
    "EDI": 0.0047169811320754715,
    "LPL": 0.0047169811320754715,
    "LTN": 0.0047169811320754715,
    "LYS": 0.0047169811320754715,
    "SXF": 0.0047169811320754715,
    "EWR": 0.0047169811320754715,
    "VKO": 0.0047169811320754715,
    "BJZ": 0.0047169811320754715,
    "LEI": 0.0047169811320754715,
    "LRM": 0.0047169811320754715,
    "MVD": 0.0047169811320754715,
    "SDQ": 0.0047169811320754715,
    "SSA": 0.0047169811320754715,
    "VGO": 0.0047169811320754715,
    "FLR": 0.0047169811320754715,
    "CLJ": 0.0047169811320754715,
    "TSR": 0.0047169811320754715,
    "SCU": 0.0023584905660377358,
    "GUA": 0.0023584905660377358,
    "SAL": 0.0023584905660377358,
    "DJE": 0.0023584905660377358
  },
  "domestic_ratio": 0.111,
  "fleet_mix": {
    "GWI": {
      "CRJ9": 1.0
    },
    "AEE": {
      "A320": 1.0
    },
    "AAL": {
      "B777": 0.3333333333333333,
      "B767": 0.3333333333333333,
      "A330": 0.3333333333333333
    },
    "BER": {
      "B738": 0.3333333333333333,
      "A321": 0.3333333333333333,
      "A320": 0.3333333333333333
    },
    "AFR": {
      "A320": 0.25,
      "A321": 0.25,
      "A318": 0.25,
      "A319": 0.25
    },
    "AMX": {
      "E190": 0.25,
      "A330": 0.25,
      "B777": 0.25,
      "B787": 0.25
    },
    "RAM": {
      "B738": 0.5,
      "B737": 0.25,
      "AT76": 0.25
    },
    "FIN": {
      "A330": 0.5714285714285714,
      "B777": 0.14285714285714285,
      "A321": 0.14285714285714285,
      "B767": 0.14285714285714285
    },
    "AZA": {
      "A319": 0.3333333333333333,
      "A321": 0.3333333333333333,
      "A320": 0.3333333333333333
    },
    "BAW": {
      "B767": 0.25,
      "A320": 0.25,
      "A319": 0.25,