{
  "icao_code": "LFPG",
  "iata_code": "CDG",
  "airline_shares": {
    "AFR": 0.39077340569877883,
    "EZY": 0.08412483039348712,
    "DAL": 0.033921302578018994,
    "SEU": 0.031207598371777476,
    "AAL": 0.018995929443690638,
    "USA": 0.016282225237449117,
    "AEE": 0.010854816824966078,
    "DAH": 0.010854816824966078,
    "STU": 0.010854816824966078,
    "GEC": 0.010854816824966078,
    "UAL": 0.010854816824966078,
    "VLG": 0.010854816824966078,
    "AZA": 0.008141112618724558,
    "BEE": 0.008141112618724558,
    "LBT": 0.008141112618724558,
    "EXS": 0.008141112618724558,
    "MAS": 0.008141112618724558,
    "CTN": 0.008141112618724558,
    "SAS": 0.008141112618724558,
    "TSC": 0.008141112618724558,
    "AAF": 0.008141112618724558,
    "PIA": 0.0067842605156037995,
    "ACA": 0.005427408412483039,
    "ADH": 0.005427408412483039,
    "FIN": 0.005427408412483039,
    "CCA": 0.005427408412483039,
    "EIN": 0.005427408412483039,
    "ETH": 0.005427408412483039,
    "ISS": 0.005427408412483039,
    "TAM": 0.005427408412483039,
    "JAL": 0.005427408412483039,
    "VLO": 0.005427408412483039,
    "MSR": 0.005427408412483039,
    "ANA": 0.005427408412483039,
    "TVS": 0.005427408412483039,
    "AFL": 0.005427408412483039,
    "SVA": 0.005427408412483039,
    "THY": 0.005427408412483039,
    "AEA": 0.005427408412483039,
    "HVN": 0.005427408412483039,
    "TCV": 0.005427408412483039,
    "MGX": 0.005427408412483039,
    "UZB": 0.004070556309362279,
    "GWI": 0.0027137042062415195,
    "OHY": 0.0027137042062415195,
    "TGZ": 0.0027137042062415195,
    "AIC": 0.0027137042062415195,
    "AMX": 0.0027137042062415195,
    "BRU": 0.0027137042062415195,
    "BAW": 0.0027137042062415195,
    "EVA": 0.0027137042062415195,
    "BTI": 0.0027137042062415195,
    "CPA": 0.0027137042062415195,
    "CYP": 0.0027137042062415195,
    "CSN": 0.0027137042062415195,
    "UAE": 0.0027137042062415195,
    "ETD": 0.0027137042062415195,
    "BBO": 0.0027137042062415195,
    "LZB": 0.0027137042062415195,
    "ICE": 0.0027137042062415195,
    "GBA": 0.0027137042062415195,
    "NLY": 0.0027137042062415195,
    "HMY": 0.0027137042062415195,
    "IBE": 0.0027137042062415195,
    "IYE": 0.0027137042062415195,
    "AIZ": 0.0027137042062415195,
    "AHY": 0.0027137042062415195,
    "ADR": 0.0027137042062415195,
    "ASL": 0.0027137042062415195,
    "ELO": 0.0027137042062415195,
    "KAL": 0.0027137042062415195,
    "KLM": 0.0027137042062415195,
    "AMC": 0.0027137042062415195,
    "KQA": 0.0027137042062415195,
    "KAC": 0.0027137042062415195,
    "MAI": 0.0027137042062415195,
    "LGL": 0.0027137042062415195,
    "LOT": 0.0027137042062415195,
    "LTU": 0.0027137042062415195,
    "SWR": 0.0027137042062415195,
    "ELY": 0.0027137042062415195,
    "MDG": 0.0027137042062415195,
    "MEA": 0.0027137042062415195,
    "MAU": 0.0027137042062415195,
    "CES": 0.0027137042062415195,
    "CSA": 0.0027137042062415195,
    "OZR": 0.0027137042062415195,
    "AUI": 0.0027137042062415195,
    "CRD": 0.0027137042062415195,
    "ARR": 0.0027137042062415195,
    "QTR": 0.0027137042062415195,
    "RJA": 0.0027137042062415195,
    "ROT": 0.0027137042062415195,
    "SIH": 0.0027137042062415195,
    "DAT": 0.0027137042062415195,
    "SQC": 0.0027137042062415195,
    "THA": 0.0027137042062415195,
    "THT": 0.0027137042062415195,
    "SVR": 0.0027137042062415195,
    "ALK": 0.0027137042062415195,
    "REU": 0.0027137042062415195,
    "BMI": 0.0027137042062415195,
    "OMA": 0.0027137042062415195,
    "SXS": 0.0027137042062415195,
    "TCX": 0.0013568521031207597
  },
  "domestic_route_shares": {
    "TLS": 0.17857142857142858,
    "MRS": 0.14285714285714285,
    "NCE": 0.14285714285714285,
    "LYS": 0.10714285714285714,
    "BES": 0.07142857142857142,
    "BOD": 0.07142857142857142,
    "BSL": 0.07142857142857142,
    "CFE": 0.07142857142857142,
    "MPL": 0.07142857142857142,
    "BIA": 0.07142857142857142
  },
  "international_route_shares": {
    "JFK": 0.01692524682651622,
    "ORD": 0.015514809590973202,
    "BCN": 0.011283497884344146,
    "PRG": 0.011283497884344146,
    "MIA": 0.009873060648801129,
    "IST": 0.00846262341325811,
    "KUL": 0.00846262341325811,
    "PHL": 0.00846262341325811,
    "YUL": 0.00846262341325811,
    "YYZ": 0.00846262341325811,
    "ALG": 0.00846262341325811,
    "CAI": 0.00846262341325811,
    "CMN": 0.00846262341325811,
    "CPH": 0.00846262341325811,
    "EVN": 0.00846262341325811,
    "FCO": 0.00846262341325811,
    "HND": 0.00846262341325811,
    "ICN": 0.00846262341325811,
    "MAD": 0.00846262341325811,
    "MAN": 0.00846262341325811,
    "NRT": 0.00846262341325811,
    "PEK": 0.00846262341325811,
    "PVG": 0.00846262341325811,
    "TLV": 0.00846262341325811,
    "TUN": 0.00846262341325811,
    "PMO": 0.00846262341325811,
    "DFW": 0.007052186177715092,
    "IAD": 0.007052186177715092,
    "LAX": 0.007052186177715092,
    "HAM": 0.005641748942172073,
    "ATH": 0.005641748942172073,
    "CLT": 0.005641748942172073,
    "AMM": 0.005641748942172073,
    "AMS": 0.005641748942172073,
    "ARN": 0.005641748942172073,
    "ATL": 0.005641748942172073,
    "BEY": 0.005641748942172073,
    "BHX": 0.005641748942172073,
    "BKK": 0.005641748942172073,
    "BLQ": 0.005641748942172073,
    "BOS": 0.005641748942172073,
    "BUD": 0.005641748942172073,
    "BZV": 0.005641748942172073,
    "CAN": 0.005641748942172073,
    "DEL": 0.005641748942172073,
    "DTW": 0.005641748942172073,
    "DUB": 0.005641748942172073,
    "DUS": 0.005641748942172073,
    "DXB": 0.005641748942172073,
    "EDI": 0.005641748942172073,
    "FRA": 0.005641748942172073,
    "GRU": 0.005641748942172073,
    "HKG": 0.005641748942172073,
    "KBP": 0.005641748942172073,
    "LCA": 0.005641748942172073,
    "LED": 0.005641748942172073,
    "LHR": 0.005641748942172073,
    "LIN": 0.005641748942172073,
    "LIS": 0.005641748942172073,
    "LJU": 0.005641748942172073,
    "MEX": 0.005641748942172073,
    "MLA": 0.005641748942172073,
    "MRU": 0.005641748942172073,
    "MUC": 0.005641748942172073,
    "NAP": 0.005641748942172073,
    "NSI": 0.005641748942172073,
    "OSL": 0.005641748942172073,
    "OTP": 0.005641748942172073,
    "PNR": 0.005641748942172073,
    "PUJ": 0.005641748942172073,
    "RUH": 0.005641748942172073,
    "SFO": 0.005641748942172073,
    "SGN": 0.005641748942172073,
    "SIN": 0.005641748942172073,
    "SOF": 0.005641748942172073,
    "SVO": 0.005641748942172073,
    "TNR": 0.005641748942172073,
    "TXL": 0.005641748942172073,
    "VCE": 0.005641748942172073,
    "VIE": 0.005641748942172073,
    "WAW": 0.005641748942172073,
    "ZAG": 0.005641748942172073,
    "ZRH": 0.005641748942172073,
    "ORN": 0.005641748942172073,
    "CTA": 0.005641748942172073,
    "DJE": 0.005641748942172073,
    "MIR": 0.005641748942172073,
    "EWR": 0.005641748942172073,
    "BRU": 0.005641748942172073,
    "KEF": 0.005641748942172073,
    "ADB": 0.005641748942172073,
    "MXP": 0.005641748942172073,
    "AGP": 0.005641748942172073,
    "NTE": 0.004231311706629055,
    "SID": 0.004231311706629055,
    "HER": 0.0028208744710860366,
    "RHO": 0.0028208744710860366,
    "SKG": 0.0028208744710860366,
    "TBS": 0.0028208744710860366,
    "ABJ": 0.0028208744710860366,
    "ABV": 0.0028208744710860366,
    "ABZ": 0.0028208744710860366,
    "BIO": 0.0028208744710860366,
    "BKO": 0.0028208744710860366,
    "BLL": 0.0028208744710860366,
    "BLR": 0.0028208744710860366,
    "BOG": 0.0028208744710860366,
    "BOM": 0.0028208744710860366,
    "BRE": 0.0028208744710860366,
    "BSB": 0.0028208744710860366,
    "CCS": 0.0028208744710860366,
    "CKY": 0.0028208744710860366,
    "CLY": 0.0028208744710860366,
    "COO": 0.0028208744710860366,
    "DKR": 0.0028208744710860366,
    "DLA": 0.0028208744710860366,
    "EZE": 0.0028208744710860366,
    "FIH": 0.0028208744710860366,
    "FLR": 0.0028208744710860366,
    "GIG": 0.0028208744710860366,
    "GOA": 0.0028208744710860366,