{
  "icao_code": "LFW",
  "iata_code": "LFW",
  "airline_shares": {
    "ETH": 0.38095238095238093,
    "HLF": 0.19047619047619047,
    "VBW": 0.14285714285714285,
    "AFR": 0.09523809523809523,
    "RAM": 0.09523809523809523,
    "DAT": 0.09523809523809523
  },
  "domestic_route_shares": {},
  "international_route_shares": {
    "ABJ": 0.23809523809523808,
    "COO": 0.14285714285714285,
    "OUA": 0.09523809523809523,
    "CDG": 0.09523809523809523,
    "ADD": 0.09523809523809523,
    "LOS": 0.09523809523809523,
    "CMN": 0.047619047619047616,
    "ACC": 0.047619047619047616,
    "GRU": 0.047619047619047616,
    "GIG": 0.047619047619047616,
    "BRU": 0.047619047619047616
  },
  "domestic_ratio": 0.0,
  "fleet_mix": {
    "VBW": {
      "CRJ9": 1.0
    },
    "RAM": {
      "B738": 0.6666666666666666,
      "B737": 0.3333333333333333
    },
    "ETH": {
      "B787": 1.0
    },
    "HLF": {
      "E175": 0.6666666666666666,
      "A319": 0.3333333333333333
    },
    "DAT": {
      "A330": 1.0
    }
  },
  "hourly_profile": [],
  "delay_rate": 0.0,
  "delay_distribution": {},
  "mean_delay_minutes": 0.0,
  "data_source": "openflights",
  "region": "",
  "profile_date": "2026-03-21",
  "sample_size": 21
}