{
  "icao_code": "LGA",
  "iata_code": "LGA",
  "airline_shares": {
    "DAL": 0.3655913978494624,
    "USA": 0.23118279569892472,
    "AAL": 0.08602150537634409,
    "SWA": 0.08602150537634409,
    "JBU": 0.06451612903225806,
    "NKS": 0.053763440860215055,
    "UAL": 0.03763440860215054,
    "ACA": 0.021505376344086023,
    "TRS": 0.021505376344086023,
    "FLG": 0.010752688172043012,
    "FFT": 0.010752688172043012,
    "WJA": 0.010752688172043012
  },
  "domestic_route_shares": {
    "DFW": 0.05263157894736842,
    "ORD": 0.05263157894736842,
    "PBI": 0.05263157894736842,
    "DEN": 0.05263157894736842,
    "ATL": 0.046052631578947366,
    "CLT": 0.039473684210526314,
    "MIA": 0.039473684210526314,
    "FLL": 0.039473684210526314,
    "DTW": 0.039473684210526314,
    "MSY": 0.02631578947368421,
    "BOS": 0.02631578947368421,
    "DCA": 0.02631578947368421,
    "PHL": 0.02631578947368421,
    "MCO": 0.02631578947368421,
    "SRQ": 0.02631578947368421,
    "TPA": 0.02631578947368421,
    "MKE": 0.02631578947368421,
    "RDU": 0.02631578947368421,
    "SDF": 0.02631578947368421,
    "STL": 0.02631578947368421,
    "BNA": 0.02631578947368421,
    "CMH": 0.019736842105263157,
    "GSO": 0.019736842105263157,
    "RIC": 0.019736842105263157,
    "RSW": 0.013157894736842105,
    "BUF": 0.013157894736842105,
    "CHS": 0.013157894736842105,
    "CVG": 0.013157894736842105,
    "IND": 0.013157894736842105,
    "JAX": 0.013157894736842105,
    "MSP": 0.013157894736842105,
    "SYR": 0.013157894736842105,
    "MYR": 0.013157894736842105,
    "IAH": 0.013157894736842105,
    "ORF": 0.013157894736842105,
    "TYS": 0.013157894736842105,
    "HOU": 0.013157894736842105,
    "MDW": 0.013157894736842105,
    "PWM": 0.006578947368421052,
    "SAV": 0.006578947368421052,
    "PIT": 0.006578947368421052,
    "ROC": 0.006578947368421052
  },
  "international_route_shares": {
    "YYZ": 0.17647058823529413,
    "YUL": 0.14705882352941177,
    "CAK": 0.11764705882352941,
    "AUA": 0.058823529411764705,
    "BGR": 0.058823529411764705,
    "BTV": 0.058823529411764705,
    "EYW": 0.058823529411764705,
    "MHT": 0.058823529411764705,
    "MSN": 0.058823529411764705,
    "DAY": 0.058823529411764705,
    "LIT": 0.058823529411764705,
    "XNA": 0.058823529411764705,
    "LEX": 0.029411764705882353
  },
  "domestic_ratio": 0.817,
  "fleet_mix": {
    "FLG": {
      "CRJ9": 1.0
    },
    "AAL": {
      "A319": 0.3076923076923077,
      "B738": 0.3076923076923077,
      "E190": 0.23076923076923078,
      "A321": 0.07692307692307693,
      "A320": 0.07692307692307693
    },
    "ACA": {
      "E175": 0.6666666666666666,
      "E190": 0.3333333333333333
    },
    "JBU": {
      "A320": 0.8571428571428571,
      "E190": 0.14285714285714285
    },
    "DAL": {
      "CRJ7": 0.4,
      "A319": 0.2,
      "B738": 0.1625,
      "A320": 0.1375,
      "E175": 0.075,
      "B739": 0.025
    },
    "FFT": {
      "A320": 1.0
    },
    "NKS": {
      "A320": 0.6666666666666666,
      "A319": 0.16666666666666666,
      "A321": 0.16666666666666666
    },
    "UAL": {
      "B738": 0.28,
      "A320": 0.24,
      "B752": 0.16,
      "B737": 0.16,
      "A319": 0.16
    },
    "USA": {
      "CRJ7": 0.35,
      "A319": 0.2,
      "B738": 0.2,
      "E190": 0.15,
      "A321": 0.05,
      "A320": 0.05
    },
    "SWA": {
      "B738": 1.0
    }
  },
  "hourly_profile": [],
  "delay_rate": 0.0,
  "delay_distribution": {},
  "mean_delay_minutes": 0.0,
  "data_source": "openflights",
  "region": "",
  "profile_date": "2026-03-21",
  "sample_size": 186
}