{
  "icao_code": "LGAV",
  "iata_code": "ATH",
  "airline_shares": {
    "AEE": 0.38769230769230767,
    "OAL": 0.10461538461538461,
    "EZY": 0.055384615384615386,
    "RYR": 0.036923076923076927,
    "NAX": 0.024615384615384615,
    "MSR": 0.021538461538461538,
    "AFR": 0.018461538461538463,
    "SAS": 0.018461538461538463,
    "TVF": 0.018461538461538463,
    "BSY": 0.015384615384615385,
    "GWI": 0.012307692307692308,
    "AZA": 0.012307692307692308,
    "TRA": 0.012307692307692308,
    "AMC": 0.012307692307692308,
    "GEC": 0.012307692307692308,
    "SWR": 0.012307692307692308,
    "CTN": 0.012307692307692308,
    "PGT": 0.012307692307692308,
    "TSC": 0.012307692307692308,
    "MLD": 0.006153846153846154,
    "AL2": 0.006153846153846154,
    "AAL": 0.006153846153846154,
    "ADH": 0.006153846153846154,
    "BAW": 0.006153846153846154,
    "BTI": 0.006153846153846154,
    "CCA": 0.006153846153846154,
    "CPA": 0.006153846153846154,
    "CYP": 0.006153846153846154,
    "EIN": 0.006153846153846154,
    "UAE": 0.006153846153846154,
    "ETD": 0.006153846153846154,
    "LZB": 0.006153846153846154,
    "ASL": 0.006153846153846154,
    "KLM": 0.006153846153846154,
    "LOT": 0.006153846153846154,
    "ELY": 0.006153846153846154,
    "MEA": 0.006153846153846154,
    "AUI": 0.006153846153846154,
    "ARR": 0.006153846153846154,
    "QTR": 0.006153846153846154,
    "RJA": 0.006153846153846154,
    "ROT": 0.006153846153846154,
    "SBI": 0.006153846153846154,
    "DAT": 0.006153846153846154,
    "AFL": 0.006153846153846154,
    "THY": 0.006153846153846154,
    "SVR": 0.006153846153846154,
    "USA": 0.006153846153846154,
    "VLG": 0.006153846153846154,
    "GBA": 0.003076923076923077
  },
  "domestic_route_shares": {
    "HER": 0.21428571428571427,
    "RHO": 0.17857142857142858,
    "SKG": 0.17857142857142858,
    "CHQ": 0.14285714285714285,
    "CFU": 0.07142857142857142,
    "JTR": 0.07142857142857142,
    "KGS": 0.07142857142857142,
    "KVA": 0.07142857142857142
  },
  "international_route_shares": {
    "SOF": 0.026936026936026935,
    "LCA": 0.02356902356902357,
    "BEG": 0.020202020202020204,
    "FCO": 0.020202020202020204,
    "GVA": 0.020202020202020204,
    "IST": 0.020202020202020204,
    "MUC": 0.020202020202020204,
    "OTP": 0.020202020202020204,
    "AOK": 0.013468013468013467,
    "AUH": 0.013468013468013467,
    "BCN": 0.013468013468013467,
    "BRU": 0.013468013468013467,
    "CAI": 0.013468013468013467,
    "CDG": 0.013468013468013467,
    "DME": 0.013468013468013467,
    "FRA": 0.013468013468013467,
    "HBE": 0.013468013468013467,
    "JIK": 0.013468013468013467,
    "JKL": 0.013468013468013467,
    "JNX": 0.013468013468013467,
    "JSI": 0.013468013468013467,
    "JSY": 0.013468013468013467,
    "JTY": 0.013468013468013467,
    "KIT": 0.013468013468013467,
    "LHR": 0.013468013468013467,
    "LRS": 0.013468013468013467,
    "LYS": 0.013468013468013467,
    "MAN": 0.013468013468013467,
    "MLO": 0.013468013468013467,
    "MRS": 0.013468013468013467,
    "MXP": 0.013468013468013467,
    "NTE": 0.013468013468013467,
    "PAS": 0.013468013468013467,
    "TIA": 0.013468013468013467,
    "TLV": 0.013468013468013467,
    "WAW": 0.013468013468013467,
    "ZTH": 0.013468013468013467,
    "PHL": 0.013468013468013467,
    "DOH": 0.013468013468013467,
    "ARN": 0.013468013468013467,
    "CPH": 0.013468013468013467,
    "OSL": 0.013468013468013467,
    "AMS": 0.013468013468013467,
    "ORY": 0.013468013468013467,
    "CGN": 0.006734006734006734,
    "STR": 0.006734006734006734,
    "KIV": 0.006734006734006734,
    "JSH": 0.006734006734006734,
    "AXD": 0.006734006734006734,
    "BUD": 0.006734006734006734,
    "DUS": 0.006734006734006734,
    "EFL": 0.006734006734006734,
    "IEV": 0.006734006734006734,
    "IOA": 0.006734006734006734,
    "JKH": 0.006734006734006734,
    "JMK": 0.006734006734006734,
    "LED": 0.006734006734006734,
    "LXS": 0.006734006734006734,
    "MAD": 0.006734006734006734,
    "MJT": 0.006734006734006734,
    "PRG": 0.006734006734006734,
    "SKU": 0.006734006734006734,
    "SMI": 0.006734006734006734,
    "TBS": 0.006734006734006734,
    "TXL": 0.006734006734006734,
    "VIE": 0.006734006734006734,
    "TLS": 0.006734006734006734,
    "VCE": 0.006734006734006734,
    "RIX": 0.006734006734006734,
    "HEL": 0.006734006734006734,
    "DUB": 0.006734006734006734,
    "DXB": 0.006734006734006734,
    "BGY": 0.006734006734006734,
    "PFO": 0.006734006734006734,
    "STN": 0.006734006734006734,
    "KSO": 0.006734006734006734,
    "EIN": 0.006734006734006734,
    "MLA": 0.006734006734006734,
    "ZRH": 0.006734006734006734,
    "BEY": 0.006734006734006734,
    "DBV": 0.006734006734006734,
    "SPU": 0.006734006734006734,
    "ADB": 0.006734006734006734,
    "SAW": 0.006734006734006734,
    "KBP": 0.006734006734006734,
    "EVN": 0.006734006734006734,
    "AMM": 0.006734006734006734,
    "SVO": 0.006734006734006734,
    "YUL": 0.006734006734006734,
    "YYZ": 0.006734006734006734,
    "EDI": 0.006734006734006734,
    "HAM": 0.006734006734006734,
    "LGW": 0.006734006734006734,
    "SXF": 0.006734006734006734,
    "KZI": 0.003367003367003367,
    "KRR": 0.003367003367003367
  },
  "domestic_ratio": 0.086,
  "fleet_mix": {
    "GWI": {
      "A319": 1.0
    },
    "MLD": {
      "E190": 1.0
    },
    "AEE": {
      "A320": 0.4810126582278481,
      "DH8D": 0.3291139240506329,
      "A321": 0.13924050632911392,
      "A319": 0.02531645569620253,
      "B738": 0.012658227848101266,
      "E175": 0.012658227848101266
    },
    "AAL": {
      "A330": 1.0
    },
    "AFR": {
      "A319": 0.4,
      "A320": 0.4,
      "A321": 0.2
    },
    "ADH": {
      "A320": 1.0
    },
    "AZA": {
      "A321": 0.3333333333333333,
      "A319": 0.3333333333333333,
      "A320": 0.3333333333333333
    },
    "BAW": {
      "A320": 0.5,
      "B767": 0.5
    },
    "CPA": {
      "A330": 0.6666666666666666,
      "A321": 0.3333333333333333
    },
    "CYP": {
      "A320": 1.0
    },
    "NAX": {
      "B738": 1.0
    },
    "EIN": {
      "A320": 1.0
    },
    "UAE": {
      "B777": 1.0
    },
    "ETD": {
      "A321": 0.5,
      "A320": 0.5
    },
    "LZB": {
      "E190": 1.0
    },
    "RYR": {
      "B738": 1.0
    },
    "GBA": {
      "A320": 1.0
    },
    "TRA": {
      "B738": 1.0
    },
    "ASL": {
      "A319": 0.5,
      "A320": 0.5
    },
    "KLM": {
      "B737": 1.0
    },
    "AMC": {
      "A320": 1.0
    },
    "GEC": {
      "A321": 1.0
    },
    "LOT": {
      "E190": 0.5,
      "E175": 0.5
    },
    "SWR": {
      "A320": 0.3333333333333333,
      "A319": 0.3333333333333333,
      "A321": 0.3333333333333333
    },
    "ELY": {
      "B738": 1.0
    },
    "MEA": {
      "A320": 1.0
    },
    "MSR": {
      "DH8D": 0.42857142857142855,
      "B738": 0.2857142857142857,
      "E175": 0.2857142857142857
    },
    "OAL": {
      "DH8D": 0.8181818181818182,
      "A320": 0.18181818181818182
    },
    "CTN": {
      "A319": 0.6666666666666666,
      "DH8D": 0.3333333333333333
    },
    "PGT": {
      "B738": 0.6666666666666666,
      "A320": 0.3333333333333333
    },
    "QTR": {
      "A330": 0.6666666666666666,
      "A321": 0.3333333333333333
    },
    "RJA": {
      "E175": 0.5,
      "E190": 0.5
    },
    "SBI": {
      "A320": 1.0
    },
    "SAS": {
      "B738": 0.3333333333333333,
      "A321": 0.3333333333333333,
      "B737": 0.3333333333333333
    },
    "DAT": {
      "A319": 1.0
    },
    "AFL": {
      "A320": 0.5,
      "A321": 0.5
    },
    "THY": {
      "A321": 0.3333333333333333,
      "B738": 0.3333333333333333,
      "A320": 0.3333333333333333
    },
    "TVF": {
      "B738": 1.0
    },
    "EZY": {
      "A319": 0.5833333333333334,
      "A320": 0.4166666666666667
    },
    "SVR": {
      "A320": 1.0
    },
    "USA": {
      "A330": 1.0
    },
    "VLG": {
      "A320": 1.0
    }
  },
  "hourly_profile": [],
  "delay_rate": 0.0,
  "delay_distribution": {},