{
  "icao_code": "LGW",
  "iata_code": "LGW",
  "airline_shares": {
    "EZY": 0.308868501529052,
    "BAW": 0.12538226299694188,
    "TVF": 0.12538226299694188,
    "NAX": 0.09174311926605505,
    "MON": 0.0672782874617737,
    "TOM": 0.05657492354740061,
    "TCX": 0.035168195718654434,
    "VIR": 0.027522935779816515,
    "RYR": 0.01529051987767584,
    "TSC": 0.012232415902140673,
    "FIN": 0.009174311926605505,
    "EIN": 0.009174311926605505,
    "TAP": 0.009174311926605505,
    "3O": 0.0061162079510703364,
    "ADH": 0.0061162079510703364,
    "RAM": 0.0061162079510703364,
    "AZA": 0.0061162079510703364,
    "ISS": 0.0061162079510703364,
    "GMI": 0.0061162079510703364,
    "THY": 0.0061162079510703364,
    "VLG": 0.0061162079510703364,
    "AYZ": 0.0030581039755351682,
    "BRU": 0.0030581039755351682,
    "BEE": 0.0030581039755351682,
    "BTI": 0.0030581039755351682,
    "BWA": 0.0030581039755351682,
    "CCA": 0.0030581039755351682,
    "UAE": 0.0030581039755351682,
    "ICE": 0.0030581039755351682,
    "GCO": 0.0030581039755351682,
    "IBE": 0.0030581039755351682,
    "AMC": 0.0030581039755351682,
    "CTN": 0.0030581039755351682,
    "AUI": 0.0030581039755351682,
    "RZO": 0.0030581039755351682,
    "TSO": 0.0030581039755351682,
    "AEA": 0.0030581039755351682,
    "BMI": 0.0030581039755351682,
    "KNE": 0.0030581039755351682,
    "MGX": 0.0030581039755351682
  },
  "domestic_route_shares": {
    "EDI": 0.2857142857142857,
    "GLA": 0.2857142857142857,
    "ABZ": 0.14285714285714285,
    "BFS": 0.14285714285714285,
    "NCL": 0.14285714285714285
  },
  "international_route_shares": {
    "ACE": 0.021875,
    "LCA": 0.021875,
    "TFS": 0.021875,
    "CTA": 0.01875,
    "PMI": 0.01875,
    "RAK": 0.015625,
    "AGP": 0.015625,
    "ALC": 0.015625,
    "BCN": 0.015625,
    "DBV": 0.015625,
    "FAO": 0.015625,
    "PFO": 0.015625,
    "FUE": 0.015625,
    "LPA": 0.015625,
    "AYT": 0.015625,
    "DLM": 0.015625,
    "HRG": 0.015625,
    "SSH": 0.015625,
    "CUN": 0.0140625,
    "MLA": 0.0125,
    "NAP": 0.0125,
    "NCE": 0.0125,
    "VCE": 0.0125,
    "VRN": 0.0125,
    "NBE": 0.0125,
    "FNC": 0.0125,
    "PMO": 0.009375,
    "LAS": 0.009375,
    "MCO": 0.009375,
    "FCO": 0.009375,
    "SPU": 0.009375,
    "AGA": 0.009375,
    "BJV": 0.009375,
    "HER": 0.009375,
    "MAH": 0.009375,
    "RHO": 0.009375,
    "MRU": 0.0078125,
    "SKG": 0.0078125,
    "IBZ": 0.0078125,
    "JTR": 0.0078125,
    "CMN": 0.00625,
    "TPA": 0.00625,
    "AMS": 0.00625,
    "ANU": 0.00625,
    "BGI": 0.00625,
    "BOD": 0.00625,
    "BRI": 0.00625,
    "JER": 0.00625,
    "PSA": 0.00625,
    "UVF": 0.00625,
    "PEK": 0.00625,
    "BGO": 0.00625,
    "BUD": 0.00625,
    "CPH": 0.00625,
    "DUB": 0.00625,
    "KEF": 0.00625,
    "SVQ": 0.00625,
    "FLR": 0.00625,
    "OLB": 0.00625,
    "ADB": 0.00625,
    "CFU": 0.00625,
    "JMK": 0.00625,
    "KGS": 0.00625,
    "PVK": 0.00625,
    "SID": 0.00625,
    "ZTH": 0.00625,
    "LIS": 0.00625,
    "OPO": 0.00625,
    "DME": 0.00625,
    "MAD": 0.00625,
    "CHQ": 0.0046875,
    "FNA": 0.003125,
    "TNG": 0.003125,
    "MSQ": 0.003125,
    "ALG": 0.003125,
    "BDA": 0.003125,
    "GOA": 0.003125,
    "KIN": 0.003125,
    "MLE": 0.003125,
    "SZG": 0.003125,
    "TIA": 0.003125,
    "TRN": 0.003125,
    "NQY": 0.003125,
    "RIX": 0.003125,
    "POS": 0.003125,
    "AAL": 0.003125,
    "AES": 0.003125,
    "ARN": 0.003125,
    "GOT": 0.003125,
    "HEL": 0.003125,
    "OSL": 0.003125,
    "SVG": 0.003125,
    "TOS": 0.003125,
    "TRD": 0.003125,
    "TRF": 0.003125,
    "BHD": 0.003125,
    "NOC": 0.003125,
    "DXB": 0.003125,
    "KUN": 0.003125,
    "ORK": 0.003125,
    "SNN": 0.003125,
    "GCI": 0.003125,
    "KBP": 0.003125,
    "PDL": 0.003125,
    "ERF": 0.003125,
    "PRN": 0.003125,
    "IST": 0.003125,
    "SAW": 0.003125,
    "BVC": 0.003125,
    "PUJ": 0.003125,
    "YUL": 0.003125,
    "YVR": 0.003125,
    "YYC": 0.003125,
    "YYZ": 0.003125,
    "AJA": 0.003125,
    "ATH": 0.003125,
    "BIA": 0.003125,
    "BLQ": 0.003125,
    "BRU": 0.003125,
    "BSL": 0.003125,
    "CDG": 0.003125,
    "CGN": 0.003125,
    "DUS": 0.003125,
    "EFL": 0.003125,
    "GIB": 0.003125,
    "GVA": 0.003125,
    "HAM": 0.003125,
    "INN": 0.003125,
    "INV": 0.003125,
    "IOM": 0.003125,
    "KLX": 0.003125,
    "KRK": 0.003125,
    "LEI": 0.003125,
    "LIN": 0.003125,
    "LUX": 0.003125,
    "LYS": 0.003125,
    "MJV": 0.003125,
    "MPL": 0.003125,
    "MRS": 0.003125,
    "MUC": 0.003125,
    "MXP": 0.003125,
    "NTE": 0.003125,
    "OTP": 0.003125,
    "PRG": 0.003125,
    "SCQ": 0.003125,
    "SOF": 0.003125,
    "SXB": 0.003125,
    "SXF": 0.003125,
    "TLL": 0.003125,
    "TLS": 0.003125,
    "TLV": 0.003125,
    "VIE": 0.003125,
    "VLC": 0.003125,
    "ZAG": 0.003125,
    "ZRH": 0.003125,
    "HAV": 0.003125,
    "MBJ": 0.003125,
    "JED": 0.003125,
    "TIV": 0.003125
  },
  "domestic_ratio": 0.021,
  "fleet_mix": {
    "AYZ": {
      "A319": 1.0
    },
    "3O": {
      "A320": 1.0
    },
    "ADH": {
      "A320": 1.0
    },
    "RAM": {
      "B738": 1.0
    },
    "FIN": {
      "B777": 1.0
    },
    "AZA": {
      "A320": 1.0
    },
    "BRU": {
      "E175": 1.0
    },
    "BAW": {
      "A319": 0.4791666666666667,
      "A320": 0.2916666666666667,
      "B777": 0.22916666666666666
    },
    "BEE": {
      "DH8D": 1.0
    },
    "BWA": {
      "B767": 1.0
    },
    "NAX": {
      "B738": 1.0
    },
    "EIN": {
      "A319": 0.5555555555555556,
      "A320": 0.4444444444444444
    },
    "UAE": {
      "B777": 0.5,
      "A380": 0.5
    },
    "RYR": {
      "B738": 1.0
    },
    "GCO": {
      "E190": 0.5,
      "AT76": 0.5
    },
    "IBE": {
      "A320": 1.0
    },
    "ISS": {
      "B737": 0.5,
      "A320": 0.5
    },
    "AMC": {
      "A320": 0.5,
      "A319": 0.5
    },
    "CTN": {
      "A320": 1.0
    },
    "AUI": {
      "B738": 0.5,
      "E190": 0.5
    },
    "RZO": {
      "A320": 1.0
    },
    "GMI": {
      "A319": 0.5,
      "B737": 0.5
    },
    "TCX": {
      "B752": 0.7368421052631579,
      "A321": 0.18421052631578946,
      "A330": 0.07894736842105263
    },
    "THY": {
      "B738": 0.5,
      "B739": 0.25,
      "A321": 0.25
    },
    "TVF": {
      "B738": 0.9076923076923077,
      "B787": 0.09230769230769231
    },
    "TOM": {
      "B738": 0.896551724137931,
      "B787": 0.10344827586206896
    },
    "TAP": {
      "A319": 0.5454545454545454,
      "A320": 0.45454545454545453
    },
    "EZY": {
      "A319": 0.5342019543973942,
      "A320": 0.46579804560260585
    },
    "TSO": {
      "A320": 1.0
    },
    "AEA": {
      "B738": 1.0
    },
    "VIR": {
      "B744": 0.6666666666666666,
      "A330": 0.3333333333333333
    },
    "VLG": {
      "A320": 0.5,
      "A319": 0.5
    },
    "BMI": {
      "A320": 1.0
    },
    "MON": {
      "A321": 0.6666666666666666,
      "B752": 0.24242424242424243,
      "A330": 0.09090909090909091
    }
  },
  "hourly_profile": [],
  "delay_rate": 0.0,
  "delay_distribution": {},
  "mean_delay_minutes": 0.0,
  "data_source": "openflights",
  "region": "",
  "profile_date": "2026-03-21",
  "sample_size": 654
}