{
  "icao_code": "LHE",
  "iata_code": "LHE",
  "airline_shares": {
    "PIA": 0.5238095238095238,
    "SAI": 0.19047619047619047,
    "MXI": 0.05714285714285714,
    "SVA": 0.0380952380952381,
    "AZA": 0.01904761904761905,
    "UAE": 0.01904761904761905,
    "ETD": 0.01904761904761905,
    "GBA": 0.01904761904761905,
    "KAC": 0.01904761904761905,
    "QTR": 0.01904761904761905,
    "THA": 0.01904761904761905,
    "THY": 0.01904761904761905,
    "OMA": 0.01904761904761905,
    "KNE": 0.01904761904761905
  },
  "domestic_route_shares": {
    "KHI": 0.3333333333333333,
    "UET": 0.3333333333333333,
    "ISB": 0.1111111111111111,
    "MUX": 0.1111111111111111,
    "PEW": 0.1111111111111111
  },
  "international_route_shares": {
    "AUH": 0.09195402298850575,
    "JED": 0.09195402298850575,
    "DXB": 0.06896551724137931,
    "KWI": 0.06896551724137931,
    "MCT": 0.06896551724137931,
    "RUH": 0.06896551724137931,
    "BAH": 0.04597701149425287,
    "BHV": 0.04597701149425287,
    "DMM": 0.04597701149425287,
    "DOH": 0.034482758620689655,
    "MHD": 0.022988505747126436,
    "BCN": 0.022988505747126436,
    "DEL": 0.022988505747126436,
    "KUL": 0.022988505747126436,
    "LHR": 0.022988505747126436,
    "MAN": 0.022988505747126436,
    "MED": 0.022988505747126436,
    "RYK": 0.022988505747126436,
    "SHJ": 0.022988505747126436,
    "SKZ": 0.022988505747126436,
    "YYZ": 0.022988505747126436,
    "BKK": 0.022988505747126436,
    "IST": 0.022988505747126436,
    "CDG": 0.011494252873563218,
    "CPH": 0.011494252873563218,
    "JFK": 0.011494252873563218,
    "DEA": 0.011494252873563218,
    "MXP": 0.011494252873563218,
    "OSL": 0.011494252873563218
  },
  "domestic_ratio": 0.171,
  "fleet_mix": {
    "AZA": {
      "B777": 0.5,
      "A330": 0.25,
      "A320": 0.25
    },
    "UAE": {
      "B777": 1.0
    },
    "ETD": {
      "A320": 0.3333333333333333,
      "A330": 0.3333333333333333,
      "B777": 0.3333333333333333
    },
    "GBA": {
      "A330": 1.0
    },
    "KAC": {
      "A320": 1.0
    },
    "SAI": {
      "A320": 0.7,
      "A330": 0.3
    },
    "PIA": {
      "B738": 0.32075471698113206,
      "B777": 0.32075471698113206,
      "B737": 0.3018867924528302,
      "A320": 0.05660377358490566
    },
    "QTR": {
      "A330": 0.6666666666666666,
      "B777": 0.3333333333333333
    },
    "THA": {
      "A330": 1.0
    },
    "THY": {
      "B738": 1.0
    },
    "OMA": {
      "B737": 0.3333333333333333,
      "A330": 0.3333333333333333,
      "B738": 0.3333333333333333
    }
  },
  "hourly_profile": [],
  "delay_rate": 0.0,
  "delay_distribution": {},
  "mean_delay_minutes": 0.0,
  "data_source": "openflights",
  "region": "",
  "profile_date": "2026-03-21",
  "sample_size": 105
}