{
  "icao_code": "LHW",
  "iata_code": "LHW",
  "airline_shares": {
    "CES": 0.18309859154929578,
    "CHH": 0.14084507042253522,
    "GUN": 0.1267605633802817,
    "CSN": 0.09859154929577464,
    "CSC": 0.08450704225352113,
    "CDG": 0.08450704225352113,
    "CCA": 0.04225352112676056,
    "JAS": 0.04225352112676056,
    "CXA": 0.04225352112676056,
    "RHC": 0.028169014084507043,
    "CHB": 0.028169014084507043,
    "VEX": 0.028169014084507043,
    "CSZ": 0.028169014084507043,
    "9C": 0.014084507042253521,
    "CSH": 0.014084507042253521,
    "KN": 0.014084507042253521
  },
  "domestic_route_shares": {
    "URC": 0.10606060606060606,
    "XIY": 0.07575757575757576,
    "PEK": 0.06060606060606061,
    "CSX": 0.06060606060606061,
    "CKG": 0.045454545454545456,
    "CTU": 0.045454545454545456,
    "JGN": 0.045454545454545456,
    "KMG": 0.045454545454545456,
    "TNA": 0.045454545454545456,
    "TYN": 0.045454545454545456,
    "PVG": 0.03787878787878788,
    "SHA": 0.03787878787878788,
    "DNH": 0.030303030303030304,
    "TSN": 0.030303030303030304,
    "HGH": 0.030303030303030304,
    "CAN": 0.030303030303030304,
    "CGO": 0.030303030303030304,
    "WUH": 0.030303030303030304,
    "KWE": 0.015151515151515152,
    "SHE": 0.015151515151515152,
    "INC": 0.015151515151515152,
    "KWL": 0.015151515151515152,
    "HFE": 0.015151515151515152,
    "SZX": 0.015151515151515152,
    "NNG": 0.015151515151515152,
    "NKG": 0.015151515151515152,
    "SJW": 0.015151515151515152,
    "YCU": 0.015151515151515152,
    "LXA": 0.015151515151515152
  },
  "international_route_shares": {
    "IQN": 0.4,
    "JIC": 0.2,
    "YZY": 0.2,
    "TPE": 0.2
  },
  "domestic_ratio": 0.93,
  "fleet_mix": {
    "CSC": {
      "A319": 0.5714285714285714,
      "A321": 0.42857142857142855
    },
    "RHC": {
      "B737": 1.0
    },
    "9C": {
      "A320": 1.0
    },
    "CCA": {
      "A319": 0.5,
      "A320": 0.25,
      "B738": 0.25
    },
    "CSN": {
      "A320": 0.6,
      "B752": 0.2,
      "A319": 0.2
    },
    "CSH": {
      "B738": 1.0
    },
    "GUN": {
      "E190": 1.0
    },
    "CHH": {
      "B738": 1.0
    },
    "JAS": {
      "A320": 0.6666666666666666,
      "A319": 0.3333333333333333
    },
    "KN": {
      "B737": 1.0
    },
    "CXA": {
      "B737": 1.0
    },
    "CES": {
      "A320": 0.7333333333333333,
      "B738": 0.2,
      "A321": 0.06666666666666667
    },
    "CHB": {
      "A320": 1.0
    },
    "CDG": {
      "B738": 1.0
    },
    "VEX": {
      "A319": 1.0
    },
    "CSZ": {
      "A319": 0.5,
      "B738": 0.5
    }
  },
  "hourly_profile": [],
  "delay_rate": 0.0,
  "delay_distribution": {},
  "mean_delay_minutes": 0.0,
  "data_source": "openflights",
  "region": "",
  "profile_date": "2026-03-21",
  "sample_size": 142
}