{
  "icao_code": "LIL",
  "iata_code": "LIL",
  "airline_shares": {
    "RLA": 0.225,
    "HMY": 0.225,
    "TVF": 0.125,
    "EZY": 0.1,
    "AFR": 0.05,
    "DAH": 0.05,
    "RYR": 0.05,
    "VOE": 0.05,
    "AAF": 0.05,
    "LBT": 0.025,
    "IBE": 0.025,
    "VLG": 0.025
  },
  "domestic_route_shares": {
    "BIA": 0.14285714285714285,
    "BOD": 0.14285714285714285,
    "TLS": 0.14285714285714285,
    "MRS": 0.14285714285714285,
    "NCE": 0.14285714285714285,
    "FSC": 0.07142857142857142,
    "LYS": 0.07142857142857142,
    "MPL": 0.07142857142857142,
    "SXB": 0.07142857142857142
  },
  "international_route_shares": {
    "ALG": 0.07692307692307693,
    "ORN": 0.07692307692307693,
    "DJE": 0.07692307692307693,
    "AJA": 0.07692307692307693,
    "BCN": 0.07692307692307693,
    "AGA": 0.057692307692307696,
    "BIQ": 0.038461538461538464,
    "NTE": 0.038461538461538464,
    "OPO": 0.038461538461538464,
    "CFU": 0.038461538461538464,
    "DBV": 0.038461538461538464,
    "HER": 0.038461538461538464,
    "LGG": 0.038461538461538464,
    "SPU": 0.038461538461538464,
    "OUD": 0.038461538461538464,
    "RAK": 0.038461538461538464,
    "VCE": 0.038461538461538464,
    "GVA": 0.038461538461538464,
    "AGP": 0.019230769230769232,
    "FAO": 0.019230769230769232,
    "FUE": 0.019230769230769232,
    "RHO": 0.019230769230769232,
    "TFS": 0.019230769230769232
  },
  "domestic_ratio": 0.35,
  "fleet_mix": {
    "RLA": {
      "E175": 0.5,
      "CRJ9": 0.25,
      "CRJ7": 0.125,
      "E190": 0.125
    },
    "AFR": {
      "A319": 0.6666666666666666,
      "A320": 0.3333333333333333
    },
    "DAH": {
      "B738": 1.0
    },
    "LBT": {
      "A321": 1.0
    },
    "RYR": {
      "B738": 1.0
    },
    "HMY": {
      "A320": 0.9,
      "A319": 0.1
    },
    "IBE": {
      "A320": 1.0
    },
    "TVF": {
      "B738": 1.0
    },
    "EZY": {
      "A319": 0.6666666666666666,
      "A320": 0.3333333333333333
    },
    "VLG": {
      "A320": 1.0
    },
    "AAF": {
      "A320": 1.0
    }
  },
  "hourly_profile": [],
  "delay_rate": 0.0,
  "delay_distribution": {},
  "mean_delay_minutes": 0.0,
  "data_source": "openflights",
  "region": "",
  "profile_date": "2026-03-21",
  "sample_size": 80
}