{
  "icao_code": "LIM",
  "iata_code": "LIM",
  "airline_shares": {
    "AVA": 0.25735294117647056,
    "LAN": 0.17647058823529413,
    "WER": 0.10294117647058823,
    "PGP": 0.08823529411764706,
    "2I": 0.07352941176470588,
    "AAL": 0.029411764705882353,
    "AMX": 0.029411764705882353,
    "UAL": 0.029411764705882353,
    "USA": 0.029411764705882353,
    "ACA": 0.014705882352941176,
    "AFR": 0.014705882352941176,
    "ARG": 0.014705882352941176,
    "JBU": 0.014705882352941176,
    "CMP": 0.014705882352941176,
    "DAL": 0.014705882352941176,
    "TAE": 0.014705882352941176,
    "IBE": 0.014705882352941176,
    "TAM": 0.014705882352941176,
    "KLM": 0.014705882352941176,
    "NKS": 0.014705882352941176,
    "AEA": 0.014705882352941176,
    "GEC": 0.007352941176470588
  },
  "domestic_route_shares": {
    "CUZ": 0.375,
    "PCL": 0.25,
    "AQP": 0.1875,
    "IQT": 0.1875
  },
  "international_route_shares": {
    "MIA": 0.058333333333333334,
    "UIO": 0.058333333333333334,
    "EZE": 0.05,
    "MEX": 0.041666666666666664,
    "AYP": 0.03333333333333333,
    "HUU": 0.03333333333333333,
    "TPP": 0.03333333333333333,
    "DFW": 0.03333333333333333,
    "VVI": 0.03333333333333333,
    "LPB": 0.03333333333333333,
    "GYE": 0.03333333333333333,
    "SCL": 0.03333333333333333,
    "FLL": 0.03333333333333333,
    "MAD": 0.03333333333333333,
    "YYZ": 0.016666666666666666,
    "CDG": 0.016666666666666666,
    "ASU": 0.016666666666666666,
    "BOG": 0.016666666666666666,
    "CCS": 0.016666666666666666,
    "CLO": 0.016666666666666666,
    "MDE": 0.016666666666666666,
    "MVD": 0.016666666666666666,
    "SAL": 0.016666666666666666,
    "SDQ": 0.016666666666666666,
    "SJO": 0.016666666666666666,
    "PTY": 0.016666666666666666,
    "ATL": 0.016666666666666666,
    "GRU": 0.016666666666666666,
    "AMS": 0.016666666666666666,
    "IGU": 0.016666666666666666,
    "JFK": 0.016666666666666666,
    "LAX": 0.016666666666666666,
    "TBP": 0.016666666666666666,
    "PIU": 0.016666666666666666,
    "EWR": 0.016666666666666666,
    "IAH": 0.016666666666666666,
    "ANS": 0.016666666666666666,
    "ATA": 0.016666666666666666,
    "CJA": 0.016666666666666666,
    "JAU": 0.016666666666666666,
    "TGI": 0.016666666666666666,
    "POA": 0.008333333333333333
  },
  "domestic_ratio": 0.118,
  "fleet_mix": {
    "AAL": {
      "B767": 1.0
    },
    "ACA": {
      "B767": 1.0
    },
    "AFR": {
      "B777": 1.0
    },
    "AMX": {
      "B767": 0.3333333333333333,
      "B738": 0.3333333333333333,
      "A319": 0.3333333333333333
    },
    "ARG": {
      "B737": 1.0
    },
    "AVA": {
      "A320": 0.3958333333333333,
      "A319": 0.3125,
      "E190": 0.16666666666666666,
      "A321": 0.125
    },
    "JBU": {
      "A320": 1.0
    },
    "CMP": {
      "B738": 0.5,
      "B737": 0.5
    },
    "TAE": {
      "E175": 1.0
    },
    "TAM": {
      "A320": 0.6666666666666666,
      "A319": 0.3333333333333333
    },
    "KLM": {
      "B777": 1.0
    },
    "LAN": {
      "B767": 0.3793103448275862,
      "A319": 0.3448275862068966,
      "A320": 0.27586206896551724
    },
    "NKS": {
      "A319": 1.0
    },
    "PGP": {
      "B737": 1.0
    },
    "UAL": {
      "B752": 0.5,
      "B767": 0.5
    },
    "USA": {
      "B767": 1.0
    },
    "AEA": {
      "A330": 1.0
    }
  },
  "hourly_profile": [],
  "delay_rate": 0.0,
  "delay_distribution": {},
  "mean_delay_minutes": 0.0,
  "data_source": "openflights",
  "region": "",
  "profile_date": "2026-03-21",
  "sample_size": 136
}