{
  "icao_code": "LIN",
  "iata_code": "LIN",
  "airline_shares": {
    "AZA": 0.5,
    "ISS": 0.06976744186046512,
    "EZY": 0.06976744186046512,
    "SAS": 0.046511627906976744,
    "AFR": 0.03488372093023256,
    "GWI": 0.023255813953488372,
    "BAW": 0.023255813953488372,
    "BTI": 0.023255813953488372,
    "BPA": 0.023255813953488372,
    "EIN": 0.023255813953488372,
    "DLA": 0.023255813953488372,
    "IBE": 0.023255813953488372,
    "KLM": 0.023255813953488372,
    "AMC": 0.023255813953488372,
    "GEC": 0.023255813953488372,
    "SWR": 0.023255813953488372,
    "DAT": 0.023255813953488372
  },
  "domestic_route_shares": {
    "CTA": 0.16,
    "FCO": 0.16,
    "NAP": 0.16,
    "BRI": 0.08,
    "CAG": 0.08,
    "PMO": 0.08,
    "PSR": 0.08,
    "SUF": 0.08,
    "OLB": 0.08,
    "BDS": 0.04
  },
  "international_route_shares": {
    "LHR": 0.09836065573770492,
    "CDG": 0.06557377049180328,
    "AMS": 0.06557377049180328,
    "ORY": 0.06557377049180328,
    "REG": 0.06557377049180328,
    "FRA": 0.06557377049180328,
    "BRU": 0.06557377049180328,
    "LCY": 0.04918032786885246,
    "TXL": 0.03278688524590164,
    "AHO": 0.03278688524590164,
    "BCN": 0.03278688524590164,
    "CIY": 0.03278688524590164,
    "OTP": 0.03278688524590164,
    "PRG": 0.03278688524590164,
    "VIE": 0.03278688524590164,
    "WAW": 0.03278688524590164,
    "DUB": 0.03278688524590164,
    "MAD": 0.03278688524590164,
    "MLA": 0.03278688524590164,
    "ARN": 0.03278688524590164,
    "CPH": 0.03278688524590164,
    "LGW": 0.03278688524590164
  },
  "domestic_ratio": 0.291,
  "fleet_mix": {
    "GWI": {
      "A319": 1.0
    },
    "AFR": {
      "A318": 0.2222222222222222,
      "A320": 0.2222222222222222,
      "A319": 0.2222222222222222,
      "A321": 0.2222222222222222,
      "E190": 0.1111111111111111
    },
    "AZA": {
      "A319": 0.2857142857142857,
      "A320": 0.2597402597402597,
      "E175": 0.23376623376623376,
      "E190": 0.14285714285714285,
      "A321": 0.07792207792207792
    },
    "BAW": {
      "A319": 0.3333333333333333,
      "A320": 0.3333333333333333,
      "A321": 0.3333333333333333
    },
    "BTI": {
      "A319": 1.0
    },
    "BPA": {
      "B737": 1.0
    },
    "EIN": {
      "A320": 1.0
    },
    "DLA": {
      "A321": 0.25,
      "E190": 0.25,
      "A320": 0.25,
      "A319": 0.25
    },
    "IBE": {
      "A320": 0.5,
      "A321": 0.5
    },
    "ISS": {
      "B737": 1.0
    },
    "KLM": {
      "B737": 1.0
    },
    "AMC": {
      "A319": 0.5,
      "A320": 0.5
    },
    "GEC": {
      "A321": 0.25,
      "E190": 0.25,
      "A320": 0.25,
      "A319": 0.25
    },
    "SWR": {
      "A319": 1.0
    },
    "SAS": {
      "B738": 0.5,
      "CRJ9": 0.5
    },
    "DAT": {
      "A319": 1.0
    },
    "EZY": {
      "A319": 0.5,
      "A320": 0.5
    }
  },
  "hourly_profile": [],
  "delay_rate": 0.0,
  "delay_distribution": {},
  "mean_delay_minutes": 0.0,
  "data_source": "openflights",
  "region": "",
  "profile_date": "2026-03-21",
  "sample_size": 86
}