{
  "icao_code": "LIR",
  "iata_code": "LIR",
  "airline_shares": {
    "AAL": 0.16666666666666666,
    "DAL": 0.14285714285714285,
    "USA": 0.14285714285714285,
    "ICL": 0.11904761904761904,
    "UAL": 0.09523809523809523,
    "ACA": 0.047619047619047616,
    "AVA": 0.047619047619047616,
    "JBU": 0.047619047619047616,
    "CMP": 0.047619047619047616,
    "FFT": 0.047619047619047616,
    "RZ": 0.047619047619047616,
    "WJA": 0.047619047619047616
  },
  "domestic_route_shares": {
    "SJO": 1.0
  },
  "international_route_shares": {
    "CLT": 0.10526315789473684,
    "DFW": 0.10526315789473684,
    "MIA": 0.10526315789473684,
    "YYZ": 0.10526315789473684,
    "JFK": 0.10526315789473684,
    "SYQ": 0.05263157894736842,
    "TNO": 0.05263157894736842,
    "SAL": 0.05263157894736842,
    "PTY": 0.05263157894736842,
    "ATL": 0.05263157894736842,
    "LAX": 0.05263157894736842,
    "DEN": 0.05263157894736842,
    "EWR": 0.05263157894736842,
    "IAH": 0.05263157894736842
  },
  "domestic_ratio": 0.095,
  "fleet_mix": {
    "AAL": {
      "B738": 0.6666666666666666,
      "A320": 0.3333333333333333
    },
    "ACA": {
      "A319": 1.0
    },
    "JBU": {
      "A320": 1.0
    },
    "CMP": {
      "E190": 1.0
    },
    "DAL": {
      "B738": 1.0
    },
    "FFT": {
      "A319": 1.0
    },
    "UAL": {
      "B738": 0.6666666666666666,
      "B739": 0.3333333333333333
    },
    "USA": {
      "B738": 0.6666666666666666,
      "A320": 0.3333333333333333
    }
  },
  "hourly_profile": [],
  "delay_rate": 0.0,
  "delay_distribution": {},
  "mean_delay_minutes": 0.0,
  "data_source": "openflights",
  "region": "",
  "profile_date": "2026-03-21",
  "sample_size": 42
}