{
  "icao_code": "LIRF",
  "iata_code": "FCO",
  "airline_shares": {
    "AZA": 0.3005464480874317,
    "EZY": 0.07650273224043716,
    "BPA": 0.03460837887067395,
    "VLG": 0.03278688524590164,
    "NAX": 0.025500910746812388,
    "ISS": 0.025500910746812388,
    "WZZ": 0.02185792349726776,
    "GWI": 0.018214936247723135,
    "RYR": 0.018214936247723135,
    "IBE": 0.018214936247723135,
    "AAL": 0.014571948998178506,
    "EXS": 0.014571948998178506,
    "USA": 0.014571948998178506,
    "AFR": 0.012750455373406194,
    "RLA": 0.01092896174863388,
    "BER": 0.01092896174863388,
    "GEC": 0.01092896174863388,
    "SAS": 0.01092896174863388,
    "TSO": 0.01092896174863388,
    "DAL": 0.009107468123861567,
    "FIN": 0.007285974499089253,
    "BAW": 0.007285974499089253,
    "BBC": 0.007285974499089253,
    "ETH": 0.007285974499089253,
    "BBO": 0.007285974499089253,
    "KAC": 0.007285974499089253,
    "SWR": 0.007285974499089253,
    "CES": 0.007285974499089253,
    "CTN": 0.007285974499089253,
    "ROT": 0.007285974499089253,
    "AFL": 0.007285974499089253,
    "SVA": 0.007285974499089253,
    "TAP": 0.007285974499089253,
    "TSC": 0.007285974499089253,
    "UAL": 0.007285974499089253,
    "KRP": 0.007285974499089253,
    "MON": 0.007285974499089253,
    "TVF": 0.00546448087431694,
    "ISR": 0.0036429872495446266,
    "AAW": 0.0036429872495446266,
    "MLD": 0.0036429872495446266,
    "AEE": 0.0036429872495446266,
    "ACA": 0.0036429872495446266,
    "DAH": 0.0036429872495446266,
    "ARG": 0.0036429872495446266,
    "RAM": 0.0036429872495446266,
    "BRU": 0.0036429872495446266,
    "BTI": 0.0036429872495446266,
    "CCA": 0.0036429872495446266,
    "CAL": 0.0036429872495446266,
    "CPA": 0.0036429872495446266,
    "EIN": 0.0036429872495446266,
    "UAE": 0.0036429872495446266,
    "LZB": 0.0036429872495446266,
    "NLY": 0.0036429872495446266,
    "TRA": 0.0036429872495446266,
    "UZB": 0.0036429872495446266,
    "IRA": 0.0036429872495446266,
    "AHY": 0.0036429872495446266,
    "XLA": 0.0036429872495446266,
    "ASL": 0.0036429872495446266,
    "ELO": 0.0036429872495446266,
    "KAL": 0.0036429872495446266,
    "KLM": 0.0036429872495446266,
    "AMC": 0.0036429872495446266,
    "LGL": 0.0036429872495446266,
    "ELY": 0.0036429872495446266,
    "MEA": 0.0036429872495446266,
    "MAS": 0.0036429872495446266,
    "MSR": 0.0036429872495446266,
    "CSA": 0.0036429872495446266,
    "PGT": 0.0036429872495446266,
    "AUI": 0.0036429872495446266,
    "QTR": 0.0036429872495446266,
    "TVS": 0.0036429872495446266,
    "RJA": 0.0036429872495446266,
    "DAT": 0.0036429872495446266,
    "SQC": 0.0036429872495446266,
    "THA": 0.0036429872495446266,
    "THY": 0.0036429872495446266,
    "TAR": 0.0036429872495446266,
    "SVR": 0.0036429872495446266,
    "ALK": 0.0036429872495446266,
    "AEA": 0.0036429872495446266,
    "WAU": 0.0036429872495446266,
    "MGX": 0.0036429872495446266,
    "CUB": 0.0018214936247723133,
    "CHH": 0.0018214936247723133
  },
  "domestic_route_shares": {
    "CTA": 0.1791044776119403,
    "MXP": 0.16417910447761194,
    "PMO": 0.11940298507462686,
    "LIN": 0.05970149253731343,
    "SUF": 0.05970149253731343,
    "TRN": 0.05970149253731343,
    "VCE": 0.04477611940298507,
    "BDS": 0.029850746268656716,
    "BLQ": 0.029850746268656716,
    "BRI": 0.029850746268656716,
    "CAG": 0.029850746268656716,
    "FLR": 0.029850746268656716,
    "GOA": 0.029850746268656716,
    "NAP": 0.029850746268656716,
    "TRS": 0.029850746268656716,
    "VRN": 0.029850746268656716,
    "OLB": 0.029850746268656716,
    "PSA": 0.014925373134328358
  },
  "international_route_shares": {
    "PRG": 0.024896265560165973,
    "BRU": 0.022821576763485476,
    "ORD": 0.01867219917012448,
    "TLV": 0.016597510373443983,
    "JFK": 0.016597510373443983,
    "VIE": 0.016597510373443983,
    "AMS": 0.016597510373443983,
    "CPH": 0.016597510373443983,
    "GVA": 0.016597510373443983,
    "LYS": 0.014522821576763486,
    "ATH": 0.012448132780082987,
    "YYZ": 0.012448132780082987,
    "CDG": 0.012448132780082987,
    "TLS": 0.012448132780082987,
    "BCN": 0.012448132780082987,
    "BEG": 0.012448132780082987,
    "FRA": 0.012448132780082987,
    "LED": 0.012448132780082987,
    "MAD": 0.012448132780082987,
    "SOF": 0.012448132780082987,
    "LGW": 0.012448132780082987,
    "ORY": 0.012448132780082987,
    "NTE": 0.012448132780082987,
    "HAM": 0.008298755186721992,
    "TXL": 0.008298755186721992,
    "TIP": 0.008298755186721992,
    "KIV": 0.008298755186721992,
    "BOD": 0.008298755186721992,
    "SXB": 0.008298755186721992,
    "CLT": 0.008298755186721992,
    "PHL": 0.008298755186721992,
    "DUS": 0.008298755186721992,
    "ALG": 0.008298755186721992,
    "EZE": 0.008298755186721992,
    "CMN": 0.008298755186721992,
    "HEL": 0.008298755186721992,
    "AGP": 0.008298755186721992,
    "AMM": 0.008298755186721992,
    "BEY": 0.008298755186721992,
    "BUD": 0.008298755186721992,
    "BZO": 0.008298755186721992,
    "CAI": 0.008298755186721992,
    "IKA": 0.008298755186721992,
    "IST": 0.008298755186721992,
    "KBP": 0.008298755186721992,
    "LHR": 0.008298755186721992,
    "MLA": 0.008298755186721992,
    "MUC": 0.008298755186721992,
    "NCE": 0.008298755186721992,
    "OTP": 0.008298755186721992,
    "REG": 0.008298755186721992,
    "SKG": 0.008298755186721992,
    "SVO": 0.008298755186721992,
    "TGD": 0.008298755186721992,
    "TIA": 0.008298755186721992,
    "TUN": 0.008298755186721992,
    "VLC": 0.008298755186721992,
    "WAW": 0.008298755186721992,
    "ZRH": 0.008298755186721992,
    "DME": 0.008298755186721992,
    "LRM": 0.008298755186721992,
    "ARN": 0.008298755186721992,
    "OSL": 0.008298755186721992,
    "ALC": 0.008298755186721992,
    "CMB": 0.008298755186721992,
    "IAS": 0.006224066390041493,
    "CGN": 0.004149377593360996,
    "HAJ": 0.004149377593360996,
    "STR": 0.004149377593360996,
    "MRS": 0.004149377593360996,
    "AUH": 0.004149377593360996,
    "BIO": 0.004149377593360996,
    "BOS": 0.004149377593360996,
    "CCS": 0.004149377593360996,
    "EVN": 0.004149377593360996,
    "GIG": 0.004149377593360996,
    "GRU": 0.004149377593360996,
    "KIX": 0.004149377593360996,
    "LAX": 0.004149377593360996,
    "LCY": 0.004149377593360996,
    "MIA": 0.004149377593360996,
    "NRT": 0.004149377593360996,
    "ORN": 0.004149377593360996,
    "SKP": 0.004149377593360996,
    "TBS": 0.004149377593360996,
    "MSQ": 0.004149377593360996,
    "DAC": 0.004149377593360996,
    "RIX": 0.004149377593360996,
    "HAV": 0.004149377593360996,
    "PEK": 0.004149377593360996,
    "DEL": 0.004149377593360996,
    "HKG": 0.004149377593360996,
    "ATL": 0.004149377593360996,
    "BGO": 0.004149377593360996,
    "GOT": 0.004149377593360996,
    "DUB": 0.004149377593360996,
    "DXB": 0.004149377593360996,
    "ADD": 0.004149377593360996,
    "RTM": 0.004149377593360996,
    "TAS": 0.004149377593360996,
    "FUE": 0.004149377593360996,
    "GYD": 0.004149377593360996,
    "AHO": 0.004149377593360996,
    "RZE": 0.004149377593360996,
    "KWI": 0.004149377593360996,
    "LUX": 0.004149377593360996,
    "GLA": 0.004149377593360996,
    "LBA": 0.004149377593360996,
    "MAN": 0.004149377593360996,
    "NCL": 0.004149377593360996,
    "PVG": 0.004149377593360996,
    "DBV": 0.004149377593360996,
    "SPU": 0.004149377593360996,
    "SAW": 0.004149377593360996,
    "DOH": 0.004149377593360996,
    "SIN": 0.004149377593360996,
    "JED": 0.004149377593360996,
    "RUH": 0.004149377593360996,
    "BKK": 0.004149377593360996,
    "LIS": 0.004149377593360996,
    "OPO": 0.004149377593360996,
    "YUL": 0.004149377593360996,
    "BRS": 0.004149377593360996,
    "BSL": 0.004149377593360996,
    "SXF": 0.004149377593360996,
    "SVX": 0.004149377593360996,
    "EWR": 0.004149377593360996,
    "IAD": 0.004149377593360996,
    "VKO": 0.004149377593360996,
    "LUZ": 0.004149377593360996,
    "GDN": 0.004149377593360996,