{
  "icao_code": "LIS",
  "iata_code": "LIS",
  "airline_shares": {
    "TAP": 0.4300341296928328,
    "EZY": 0.12286689419795221,
    "RYR": 0.07508532423208192,
    "RZO": 0.04436860068259386,
    "TCV": 0.027303754266211604,
    "VLG": 0.020477815699658702,
    "TSC": 0.017064846416382253,
    "GWI": 0.013651877133105802,
    "NAX": 0.013651877133105802,
    "EIN": 0.013651877133105802,
    "TRA": 0.013651877133105802,
    "IBE": 0.013651877133105802,
    "GEC": 0.013651877133105802,
    "SWR": 0.013651877133105802,
    "TVF": 0.013651877133105802,
    "ETD": 0.010238907849829351,
    "USA": 0.010238907849829351,
    "MLD": 0.006825938566552901,
    "AAL": 0.006825938566552901,
    "AFR": 0.006825938566552901,
    "DAH": 0.006825938566552901,
    "RAM": 0.006825938566552901,
    "AZA": 0.006825938566552901,
    "BAW": 0.006825938566552901,
    "DTA": 0.006825938566552901,
    "UAE": 0.006825938566552901,
    "KLM": 0.006825938566552901,
    "LGL": 0.006825938566552901,
    "AUI": 0.006825938566552901,
    "DAT": 0.006825938566552901,
    "THA": 0.006825938566552901,
    "THY": 0.006825938566552901,
    "TAR": 0.006825938566552901,
    "UAL": 0.006825938566552901,
    "AEA": 0.006825938566552901,
    "AAF": 0.006825938566552901,
    "AEE": 0.0034129692832764505
  },
  "domestic_route_shares": {
    "OPO": 0.29411764705882354,
    "FAO": 0.23529411764705882,
    "PDL": 0.23529411764705882,
    "FNC": 0.23529411764705882
  },
  "international_route_shares": {
    "BRU": 0.043478260869565216,
    "AMS": 0.03260869565217391,
    "MAD": 0.028985507246376812,
    "ORY": 0.028985507246376812,
    "MXP": 0.021739130434782608,
    "LUX": 0.021739130434782608,
    "GVA": 0.021739130434782608,
    "ZRH": 0.018115942028985508,
    "PHL": 0.014492753623188406,
    "CDG": 0.014492753623188406,
    "LHR": 0.014492753623188406,
    "LAD": 0.014492753623188406,
    "CPH": 0.014492753623188406,
    "OSL": 0.014492753623188406,
    "DUB": 0.014492753623188406,
    "PXO": 0.014492753623188406,
    "MAN": 0.014492753623188406,
    "FRA": 0.014492753623188406,
    "MUC": 0.014492753623188406,
    "HOR": 0.014492753623188406,
    "TER": 0.014492753623188406,
    "YYZ": 0.014492753623188406,
    "IST": 0.014492753623188406,
    "BCN": 0.014492753623188406,
    "BVC": 0.014492753623188406,
    "EWR": 0.014492753623188406,
    "LGW": 0.014492753623188406,
    "RAI": 0.014492753623188406,
    "SID": 0.014492753623188406,
    "SXF": 0.014492753623188406,
    "VXE": 0.014492753623188406,
    "CMN": 0.010869565217391304,
    "NCE": 0.010869565217391304,
    "CGN": 0.007246376811594203,
    "STR": 0.007246376811594203,
    "KIV": 0.007246376811594203,
    "ALG": 0.007246376811594203,
    "ORK": 0.007246376811594203,
    "DXB": 0.007246376811594203,
    "BVA": 0.007246376811594203,
    "DLE": 0.007246376811594203,
    "HHN": 0.007246376811594203,
    "MRS": 0.007246376811594203,
    "PSA": 0.007246376811594203,
    "STN": 0.007246376811594203,
    "EIN": 0.007246376811594203,
    "KBP": 0.007246376811594203,
    "BOS": 0.007246376811594203,
    "LPA": 0.007246376811594203,
    "NTE": 0.007246376811594203,
    "ACC": 0.007246376811594203,
    "ARN": 0.007246376811594203,
    "BKO": 0.007246376811594203,
    "BLQ": 0.007246376811594203,
    "BSB": 0.007246376811594203,
    "BUD": 0.007246376811594203,
    "CCS": 0.007246376811594203,
    "CNF": 0.007246376811594203,
    "DKR": 0.007246376811594203,
    "DME": 0.007246376811594203,
    "DUS": 0.007246376811594203,
    "FCO": 0.007246376811594203,
    "FOR": 0.007246376811594203,
    "GIG": 0.007246376811594203,
    "GRU": 0.007246376811594203,
    "HAM": 0.007246376811594203,
    "HEL": 0.007246376811594203,
    "MIA": 0.007246376811594203,
    "MPM": 0.007246376811594203,
    "NAT": 0.007246376811594203,
    "OTP": 0.007246376811594203,
    "POA": 0.007246376811594203,
    "PRG": 0.007246376811594203,
    "RAK": 0.007246376811594203,
    "REC": 0.007246376811594203,
    "SSA": 0.007246376811594203,
    "VCE": 0.007246376811594203,
    "VCP": 0.007246376811594203,
    "VIE": 0.007246376811594203,
    "WAW": 0.007246376811594203,
    "YUL": 0.007246376811594203,
    "TUN": 0.007246376811594203,
    "BIO": 0.007246376811594203,
    "BOD": 0.007246376811594203,
    "BRS": 0.007246376811594203,
    "BSL": 0.007246376811594203,
    "EDI": 0.007246376811594203,
    "LPL": 0.007246376811594203,
    "LTN": 0.007246376811594203,
    "LYS": 0.007246376811594203,
    "SMA": 0.0036231884057971015,
    "PIX": 0.0036231884057971015,
    "TMS": 0.0036231884057971015,
    "TNG": 0.0036231884057971015
  },
  "domestic_ratio": 0.058,
  "fleet_mix": {
    "GWI": {
      "A319": 0.6666666666666666,
      "A320": 0.3333333333333333
    },
    "MLD": {
      "E190": 1.0
    },
    "AEE": {
      "A320": 1.0
    },
    "AFR": {
      "A318": 0.25,
      "A320": 0.25,
      "A319": 0.25,
      "A321": 0.25
    },
    "RAM": {
      "B738": 0.5,
      "AT76": 0.5
    },
    "AZA": {
      "A320": 0.5,
      "A319": 0.5
    },
    "BAW": {
      "A320": 1.0
    },
    "DTA": {
      "B777": 1.0
    },
    "NAX": {
      "B738": 1.0
    },
    "EIN": {
      "A320": 1.0
    },
    "UAE": {
      "B777": 1.0
    },
    "RYR": {
      "B738": 1.0
    },
    "TRA": {
      "B738": 1.0
    },
    "IBE": {
      "A320": 0.5,
      "A321": 0.25,
      "A319": 0.25
    },
    "KLM": {
      "B737": 1.0
    },
    "LGL": {
      "B738": 1.0
    },
    "GEC": {
      "A321": 1.0
    },
    "SWR": {
      "A320": 0.6666666666666666,
      "A319": 0.3333333333333333
    },
    "AUI": {
      "B738": 1.0
    },
    "RZO": {
      "A320": 0.7777777777777778,
      "CRJ9": 0.2222222222222222
    },
    "DAT": {
      "A320": 0.5,
      "A319": 0.5
    },
    "THA": {
      "A320": 0.5,
      "A321": 0.5
    },
    "THY": {
      "A321": 0.5,
      "B738": 0.5
    },
    "TVF": {
      "B738": 0.6666666666666666,
      "A320": 0.3333333333333333
    },
    "TAP": {
      "A320": 0.38571428571428573,
      "A319": 0.32857142857142857,
      "A330": 0.1523809523809524,
      "A321": 0.13333333333333333
    },
    "EZY": {
      "A319": 0.7083333333333334,
      "A320": 0.2916666666666667
    },
    "UAL": {
      "B752": 1.0
    },
    "USA": {
      "B752": 1.0
    },
    "TCV": {
      "B738": 0.75,
      "B752": 0.25
    },
    "VLG": {
      "A320": 1.0
    },
    "AAF": {
      "A319": 0.5,
      "A320": 0.5
    }
  },
  "hourly_profile": [],
  "delay_rate": 0.0,
  "delay_distribution": {},
  "mean_delay_minutes": 0.0,
  "data_source": "openflights",
  "region": "",
  "profile_date": "2026-03-21",
  "sample_size": 293
}