{
  "icao_code": "LJG",
  "iata_code": "LJG",
  "airline_shares": {
    "RHC": 0.23214285714285715,
    "JAS": 0.21428571428571427,
    "CES": 0.14285714285714285,
    "CCA": 0.07142857142857142,
    "KSY": 0.07142857142857142,
    "CSC": 0.05357142857142857,
    "CSN": 0.03571428571428571,
    "DKH": 0.03571428571428571,
    "CXA": 0.03571428571428571,
    "MDA": 0.017857142857142856,
    "EEA": 0.017857142857142856,
    "OZR": 0.017857142857142856,
    "CHB": 0.017857142857142856,
    "TGW": 0.017857142857142856,
    "CSZ": 0.017857142857142856
  },
  "domestic_route_shares": {
    "CKG": 0.1,
    "KMG": 0.1,
    "XIY": 0.1,
    "CTU": 0.08,
    "JHG": 0.08,
    "WUH": 0.06,
    "HGH": 0.06,
    "PEK": 0.06,
    "CSX": 0.04,
    "KWE": 0.04,
    "NKG": 0.04,
    "CAN": 0.04,
    "CGO": 0.02,
    "HFE": 0.02,
    "NGB": 0.02,
    "SZX": 0.02,
    "TYN": 0.02,
    "KWL": 0.02,
    "SJW": 0.02,
    "TNA": 0.02,
    "NNG": 0.02,
    "SHA": 0.02
  },
  "international_route_shares": {
    "MIG": 0.16666666666666666,
    "TPE": 0.16666666666666666,
    "HKG": 0.16666666666666666,
    "TCZ": 0.16666666666666666,
    "ICN": 0.16666666666666666,
    "SIN": 0.16666666666666666
  },
  "domestic_ratio": 0.893,
  "fleet_mix": {
    "CSC": {
      "A319": 1.0
    },
    "RHC": {
      "A319": 0.5,
      "A321": 0.4375,
      "B737": 0.0625
    },
    "MDA": {
      "B738": 1.0
    },
    "CCA": {
      "A320": 0.5,
      "B737": 0.25,
      "A319": 0.25
    },
    "CSN": {
      "B737": 0.42857142857142855,
      "A320": 0.2857142857142857,
      "A319": 0.2857142857142857
    },
    "EEA": {
      "A319": 1.0
    },
    "DKH": {
      "A320": 1.0
    },
    "JAS": {
      "A319": 1.0
    },
    "KSY": {
      "B737": 1.0
    },
    "CXA": {
      "B737": 1.0
    },
    "CES": {
      "B737": 0.8461538461538461,
      "A319": 0.15384615384615385
    },
    "OZR": {
      "A320": 1.0
    },
    "CHB": {
      "A319": 0.5,
      "A320": 0.5
    },
    "TGW": {
      "A320": 1.0
    },
    "CSZ": {
      "B738": 1.0
    }
  },
  "hourly_profile": [],
  "delay_rate": 0.0,
  "delay_distribution": {},
  "mean_delay_minutes": 0.0,
  "data_source": "openflights",
  "region": "",
  "profile_date": "2026-03-21",
  "sample_size": 112
}