{
  "icao_code": "LJU",
  "iata_code": "LJU",
  "airline_shares": {
    "ADR": 0.6296296296296297,
    "WZZ": 0.07407407407407407,
    "AFR": 0.037037037037037035,
    "FIN": 0.037037037037037035,
    "ASL": 0.037037037037037035,
    "LOT": 0.037037037037037035,
    "AFL": 0.037037037037037035,
    "THY": 0.037037037037037035,
    "EZY": 0.037037037037037035,
    "MGX": 0.037037037037037035
  },
  "domestic_route_shares": {},
  "international_route_shares": {
    "CDG": 0.07407407407407407,
    "IST": 0.07407407407407407,
    "SVO": 0.07407407407407407,
    "TGD": 0.07407407407407407,
    "WAW": 0.07407407407407407,
    "HEL": 0.037037037037037035,
    "AMS": 0.037037037037037035,
    "BRU": 0.037037037037037035,
    "CPH": 0.037037037037037035,
    "FRA": 0.037037037037037035,
    "MUC": 0.037037037037037035,
    "PRG": 0.037037037037037035,
    "PRN": 0.037037037037037035,
    "SJJ": 0.037037037037037035,
    "SKP": 0.037037037037037035,
    "TIA": 0.037037037037037035,
    "VIE": 0.037037037037037035,
    "ZRH": 0.037037037037037035,
    "BEG": 0.037037037037037035,
    "STN": 0.037037037037037035,
    "CRL": 0.037037037037037035,
    "LTN": 0.037037037037037035
  },
  "domestic_ratio": 0.0,
  "fleet_mix": {
    "AFR": {
      "E175": 1.0
    },
    "FIN": {
      "A320": 1.0
    },
    "ADR": {
      "CRJ9": 0.6666666666666666,
      "A319": 0.3333333333333333
    },
    "ASL": {
      "AT76": 1.0
    },
    "THY": {
      "CRJ9": 0.5,
      "A319": 0.5
    },
    "EZY": {
      "A319": 1.0
    },
    "WZZ": {
      "A320": 1.0
    }
  },
  "hourly_profile": [],
  "delay_rate": 0.0,
  "delay_distribution": {},
  "mean_delay_minutes": 0.0,
  "data_source": "openflights",
  "region": "",
  "profile_date": "2026-03-21",
  "sample_size": 54
}