{
  "icao_code": "LKO",
  "iata_code": "LKO",
  "airline_shares": {
    "IGO": 0.26666666666666666,
    "AIC": 0.2,
    "GUJ": 0.13333333333333333,
    "SVA": 0.13333333333333333,
    "JAI": 0.06666666666666667,
    "FDB": 0.06666666666666667,
    "SEJ": 0.06666666666666667,
    "OMA": 0.06666666666666667
  },
  "domestic_route_shares": {
    "BOM": 0.4444444444444444,
    "DEL": 0.4444444444444444,
    "BLR": 0.1111111111111111
  },
  "international_route_shares": {
    "PAT": 0.16666666666666666,
    "DED": 0.16666666666666666,
    "DXB": 0.16666666666666666,
    "JED": 0.16666666666666666,
    "RUH": 0.16666666666666666,
    "MCT": 0.16666666666666666
  },
  "domestic_ratio": 0.6,
  "fleet_mix": {
    "IGO": {
      "A320": 1.0
    },
    "JAI": {
      "B738": 1.0
    },
    "AIC": {
      "A320": 0.3333333333333333,
      "CRJ7": 0.3333333333333333,
      "A321": 0.3333333333333333
    },
    "FDB": {
      "B738": 1.0
    },
    "GUJ": {
      "A320": 1.0
    },
    "SEJ": {
      "B737": 1.0
    },
    "SVA": {
      "A330": 1.0
    },
    "OMA": {
      "B738": 1.0
    }
  },
  "hourly_profile": [],
  "delay_rate": 0.0,
  "delay_distribution": {},
  "mean_delay_minutes": 0.0,
  "data_source": "openflights",
  "region": "",
  "profile_date": "2026-03-21",
  "sample_size": 30
}