{
  "icao_code": "LNZ",
  "iata_code": "LNZ",
  "airline_shares": {
    "NLY": 0.3076923076923077,
    "SXS": 0.23076923076923078,
    "BER": 0.15384615384615385,
    "RYR": 0.15384615384615385,
    "GEC": 0.15384615384615385
  },
  "domestic_route_shares": {
    "SZG": 1.0
  },
  "international_route_shares": {
    "HER": 0.3333333333333333,
    "STN": 0.16666666666666666,
    "PMI": 0.16666666666666666,
    "FRA": 0.16666666666666666,
    "AYT": 0.16666666666666666
  },
  "domestic_ratio": 0.077,
  "fleet_mix": {
    "BER": {
      "A321": 1.0
    },
    "RYR": {
      "B738": 1.0
    },
    "NLY": {
      "A321": 0.5,
      "A320": 0.5
    },
    "GEC": {
      "CRJ7": 0.5,
      "E190": 0.5
    },
    "SXS": {
      "B738": 1.0
    }
  },
  "hourly_profile": [],
  "delay_rate": 0.0,
  "delay_distribution": {},
  "mean_delay_minutes": 0.0,
  "data_source": "openflights",
  "region": "",
  "profile_date": "2026-03-21",
  "sample_size": 13
}