{
  "icao_code": "LOS",
  "iata_code": "LOS",
  "airline_shares": {
    "WSS": 0.3300970873786408,
    "AYZ": 0.07766990291262135,
    "DSY": 0.038834951456310676,
    "ETH": 0.038834951456310676,
    "GEC": 0.038834951456310676,
    "MEA": 0.038834951456310676,
    "CRD": 0.038834951456310676,
    "RWD": 0.038834951456310676,
    "KQA": 0.02912621359223301,
    "AFR": 0.019417475728155338,
    "RAM": 0.019417475728155338,
    "AWM": 0.019417475728155338,
    "AZA": 0.019417475728155338,
    "BAW": 0.019417475728155338,
    "DAL": 0.019417475728155338,
    "UAE": 0.019417475728155338,
    "ETD": 0.019417475728155338,
    "IBE": 0.019417475728155338,
    "KLM": 0.019417475728155338,
    "MSR": 0.019417475728155338,
    "QTR": 0.019417475728155338,
    "RJA": 0.019417475728155338,
    "SAA": 0.019417475728155338,
    "THY": 0.019417475728155338,
    "UAL": 0.019417475728155338,
    "VIR": 0.019417475728155338
  },
  "domestic_route_shares": {
    "PHC": 0.2857142857142857,
    "ABB": 0.14285714285714285,
    "ABV": 0.14285714285714285,
    "ENU": 0.14285714285714285,
    "KAD": 0.14285714285714285,
    "KAN": 0.14285714285714285
  },
  "international_route_shares": {
    "ACC": 0.10112359550561797,
    "ABJ": 0.06741573033707865,
    "DLA": 0.0449438202247191,
    "COO": 0.0449438202247191,
    "LHR": 0.0449438202247191,
    "JNB": 0.0449438202247191,
    "DKR": 0.02247191011235955,
    "ROB": 0.02247191011235955,
    "CDG": 0.02247191011235955,
    "BKO": 0.02247191011235955,
    "ATL": 0.02247191011235955,
    "DXB": 0.02247191011235955,
    "ADD": 0.02247191011235955,
    "LFW": 0.02247191011235955,
    "AUH": 0.02247191011235955,
    "MAD": 0.02247191011235955,
    "AMS": 0.02247191011235955,
    "NBO": 0.02247191011235955,
    "FRA": 0.02247191011235955,
    "BEY": 0.02247191011235955,
    "CAI": 0.02247191011235955,
    "DOH": 0.02247191011235955,
    "AMM": 0.02247191011235955,
    "IST": 0.02247191011235955,
    "IAH": 0.02247191011235955,
    "BNI": 0.02247191011235955,
    "CBQ": 0.02247191011235955,
    "FNA": 0.02247191011235955,
    "JOS": 0.02247191011235955,
    "QOW": 0.02247191011235955,
    "QRW": 0.02247191011235955,
    "QUO": 0.02247191011235955,
    "KGL": 0.02247191011235955,
    "CMN": 0.011235955056179775,
    "FCO": 0.011235955056179775,
    "LBV": 0.011235955056179775,
    "SSG": 0.011235955056179775
  },
  "domestic_ratio": 0.136,
  "fleet_mix": {
    "AYZ": {
      "A319": 1.0
    },
    "AFR": {
      "A330": 1.0
    },
    "RAM": {
      "B738": 1.0
    },
    "BAW": {
      "B744": 1.0
    },
    "DSY": {
      "AT76": 1.0
    },
    "UAE": {
      "B777": 1.0
    },
    "ETH": {
      "B777": 1.0
    },
    "ETD": {
      "A330": 1.0
    },
    "IBE": {
      "A319": 1.0
    },
    "KQA": {
      "B738": 1.0
    },
    "GEC": {
      "A330": 1.0
    },
    "MEA": {
      "A330": 1.0
    },
    "MSR": {
      "B738": 1.0
    },
    "CRD": {
      "B737": 1.0
    },
    "QTR": {
      "A330": 1.0
    },
    "RJA": {
      "A320": 1.0
    },
    "THY": {
      "B739": 1.0
    },
    "UAL": {
      "B787": 1.0
    },
    "WSS": {
      "B737": 0.4489795918367347,
      "CRJ9": 0.2857142857142857,
      "B738": 0.12244897959183673,
      "DH8D": 0.10204081632653061,
      "A330": 0.04081632653061224
    },
    "RWD": {
      "B738": 1.0
    }
  },
  "hourly_profile": [],
  "delay_rate": 0.0,
  "delay_distribution": {},
  "mean_delay_minutes": 0.0,
  "data_source": "openflights",
  "region": "",
  "profile_date": "2026-03-21",
  "sample_size": 103
}