{
  "icao_code": "LPA",
  "iata_code": "LPA",
  "airline_shares": {
    "RYR": 0.19402985074626866,
    "BER": 0.07462686567164178,
    "NAX": 0.07462686567164178,
    "CFG": 0.05970149253731343,
    "IBB": 0.05970149253731343,
    "TVF": 0.05970149253731343,
    "HLX": 0.05970149253731343,
    "TOS": 0.05223880597014925,
    "EXS": 0.03731343283582089,
    "VLG": 0.03731343283582089,
    "TCX": 0.033582089552238806,
    "AEA": 0.029850746268656716,
    "TRA": 0.026119402985074626,
    "IBE": 0.022388059701492536,
    "NLY": 0.014925373134328358,
    "GMI": 0.014925373134328358,
    "TOM": 0.014925373134328358,
    "EZY": 0.014925373134328358,
    "MON": 0.014925373134328358,
    "OAW": 0.011194029850746268,
    "RAM": 0.011194029850746268,
    "GWI": 0.007462686567164179,
    "EIN": 0.007462686567164179,
    "FSC": 0.007462686567164179,
    "HMY": 0.007462686567164179,
    "MAI": 0.007462686567164179,
    "LGL": 0.007462686567164179,
    "CSA": 0.007462686567164179,
    "TVS": 0.007462686567164179,
    "RZO": 0.007462686567164179,
    "SEU": 0.007462686567164179,
    "SAS": 0.007462686567164179
  },
  "domestic_route_shares": {
    "MAD": 0.1702127659574468,
    "SVQ": 0.1276595744680851,
    "TFN": 0.10638297872340426,
    "ACE": 0.10638297872340426,
    "BCN": 0.0851063829787234,
    "SCQ": 0.0851063829787234,
    "FUE": 0.0851063829787234,
    "BIO": 0.0851063829787234,
    "TFS": 0.06382978723404255,
    "VLC": 0.0425531914893617,
    "AGP": 0.0425531914893617
  },
  "international_route_shares": {
    "MAN": 0.05429864253393665,
    "LGW": 0.04524886877828054,
    "CGN": 0.03619909502262444,
    "DUS": 0.03619909502262444,
    "MUC": 0.03619909502262444,
    "EMA": 0.03167420814479638,
    "BSL": 0.027149321266968326,
    "HAM": 0.027149321266968326,
    "BHX": 0.027149321266968326,
    "BRS": 0.027149321266968326,
    "GLA": 0.027149321266968326,
    "ZRH": 0.01809954751131222,
    "SZG": 0.01809954751131222,
    "VIE": 0.01809954751131222,
    "FRA": 0.01809954751131222,
    "STR": 0.01809954751131222,
    "SXF": 0.01809954751131222,
    "OSL": 0.01809954751131222,
    "DUB": 0.01809954751131222,
    "BRE": 0.01809954751131222,
    "EIN": 0.01809954751131222,
    "LTN": 0.01809954751131222,
    "STN": 0.01809954751131222,
    "DKR": 0.01809954751131222,
    "NDB": 0.01809954751131222,
    "NUE": 0.013574660633484163,
    "TXL": 0.00904977375565611,
    "CMN": 0.00904977375565611,
    "LEJ": 0.00904977375565611,
    "PAD": 0.00904977375565611,
    "ARN": 0.00904977375565611,
    "BGO": 0.00904977375565611,
    "CPH": 0.00904977375565611,
    "TRF": 0.00904977375565611,
    "BGY": 0.00904977375565611,
    "BOH": 0.00904977375565611,
    "CRL": 0.00904977375565611,
    "EDI": 0.00904977375565611,
    "FKB": 0.00904977375565611,
    "LPL": 0.00904977375565611,
    "NRN": 0.00904977375565611,
    "OPO": 0.00904977375565611,
    "ORK": 0.00904977375565611,
    "PIK": 0.00904977375565611,
    "PSA": 0.00904977375565611,
    "SDR": 0.00904977375565611,
    "BRU": 0.00904977375565611,
    "AMS": 0.00904977375565611,
    "NKC": 0.00904977375565611,
    "LUX": 0.00904977375565611,
    "LBA": 0.00904977375565611,
    "NCL": 0.00904977375565611,
    "FNC": 0.00904977375565611,
    "SPC": 0.00904977375565611,
    "VDE": 0.00904977375565611,
    "EUN": 0.00904977375565611,
    "GLN": 0.00904977375565611,
    "VIL": 0.00904977375565611,
    "PRG": 0.00904977375565611,
    "LIS": 0.00904977375565611,
    "CDG": 0.00904977375565611,
    "ERF": 0.00904977375565611,
    "ORY": 0.00904977375565611,
    "HAJ": 0.00904977375565611,
    "GVA": 0.004524886877828055,
    "GRQ": 0.004524886877828055,
    "ZQW": 0.004524886877828055
  },
  "domestic_ratio": 0.175,
  "fleet_mix": {
    "OAW": {
      "A319": 1.0
    },
    "GWI": {
      "A319": 1.0
    },
    "BER": {
      "A320": 0.5454545454545454,
      "B738": 0.2727272727272727,
      "A330": 0.09090909090909091,
      "A321": 0.09090909090909091
    },
    "RAM": {
      "AT76": 1.0
    },
    "CFG": {
      "A321": 1.0
    },
    "NAX": {
      "B738": 1.0
    },
    "EIN": {
      "A320": 1.0
    },
    "RYR": {
      "B738": 1.0
    },
    "NLY": {
      "A320": 1.0
    },
    "FSC": {
      "A320": 1.0
    },
    "HMY": {
      "A320": 1.0
    },
    "TRA": {
      "B738": 1.0
    },
    "IBE": {
      "A321": 0.5,
      "A319": 0.5
    },
    "MAI": {
      "B737": 1.0
    },
    "LGL": {
      "B738": 1.0
    },
    "EXS": {
      "B738": 0.5,
      "B752": 0.5
    },
    "IBB": {
      "AT76": 0.631578947368421,
      "CRJ9": 0.2631578947368421,
      "DH8D": 0.10526315789473684
    },
    "CSA": {
      "B738": 1.0
    },
    "TVS": {
      "B738": 1.0
    },
    "RZO": {
      "CRJ9": 1.0
    },
    "SEU": {
      "B738": 1.0
    },
    "SAS": {
      "B738": 1.0
    },
    "GMI": {
      "A319": 0.5,
      "B737": 0.5
    },
    "TCX": {
      "A321": 0.5555555555555556,
      "A320": 0.2222222222222222,
      "B752": 0.2222222222222222
    },
    "TVF": {
      "B738": 1.0
    },
    "EZY": {
      "A320": 1.0
    },
    "AEA": {
      "B738": 0.6666666666666666,
      "A330": 0.3333333333333333
    },
    "VLG": {
      "A320": 1.0
    },
    "HLX": {
      "B738": 1.0
    },
    "MON": {
      "A321": 0.6666666666666666,
      "A320": 0.3333333333333333
    }
  },
  "hourly_profile": [],
  "delay_rate": 0.0,
  "delay_distribution": {},
  "mean_delay_minutes": 0.0,
  "data_source": "openflights",
  "region": "",
  "profile_date": "2026-03-21",
  "sample_size": 268
}