{
  "icao_code": "LPB",
  "iata_code": "LPB",
  "airline_shares": {
    "AZN": 0.375,
    "ASZ": 0.1875,
    "SWD": 0.125,
    "AVA": 0.08333333333333333,
    "LAN": 0.08333333333333333,
    "AAL": 0.041666666666666664,
    "SKU": 0.041666666666666664,
    "USA": 0.041666666666666664,
    "AMX": 0.020833333333333332
  },
  "domestic_route_shares": {
    "VVI": 0.4666666666666667,
    "CBB": 0.26666666666666666,
    "SRE": 0.26666666666666666
  },
  "international_route_shares": {
    "POI": 0.12121212121212122,
    "LIM": 0.12121212121212122,
    "TJA": 0.12121212121212122,
    "SRZ": 0.06060606060606061,
    "TDD": 0.06060606060606061,
    "MIA": 0.06060606060606061,
    "BOG": 0.06060606060606061,
    "ARI": 0.06060606060606061,
    "IQQ": 0.06060606060606061,
    "AQP": 0.06060606060606061,
    "CUZ": 0.06060606060606061,
    "RBQ": 0.06060606060606061,
    "UYU": 0.06060606060606061,
    "CIJ": 0.030303030303030304
  },
  "domestic_ratio": 0.312,
  "fleet_mix": {
    "AMX": {
      "A319": 1.0
    },
    "AVA": {
      "A319": 0.5,
      "A320": 0.5
    },
    "SKU": {
      "A320": 1.0
    },
    "LAN": {
      "A320": 0.5,
      "A319": 0.5
    },
    "AZN": {
      "CRJ9": 1.0
    }
  },
  "hourly_profile": [],
  "delay_rate": 0.0,
  "delay_distribution": {},
  "mean_delay_minutes": 0.0,
  "data_source": "openflights",
  "region": "",
  "profile_date": "2026-03-21",
  "sample_size": 48
}