{
  "icao_code": "LPL",
  "iata_code": "LPL",
  "airline_shares": {
    "RYR": 0.5689655172413793,
    "EZY": 0.3793103448275862,
    "WZZ": 0.034482758620689655,
    "BEE": 0.017241379310344827
  },
  "domestic_route_shares": {
    "BFS": 1.0
  },
  "international_route_shares": {
    "IOM": 0.03508771929824561,
    "ACE": 0.03508771929824561,
    "AGP": 0.03508771929824561,
    "ALC": 0.03508771929824561,
    "BCN": 0.03508771929824561,
    "FAO": 0.03508771929824561,
    "FUE": 0.03508771929824561,
    "KRK": 0.03508771929824561,
    "PMI": 0.03508771929824561,
    "RHO": 0.03508771929824561,
    "BTS": 0.017543859649122806,
    "CCF": 0.017543859649122806,
    "DUB": 0.017543859649122806,
    "EGC": 0.017543859649122806,
    "FNI": 0.017543859649122806,
    "IBZ": 0.017543859649122806,
    "KGS": 0.017543859649122806,
    "LDY": 0.017543859649122806,
    "LIG": 0.017543859649122806,
    "LPA": 0.017543859649122806,
    "MLA": 0.017543859649122806,
    "NOC": 0.017543859649122806,
    "OPO": 0.017543859649122806,
    "ORK": 0.017543859649122806,
    "POZ": 0.017543859649122806,
    "PSA": 0.017543859649122806,
    "REU": 0.017543859649122806,
    "SNN": 0.017543859649122806,
    "SZZ": 0.017543859649122806,
    "TFS": 0.017543859649122806,
    "TRF": 0.017543859649122806,
    "VNO": 0.017543859649122806,
    "WMI": 0.017543859649122806,
    "WRO": 0.017543859649122806,
    "AMS": 0.017543859649122806,
    "BJV": 0.017543859649122806,
    "CDG": 0.017543859649122806,
    "GVA": 0.017543859649122806,
    "JER": 0.017543859649122806,
    "LCA": 0.017543859649122806,
    "LIS": 0.017543859649122806,
    "MAD": 0.017543859649122806,
    "NAP": 0.017543859649122806,
    "NCE": 0.017543859649122806,
    "SXF": 0.017543859649122806,
    "GDN": 0.017543859649122806,
    "WAW": 0.017543859649122806
  },
  "domestic_ratio": 0.017,
  "fleet_mix": {
    "BEE": {
      "DH8D": 1.0
    },
    "RYR": {
      "B738": 1.0
    },
    "EZY": {
      "A319": 0.5757575757575758,
      "A320": 0.42424242424242425
    },
    "WZZ": {
      "A320": 1.0
    }
  },
  "hourly_profile": [],
  "delay_rate": 0.0,
  "delay_distribution": {},
  "mean_delay_minutes": 0.0,
  "data_source": "openflights",
  "region": "",
  "profile_date": "2026-03-21",
  "sample_size": 116
}