{
  "icao_code": "LPQ",
  "iata_code": "LPQ",
  "airline_shares": {
    "LAO": 0.6,
    "HVN": 0.2,
    "NDC": 0.1,
    "BKP": 0.1
  },
  "domestic_route_shares": {
    "VTE": 0.6666666666666666,
    "PKZ": 0.3333333333333333
  },
  "international_route_shares": {
    "BKK": 0.2857142857142857,
    "HAN": 0.2857142857142857,
    "CNX": 0.14285714285714285,
    "JHG": 0.14285714285714285,
    "REP": 0.14285714285714285
  },
  "domestic_ratio": 0.3,
  "fleet_mix": {
    "NDC": {
      "B737": 1.0
    },
    "BKP": {
      "AT76": 1.0
    },
    "LAO": {
      "AT76": 0.8571428571428571,
      "A320": 0.14285714285714285
    },
    "HVN": {
      "AT76": 1.0
    }
  },
  "hourly_profile": [],
  "delay_rate": 0.0,
  "delay_distribution": {},
  "mean_delay_minutes": 0.0,
  "data_source": "openflights",
  "region": "",
  "profile_date": "2026-03-21",
  "sample_size": 20
}