{
  "icao_code": "LSGG",
  "iata_code": "GVA",
  "airline_shares": {
    "EZY": 0.36823104693140796,
    "SWR": 0.16606498194945848,
    "BBO": 0.06498194945848375,
    "CCA": 0.021660649819494584,
    "TAR": 0.021660649819494584,
    "GWI": 0.01444043321299639,
    "GEC": 0.01444043321299639,
    "RJA": 0.01444043321299639,
    "SAS": 0.01444043321299639,
    "SVA": 0.01444043321299639,
    "TAP": 0.01444043321299639,
    "UAL": 0.01444043321299639,
    "CHH": 0.010830324909747292,
    "OAW": 0.007220216606498195,
    "AEE": 0.007220216606498195,
    "RLA": 0.007220216606498195,
    "ACA": 0.007220216606498195,
    "AFR": 0.007220216606498195,
    "DAH": 0.007220216606498195,
    "RAM": 0.007220216606498195,
    "AZA": 0.007220216606498195,
    "BRU": 0.007220216606498195,
    "BAW": 0.007220216606498195,
    "CPA": 0.007220216606498195,
    "NAX": 0.007220216606498195,
    "EIN": 0.007220216606498195,
    "UAE": 0.007220216606498195,
    "ETD": 0.007220216606498195,
    "IBE": 0.007220216606498195,
    "KLM": 0.007220216606498195,
    "AMC": 0.007220216606498195,
    "KAC": 0.007220216606498195,
    "LGL": 0.007220216606498195,
    "LOT": 0.007220216606498195,
    "ELY": 0.007220216606498195,
    "MEA": 0.007220216606498195,
    "MSR": 0.007220216606498195,
    "PGT": 0.007220216606498195,
    "AUI": 0.007220216606498195,
    "QTR": 0.007220216606498195,
    "ROT": 0.007220216606498195,
    "SIH": 0.007220216606498195,
    "DAT": 0.007220216606498195,
    "AFL": 0.007220216606498195,
    "TJT": 0.007220216606498195,
    "THY": 0.007220216606498195,
    "WZZ": 0.007220216606498195
  },
  "domestic_route_shares": {
    "ZRH": 1.0
  },
  "international_route_shares": {
    "FCO": 0.02952029520295203,
    "ARN": 0.02952029520295203,
    "CPH": 0.02952029520295203,
    "ATH": 0.02214022140221402,
    "BEG": 0.02214022140221402,
    "MAD": 0.02214022140221402,
    "LIS": 0.02214022140221402,
    "OPO": 0.02214022140221402,
    "BRU": 0.01845018450184502,
    "LHR": 0.014760147601476014,
    "DOH": 0.014760147601476014,
    "AUH": 0.014760147601476014,
    "BOD": 0.014760147601476014,
    "TLS": 0.014760147601476014,
    "AMS": 0.014760147601476014,
    "FRA": 0.014760147601476014,
    "AGP": 0.014760147601476014,
    "BCN": 0.014760147601476014,
    "CTA": 0.014760147601476014,
    "HER": 0.014760147601476014,
    "NCE": 0.014760147601476014,
    "OLB": 0.014760147601476014,
    "PMI": 0.014760147601476014,
    "PRN": 0.014760147601476014,
    "RAK": 0.014760147601476014,
    "TLV": 0.014760147601476014,
    "OTP": 0.014760147601476014,
    "TFS": 0.01107011070110701,
    "DUS": 0.007380073800738007,
    "HAM": 0.007380073800738007,
    "BIQ": 0.007380073800738007,
    "YUL": 0.007380073800738007,
    "CDG": 0.007380073800738007,
    "ALG": 0.007380073800738007,
    "CMN": 0.007380073800738007,
    "MSQ": 0.007380073800738007,
    "PEK": 0.007380073800738007,
    "OSL": 0.007380073800738007,
    "DUB": 0.007380073800738007,
    "DXB": 0.007380073800738007,
    "FLR": 0.007380073800738007,
    "LUG": 0.007380073800738007,
    "STR": 0.007380073800738007,
    "VLC": 0.007380073800738007,
    "MLA": 0.007380073800738007,
    "LUX": 0.007380073800738007,
    "MUC": 0.007380073800738007,
    "WAW": 0.007380073800738007,
    "DME": 0.007380073800738007,
    "JFK": 0.007380073800738007,
    "LED": 0.007380073800738007,
    "PRG": 0.007380073800738007,
    "BEY": 0.007380073800738007,
    "CAI": 0.007380073800738007,
    "AYT": 0.007380073800738007,
    "KBP": 0.007380073800738007,
    "AMM": 0.007380073800738007,
    "JER": 0.007380073800738007,
    "SVO": 0.007380073800738007,
    "JED": 0.007380073800738007,
    "RUH": 0.007380073800738007,
    "MRS": 0.007380073800738007,
    "IST": 0.007380073800738007,
    "DJE": 0.007380073800738007,
    "MIR": 0.007380073800738007,
    "TUN": 0.007380073800738007,
    "AJA": 0.007380073800738007,
    "ALC": 0.007380073800738007,
    "BDS": 0.007380073800738007,
    "BIA": 0.007380073800738007,
    "BIO": 0.007380073800738007,
    "BRS": 0.007380073800738007,
    "BUD": 0.007380073800738007,
    "CAG": 0.007380073800738007,
    "DBV": 0.007380073800738007,
    "EDI": 0.007380073800738007,
    "FAO": 0.007380073800738007,
    "HRG": 0.007380073800738007,
    "IBZ": 0.007380073800738007,
    "JMK": 0.007380073800738007,
    "LGW": 0.007380073800738007,
    "LIL": 0.007380073800738007,
    "LPL": 0.007380073800738007,
    "LTN": 0.007380073800738007,
    "MAN": 0.007380073800738007,
    "NAP": 0.007380073800738007,
    "NTE": 0.007380073800738007,
    "ORY": 0.007380073800738007,
    "SCQ": 0.007380073800738007,
    "SEN": 0.007380073800738007,
    "SPU": 0.007380073800738007,
    "SVQ": 0.007380073800738007,
    "SXF": 0.007380073800738007,
    "VCE": 0.007380073800738007,
    "EWR": 0.007380073800738007,
    "IAD": 0.007380073800738007,
    "LPA": 0.0036900369003690036
  },
  "domestic_ratio": 0.022,
  "fleet_mix": {
    "OAW": {
      "A319": 1.0
    },
    "GWI": {
      "CRJ9": 1.0
    },
    "AEE": {
      "A320": 1.0
    },
    "RLA": {
      "CRJ7": 1.0
    },
    "ACA": {
      "A330": 1.0
    },
    "AFR": {
      "A319": 0.25,
      "A321": 0.25,
      "A320": 0.25,
      "A318": 0.25
    },
    "RAM": {
      "B738": 1.0
    },
    "AZA": {
      "E175": 0.3333333333333333,
      "A319": 0.3333333333333333,
      "E190": 0.3333333333333333
    },
    "BRU": {
      "E175": 0.5,
      "E190": 0.5
    },
    "BAW": {
      "A320": 0.3333333333333333,
      "A319": 0.3333333333333333,
      "A321": 0.3333333333333333
    },
    "CCA": {
      "B738": 0.5,
      "CRJ9": 0.5
    },
    "CPA": {
      "A320": 1.0
    },
    "EIN": {
      "A320": 1.0
    },
    "UAE": {
      "B777": 1.0
    },
    "ETD": {
      "A330": 1.0
    },
    "BBO": {
      "AT76": 1.0
    },
    "CHH": {
      "A330": 0.6666666666666666,
      "A320": 0.3333333333333333
    },
    "IBE": {
      "A320": 0.5,
      "A319": 0.5
    },
    "KLM": {
      "B737": 1.0
    },
    "AMC": {
      "A320": 1.0
    },
    "GEC": {
      "E190": 0.42857142857142855,
      "CRJ7": 0.2857142857142857,
      "CRJ9": 0.2857142857142857
    },
    "LOT": {
      "E175": 1.0
    },
    "SWR": {
      "A320": 0.5675675675675675,
      "A319": 0.3783783783783784,
      "A330": 0.02702702702702703,
      "A321": 0.02702702702702703
    },
    "ELY": {
      "B738": 1.0
    },
    "MEA": {
      "A320": 1.0
    },
    "MSR": {
      "B738": 1.0
    },
    "PGT": {
      "B738": 1.0
    },
    "AUI": {
      "E190": 1.0
    },
    "QTR": {
      "A320": 1.0
    },
    "RJA": {
      "A319": 0.6,
      "A320": 0.4
    },
    "ROT": {
      "A318": 1.0
    },
    "SIH": {
      "AT76": 1.0
    },
    "SAS": {
      "B738": 0.3333333333333333,
      "A319": 0.3333333333333333,
      "CRJ9": 0.3333333333333333
    },
    "DAT": {
      "A320": 0.5,
      "A319": 0.5
    },
    "AFL": {
      "A320": 0.5,
      "A319": 0.5
    },
    "SVA": {
      "A320": 1.0
    },
    "THY": {
      "A320": 0.3333333333333333,
      "B738": 0.3333333333333333,
      "A321": 0.3333333333333333
    },
    "TAP": {
      "A320": 0.4,
      "A319": 0.4,
      "A321": 0.2
    },
    "TAR": {
      "A319": 1.0
    },
    "EZY": {
      "A319": 0.5662650602409639,
      "A320": 0.43373493975903615
    },
    "UAL": {
      "B767": 1.0
    },
    "WZZ": {
      "A320": 1.0
    }
  },
  "hourly_profile": [],
  "delay_rate": 0.0,
  "delay_distribution": {},
  "mean_delay_minutes": 0.0,
  "data_source": "openflights",
  "region": "",
  "profile_date": "2026-03-21",
  "sample_size": 277
}