{
  "icao_code": "LTN",
  "iata_code": "LTN",
  "airline_shares": {
    "EZY": 0.3177570093457944,
    "WZZ": 0.22429906542056074,
    "RYR": 0.16822429906542055,
    "MON": 0.14018691588785046,
    "TVF": 0.12149532710280374,
    "KKK": 0.009345794392523364,
    "ELY": 0.009345794392523364,
    "ROT": 0.009345794392523364
  },
  "domestic_route_shares": {
    "ABZ": 0.25,
    "BFS": 0.25,
    "EDI": 0.25,
    "GLA": 0.25
  },
  "international_route_shares": {
    "ACE": 0.02912621359223301,
    "TFS": 0.02912621359223301,
    "AGP": 0.02912621359223301,
    "FAO": 0.02912621359223301,
    "PMI": 0.02912621359223301,
    "SSH": 0.02912621359223301,
    "FUE": 0.019417475728155338,
    "LPA": 0.019417475728155338,
    "TLV": 0.019417475728155338,
    "AYT": 0.019417475728155338,
    "DLM": 0.019417475728155338,
    "IBZ": 0.019417475728155338,
    "PFO": 0.019417475728155338,
    "ALC": 0.019417475728155338,
    "BUD": 0.019417475728155338,
    "REU": 0.014563106796116505,
    "LCA": 0.014563106796116505,
    "AHO": 0.009708737864077669,
    "BTS": 0.009708737864077669,
    "BZR": 0.009708737864077669,
    "DUB": 0.009708737864077669,
    "FNI": 0.009708737864077669,
    "GRO": 0.009708737864077669,
    "KIR": 0.009708737864077669,
    "KUN": 0.009708737864077669,
    "MJV": 0.009708737864077669,
    "MLA": 0.009708737864077669,
    "NOC": 0.009708737864077669,
    "RAK": 0.009708737864077669,
    "RZE": 0.009708737864077669,
    "IST": 0.009708737864077669,
    "IAS": 0.009708737864077669,
    "AMS": 0.009708737864077669,
    "BCN": 0.009708737864077669,
    "BOD": 0.009708737864077669,
    "CDG": 0.009708737864077669,
    "CFU": 0.009708737864077669,
    "CTA": 0.009708737864077669,
    "DTM": 0.009708737864077669,
    "GVA": 0.009708737864077669,
    "HAM": 0.009708737864077669,
    "HER": 0.009708737864077669,
    "INV": 0.009708737864077669,
    "KEF": 0.009708737864077669,
    "LIS": 0.009708737864077669,
    "MAD": 0.009708737864077669,
    "MPL": 0.009708737864077669,
    "MXP": 0.009708737864077669,
    "NCE": 0.009708737864077669,
    "PSA": 0.009708737864077669,
    "SXF": 0.009708737864077669,
    "VCE": 0.009708737864077669,
    "ZRH": 0.009708737864077669,
    "BEG": 0.009708737864077669,
    "BOJ": 0.009708737864077669,
    "CLJ": 0.009708737864077669,
    "CRA": 0.009708737864077669,
    "DEB": 0.009708737864077669,
    "GDN": 0.009708737864077669,
    "IEV": 0.009708737864077669,
    "KSC": 0.009708737864077669,
    "KTW": 0.009708737864077669,
    "LJU": 0.009708737864077669,
    "LUZ": 0.009708737864077669,
    "OTP": 0.009708737864077669,
    "POZ": 0.009708737864077669,
    "PRG": 0.009708737864077669,
    "RIX": 0.009708737864077669,
    "SKP": 0.009708737864077669,
    "SOF": 0.009708737864077669,
    "TGM": 0.009708737864077669,
    "TSR": 0.009708737864077669,
    "VAR": 0.009708737864077669,
    "VNO": 0.009708737864077669,
    "WAW": 0.009708737864077669,
    "WRO": 0.009708737864077669,
    "BJV": 0.009708737864077669,
    "FCO": 0.009708737864077669,
    "GIB": 0.009708737864077669,
    "MAH": 0.009708737864077669,
    "NAP": 0.009708737864077669
  },
  "domestic_ratio": 0.037,
  "fleet_mix": {
    "RYR": {
      "B738": 1.0
    },
    "KKK": {
      "A320": 1.0
    },
    "ELY": {
      "B738": 1.0
    },
    "TVF": {
      "B738": 1.0
    },
    "EZY": {
      "A319": 0.5087719298245614,
      "A320": 0.49122807017543857
    },
    "WZZ": {
      "A320": 1.0
    },
    "MON": {
      "A320": 0.5652173913043478,
      "A321": 0.43478260869565216
    }
  },
  "hourly_profile": [],
  "delay_rate": 0.0,
  "delay_distribution": {},
  "mean_delay_minutes": 0.0,
  "data_source": "openflights",
  "region": "",
  "profile_date": "2026-03-21",
  "sample_size": 214
}