{
  "icao_code": "LUN",
  "iata_code": "LUN",
  "airline_shares": {
    "P0": 0.2978723404255319,
    "KQA": 0.1702127659574468,
    "ETH": 0.14893617021276595,
    "UAE": 0.0851063829787234,
    "NMB": 0.0851063829787234,
    "BOT": 0.0425531914893617,
    "CSN": 0.0425531914893617,
    "DTA": 0.0425531914893617,
    "KLM": 0.0425531914893617,
    "SAA": 0.0425531914893617
  },
  "domestic_route_shares": {
    "LVI": 0.3333333333333333,
    "MFU": 0.3333333333333333,
    "NLA": 0.3333333333333333
  },
  "international_route_shares": {
    "HRE": 0.24390243902439024,
    "LLW": 0.14634146341463414,
    "NBO": 0.0975609756097561,
    "WDH": 0.0975609756097561,
    "GBE": 0.04878048780487805,
    "DXB": 0.04878048780487805,
    "ADD": 0.04878048780487805,
    "CIP": 0.04878048780487805,
    "SLI": 0.04878048780487805,
    "JNB": 0.04878048780487805,
    "LAD": 0.024390243902439025,
    "BLZ": 0.024390243902439025,
    "AMS": 0.024390243902439025,
    "KAA": 0.024390243902439025,
    "MNS": 0.024390243902439025
  },
  "domestic_ratio": 0.128,
  "fleet_mix": {
    "BOT": {
      "AT76": 1.0
    },
    "CSN": {
      "B767": 0.4,
      "E190": 0.2,
      "E175": 0.2,
      "B738": 0.2
    },
    "DTA": {
      "B737": 1.0
    },
    "ETH": {
      "B787": 1.0
    },
    "KQA": {
      "B767": 0.35714285714285715,
      "E190": 0.35714285714285715,
      "E175": 0.14285714285714285,
      "B738": 0.14285714285714285
    },
    "SAA": {
      "B738": 0.3333333333333333,
      "A319": 0.3333333333333333,
      "A320": 0.3333333333333333
    }
  },
  "hourly_profile": [],
  "delay_rate": 0.0,
  "delay_distribution": {},
  "mean_delay_minutes": 0.0,
  "data_source": "openflights",
  "region": "",
  "profile_date": "2026-03-21",
  "sample_size": 47
}