{
  "icao_code": "LUX",
  "iata_code": "LUX",
  "airline_shares": {
    "LGL": 0.8135593220338984,
    "EZY": 0.05084745762711865,
    "BAW": 0.01694915254237288,
    "HHN": 0.01694915254237288,
    "SWR": 0.01694915254237288,
    "AUA": 0.01694915254237288,
    "SAS": 0.01694915254237288,
    "THY": 0.01694915254237288,
    "TAP": 0.01694915254237288,
    "VLG": 0.01694915254237288
  },
  "domestic_route_shares": {},
  "international_route_shares": {
    "LIS": 0.05084745762711865,
    "BCN": 0.03389830508474576,
    "CPH": 0.03389830508474576,
    "MXP": 0.03389830508474576,
    "VIE": 0.03389830508474576,
    "LHR": 0.01694915254237288,
    "DUS": 0.01694915254237288,
    "ACE": 0.01694915254237288,
    "ADB": 0.01694915254237288,
    "AGA": 0.01694915254237288,
    "AGP": 0.01694915254237288,
    "AJA": 0.01694915254237288,
    "ARN": 0.01694915254237288,
    "AYT": 0.01694915254237288,
    "BIA": 0.01694915254237288,
    "CAG": 0.01694915254237288,
    "CDG": 0.01694915254237288,
    "CFU": 0.01694915254237288,
    "CLY": 0.01694915254237288,
    "DBV": 0.01694915254237288,
    "DJE": 0.01694915254237288,
    "DUB": 0.01694915254237288,
    "FAO": 0.01694915254237288,
    "FCO": 0.01694915254237288,
    "FNC": 0.01694915254237288,
    "FRA": 0.01694915254237288,
    "FSC": 0.01694915254237288,
    "FUE": 0.01694915254237288,
    "GVA": 0.01694915254237288,
    "HER": 0.01694915254237288,
    "IBZ": 0.01694915254237288,
    "KGS": 0.01694915254237288,
    "LCY": 0.01694915254237288,
    "LPA": 0.01694915254237288,
    "MAD": 0.01694915254237288,
    "MLA": 0.01694915254237288,
    "MUC": 0.01694915254237288,
    "NAP": 0.01694915254237288,
    "NCE": 0.01694915254237288,
    "OPO": 0.01694915254237288,
    "PMI": 0.01694915254237288,
    "RAK": 0.01694915254237288,
    "RHO": 0.01694915254237288,
    "SCN": 0.01694915254237288,
    "TFS": 0.01694915254237288,
    "TXL": 0.01694915254237288,
    "VAR": 0.01694915254237288,
    "XRY": 0.01694915254237288,
    "ZRH": 0.01694915254237288,
    "IST": 0.01694915254237288,
    "LGW": 0.01694915254237288,
    "BVC": 0.00847457627118644,
    "CTA": 0.00847457627118644,
    "NBE": 0.00847457627118644,
    "SID": 0.00847457627118644
  },
  "domestic_ratio": 0.0,
  "fleet_mix": {
    "BAW": {
      "A319": 1.0
    },
    "LGL": {
      "B738": 0.5128205128205128,
      "DH8D": 0.48717948717948717
    },
    "SWR": {
      "A320": 1.0
    },
    "AUA": {
      "DH8D": 1.0
    },
    "SAS": {
      "CRJ9": 1.0
    },
    "THY": {
      "B739": 0.5,
      "B738": 0.5
    },
    "TAP": {
      "A319": 0.5,
      "A320": 0.5
    },
    "EZY": {
      "A319": 1.0
    },
    "VLG": {
      "A320": 1.0
    }
  },
  "hourly_profile": [],
  "delay_rate": 0.0,
  "delay_distribution": {},
  "mean_delay_minutes": 0.0,
  "data_source": "openflights",
  "region": "",
  "profile_date": "2026-03-21",
  "sample_size": 118
}