{
  "icao_code": "LWO",
  "iata_code": "LWO",
  "airline_shares": {
    "WAU": 0.5714285714285714,
    "AUI": 0.14285714285714285,
    "LOT": 0.07142857142857142,
    "PGT": 0.07142857142857142,
    "UGX": 0.07142857142857142,
    "THY": 0.07142857142857142
  },
  "domestic_route_shares": {},
  "international_route_shares": {
    "WAW": 0.07142857142857142,
    "SAW": 0.07142857142857142,
    "KBP": 0.07142857142857142,
    "LCA": 0.07142857142857142,
    "VKO": 0.07142857142857142,
    "IST": 0.07142857142857142,
    "BGY": 0.07142857142857142,
    "DTM": 0.07142857142857142,
    "FCO": 0.07142857142857142,
    "GRO": 0.07142857142857142,
    "NAP": 0.07142857142857142,
    "TLV": 0.07142857142857142,
    "TSF": 0.07142857142857142,
    "VLC": 0.07142857142857142
  },
  "domestic_ratio": 0.0,
  "fleet_mix": {
    "LOT": {
      "E190": 0.5,
      "E175": 0.5
    },
    "PGT": {
      "B738": 1.0
    },
    "AUI": {
      "E190": 0.5,
      "B737": 0.5
    },
    "THY": {
      "B738": 0.5,
      "B739": 0.5
    },
    "WAU": {
      "A320": 1.0
    }
  },
  "hourly_profile": [],
  "delay_rate": 0.0,
  "delay_distribution": {},
  "mean_delay_minutes": 0.0,
  "data_source": "openflights",
  "region": "",
  "profile_date": "2026-03-21",
  "sample_size": 28
}