{
  "icao_code": "LXA",
  "iata_code": "LXA",
  "airline_shares": {
    "VEX": 0.3333333333333333,
    "CSC": 0.18518518518518517,
    "CCA": 0.14814814814814814,
    "CES": 0.14814814814814814,
    "CSN": 0.07407407407407407,
    "CXA": 0.037037037037037035,
    "CHB": 0.037037037037037035,
    "CSZ": 0.037037037037037035
  },
  "domestic_route_shares": {
    "CKG": 0.3,
    "CTU": 0.25,
    "XIY": 0.15,
    "XNN": 0.1,
    "PEK": 0.05,
    "KMG": 0.05,
    "INC": 0.05,
    "LHW": 0.05
  },
  "international_route_shares": {
    "GXH": 0.14285714285714285,
    "KTM": 0.14285714285714285,
    "DIG": 0.14285714285714285,
    "BPX": 0.14285714285714285,
    "LZY": 0.14285714285714285,
    "MIG": 0.14285714285714285,
    "NGQ": 0.14285714285714285
  },
  "domestic_ratio": 0.741,
  "fleet_mix": {
    "CSC": {
      "A319": 1.0
    },
    "CCA": {
      "A319": 1.0
    },
    "CSN": {
      "A319": 1.0
    },
    "CXA": {
      "B737": 1.0
    },
    "CES": {
      "A319": 0.5,
      "B737": 0.5
    },
    "CHB": {
      "A319": 0.5,
      "A320": 0.5
    },
    "VEX": {
      "A319": 1.0
    },
    "CSZ": {
      "A319": 1.0
    }
  },
  "hourly_profile": [],
  "delay_rate": 0.0,
  "delay_distribution": {},
  "mean_delay_minutes": 0.0,
  "data_source": "openflights",
  "region": "",
  "profile_date": "2026-03-21",
  "sample_size": 54
}