{
  "icao_code": "LYG",
  "iata_code": "LYG",
  "airline_shares": {
    "CES": 0.35714285714285715,
    "CSN": 0.21428571428571427,
    "EEA": 0.14285714285714285,
    "G5": 0.14285714285714285,
    "CSH": 0.07142857142857142,
    "KN": 0.07142857142857142
  },
  "domestic_route_shares": {
    "DLC": 0.18181818181818182,
    "CAN": 0.09090909090909091,
    "HSN": 0.09090909090909091,
    "CTU": 0.09090909090909091,
    "SHE": 0.09090909090909091,
    "SHA": 0.09090909090909091,
    "FOC": 0.09090909090909091,
    "HGH": 0.09090909090909091,
    "PEK": 0.09090909090909091,
    "WUH": 0.09090909090909091
  },
  "international_route_shares": {
    "XUZ": 0.3333333333333333,
    "NAY": 0.3333333333333333,
    "HKG": 0.3333333333333333
  },
  "domestic_ratio": 0.786,
  "fleet_mix": {
    "CSN": {
      "A320": 0.6666666666666666,
      "B738": 0.3333333333333333
    },
    "EEA": {
      "A319": 1.0
    },
    "CSH": {
      "B738": 0.5,
      "B737": 0.5
    },
    "G5": {
      "CRJ9": 1.0
    },
    "KN": {
      "B737": 1.0
    },
    "CES": {
      "A320": 0.5,
      "A319": 0.5
    }
  },
  "hourly_profile": [],
  "delay_rate": 0.0,
  "delay_distribution": {},
  "mean_delay_minutes": 0.0,
  "data_source": "openflights",
  "region": "",
  "profile_date": "2026-03-21",
  "sample_size": 28
}