{
  "icao_code": "LYS",
  "iata_code": "LYS",
  "airline_shares": {
    "RLA": 0.2062780269058296,
    "EZY": 0.18834080717488788,
    "DAH": 0.08071748878923767,
    "TVF": 0.07174887892376682,
    "AFR": 0.06726457399103139,
    "VLG": 0.03587443946188341,
    "AAF": 0.03587443946188341,
    "AZA": 0.026905829596412557,
    "LBT": 0.026905829596412557,
    "TAR": 0.026905829596412557,
    "RAM": 0.017937219730941704,
    "IBE": 0.017937219730941704,
    "CCM": 0.017937219730941704,
    "3O": 0.008968609865470852,
    "GWI": 0.008968609865470852,
    "AEE": 0.008968609865470852,
    "ADH": 0.008968609865470852,
    "BAW": 0.008968609865470852,
    "BEE": 0.008968609865470852,
    "NTW": 0.008968609865470852,
    "EIN": 0.008968609865470852,
    "UAE": 0.008968609865470852,
    "AMC": 0.008968609865470852,
    "GEC": 0.008968609865470852,
    "SWR": 0.008968609865470852,
    "CTN": 0.008968609865470852,
    "SEU": 0.008968609865470852,
    "DAT": 0.008968609865470852,
    "EZE": 0.008968609865470852,
    "TJT": 0.008968609865470852,
    "THY": 0.008968609865470852,
    "TSC": 0.008968609865470852,
    "SXS": 0.008968609865470852
  },
  "domestic_route_shares": {
    "BES": 0.11428571428571428,
    "BOD": 0.11428571428571428,
    "NCE": 0.11428571428571428,
    "TLS": 0.11428571428571428,
    "BIA": 0.11428571428571428,
    "CDG": 0.08571428571428572,
    "CFE": 0.05714285714285714,
    "LIL": 0.05714285714285714,
    "MPL": 0.05714285714285714,
    "MRS": 0.05714285714285714,
    "SXB": 0.05714285714285714,
    "ORY": 0.05714285714285714
  },
  "international_route_shares": {
    "FCO": 0.03723404255319149,
    "CMN": 0.031914893617021274,
    "BRU": 0.031914893617021274,
    "RAK": 0.031914893617021274,
    "TUN": 0.031914893617021274,
    "SVQ": 0.031914893617021274,
    "NTE": 0.026595744680851064,
    "VCE": 0.026595744680851064,
    "MIR": 0.026595744680851064,
    "ATH": 0.02127659574468085,
    "MXP": 0.02127659574468085,
    "MLA": 0.02127659574468085,
    "ALG": 0.02127659574468085,
    "CZL": 0.02127659574468085,
    "ORN": 0.02127659574468085,
    "QSF": 0.02127659574468085,
    "CTA": 0.02127659574468085,
    "DJE": 0.02127659574468085,
    "AGP": 0.02127659574468085,
    "OPO": 0.02127659574468085,
    "AJA": 0.02127659574468085,
    "BCN": 0.02127659574468085,
    "FLR": 0.015957446808510637,
    "DUS": 0.010638297872340425,
    "BIQ": 0.010638297872340425,
    "BLQ": 0.010638297872340425,
    "CFR": 0.010638297872340425,
    "ETZ": 0.010638297872340425,
    "GOT": 0.010638297872340425,
    "MLH": 0.010638297872340425,
    "PIS": 0.010638297872340425,
    "PRG": 0.010638297872340425,
    "PUF": 0.010638297872340425,
    "RNS": 0.010638297872340425,
    "AMS": 0.010638297872340425,
    "AAE": 0.010638297872340425,
    "BJA": 0.010638297872340425,
    "BLJ": 0.010638297872340425,
    "BSK": 0.010638297872340425,
    "TLM": 0.010638297872340425,
    "LHR": 0.010638297872340425,
    "BHX": 0.010638297872340425,
    "LIG": 0.010638297872340425,
    "DUB": 0.010638297872340425,
    "DXB": 0.010638297872340425,
    "FRA": 0.010638297872340425,
    "ZRH": 0.010638297872340425,
    "SPU": 0.010638297872340425,
    "LRT": 0.010638297872340425,
    "LEH": 0.010638297872340425,
    "IST": 0.010638297872340425,
    "HER": 0.010638297872340425,
    "OUD": 0.010638297872340425,
    "YUL": 0.010638297872340425,
    "AGA": 0.010638297872340425,
    "EDI": 0.010638297872340425,
    "LGW": 0.010638297872340425,
    "LIS": 0.010638297872340425,
    "MAD": 0.010638297872340425,
    "STN": 0.010638297872340425,
    "SXF": 0.010638297872340425,
    "PMI": 0.010638297872340425,
    "ADB": 0.010638297872340425,
    "PUJ": 0.005319148936170213
  },
  "domestic_ratio": 0.157,
  "fleet_mix": {
    "3O": {
      "A320": 1.0
    },
    "GWI": {
      "CRJ9": 1.0
    },
    "AEE": {
      "A320": 1.0
    },
    "RLA": {
      "AT76": 0.34782608695652173,
      "CRJ7": 0.2608695652173913,
      "CRJ9": 0.21739130434782608,
      "E190": 0.08695652173913043,
      "E175": 0.08695652173913043
    },
    "AFR": {
      "A320": 0.47058823529411764,
      "A319": 0.35294117647058826,
      "A318": 0.11764705882352941,
      "AT76": 0.058823529411764705
    },
    "DAH": {
      "B738": 1.0
    },
    "ADH": {
      "A320": 1.0
    },
    "RAM": {
      "B738": 1.0
    },
    "AZA": {
      "A320": 0.5,
      "CRJ9": 0.5
    },
    "BAW": {
      "A319": 1.0
    },
    "BEE": {
      "E175": 1.0
    },
    "LBT": {
      "A320": 0.75,
      "A321": 0.25
    },
    "EIN": {
      "A320": 1.0
    },
    "UAE": {
      "B777": 1.0
    },
    "IBE": {
      "A320": 1.0
    },
    "AMC": {
      "A320": 0.5,
      "A319": 0.5
    },
    "GEC": {
      "A319": 0.5,
      "A321": 0.5
    },
    "CTN": {
      "DH8D": 1.0
    },
    "SEU": {
      "A330": 1.0
    },
    "DAT": {
      "A319": 0.5,
      "A320": 0.5
    },
    "THY": {
      "B738": 0.5,
      "A321": 0.5
    },
    "TVF": {
      "B738": 1.0
    },
    "TAR": {
      "A319": 0.5,
      "A320": 0.5
    },
    "EZY": {
      "A319": 0.9545454545454546,
      "A320": 0.045454545454545456
    },
    "VLG": {
      "A320": 1.0
    },
    "CCM": {
      "A320": 1.0
    },
    "SXS": {
      "B738": 1.0
    },
    "AAF": {
      "A320": 0.8,
      "A319": 0.2
    }
  },
  "hourly_profile": [],
  "delay_rate": 0.0,
  "delay_distribution": {},
  "mean_delay_minutes": 0.0,
  "data_source": "openflights",
  "region": "",
  "profile_date": "2026-03-21",
  "sample_size": 223
}