{
  "icao_code": "MAA",
  "iata_code": "MAA",
  "airline_shares": {
    "SEJ": 0.20118343195266272,
    "AIC": 0.16568047337278108,
    "IGO": 0.15384615384615385,
    "JAI": 0.07100591715976332,
    "AXB": 0.047337278106508875,
    "GUJ": 0.03550295857988166,
    "SVA": 0.03550295857988166,
    "Q2": 0.023668639053254437,
    "REU": 0.023668639053254437,
    "ALK": 0.01775147928994083,
    "AXM": 0.011834319526627219,
    "BAW": 0.011834319526627219,
    "CPA": 0.011834319526627219,
    "UAE": 0.011834319526627219,
    "ETD": 0.011834319526627219,
    "AIQ": 0.011834319526627219,
    "ABY": 0.011834319526627219,
    "GIA": 0.011834319526627219,
    "GBA": 0.011834319526627219,
    "KAC": 0.011834319526627219,
    "GEC": 0.011834319526627219,
    "MAS": 0.011834319526627219,
    "SLK": 0.011834319526627219,
    "MAU": 0.011834319526627219,
    "QTR": 0.011834319526627219,
    "SQC": 0.011834319526627219,
    "THA": 0.011834319526627219,
    "TGW": 0.011834319526627219,
    "OMA": 0.011834319526627219
  },
  "domestic_route_shares": {
    "BOM": 0.1348314606741573,
    "DEL": 0.0898876404494382,
    "TRV": 0.0898876404494382,
    "IXZ": 0.0898876404494382,
    "BLR": 0.07865168539325842,
    "CCU": 0.06741573033707865,
    "COK": 0.06741573033707865,
    "HYD": 0.06741573033707865,
    "PNQ": 0.06741573033707865,
    "GOI": 0.06741573033707865,
    "AMD": 0.0449438202247191,
    "CJB": 0.0449438202247191,
    "VTZ": 0.0449438202247191,
    "TRZ": 0.02247191011235955,
    "CCJ": 0.02247191011235955
  },
  "international_route_shares": {
    "SIN": 0.175,
    "CMB": 0.075,
    "KUL": 0.075,
    "DXB": 0.05,
    "AUH": 0.05,
    "IXM": 0.05,
    "MCT": 0.05,
    "SHJ": 0.05,
    "BKK": 0.05,
    "LHR": 0.025,
    "HKG": 0.025,
    "DMK": 0.025,
    "BAH": 0.025,
    "KWI": 0.025,
    "FRA": 0.025,
    "DAC": 0.025,
    "MLE": 0.025,
    "DOH": 0.025,
    "TCR": 0.025,
    "DMM": 0.025,
    "JED": 0.025,
    "RUH": 0.025,
    "RUN": 0.025,
    "MRU": 0.0125,
    "HRI": 0.0125
  },
  "domestic_ratio": 0.527,
  "fleet_mix": {
    "IGO": {
      "A320": 1.0
    },
    "JAI": {
      "B738": 1.0
    },
    "AIC": {
      "A320": 0.32432432432432434,
      "A319": 0.2972972972972973,
      "A321": 0.21621621621621623,
      "A330": 0.16216216216216217
    },
    "AXM": {
      "A320": 1.0
    },
    "BAW": {
      "B777": 1.0
    },
    "CPA": {
      "A330": 1.0
    },
    "UAE": {
      "B777": 0.75,
      "A330": 0.25
    },
    "ETD": {
      "A321": 0.5,
      "A320": 0.5
    },
    "AIQ": {
      "A320": 1.0
    },
    "GUJ": {
      "A320": 1.0
    },
    "ABY": {
      "A320": 1.0
    },
    "GIA": {
      "B738": 1.0
    },
    "GBA": {
      "A321": 1.0
    },
    "AXB": {
      "B738": 1.0
    },
    "MAS": {
      "B738": 1.0
    },
    "SLK": {
      "A319": 0.5,
      "A320": 0.5
    },
    "MAU": {
      "A330": 1.0
    },
    "Q2": {
      "A320": 1.0
    },
    "QTR": {
      "A330": 1.0
    },
    "SEJ": {
      "B737": 1.0
    },
    "SQC": {
      "A330": 1.0
    },
    "SVA": {
      "A330": 1.0
    },
    "THA": {
      "A330": 1.0
    },
    "TGW": {
      "A320": 1.0
    },
    "ALK": {
      "A320": 0.6,
      "A330": 0.4
    },
    "REU": {
      "B738": 1.0
    },
    "OMA": {
      "B738": 1.0
    }
  },
  "hourly_profile": [],
  "delay_rate": 0.0,
  "delay_distribution": {},
  "mean_delay_minutes": 0.0,
  "data_source": "openflights",
  "region": "",
  "profile_date": "2026-03-21",
  "sample_size": 169
}