{
  "icao_code": "MAH",
  "iata_code": "MAH",
  "airline_shares": {
    "BER": 0.16666666666666666,
    "EXS": 0.16666666666666666,
    "MON": 0.16666666666666666,
    "TVF": 0.13333333333333333,
    "HLX": 0.13333333333333333,
    "RYR": 0.1,
    "HMY": 0.06666666666666667,
    "EZY": 0.03333333333333333,
    "VLG": 0.03333333333333333
  },
  "domestic_route_shares": {
    "BCN": 0.4,
    "PMI": 0.2,
    "VLC": 0.2,
    "IBZ": 0.1,
    "GRO": 0.1
  },
  "international_route_shares": {
    "EMA": 0.12,
    "MAN": 0.12,
    "LGW": 0.12,
    "LBA": 0.08,
    "CGN": 0.04,
    "DUS": 0.04,
    "MUC": 0.04,
    "TXL": 0.04,
    "BRU": 0.04,
    "EDI": 0.04,
    "NCL": 0.04,
    "FRA": 0.04,
    "HAJ": 0.04,
    "HAM": 0.04,
    "STR": 0.04,
    "BHX": 0.04,
    "LTN": 0.04,
    "BRS": 0.02,
    "STN": 0.02
  },
  "domestic_ratio": 0.167,
  "fleet_mix": {
    "BER": {
      "B738": 0.6666666666666666,
      "A320": 0.16666666666666666,
      "A319": 0.16666666666666666
    },
    "RYR": {
      "B738": 1.0
    },
    "HMY": {
      "A320": 0.5,
      "A319": 0.5
    },
    "TVF": {
      "B738": 1.0
    },
    "EZY": {
      "A319": 0.5,
      "A320": 0.5
    },
    "VLG": {
      "A320": 1.0
    },
    "HLX": {
      "B738": 1.0
    },
    "MON": {
      "A321": 0.8,
      "A320": 0.2
    }
  },
  "hourly_profile": [],
  "delay_rate": 0.0,
  "delay_distribution": {},
  "mean_delay_minutes": 0.0,
  "data_source": "openflights",
  "region": "",
  "profile_date": "2026-03-21",
  "sample_size": 60
}