{
  "icao_code": "MAN",
  "iata_code": "MAN",
  "airline_shares": {
    "TVF": 0.14233576642335766,
    "RYR": 0.13138686131386862,
    "EXS": 0.12773722627737227,
    "EZY": 0.11678832116788321,
    "MON": 0.09124087591240876,
    "TOM": 0.06934306569343066,
    "BEE": 0.06204379562043796,
    "TCX": 0.05656934306569343,
    "CFG": 0.016423357664233577,
    "SAS": 0.014598540145985401,
    "USA": 0.014598540145985401,
    "AAL": 0.010948905109489052,
    "NAX": 0.010948905109489052,
    "TSC": 0.010948905109489052,
    "VIR": 0.010948905109489052,
    "PIA": 0.009124087591240875,
    "GWI": 0.0072992700729927005,
    "GEC": 0.0072992700729927005,
    "UAL": 0.005474452554744526,
    "AEE": 0.0036496350364963502,
    "AFR": 0.0036496350364963502,
    "BAW": 0.0036496350364963502,
    "BYE": 0.0036496350364963502,
    "DAL": 0.0036496350364963502,
    "EIN": 0.0036496350364963502,
    "UAE": 0.0036496350364963502,
    "ETD": 0.0036496350364963502,
    "ICE": 0.0036496350364963502,
    "GCO": 0.0036496350364963502,
    "KLM": 0.0036496350364963502,
    "AMC": 0.0036496350364963502,
    "LAA": 0.0036496350364963502,
    "SWR": 0.0036496350364963502,
    "MSR": 0.0036496350364963502,
    "QTR": 0.0036496350364963502,
    "DAT": 0.0036496350364963502,
    "SQC": 0.0036496350364963502,
    "SVA": 0.0036496350364963502,
    "THY": 0.0036496350364963502,
    "TAP": 0.0036496350364963502,
    "TSO": 0.0036496350364963502,
    "KNE": 0.0036496350364963502
  },
  "domestic_route_shares": {
    "LHR": 0.2857142857142857,
    "ABZ": 0.2857142857142857,
    "EDI": 0.14285714285714285,
    "GLA": 0.14285714285714285,
    "BFS": 0.14285714285714285
  },
  "international_route_shares": {
    "PMI": 0.0299625468164794,
    "TFS": 0.028089887640449437,
    "PFO": 0.024344569288389514,
    "ACE": 0.02247191011235955,
    "LPA": 0.02247191011235955,
    "DLM": 0.02247191011235955,
    "FUE": 0.018726591760299626,
    "AGP": 0.018726591760299626,
    "ALC": 0.018726591760299626,
    "LCA": 0.018726591760299626,
    "SSH": 0.018726591760299626,
    "AYT": 0.016853932584269662,
    "IBZ": 0.0149812734082397,
    "FAO": 0.0149812734082397,
    "MLA": 0.0149812734082397,
    "BJV": 0.0149812734082397,
    "VCE": 0.0149812734082397,
    "HRG": 0.0149812734082397,
    "NBE": 0.0149812734082397,
    "CDG": 0.011235955056179775,
    "BCN": 0.011235955056179775,
    "CFU": 0.011235955056179775,
    "REU": 0.011235955056179775,
    "MUC": 0.011235955056179775,
    "DBV": 0.011235955056179775,
    "HER": 0.011235955056179775,
    "MAH": 0.011235955056179775,
    "RHO": 0.011235955056179775,
    "CUN": 0.011235955056179775,
    "AGA": 0.011235955056179775,
    "NAP": 0.011235955056179775,
    "RAK": 0.011235955056179775,
    "JFK": 0.009363295880149813,
    "ZTH": 0.009363295880149813,
    "HAM": 0.00749063670411985,
    "ATH": 0.00749063670411985,
    "ORD": 0.00749063670411985,
    "PHL": 0.00749063670411985,
    "JER": 0.00749063670411985,
    "ARN": 0.00749063670411985,
    "OSL": 0.00749063670411985,
    "DUB": 0.00749063670411985,
    "KEF": 0.00749063670411985,
    "BUD": 0.00749063670411985,
    "LIS": 0.00749063670411985,
    "MJV": 0.00749063670411985,
    "AMS": 0.00749063670411985,
    "FNC": 0.00749063670411985,
    "PRG": 0.00749063670411985,
    "PUY": 0.00749063670411985,
    "DOH": 0.00749063670411985,
    "CPH": 0.00749063670411985,
    "JED": 0.00749063670411985,
    "LAS": 0.00749063670411985,
    "BVC": 0.00749063670411985,
    "CTA": 0.00749063670411985,
    "LEI": 0.00749063670411985,
    "SID": 0.00749063670411985,
    "VRN": 0.00749063670411985,
    "KGS": 0.0056179775280898875,
    "JTR": 0.0056179775280898875,
    "CGN": 0.003745318352059925,
    "BHD": 0.003745318352059925,
    "DUS": 0.003745318352059925,
    "EXT": 0.003745318352059925,
    "HAJ": 0.003745318352059925,
    "INV": 0.003745318352059925,
    "IOM": 0.003745318352059925,
    "MXP": 0.003745318352059925,
    "NOC": 0.003745318352059925,
    "NQY": 0.003745318352059925,
    "NTE": 0.003745318352059925,
    "SOU": 0.003745318352059925,
    "WAT": 0.003745318352059925,
    "ATL": 0.003745318352059925,
    "SVG": 0.003745318352059925,
    "DXB": 0.003745318352059925,
    "AUH": 0.003745318352059925,
    "BGY": 0.003745318352059925,
    "BLQ": 0.003745318352059925,
    "BRE": 0.003745318352059925,
    "BVA": 0.003745318352059925,
    "BZR": 0.003745318352059925,
    "CIA": 0.003745318352059925,
    "CRL": 0.003745318352059925,
    "GDN": 0.003745318352059925,
    "GRO": 0.003745318352059925,
    "KRK": 0.003745318352059925,
    "MAD": 0.003745318352059925,
    "RIX": 0.003745318352059925,
    "RYG": 0.003745318352059925,
    "RZE": 0.003745318352059925,
    "TLL": 0.003745318352059925,
    "TPS": 0.003745318352059925,
    "VLC": 0.003745318352059925,
    "WMI": 0.003745318352059925,
    "ZAD": 0.003745318352059925,
    "GCI": 0.003745318352059925,
    "FRA": 0.003745318352059925,
    "TIP": 0.003745318352059925,
    "FCO": 0.003745318352059925,
    "NCE": 0.003745318352059925,
    "PSA": 0.003745318352059925,
    "SPU": 0.003745318352059925,
    "TLS": 0.003745318352059925,
    "VIE": 0.003745318352059925,
    "ZRH": 0.003745318352059925,
    "CAI": 0.003745318352059925,
    "ISB": 0.003745318352059925,
    "LHE": 0.003745318352059925,
    "BGO": 0.003745318352059925,
    "BRU": 0.003745318352059925,
    "IST": 0.003745318352059925,
    "ADB": 0.003745318352059925,
    "PUJ": 0.003745318352059925,
    "PVK": 0.003745318352059925,
    "YVR": 0.003745318352059925,
    "YYC": 0.003745318352059925,
    "YYZ": 0.003745318352059925,
    "BIO": 0.003745318352059925,
    "BSL": 0.003745318352059925,
    "DME": 0.003745318352059925,
    "GVA": 0.003745318352059925,
    "JMK": 0.003745318352059925,
    "SKG": 0.003745318352059925,
    "SOF": 0.003745318352059925,
    "SXF": 0.003745318352059925,
    "TLV": 0.003745318352059925,
    "EWR": 0.003745318352059925,
    "BGI": 0.003745318352059925,
    "MCO": 0.003745318352059925,
    "GIB": 0.003745318352059925,
    "HOG": 0.0018726591760299626,
    "CCC": 0.0018726591760299626,
    "IAD": 0.0018726591760299626
  },
  "domestic_ratio": 0.026,
  "fleet_mix": {
    "GWI": {
      "A319": 0.5,
      "CRJ9": 0.5
    },
    "AEE": {
      "A320": 1.0
    },
    "AAL": {
      "B767": 0.5,
      "A330": 0.5
    },
    "AFR": {
      "A321": 0.5,
      "A320": 0.5
    },
    "BAW": {
      "A319": 0.3333333333333333,
      "A320": 0.3333333333333333,
      "A321": 0.3333333333333333
    },
    "BEE": {
      "DH8D": 0.5769230769230769,
      "E175": 0.4230769230769231
    },
    "NAX": {
      "B738": 1.0
    },
    "EIN": {
      "A320": 1.0
    },
    "UAE": {
      "B777": 0.5,
      "A380": 0.5
    },
    "ETD": {
      "A330": 0.5,
      "B777": 0.5
    },
    "RYR": {
      "B738": 1.0
    },
    "GCO": {
      "AT76": 1.0
    },
    "KLM": {
      "B737": 1.0
    },
    "AMC": {
      "A320": 1.0
    },
    "GEC": {
      "A319": 0.4,
      "A320": 0.4,
      "A321": 0.2
    },
    "LAA": {
      "A320": 1.0
    },
    "EXS": {
      "B738": 0.7586206896551724,
      "B752": 0.2413793103448276
    },
    "SWR": {
      "A320": 1.0
    },
    "MSR": {
      "B738": 1.0
    },
    "PIA": {
      "B777": 1.0
    },
    "QTR": {
      "A330": 1.0
    },
    "SAS": {
      "B738": 0.3333333333333333,
      "A320": 0.16666666666666666,
      "A321": 0.16666666666666666,
      "A319": 0.16666666666666666,
      "CRJ9": 0.16666666666666666
    },
    "DAT": {
      "A319": 0.5,
      "DH8D": 0.5
    },
    "SQC": {
      "B777": 1.0
    },
    "SVA": {
      "B777": 1.0
    },
    "TCX": {
      "A321": 0.4878048780487805,
      "A330": 0.1951219512195122,
      "B752": 0.17073170731707318,
      "B767": 0.14634146341463414
    },
    "THY": {
      "A321": 1.0
    },
    "TVF": {
      "B738": 0.9491525423728814,
      "B787": 0.05084745762711865
    },
    "TOM": {
      "B738": 0.9583333333333334,
      "B787": 0.041666666666666664
    },