{
  "icao_code": "MAO",
  "iata_code": "MAO",
  "airline_shares": {
    "AZU": 0.36666666666666664,
    "TAM": 0.26666666666666666,
    "SEH": 0.23333333333333334,
    "AAL": 0.03333333333333333,
    "CMP": 0.03333333333333333,
    "USA": 0.03333333333333333,
    "VCV": 0.03333333333333333
  },
  "domestic_route_shares": {
    "BEL": 0.17647058823529413,
    "BVB": 0.17647058823529413,
    "PVH": 0.11764705882352941,
    "BSB": 0.11764705882352941,
    "GIG": 0.11764705882352941,
    "GRU": 0.11764705882352941,
    "CNF": 0.058823529411764705,
    "VCP": 0.058823529411764705,
    "FOR": 0.058823529411764705
  },
  "international_route_shares": {
    "MIA": 0.23076923076923078,
    "STM": 0.23076923076923078,
    "BAZ": 0.07692307692307693,
    "CIZ": 0.07692307692307693,
    "PIN": 0.07692307692307693,
    "TBT": 0.07692307692307693,
    "TFF": 0.07692307692307693,
    "PTY": 0.07692307692307693,
    "PMV": 0.07692307692307693
  },
  "domestic_ratio": 0.567,
  "fleet_mix": {
    "AAL": {
      "B738": 0.5,
      "B767": 0.5
    },
    "AZU": {
      "E190": 0.6,
      "AT76": 0.4
    },
    "CMP": {
      "E190": 1.0
    },
    "SEH": {
      "B738": 0.5789473684210527,
      "B737": 0.42105263157894735
    },
    "TAM": {
      "A320": 0.7,
      "A321": 0.1,
      "B738": 0.1,
      "B767": 0.1
    },
    "USA": {
      "B738": 1.0
    },
    "VCV": {
      "E190": 1.0
    }
  },
  "hourly_profile": [],
  "delay_rate": 0.0,
  "delay_distribution": {},
  "mean_delay_minutes": 0.0,
  "data_source": "openflights",
  "region": "",
  "profile_date": "2026-03-21",
  "sample_size": 60
}