{
  "icao_code": "MBA",
  "iata_code": "MBA",
  "airline_shares": {
    "FFV": 0.17391304347826086,
    "FLT": 0.17391304347826086,
    "CFG": 0.17391304347826086,
    "RWD": 0.17391304347826086,
    "ETH": 0.13043478260869565,
    "KQA": 0.08695652173913043,
    "THY": 0.08695652173913043
  },
  "domestic_route_shares": {
    "NBO": 1.0
  },
  "international_route_shares": {
    "ZNZ": 0.1875,
    "HAH": 0.125,
    "FRA": 0.125,
    "ADD": 0.125,
    "JRO": 0.125,
    "DXB": 0.125,
    "KGL": 0.125,
    "IST": 0.0625
  },
  "domestic_ratio": 0.304,
  "fleet_mix": {
    "FFV": {
      "CRJ9": 1.0
    },
    "FLT": {
      "CRJ9": 1.0
    },
    "CFG": {
      "B767": 1.0
    },
    "ETH": {
      "B738": 1.0
    },
    "KQA": {
      "E190": 1.0
    },
    "THY": {
      "B739": 1.0
    },
    "RWD": {
      "B738": 1.0
    }
  },
  "hourly_profile": [],
  "delay_rate": 0.0,
  "delay_distribution": {},
  "mean_delay_minutes": 0.0,
  "data_source": "openflights",
  "region": "",
  "profile_date": "2026-03-21",
  "sample_size": 23
}