{
  "icao_code": "MBJ",
  "iata_code": "MBJ",
  "airline_shares": {
    "AAL": 0.12345679012345678,
    "USA": 0.12345679012345678,
    "DAL": 0.09876543209876543,
    "TRS": 0.09876543209876543,
    "JBU": 0.07407407407407407,
    "BWA": 0.07407407407407407,
    "UAL": 0.07407407407407407,
    "ACA": 0.06172839506172839,
    "FFT": 0.04938271604938271,
    "WJA": 0.04938271604938271,
    "CFG": 0.037037037037037035,
    "CMP": 0.024691358024691357,
    "CAY": 0.024691358024691357,
    "NKS": 0.024691358024691357,
    "TFL": 0.024691358024691357,
    "VIR": 0.024691358024691357,
    "TSC": 0.012345679012345678
  },
  "domestic_route_shares": {
    "KIN": 1.0
  },
  "international_route_shares": {
    "ORD": 0.07692307692307693,
    "FLL": 0.07692307692307693,
    "JFK": 0.07692307692307693,
    "CLT": 0.05128205128205128,
    "DFW": 0.05128205128205128,
    "MIA": 0.05128205128205128,
    "PHL": 0.05128205128205128,
    "YHZ": 0.05128205128205128,
    "YYZ": 0.05128205128205128,
    "MCO": 0.05128205128205128,
    "ATL": 0.05128205128205128,
    "YUL": 0.02564102564102564,
    "PTY": 0.02564102564102564,
    "FRA": 0.02564102564102564,
    "DTW": 0.02564102564102564,
    "IND": 0.02564102564102564,
    "STL": 0.02564102564102564,
    "BWI": 0.02564102564102564,
    "MDW": 0.02564102564102564,
    "EWR": 0.02564102564102564,
    "IAD": 0.02564102564102564,
    "IAH": 0.02564102564102564,
    "LGW": 0.02564102564102564,
    "HOG": 0.01282051282051282,
    "GCM": 0.01282051282051282,
    "AMS": 0.01282051282051282,
    "PUJ": 0.01282051282051282
  },
  "domestic_ratio": 0.037,
  "fleet_mix": {
    "AAL": {
      "B738": 0.3333333333333333,
      "A319": 0.2222222222222222,
      "A321": 0.2222222222222222,
      "A320": 0.2222222222222222
    },
    "ACA": {
      "A319": 1.0
    },
    "JBU": {
      "A320": 0.6666666666666666,
      "E190": 0.3333333333333333
    },
    "BWA": {
      "B738": 1.0
    },
    "CMP": {
      "B737": 0.3333333333333333,
      "B738": 0.3333333333333333,
      "E190": 0.3333333333333333
    },
    "CFG": {
      "B767": 1.0
    },
    "DAL": {
      "A320": 0.6666666666666666,
      "B738": 0.3333333333333333
    },
    "FFT": {
      "A320": 0.5,
      "A319": 0.5
    },
    "TRS": {
      "B737": 1.0
    },
    "NKS": {
      "A319": 1.0
    },
    "TFL": {
      "B767": 1.0
    },
    "UAL": {
      "B738": 0.75,
      "B739": 0.25
    },
    "USA": {
      "B738": 0.3333333333333333,
      "A319": 0.2222222222222222,
      "A321": 0.2222222222222222,
      "A320": 0.2222222222222222
    },
    "VIR": {
      "B744": 1.0
    },
    "WJA": {
      "B738": 1.0
    }
  },
  "hourly_profile": [],
  "delay_rate": 0.0,
  "delay_distribution": {},
  "mean_delay_minutes": 0.0,
  "data_source": "openflights",
  "region": "",
  "profile_date": "2026-03-21",
  "sample_size": 81
}