{
  "icao_code": "MCI",
  "iata_code": "MCI",
  "airline_shares": {
    "SWA": 0.5454545454545454,
    "DAL": 0.125,
    "USA": 0.09090909090909091,
    "AAL": 0.06818181818181818,
    "FFT": 0.045454545454545456,
    "SQH": 0.045454545454545456,
    "UAL": 0.03409090909090909,
    "ASA": 0.022727272727272728,
    "TRS": 0.022727272727272728
  },
  "domestic_route_shares": {
    "PHX": 0.07317073170731707,
    "ATL": 0.07317073170731707,
    "DEN": 0.07317073170731707,
    "CLT": 0.04878048780487805,
    "DFW": 0.04878048780487805,
    "MSP": 0.04878048780487805,
    "ORD": 0.036585365853658534,
    "SEA": 0.024390243902439025,
    "CVG": 0.024390243902439025,
    "DTW": 0.024390243902439025,
    "SLC": 0.024390243902439025,
    "ABQ": 0.024390243902439025,
    "BNA": 0.024390243902439025,
    "BOS": 0.024390243902439025,
    "BWI": 0.024390243902439025,
    "DAL": 0.024390243902439025,
    "DCA": 0.024390243902439025,
    "FLL": 0.024390243902439025,
    "HOU": 0.024390243902439025,
    "IND": 0.024390243902439025,
    "LAS": 0.024390243902439025,
    "LAX": 0.024390243902439025,
    "MCO": 0.024390243902439025,
    "MDW": 0.024390243902439025,
    "MKE": 0.024390243902439025,
    "MSY": 0.024390243902439025,
    "OAK": 0.024390243902439025,
    "PDX": 0.024390243902439025,
    "SAN": 0.024390243902439025,
    "STL": 0.024390243902439025,
    "TPA": 0.024390243902439025,
    "MEM": 0.012195121951219513
  },
  "international_route_shares": {
    "CUN": 0.3333333333333333,
    "HRO": 0.3333333333333333,
    "SLN": 0.3333333333333333
  },
  "domestic_ratio": 0.932,
  "fleet_mix": {
    "AAL": {
      "A319": 1.0
    },
    "ASA": {
      "B739": 1.0
    },
    "DAL": {
      "A319": 0.6,
      "A320": 0.4
    },
    "FFT": {
      "A319": 0.6666666666666666,
      "A320": 0.3333333333333333
    },
    "UAL": {
      "DH8D": 0.3333333333333333,
      "B737": 0.3333333333333333,
      "B738": 0.3333333333333333
    },
    "USA": {
      "A319": 0.6666666666666666,
      "CRJ7": 0.3333333333333333
    },
    "SWA": {
      "B738": 1.0
    }
  },
  "hourly_profile": [],
  "delay_rate": 0.0,
  "delay_distribution": {},
  "mean_delay_minutes": 0.0,
  "data_source": "openflights",
  "region": "",
  "profile_date": "2026-03-21",
  "sample_size": 88
}