{
  "icao_code": "MCT",
  "iata_code": "MCT",
  "airline_shares": {
    "OMA": 0.455026455026455,
    "PIA": 0.07407407407407407,
    "AIC": 0.042328042328042326,
    "AXB": 0.042328042328042326,
    "JAI": 0.031746031746031744,
    "SAI": 0.026455026455026454,
    "UBD": 0.021164021164021163,
    "IRC": 0.021164021164021163,
    "FDB": 0.021164021164021163,
    "KAC": 0.021164021164021163,
    "SVA": 0.021164021164021163,
    "THY": 0.021164021164021163,
    "ALK": 0.021164021164021163,
    "BBC": 0.015873015873015872,
    "IGO": 0.010582010582010581,
    "BAW": 0.010582010582010581,
    "UAE": 0.010582010582010581,
    "ETH": 0.010582010582010581,
    "ETD": 0.010582010582010581,
    "ABY": 0.010582010582010581,
    "GBA": 0.010582010582010581,
    "KLM": 0.010582010582010581,
    "GEC": 0.010582010582010581,
    "MAS": 0.010582010582010581,
    "MSR": 0.010582010582010581,
    "QTR": 0.010582010582010581,
    "RJA": 0.010582010582010581,
    "SEJ": 0.010582010582010581,
    "THA": 0.010582010582010581,
    "AZA": 0.005291005291005291
  },
  "domestic_route_shares": {
    "SLL": 1.0
  },
  "international_route_shares": {
    "AUH": 0.06417112299465241,
    "BOM": 0.0427807486631016,
    "CGP": 0.03208556149732621,
    "COK": 0.03208556149732621,
    "TRV": 0.03208556149732621,
    "DXB": 0.03208556149732621,
    "BAH": 0.03208556149732621,
    "DOH": 0.03208556149732621,
    "LHE": 0.03208556149732621,
    "KHI": 0.03208556149732621,
    "DEL": 0.0213903743315508,
    "HYD": 0.0213903743315508,
    "MAA": 0.0213903743315508,
    "ADD": 0.0213903743315508,
    "CCJ": 0.0213903743315508,
    "KWI": 0.0213903743315508,
    "KUL": 0.0213903743315508,
    "CAI": 0.0213903743315508,
    "PEW": 0.0213903743315508,
    "ISB": 0.0213903743315508,
    "AMM": 0.0213903743315508,
    "RUH": 0.0213903743315508,
    "IST": 0.0213903743315508,
    "CMB": 0.0213903743315508,
    "ZRH": 0.0213903743315508,
    "DAC": 0.016042780748663103,
    "SKT": 0.016042780748663103,
    "JED": 0.016042780748663103,
    "MED": 0.016042780748663103,
    "SYZ": 0.0106951871657754,
    "ZBR": 0.0106951871657754,
    "DWC": 0.0106951871657754,
    "SHJ": 0.0106951871657754,
    "GWD": 0.0106951871657754,
    "TUK": 0.0106951871657754,
    "AMD": 0.0106951871657754,
    "BEY": 0.0106951871657754,
    "BKK": 0.0106951871657754,
    "BLR": 0.0106951871657754,
    "CDG": 0.0106951871657754,
    "DMM": 0.0106951871657754,
    "FRA": 0.0106951871657754,
    "IKA": 0.0106951871657754,
    "JAI": 0.0106951871657754,
    "KHS": 0.0106951871657754,
    "KTM": 0.0106951871657754,
    "LHR": 0.0106951871657754,
    "LKO": 0.0106951871657754,
    "MLE": 0.0106951871657754,
    "MUC": 0.0106951871657754,
    "MXP": 0.0106951871657754,
    "IXE": 0.0053475935828877,
    "DAR": 0.0053475935828877,
    "ZNZ": 0.0053475935828877
  },
  "domestic_ratio": 0.011,
  "fleet_mix": {
    "IGO": {
      "A320": 1.0
    },
    "JAI": {
      "B738": 1.0
    },
    "AIC": {
      "A320": 0.5,
      "A319": 0.5
    },
    "AZA": {
      "A320": 1.0
    },
    "BAW": {
      "B777": 1.0
    },
    "BBC": {
      "B738": 1.0
    },
    "UAE": {
      "B738": 0.26666666666666666,
      "B777": 0.26666666666666666,
      "A330": 0.13333333333333333,
      "E175": 0.13333333333333333,
      "E190": 0.13333333333333333,
      "B737": 0.06666666666666667
    },
    "ETD": {
      "A320": 1.0
    },
    "FDB": {
      "B738": 1.0
    },
    "ABY": {
      "A320": 1.0
    },
    "GBA": {
      "A320": 1.0
    },
    "AXB": {
      "B738": 1.0
    },
    "KAC": {
      "A320": 1.0
    },
    "GEC": {
      "A330": 1.0
    },
    "MAS": {
      "A330": 1.0
    },
    "MSR": {
      "B738": 1.0
    },
    "SAI": {
      "A320": 0.7142857142857143,
      "A330": 0.2857142857142857
    },
    "PIA": {
      "A320": 0.5,
      "B737": 0.5
    },
    "QTR": {
      "A320": 0.125,
      "E175": 0.125,
      "A321": 0.125,
      "B739": 0.125,
      "A330": 0.125,
      "B787": 0.125,
      "B737": 0.125,
      "B777": 0.125
    },
    "RJA": {
      "B737": 0.5,
      "B739": 0.5
    },
    "SEJ": {
      "B737": 1.0
    },
    "SVA": {
      "E175": 0.6,
      "A320": 0.4
    },
    "THA": {
      "A330": 1.0
    },
    "THY": {
      "A321": 0.3333333333333333,
      "B739": 0.3333333333333333,
      "B738": 0.3333333333333333
    },
    "ALK": {
      "A321": 0.3333333333333333,
      "A320": 0.3333333333333333,
      "A330": 0.3333333333333333
    },
    "OMA": {
      "B738": 0.41333333333333333,
      "A330": 0.24,
      "B737": 0.21333333333333335,
      "E175": 0.12,
      "A321": 0.013333333333333334
    }
  },
  "hourly_profile": [],
  "delay_rate": 0.0,
  "delay_distribution": {},
  "mean_delay_minutes": 0.0,
  "data_source": "openflights",
  "region": "",
  "profile_date": "2026-03-21",
  "sample_size": 189
}