{
  "icao_code": "MDC",
  "iata_code": "MDC",
  "airline_shares": {
    "LNI": 0.35714285714285715,
    "GIA": 0.2857142857142857,
    "SJY": 0.14285714285714285,
    "ITK": 0.07142857142857142,
    "SLK": 0.07142857142857142,
    "QG": 0.07142857142857142
  },
  "domestic_route_shares": {
    "CGK": 0.3,
    "SUB": 0.3,
    "BPN": 0.2,
    "UPG": 0.2
  },
  "international_route_shares": {
    "TTE": 0.75,
    "SIN": 0.25
  },
  "domestic_ratio": 0.714,
  "fleet_mix": {
    "GIA": {
      "B738": 1.0
    },
    "ITK": {
      "B739": 1.0
    },
    "LNI": {
      "B739": 0.75,
      "B738": 0.25
    },
    "SLK": {
      "A320": 1.0
    },
    "QG": {
      "A320": 1.0
    }
  },
  "hourly_profile": [],
  "delay_rate": 0.0,
  "delay_distribution": {},
  "mean_delay_minutes": 0.0,
  "data_source": "openflights",
  "region": "",
  "profile_date": "2026-03-21",
  "sample_size": 28
}