{
  "icao_code": "MDE",
  "iata_code": "MDE",
  "airline_shares": {
    "AVA": 0.6,
    "CMP": 0.1,
    "USA": 0.1,
    "7I": 0.05,
    "AAL": 0.05,
    "JBU": 0.05,
    "NKS": 0.05
  },
  "domestic_route_shares": {
    "BOG": 0.4,
    "BAQ": 0.2,
    "CLO": 0.2,
    "CTG": 0.2
  },
  "international_route_shares": {
    "MIA": 0.2,
    "JFK": 0.13333333333333333,
    "FLL": 0.13333333333333333,
    "CUR": 0.06666666666666667,
    "BGA": 0.06666666666666667,
    "CUC": 0.06666666666666667,
    "LIM": 0.06666666666666667,
    "MAD": 0.06666666666666667,
    "SAL": 0.06666666666666667,
    "SMR": 0.06666666666666667,
    "PTY": 0.06666666666666667
  },
  "domestic_ratio": 0.25,
  "fleet_mix": {
    "AAL": {
      "B738": 1.0
    },
    "AVA": {
      "A320": 0.3333333333333333,
      "A318": 0.2857142857142857,
      "A319": 0.2857142857142857,
      "AT76": 0.047619047619047616,
      "E190": 0.047619047619047616
    },
    "JBU": {
      "A320": 1.0
    },
    "CMP": {
      "B737": 0.36363636363636365,
      "A319": 0.18181818181818182,
      "A320": 0.18181818181818182,
      "E190": 0.18181818181818182,
      "A318": 0.09090909090909091
    },
    "NKS": {
      "A320": 1.0
    },
    "USA": {
      "A319": 0.5,
      "B738": 0.25,
      "A320": 0.25
    }
  },
  "hourly_profile": [],
  "delay_rate": 0.0,
  "delay_distribution": {},
  "mean_delay_minutes": 0.0,
  "data_source": "openflights",
  "region": "",
  "profile_date": "2026-03-21",
  "sample_size": 40
}