{
  "icao_code": "MDW",
  "iata_code": "MDW",
  "airline_shares": {
    "SWA": 0.7898089171974523,
    "TRS": 0.08280254777070063,
    "VOI": 0.050955414012738856,
    "FFT": 0.03821656050955414,
    "DAL": 0.012738853503184714,
    "POE": 0.012738853503184714,
    "SCX": 0.012738853503184714
  },
  "domestic_route_shares": {
    "ATL": 0.048,
    "DEN": 0.032,
    "MCO": 0.032,
    "RSW": 0.032,
    "MSP": 0.032,
    "CLE": 0.024,
    "ABQ": 0.016,
    "ALB": 0.016,
    "AUS": 0.016,
    "BDL": 0.016,
    "BHM": 0.016,
    "BNA": 0.016,
    "BOS": 0.016,
    "BUF": 0.016,
    "BWI": 0.016,
    "CHS": 0.016,
    "CLT": 0.016,
    "CMH": 0.016,
    "DSM": 0.016,
    "DTW": 0.016,
    "EWR": 0.016,
    "FLL": 0.016,
    "HOU": 0.016,
    "IAD": 0.016,
    "JAX": 0.016,
    "LAS": 0.016,
    "LAX": 0.016,
    "LGA": 0.016,
    "MCI": 0.016,
    "MEM": 0.016,
    "MSY": 0.016,
    "OAK": 0.016,
    "OKC": 0.016,
    "OMA": 0.016,
    "ONT": 0.016,
    "ORF": 0.016,
    "PDX": 0.016,
    "PHL": 0.016,
    "PHX": 0.016,
    "PIT": 0.016,
    "PVD": 0.016,
    "RDU": 0.016,
    "RNO": 0.016,
    "ROC": 0.016,
    "SAN": 0.016,
    "SAT": 0.016,
    "SDF": 0.016,
    "SEA": 0.016,
    "SFO": 0.016,
    "SJC": 0.016,
    "SLC": 0.016,
    "SMF": 0.016,
    "STL": 0.016,
    "TPA": 0.016,
    "TUL": 0.016,
    "TUS": 0.016
  },
  "international_route_shares": {
    "ILG": 0.0625,
    "TTN": 0.0625,
    "CUN": 0.0625,
    "MBJ": 0.0625,
    "PUJ": 0.0625,
    "YTZ": 0.0625,
    "BKG": 0.0625,
    "GSP": 0.0625,
    "ICT": 0.0625,
    "JAN": 0.0625,
    "LIT": 0.0625,
    "MHT": 0.0625,
    "BJX": 0.0625,
    "GDL": 0.0625,
    "MLM": 0.0625,
    "ZCL": 0.0625
  },
  "domestic_ratio": 0.796,
  "fleet_mix": {
    "DAL": {
      "A320": 0.5,
      "A319": 0.5
    },
    "FFT": {
      "A319": 0.6666666666666666,
      "A320": 0.3333333333333333
    },
    "TRS": {
      "B737": 1.0
    },
    "POE": {
      "DH8D": 1.0
    },
    "SCX": {
      "B737": 0.5,
      "B738": 0.5
    },
    "SWA": {
      "B738": 1.0
    },
    "VOI": {
      "A319": 1.0
    }
  },
  "hourly_profile": [],
  "delay_rate": 0.0,
  "delay_distribution": {},
  "mean_delay_minutes": 0.0,
  "data_source": "openflights",
  "region": "",
  "profile_date": "2026-03-21",
  "sample_size": 157
}