{
  "icao_code": "MED",
  "iata_code": "MED",
  "airline_shares": {
    "SVA": 0.43617021276595747,
    "KNE": 0.19148936170212766,
    "PIA": 0.0851063829787234,
    "MSR": 0.0425531914893617,
    "UAE": 0.02127659574468085,
    "ETD": 0.02127659574468085,
    "FDB": 0.02127659574468085,
    "ABY": 0.02127659574468085,
    "GBA": 0.02127659574468085,
    "SAI": 0.02127659574468085,
    "QTR": 0.02127659574468085,
    "RJA": 0.02127659574468085,
    "THY": 0.02127659574468085,
    "TAR": 0.02127659574468085,
    "OMA": 0.02127659574468085,
    "MEA": 0.010638297872340425
  },
  "domestic_route_shares": {
    "DMM": 0.2222222222222222,
    "JED": 0.2222222222222222,
    "RUH": 0.2222222222222222,
    "AHB": 0.1111111111111111,
    "ELQ": 0.1111111111111111,
    "TUU": 0.1111111111111111
  },
  "international_route_shares": {
    "DXB": 0.07894736842105263,
    "AMM": 0.06578947368421052,
    "CAI": 0.05263157894736842,
    "MUX": 0.05263157894736842,
    "IST": 0.05263157894736842,
    "AUH": 0.039473684210526314,
    "HBE": 0.039473684210526314,
    "KWI": 0.039473684210526314,
    "MCT": 0.039473684210526314,
    "SHJ": 0.02631578947368421,
    "BAH": 0.02631578947368421,
    "BEY": 0.02631578947368421,
    "ISB": 0.02631578947368421,
    "KHI": 0.02631578947368421,
    "LHE": 0.02631578947368421,
    "DOH": 0.02631578947368421,
    "ULH": 0.02631578947368421,
    "TUN": 0.02631578947368421,
    "GIZ": 0.02631578947368421,
    "HTY": 0.02631578947368421,
    "KRT": 0.02631578947368421,
    "SAW": 0.02631578947368421,
    "ALG": 0.013157894736842105,
    "AWZ": 0.013157894736842105,
    "AZD": 0.013157894736842105,
    "CGK": 0.013157894736842105,
    "GBT": 0.013157894736842105,
    "IFN": 0.013157894736842105,
    "KUL": 0.013157894736842105,
    "ESB": 0.013157894736842105,
    "MHD": 0.013157894736842105,
    "OMH": 0.013157894736842105,
    "ORN": 0.013157894736842105,
    "RAS": 0.013157894736842105,
    "SYZ": 0.013157894736842105,
    "TBZ": 0.013157894736842105,
    "THR": 0.013157894736842105
  },
  "domestic_ratio": 0.191,
  "fleet_mix": {
    "UAE": {
      "A330": 1.0
    },
    "ETD": {
      "A320": 1.0
    },
    "FDB": {
      "B738": 1.0
    },
    "ABY": {
      "A320": 1.0
    },
    "GBA": {
      "A320": 1.0
    },
    "MEA": {
      "A320": 1.0
    },
    "MSR": {
      "B738": 0.5,
      "A330": 0.25,
      "A320": 0.25
    },
    "SAI": {
      "A320": 1.0
    },
    "PIA": {
      "B777": 1.0
    },
    "QTR": {
      "A320": 0.5,
      "A321": 0.5
    },
    "RJA": {
      "A320": 0.5,
      "A321": 0.5
    },
    "SVA": {
      "A320": 0.375,
      "E175": 0.2916666666666667,
      "B777": 0.1875,
      "A321": 0.14583333333333334
    },
    "THY": {
      "A321": 0.5,
      "A330": 0.5
    },
    "TAR": {
      "A320": 1.0
    },
    "OMA": {
      "B737": 0.5,
      "B738": 0.5
    },
    "KNE": {
      "A320": 1.0
    }
  },
  "hourly_profile": [],
  "delay_rate": 0.0,
  "delay_distribution": {},
  "mean_delay_minutes": 0.0,
  "data_source": "openflights",
  "region": "",
  "profile_date": "2026-03-21",
  "sample_size": 94
}