{
  "icao_code": "MEL",
  "iata_code": "MEL",
  "airline_shares": {
    "JST": 0.24193548387096775,
    "QFA": 0.20430107526881722,
    "TGW": 0.10752688172043011,
    "RXA": 0.07526881720430108,
    "VOZ": 0.053763440860215055,
    "UAE": 0.043010752688172046,
    "ANZ": 0.03225806451612903,
    "AIC": 0.021505376344086023,
    "GIA": 0.021505376344086023,
    "CSC": 0.010752688172043012,
    "FIN": 0.010752688172043012,
    "RBA": 0.010752688172043012,
    "CCA": 0.010752688172043012,
    "CPA": 0.010752688172043012,
    "CSN": 0.010752688172043012,
    "XAX": 0.010752688172043012,
    "ETH": 0.010752688172043012,
    "ETD": 0.010752688172043012,
    "FJI": 0.010752688172043012,
    "MAS": 0.010752688172043012,
    "CES": 0.010752688172043012,
    "PAL": 0.010752688172043012,
    "QTR": 0.010752688172043012,
    "SQC": 0.010752688172043012,
    "THA": 0.010752688172043012,
    "UAL": 0.010752688172043012,
    "HVN": 0.010752688172043012,
    "AAL": 0.005376344086021506
  },
  "domestic_route_shares": {
    "SYD": 0.1864406779661017,
    "ADL": 0.1016949152542373,
    "BNE": 0.1016949152542373,
    "CNS": 0.1016949152542373,
    "HBA": 0.1016949152542373,
    "PER": 0.1016949152542373,
    "DRW": 0.06779661016949153,
    "MCY": 0.06779661016949153,
    "OOL": 0.06779661016949153,
    "NTL": 0.03389830508474576,
    "BME": 0.03389830508474576,
    "PHE": 0.03389830508474576
  },
  "international_route_shares": {
    "SIN": 0.07874015748031496,
    "AKL": 0.06299212598425197,
    "HKG": 0.047244094488188976,
    "PVG": 0.047244094488188976,
    "KUL": 0.047244094488188976,
    "DPS": 0.047244094488188976,
    "CHC": 0.047244094488188976,
    "WLG": 0.047244094488188976,
    "DXB": 0.031496062992125984,
    "BKK": 0.031496062992125984,
    "HTI": 0.031496062992125984,
    "ASP": 0.031496062992125984,
    "LAX": 0.031496062992125984,
    "CTU": 0.015748031496062992,
    "DEL": 0.015748031496062992,
    "BWN": 0.015748031496062992,
    "CAN": 0.015748031496062992,
    "AUH": 0.015748031496062992,
    "NAN": 0.015748031496062992,
    "CGK": 0.015748031496062992,
    "BNK": 0.015748031496062992,
    "HKT": 0.015748031496062992,
    "HNL": 0.015748031496062992,
    "LST": 0.015748031496062992,
    "NRT": 0.015748031496062992,
    "TSV": 0.015748031496062992,
    "MNL": 0.015748031496062992,
    "CBR": 0.015748031496062992,
    "KTA": 0.015748031496062992,
    "DOH": 0.015748031496062992,
    "MKY": 0.015748031496062992,
    "SGN": 0.015748031496062992,
    "ABX": 0.015748031496062992,
    "BWT": 0.015748031496062992,
    "KNS": 0.015748031496062992,
    "MGB": 0.015748031496062992,
    "MIM": 0.015748031496062992,
    "MQL": 0.015748031496062992,
    "WGA": 0.015748031496062992,
    "ZQN": 0.007874015748031496
  },
  "domestic_ratio": 0.317,
  "fleet_mix": {
    "AAL": {
      "B737": 1.0
    },
    "AIC": {
      "B787": 1.0
    },
    "FIN": {
      "A330": 1.0
    },
    "RBA": {
      "B787": 1.0
    },
    "CPA": {
      "A330": 1.0
    },
    "CSN": {
      "A330": 1.0
    },
    "UAE": {
      "A380": 0.5,
      "B777": 0.5
    },
    "ETH": {
      "A380": 1.0
    },
    "ETD": {
      "B777": 1.0
    },
    "FJI": {
      "B738": 1.0
    },
    "GIA": {
      "A330": 1.0
    },
    "JST": {
      "A320": 0.5166666666666667,
      "A321": 0.2,
      "A330": 0.18333333333333332,
      "B787": 0.1
    },
    "MAS": {
      "A330": 0.5,
      "B777": 0.5
    },
    "CES": {
      "A330": 1.0
    },
    "ANZ": {
      "A320": 0.75,
      "B777": 0.25
    },
    "QFA": {
      "B738": 0.5833333333333334,
      "A330": 0.25,
      "B767": 0.08333333333333333,
      "A380": 0.08333333333333333
    },
    "QTR": {
      "B777": 1.0
    },
    "SQC": {
      "B777": 0.5,
      "A380": 0.25,
      "A330": 0.25
    },
    "THA": {
      "B777": 1.0
    },
    "TGW": {
      "A320": 1.0
    },
    "UAL": {
      "B777": 1.0
    },
    "VOZ": {
      "B738": 0.5,
      "A320": 0.3333333333333333,
      "B777": 0.16666666666666666
    }
  },
  "hourly_profile": [],
  "delay_rate": 0.0,
  "delay_distribution": {},
  "mean_delay_minutes": 0.0,
  "data_source": "openflights",
  "region": "",
  "profile_date": "2026-03-21",
  "sample_size": 186
}