{
  "icao_code": "MEM",
  "iata_code": "MEM",
  "airline_shares": {
    "DAL": 0.3137254901960784,
    "USA": 0.19607843137254902,
    "SWA": 0.19607843137254902,
    "SQH": 0.13725490196078433,
    "AAL": 0.0784313725490196,
    "FLG": 0.0392156862745098,
    "FFT": 0.0392156862745098
  },
  "domestic_route_shares": {
    "CLT": 0.09090909090909091,
    "DFW": 0.09090909090909091,
    "MCO": 0.09090909090909091,
    "MSY": 0.045454545454545456,
    "ATL": 0.045454545454545456,
    "LAS": 0.045454545454545456,
    "LAX": 0.045454545454545456,
    "MSP": 0.045454545454545456,
    "PIT": 0.045454545454545456,
    "SLC": 0.045454545454545456,
    "DEN": 0.045454545454545456,
    "DCA": 0.045454545454545456,
    "MIA": 0.045454545454545456,
    "ORD": 0.045454545454545456,
    "BWI": 0.045454545454545456,
    "HOU": 0.045454545454545456,
    "MDW": 0.045454545454545456,
    "TPA": 0.045454545454545456,
    "DTW": 0.022727272727272728,
    "MCI": 0.022727272727272728
  },
  "international_route_shares": {
    "HOT": 0.2857142857142857,
    "HRO": 0.2857142857142857,
    "MKL": 0.2857142857142857,
    "ELD": 0.14285714285714285
  },
  "domestic_ratio": 0.863,
  "fleet_mix": {
    "FLG": {
      "CRJ9": 1.0
    },
    "AAL": {
      "A319": 0.8,
      "CRJ7": 0.2
    },
    "DAL": {
      "A320": 0.6,
      "A319": 0.2,
      "B738": 0.2
    },
    "FFT": {
      "A319": 1.0
    },
    "USA": {
      "A319": 0.4444444444444444,
      "CRJ7": 0.3333333333333333,
      "CRJ9": 0.2222222222222222
    }
  },
  "hourly_profile": [],
  "delay_rate": 0.0,
  "delay_distribution": {},
  "mean_delay_minutes": 0.0,
  "data_source": "openflights",
  "region": "",
  "profile_date": "2026-03-21",
  "sample_size": 51
}