{
  "icao_code": "MFM",
  "iata_code": "MFM",
  "airline_shares": {
    "AMU": 0.36619718309859156,
    "CCA": 0.2112676056338028,
    "CXA": 0.056338028169014086,
    "CSN": 0.04225352112676056,
    "TNA": 0.04225352112676056,
    "CEB": 0.028169014084507043,
    "EVA": 0.028169014084507043,
    "AIQ": 0.028169014084507043,
    "CES": 0.028169014084507043,
    "9C": 0.014084507042253521,
    "AXM": 0.014084507042253521,
    "ABL": 0.014084507042253521,
    "CSH": 0.014084507042253521,
    "DKH": 0.014084507042253521,
    "JNA": 0.014084507042253521,
    "OZR": 0.014084507042253521,
    "PAL": 0.014084507042253521,
    "THA": 0.014084507042253521,
    "TGW": 0.014084507042253521,
    "Z2": 0.014084507042253521,
    "CSZ": 0.014084507042253521
  },
  "domestic_route_shares": {},
  "international_route_shares": {
    "PVG": 0.07042253521126761,
    "XMN": 0.056338028169014086,
    "MNL": 0.04225352112676056,
    "TPE": 0.04225352112676056,
    "HGH": 0.04225352112676056,
    "SHA": 0.04225352112676056,
    "ICN": 0.04225352112676056,
    "RMQ": 0.028169014084507043,
    "PUS": 0.028169014084507043,
    "CGO": 0.028169014084507043,
    "CKG": 0.028169014084507043,
    "CTU": 0.028169014084507043,
    "HFE": 0.028169014084507043,
    "NGB": 0.028169014084507043,
    "NKG": 0.028169014084507043,
    "NNG": 0.028169014084507043,
    "PEK": 0.028169014084507043,
    "SHE": 0.028169014084507043,
    "TYN": 0.028169014084507043,
    "FOC": 0.028169014084507043,
    "JJN": 0.028169014084507043,
    "KHH": 0.028169014084507043,
    "BKK": 0.028169014084507043,
    "CRK": 0.014084507042253521,
    "KUL": 0.014084507042253521,
    "WUH": 0.014084507042253521,
    "CNX": 0.014084507042253521,
    "DMK": 0.014084507042253521,
    "KMG": 0.014084507042253521,
    "DAD": 0.014084507042253521,
    "FUK": 0.014084507042253521,
    "HAN": 0.014084507042253521,
    "KIX": 0.014084507042253521,
    "MWX": 0.014084507042253521,
    "NRT": 0.014084507042253521,
    "OKJ": 0.014084507042253521,
    "SIN": 0.014084507042253521,
    "WUX": 0.014084507042253521
  },
  "domestic_ratio": 0.0,
  "fleet_mix": {
    "CEB": {
      "A319": 1.0
    },
    "9C": {
      "A320": 1.0
    },
    "AXM": {
      "A320": 1.0
    },
    "EVA": {
      "A321": 0.25,
      "B777": 0.25,
      "B744": 0.25,
      "A330": 0.25
    },
    "ABL": {
      "A321": 1.0
    },
    "CCA": {
      "A320": 0.3548387096774194,
      "A319": 0.3548387096774194,
      "A321": 0.2903225806451613
    },
    "CSN": {
      "B738": 1.0
    },
    "AIQ": {
      "A320": 1.0
    },
    "CSH": {
      "B738": 1.0
    },
    "TNA": {
      "A320": 0.75,
      "A321": 0.25
    },
    "DKH": {
      "A320": 1.0
    },
    "JNA": {
      "B738": 1.0
    },
    "CXA": {
      "B738": 1.0
    },
    "CES": {
      "B737": 0.5,
      "A321": 0.5
    },
    "AMU": {
      "A319": 0.35353535353535354,
      "A320": 0.3434343434343434,
      "A321": 0.30303030303030304
    },
    "OZR": {
      "A321": 1.0
    },
    "PAL": {
      "A320": 1.0
    },
    "THA": {
      "A320": 1.0
    },
    "TGW": {
      "A320": 1.0
    },
    "Z2": {
      "A320": 1.0
    },
    "CSZ": {
      "B738": 1.0
    }
  },
  "hourly_profile": [],
  "delay_rate": 0.0,
  "delay_distribution": {},
  "mean_delay_minutes": 0.0,
  "data_source": "openflights",
  "region": "",
  "profile_date": "2026-03-21",
  "sample_size": 142
}