{
  "icao_code": "MGA",
  "iata_code": "MGA",
  "airline_shares": {
    "CMP": 0.25,
    "TAT": 0.16666666666666666,
    "ICL": 0.08333333333333333,
    "AAL": 0.08333333333333333,
    "DAL": 0.08333333333333333,
    "NKS": 0.08333333333333333,
    "UAL": 0.08333333333333333,
    "USA": 0.08333333333333333,
    "VCV": 0.08333333333333333
  },
  "domestic_route_shares": {},
  "international_route_shares": {
    "MIA": 0.25,
    "SJO": 0.16666666666666666,
    "PTY": 0.16666666666666666,
    "GUA": 0.08333333333333333,
    "ATL": 0.08333333333333333,
    "FLL": 0.08333333333333333,
    "SAL": 0.08333333333333333,
    "IAH": 0.08333333333333333
  },
  "domestic_ratio": 0.0,
  "fleet_mix": {
    "AAL": {
      "B738": 1.0
    },
    "CMP": {
      "E190": 0.6,
      "B737": 0.4
    },
    "DAL": {
      "A319": 0.5,
      "A320": 0.5
    },
    "NKS": {
      "A320": 1.0
    },
    "TAT": {
      "E190": 0.3333333333333333,
      "A320": 0.3333333333333333,
      "A319": 0.3333333333333333
    },
    "UAL": {
      "B738": 0.5,
      "B739": 0.5
    },
    "USA": {
      "B738": 0.25,
      "E190": 0.25,
      "A320": 0.25,
      "A319": 0.25
    },
    "VCV": {
      "CRJ9": 1.0
    }
  },
  "hourly_profile": [],
  "delay_rate": 0.0,
  "delay_distribution": {},
  "mean_delay_minutes": 0.0,
  "data_source": "openflights",
  "region": "",
  "profile_date": "2026-03-21",
  "sample_size": 24
}