{
  "icao_code": "MHD",
  "iata_code": "MHD",
  "airline_shares": {
    "IRC": 0.3359375,
    "IRA": 0.296875,
    "BGD": 0.203125,
    "SVA": 0.03125,
    "IRK": 0.0234375,
    "ABY": 0.015625,
    "GBA": 0.015625,
    "JZR": 0.015625,
    "SAI": 0.015625,
    "PIA": 0.015625,
    "QTR": 0.015625,
    "THY": 0.015625
  },
  "domestic_route_shares": {
    "THR": 0.1702127659574468,
    "AWZ": 0.1276595744680851,
    "IFN": 0.1276595744680851,
    "SYZ": 0.1276595744680851,
    "ZAH": 0.1276595744680851,
    "ABD": 0.0851063829787234,
    "BND": 0.0851063829787234,
    "GSM": 0.0851063829787234,
    "XBJ": 0.0425531914893617,
    "KIH": 0.02127659574468085
  },
  "international_route_shares": {
    "AZD": 0.07407407407407407,
    "RAS": 0.07407407407407407,
    "TBZ": 0.07407407407407407,
    "KWI": 0.07407407407407407,
    "KSH": 0.04938271604938271,
    "SRY": 0.04938271604938271,
    "BAH": 0.04938271604938271,
    "DMM": 0.04938271604938271,
    "ACZ": 0.024691358024691357,
    "BUZ": 0.024691358024691357,
    "DXB": 0.024691358024691357,
    "DYU": 0.024691358024691357,
    "GBT": 0.024691358024691357,
    "HDM": 0.024691358024691357,
    "HEA": 0.024691358024691357,
    "KBL": 0.024691358024691357,
    "KDH": 0.024691358024691357,
    "NSH": 0.024691358024691357,
    "RZR": 0.024691358024691357,
    "ZBR": 0.024691358024691357,
    "SHJ": 0.024691358024691357,
    "ADU": 0.024691358024691357,
    "BEY": 0.024691358024691357,
    "LHE": 0.024691358024691357,
    "UET": 0.024691358024691357,
    "DOH": 0.024691358024691357,
    "IST": 0.024691358024691357,
    "MZR": 0.012345679012345678,
    "JED": 0.012345679012345678,
    "MED": 0.012345679012345678
  },
  "domestic_ratio": 0.367,
  "fleet_mix": {
    "IRC": {
      "AT76": 1.0
    },
    "ABY": {
      "A320": 1.0
    },
    "GBA": {
      "A320": 1.0
    },
    "IRA": {
      "A320": 1.0
    },
    "JZR": {
      "A320": 1.0
    },
    "SAI": {
      "A320": 1.0
    },
    "PIA": {
      "B737": 1.0
    },
    "QTR": {
      "A320": 1.0
    },
    "SVA": {
      "A320": 1.0
    },
    "THY": {
      "A319": 1.0
    }
  },
  "hourly_profile": [],
  "delay_rate": 0.0,
  "delay_distribution": {},
  "mean_delay_minutes": 0.0,
  "data_source": "openflights",
  "region": "",
  "profile_date": "2026-03-21",
  "sample_size": 128
}