{
  "icao_code": "MID",
  "iata_code": "MID",
  "airline_shares": {
    "VOI": 0.21428571428571427,
    "ZTF": 0.14285714285714285,
    "AMX": 0.14285714285714285,
    "DAL": 0.14285714285714285,
    "VB": 0.14285714285714285,
    "4O": 0.07142857142857142,
    "N78": 0.07142857142857142,
    "UAL": 0.07142857142857142
  },
  "domestic_route_shares": {
    "MEX": 0.36363636363636365,
    "VSA": 0.18181818181818182,
    "GDL": 0.18181818181818182,
    "MTY": 0.18181818181818182,
    "CUN": 0.09090909090909091
  },
  "international_route_shares": {
    "BZE": 0.3333333333333333,
    "MIA": 0.3333333333333333,
    "IAH": 0.3333333333333333
  },
  "domestic_ratio": 0.786,
  "fleet_mix": {
    "4O": {
      "A320": 1.0
    },
    "AMX": {
      "B737": 0.3333333333333333,
      "E175": 0.3333333333333333,
      "AT76": 0.3333333333333333
    },
    "DAL": {
      "B737": 1.0
    },
    "UAL": {
      "B737": 0.6666666666666666,
      "B738": 0.3333333333333333
    },
    "VOI": {
      "A320": 0.6666666666666666,
      "A319": 0.3333333333333333
    }
  },
  "hourly_profile": [],
  "delay_rate": 0.0,
  "delay_distribution": {},
  "mean_delay_minutes": 0.0,
  "data_source": "openflights",
  "region": "",
  "profile_date": "2026-03-21",
  "sample_size": 28
}