{
  "icao_code": "MKE",
  "iata_code": "MKE",
  "airline_shares": {
    "SWA": 0.5573770491803278,
    "DAL": 0.16393442622950818,
    "TRS": 0.09836065573770492,
    "USA": 0.08196721311475409,
    "AAL": 0.06557377049180328,
    "FFT": 0.03278688524590164
  },
  "domestic_route_shares": {
    "PHX": 0.1016949152542373,
    "DFW": 0.06779661016949153,
    "ATL": 0.06779661016949153,
    "LGA": 0.06779661016949153,
    "MCO": 0.06779661016949153,
    "MSP": 0.06779661016949153,
    "DEN": 0.06779661016949153,
    "DTW": 0.03389830508474576,
    "DCA": 0.03389830508474576,
    "BOS": 0.03389830508474576,
    "BWI": 0.03389830508474576,
    "FLL": 0.03389830508474576,
    "LAS": 0.03389830508474576,
    "LAX": 0.03389830508474576,
    "MCI": 0.03389830508474576,
    "MSY": 0.03389830508474576,
    "RSW": 0.03389830508474576,
    "SEA": 0.03389830508474576,
    "SFO": 0.03389830508474576,
    "STL": 0.03389830508474576,
    "TPA": 0.03389830508474576,
    "CLT": 0.01694915254237288
  },
  "international_route_shares": {
    "CUN": 1.0
  },
  "domestic_ratio": 0.967,
  "fleet_mix": {
    "AAL": {
      "A319": 0.6666666666666666,
      "A320": 0.3333333333333333
    },
    "DAL": {
      "A320": 0.4444444444444444,
      "A319": 0.3333333333333333,
      "CRJ7": 0.2222222222222222
    },
    "FFT": {
      "A319": 0.5,
      "A320": 0.5
    },
    "TRS": {
      "B737": 1.0
    },
    "USA": {
      "A319": 0.5,
      "CRJ7": 0.25,
      "A320": 0.25
    },
    "SWA": {
      "B738": 1.0
    }
  },
  "hourly_profile": [],
  "delay_rate": 0.0,
  "delay_distribution": {},
  "mean_delay_minutes": 0.0,
  "data_source": "openflights",
  "region": "",
  "profile_date": "2026-03-21",
  "sample_size": 61
}