{
  "icao_code": "MLA",
  "iata_code": "MLA",
  "airline_shares": {
    "AMC": 0.3781094527363184,
    "RYR": 0.27860696517412936,
    "AFR": 0.03980099502487562,
    "EZY": 0.03980099502487562,
    "TVF": 0.029850746268656716,
    "NAX": 0.01990049751243781,
    "UAE": 0.01990049751243781,
    "GEC": 0.01990049751243781,
    "TRA": 0.014925373134328358,
    "BER": 0.009950248756218905,
    "AZA": 0.009950248756218905,
    "BAW": 0.009950248756218905,
    "BTI": 0.009950248756218905,
    "NLY": 0.009950248756218905,
    "LGL": 0.009950248756218905,
    "LAA": 0.009950248756218905,
    "SAS": 0.009950248756218905,
    "AFL": 0.009950248756218905,
    "TCX": 0.009950248756218905,
    "THY": 0.009950248756218905,
    "TOM": 0.009950248756218905,
    "TUI": 0.009950248756218905,
    "VLG": 0.009950248756218905,
    "WZZ": 0.009950248756218905,
    "MON": 0.009950248756218905
  },
  "domestic_route_shares": {},
  "international_route_shares": {
    "LGW": 0.03980099502487562,
    "MAN": 0.03980099502487562,
    "VIE": 0.029850746268656716,
    "ORY": 0.029850746268656716,
    "TIP": 0.024875621890547265,
    "CDG": 0.01990049751243781,
    "LYS": 0.01990049751243781,
    "FCO": 0.01990049751243781,
    "BHX": 0.01990049751243781,
    "BRS": 0.01990049751243781,
    "MRS": 0.01990049751243781,
    "AMS": 0.01990049751243781,
    "BUD": 0.01990049751243781,
    "FRA": 0.01990049751243781,
    "IST": 0.01990049751243781,
    "MUC": 0.01990049751243781,
    "NCL": 0.01990049751243781,
    "SVO": 0.01990049751243781,
    "TLS": 0.009950248756218905,
    "RIX": 0.009950248756218905,
    "CPH": 0.009950248756218905,
    "OSL": 0.009950248756218905,
    "LCA": 0.009950248756218905,
    "BGY": 0.009950248756218905,
    "BLL": 0.009950248756218905,
    "BLQ": 0.009950248756218905,
    "BOH": 0.009950248756218905,
    "BRI": 0.009950248756218905,
    "DUB": 0.009950248756218905,
    "EDI": 0.009950248756218905,
    "EIN": 0.009950248756218905,
    "GRO": 0.009950248756218905,
    "GSE": 0.009950248756218905,
    "KRK": 0.009950248756218905,
    "KUN": 0.009950248756218905,
    "LBA": 0.009950248756218905,
    "LPL": 0.009950248756218905,
    "LTN": 0.009950248756218905,
    "MAD": 0.009950248756218905,
    "NYO": 0.009950248756218905,
    "PIK": 0.009950248756218905,
    "PSA": 0.009950248756218905,
    "RYG": 0.009950248756218905,
    "STN": 0.009950248756218905,
    "TPS": 0.009950248756218905,
    "TRN": 0.009950248756218905,
    "TSF": 0.009950248756218905,
    "WRO": 0.009950248756218905,
    "ALG": 0.009950248756218905,
    "ATH": 0.009950248756218905,
    "BEN": 0.009950248756218905,
    "BRU": 0.009950248756218905,
    "CTA": 0.009950248756218905,
    "CWL": 0.009950248756218905,
    "DME": 0.009950248756218905,
    "DUS": 0.009950248756218905,
    "EXT": 0.009950248756218905,
    "GLA": 0.009950248756218905,
    "GVA": 0.009950248756218905,
    "HAM": 0.009950248756218905,
    "LED": 0.009950248756218905,
    "LHR": 0.009950248756218905,
    "LIN": 0.009950248756218905,
    "NWI": 0.009950248756218905,
    "PRG": 0.009950248756218905,
    "SAW": 0.009950248756218905,
    "TXL": 0.009950248756218905,
    "ZRH": 0.009950248756218905,
    "LUX": 0.009950248756218905,
    "ARN": 0.009950248756218905,
    "NTE": 0.009950248756218905,
    "BFS": 0.009950248756218905,
    "TUN": 0.009950248756218905,
    "BCN": 0.009950248756218905,
    "EMA": 0.009950248756218905,
    "DXB": 0.004975124378109453,
    "NBE": 0.004975124378109453
  },
  "domestic_ratio": 0.0,
  "fleet_mix": {
    "BER": {
      "E190": 1.0
    },
    "AFR": {
      "A320": 0.5714285714285714,
      "A319": 0.42857142857142855
    },
    "AZA": {
      "A320": 1.0
    },
    "BAW": {
      "A319": 1.0
    },
    "NAX": {
      "B738": 1.0
    },
    "UAE": {
      "B777": 1.0
    },
    "RYR": {
      "B738": 1.0
    },
    "NLY": {
      "E190": 1.0
    },
    "TRA": {
      "B738": 1.0
    },
    "AMC": {
      "A320": 0.6,
      "A319": 0.38181818181818183,
      "B737": 0.01818181818181818
    },
    "GEC": {
      "A321": 0.3333333333333333,
      "A319": 0.3333333333333333,
      "A320": 0.3333333333333333
    },
    "LAA": {
      "A320": 1.0
    },
    "SAS": {
      "B738": 1.0
    },
    "AFL": {
      "A319": 1.0
    },
    "TCX": {
      "A321": 1.0
    },
    "THY": {
      "A319": 0.5,
      "B738": 0.5
    },
    "TVF": {
      "B738": 1.0
    },
    "TOM": {
      "B738": 1.0
    },
    "EZY": {
      "A319": 0.5,
      "A320": 0.5
    },
    "TUI": {
      "AT76": 1.0
    },
    "VLG": {
      "A320": 1.0
    },
    "WZZ": {
      "A320": 1.0
    },
    "MON": {
      "A321": 1.0
    }
  },
  "hourly_profile": [],
  "delay_rate": 0.0,
  "delay_distribution": {},
  "mean_delay_minutes": 0.0,
  "data_source": "openflights",
  "region": "",
  "profile_date": "2026-03-21",
  "sample_size": 201
}