{
  "icao_code": "MLE",
  "iata_code": "MLE",
  "airline_shares": {
    "Q2": 0.23684210526315788,
    "BAW": 0.05263157894736842,
    "UAE": 0.05263157894736842,
    "LBC": 0.05263157894736842,
    "THY": 0.05263157894736842,
    "ALK": 0.039473684210526314,
    "AIC": 0.02631578947368421,
    "CPA": 0.02631578947368421,
    "CSN": 0.02631578947368421,
    "CFG": 0.02631578947368421,
    "ETD": 0.02631578947368421,
    "FDB": 0.02631578947368421,
    "CHH": 0.02631578947368421,
    "HDA": 0.02631578947368421,
    "KAL": 0.02631578947368421,
    "MAS": 0.02631578947368421,
    "CES": 0.02631578947368421,
    "BKP": 0.02631578947368421,
    "QTR": 0.02631578947368421,
    "SEJ": 0.02631578947368421,
    "SQC": 0.02631578947368421,
    "AFL": 0.02631578947368421,
    "TGW": 0.02631578947368421,
    "TSO": 0.02631578947368421,
    "OMA": 0.02631578947368421,
    "ISS": 0.013157894736842105
  },
  "domestic_route_shares": {
    "GAN": 1.0
  },
  "international_route_shares": {
    "CMB": 0.1891891891891892,
    "TRV": 0.05405405405405406,
    "HKG": 0.05405405405405406,
    "PEK": 0.05405405405405406,
    "SIN": 0.05405405405405406,
    "LGW": 0.02702702702702703,
    "CAN": 0.02702702702702703,
    "FRA": 0.02702702702702703,
    "DXB": 0.02702702702702703,
    "AUH": 0.02702702702702703,
    "DWC": 0.02702702702702703,
    "PVG": 0.02702702702702703,
    "KUL": 0.02702702702702703,
    "BKK": 0.02702702702702703,
    "DRV": 0.02702702702702703,
    "FVM": 0.02702702702702703,
    "GKK": 0.02702702702702703,
    "KDM": 0.02702702702702703,
    "KDO": 0.02702702702702703,
    "MAA": 0.02702702702702703,
    "DOH": 0.02702702702702703,
    "COK": 0.02702702702702703,
    "SVO": 0.02702702702702703,
    "IST": 0.02702702702702703,
    "VKO": 0.02702702702702703,
    "MCT": 0.02702702702702703,
    "MXP": 0.013513513513513514,
    "HRI": 0.013513513513513514
  },
  "domestic_ratio": 0.026,
  "fleet_mix": {
    "AIC": {
      "A320": 1.0
    },
    "BAW": {
      "B777": 1.0
    },
    "CPA": {
      "A330": 1.0
    },
    "CSN": {
      "B777": 1.0
    },
    "CFG": {
      "B767": 1.0
    },
    "UAE": {
      "B777": 1.0
    },
    "ETD": {
      "A320": 1.0
    },
    "FDB": {
      "B738": 1.0
    },
    "CHH": {
      "B767": 1.0
    },
    "ISS": {
      "B767": 1.0
    },
    "HDA": {
      "A330": 1.0
    },
    "KAL": {
      "A330": 1.0
    },
    "LBC": {
      "B767": 1.0
    },
    "MAS": {
      "B738": 1.0
    },
    "CES": {
      "B737": 1.0
    },
    "BKP": {
      "A319": 1.0
    },
    "Q2": {
      "A320": 1.0
    },
    "QTR": {
      "A320": 1.0
    },
    "SQC": {
      "A330": 1.0
    },
    "AFL": {
      "A330": 1.0
    },
    "TGW": {
      "A320": 1.0
    },
    "ALK": {
      "A320": 0.6,
      "A330": 0.4
    },
    "TSO": {
      "B767": 1.0
    },
    "OMA": {
      "A330": 0.5,
      "B738": 0.5
    }
  },
  "hourly_profile": [],
  "delay_rate": 0.0,
  "delay_distribution": {},
  "mean_delay_minutes": 0.0,
  "data_source": "openflights",
  "region": "",
  "profile_date": "2026-03-21",
  "sample_size": 76
}