{
  "icao_code": "MMMX",
  "iata_code": "MEX",
  "airline_shares": {
    "AMX": 0.26582278481012656,
    "4O": 0.20759493670886076,
    "VOI": 0.11139240506329114,
    "TAO": 0.09113924050632911,
    "DAL": 0.07848101265822785,
    "VB": 0.04050632911392405,
    "UAL": 0.035443037974683546,
    "AAL": 0.02531645569620253,
    "AVA": 0.02531645569620253,
    "USA": 0.02531645569620253,
    "ACA": 0.010126582278481013,
    "TRS": 0.010126582278481013,
    "GEC": 0.010126582278481013,
    "AFR": 0.007594936708860759,
    "LAN": 0.007594936708860759,
    "ASA": 0.005063291139240506,
    "BAW": 0.005063291139240506,
    "CCA": 0.005063291139240506,
    "CMP": 0.005063291139240506,
    "CUB": 0.005063291139240506,
    "IBE": 0.005063291139240506,
    "TAM": 0.005063291139240506,
    "KLM": 0.005063291139240506,
    "AEA": 0.005063291139240506,
    "QTR": 0.002531645569620253
  },
  "domestic_route_shares": {
    "CUN": 0.06611570247933884,
    "GDL": 0.06611570247933884,
    "MID": 0.06611570247933884,
    "MTY": 0.06611570247933884,
    "MZT": 0.06611570247933884,
    "PVR": 0.06611570247933884,
    "ACA": 0.05785123966942149,
    "HMO": 0.05785123966942149,
    "CJS": 0.049586776859504134,
    "CUL": 0.049586776859504134,
    "CUU": 0.049586776859504134,
    "SJD": 0.049586776859504134,
    "TIJ": 0.049586776859504134,
    "VER": 0.049586776859504134,
    "VSA": 0.04132231404958678,
    "OAX": 0.03305785123966942,
    "ZIH": 0.03305785123966942,
    "AGU": 0.01652892561983471,
    "CZM": 0.01652892561983471,
    "HUX": 0.01652892561983471,
    "BJX": 0.01652892561983471,
    "MLM": 0.01652892561983471
  },
  "international_route_shares": {
    "ORD": 0.043795620437956206,
    "MIA": 0.0364963503649635,
    "LAX": 0.0364963503649635,
    "IAH": 0.029197080291970802,
    "BOG": 0.021897810218978103,
    "HAV": 0.021897810218978103,
    "JFK": 0.021897810218978103,
    "REX": 0.021897810218978103,
    "SAT": 0.021897810218978103,
    "SJO": 0.021897810218978103,
    "TGZ": 0.021897810218978103,
    "TRC": 0.021897810218978103,
    "DFW": 0.021897810218978103,
    "PHX": 0.021897810218978103,
    "IAD": 0.021897810218978103,
    "LAS": 0.021897810218978103,
    "MAD": 0.021897810218978103,
    "MCO": 0.021897810218978103,
    "PXM": 0.021897810218978103,
    "SFO": 0.021897810218978103,
    "LIM": 0.01824817518248175,
    "CME": 0.014598540145985401,
    "LAP": 0.014598540145985401,
    "SNA": 0.014598540145985401,
    "ZLO": 0.014598540145985401,
    "CLT": 0.014598540145985401,
    "YYZ": 0.014598540145985401,
    "CDG": 0.014598540145985401,
    "ATL": 0.014598540145985401,
    "CLQ": 0.014598540145985401,
    "CVM": 0.014598540145985401,
    "GRU": 0.014598540145985401,
    "JAL": 0.014598540145985401,
    "LHR": 0.014598540145985401,
    "LZC": 0.014598540145985401,
    "MXL": 0.014598540145985401,
    "PDS": 0.014598540145985401,
    "SCL": 0.014598540145985401,
    "TPQ": 0.014598540145985401,
    "DEN": 0.014598540145985401,
    "CEN": 0.0072992700729927005,
    "CPE": 0.0072992700729927005,
    "CTM": 0.0072992700729927005,
    "GUA": 0.0072992700729927005,
    "MTT": 0.0072992700729927005,
    "PQM": 0.0072992700729927005,
    "TAM": 0.0072992700729927005,
    "ZCL": 0.0072992700729927005,
    "YVR": 0.0072992700729927005,
    "CCS": 0.0072992700729927005,
    "EZE": 0.0072992700729927005,
    "TAP": 0.0072992700729927005,
    "UIO": 0.0072992700729927005,
    "YUL": 0.0072992700729927005,
    "SAL": 0.0072992700729927005,
    "PTY": 0.0072992700729927005,
    "DTW": 0.0072992700729927005,
    "AMS": 0.0072992700729927005,
    "FRA": 0.0072992700729927005,
    "MUC": 0.0072992700729927005,
    "EWR": 0.0072992700729927005,
    "AUS": 0.0072992700729927005,
    "DGO": 0.0072992700729927005,
    "MAM": 0.0072992700729927005,
    "MFE": 0.0072992700729927005,
    "PAZ": 0.0072992700729927005,
    "SLP": 0.0072992700729927005,
    "SAN": 0.0072992700729927005,
    "NRT": 0.0036496350364963502
  },
  "domestic_ratio": 0.306,
  "fleet_mix": {
    "4O": {
      "A320": 1.0
    },
    "AAL": {
      "A319": 0.5,
      "B738": 0.5
    },
    "ACA": {
      "A319": 1.0
    },
    "AFR": {
      "B744": 1.0
    },
    "AMX": {
      "B737": 0.390625,
      "E175": 0.1953125,
      "B738": 0.1328125,
      "B787": 0.1015625,
      "B767": 0.0703125,
      "B777": 0.0625,
      "CRJ9": 0.03125,
      "AT76": 0.015625
    },
    "ASA": {
      "B738": 1.0
    },
    "AVA": {
      "A319": 0.5,
      "A320": 0.375,
      "B737": 0.125
    },
    "BAW": {
      "B744": 1.0
    },
    "CCA": {
      "A319": 0.3333333333333333,
      "B737": 0.3333333333333333,
      "A320": 0.3333333333333333
    },
    "CMP": {
      "B738": 0.5,
      "B737": 0.5
    },
    "CUB": {
      "A320": 0.5,
      "A319": 0.5
    },
    "DAL": {
      "B737": 0.5769230769230769,
      "B738": 0.2692307692307692,
      "A319": 0.07692307692307693,
      "B787": 0.07692307692307693
    },
    "TRS": {
      "B737": 1.0
    },
    "LAN": {
      "B767": 1.0
    },
    "UAL": {
      "A320": 0.43478260869565216,
      "A319": 0.21739130434782608,
      "B737": 0.21739130434782608,
      "B738": 0.13043478260869565
    },
    "USA": {
      "A319": 0.5,
      "B738": 0.5
    },
    "AEA": {
      "B777": 1.0
    },
    "TAO": {
      "CRJ9": 1.0
    },
    "VOI": {
      "A319": 0.5,
      "A320": 0.5
    }
  },
  "hourly_profile": [],
  "delay_rate": 0.0,
  "delay_distribution": {},
  "mean_delay_minutes": 0.0,
  "data_source": "openflights",
  "region": "",
  "profile_date": "2026-03-21",
  "sample_size": 395
}