{
  "icao_code": "MMX",
  "iata_code": "MMX",
  "airline_shares": {
    "WZZ": 0.5,
    "RYR": 0.14285714285714285,
    "GAO": 0.07142857142857142,
    "NAX": 0.07142857142857142,
    "HS": 0.07142857142857142,
    "SAS": 0.07142857142857142,
    "SCW": 0.07142857142857142
  },
  "domestic_route_shares": {
    "ARN": 0.6666666666666666,
    "VBY": 0.3333333333333333
  },
  "international_route_shares": {
    "AGP": 0.09090909090909091,
    "STN": 0.09090909090909091,
    "ORB": 0.09090909090909091,
    "BMA": 0.09090909090909091,
    "BEG": 0.09090909090909091,
    "BUD": 0.09090909090909091,
    "GDN": 0.09090909090909091,
    "KTW": 0.09090909090909091,
    "SKP": 0.09090909090909091,
    "TZL": 0.09090909090909091,
    "WAW": 0.09090909090909091
  },
  "domestic_ratio": 0.214,
  "fleet_mix": {
    "GAO": {
      "AT76": 1.0
    },
    "NAX": {
      "B738": 1.0
    },
    "RYR": {
      "B738": 1.0
    },
    "SAS": {
      "B738": 0.3333333333333333,
      "B737": 0.3333333333333333,
      "AT76": 0.3333333333333333
    },
    "WZZ": {
      "A320": 1.0
    }
  },
  "hourly_profile": [],
  "delay_rate": 0.0,
  "delay_distribution": {},
  "mean_delay_minutes": 0.0,
  "data_source": "openflights",
  "region": "",
  "profile_date": "2026-03-21",
  "sample_size": 28
}