{
  "icao_code": "MNL",
  "iata_code": "MNL",
  "airline_shares": {
    "PAL": 0.32786885245901637,
    "CEB": 0.2786885245901639,
    "GAP": 0.08743169398907104,
    "Z2": 0.060109289617486336,
    "SRQ": 0.03278688524590164,
    "LOO": 0.01639344262295082,
    "SVA": 0.01639344262295082,
    "JSA": 0.01092896174863388,
    "CSN": 0.01092896174863388,
    "DAL": 0.01092896174863388,
    "ANA": 0.01092896174863388,
    "OZR": 0.01092896174863388,
    "JJA": 0.00546448087431694,
    "RBA": 0.00546448087431694,
    "EVA": 0.00546448087431694,
    "CCA": 0.00546448087431694,
    "CAL": 0.00546448087431694,
    "CPA": 0.00546448087431694,
    "UAE": 0.00546448087431694,
    "ETD": 0.00546448087431694,
    "GBA": 0.00546448087431694,
    "JAL": 0.00546448087431694,
    "HDA": 0.00546448087431694,
    "KAL": 0.00546448087431694,
    "KLM": 0.00546448087431694,
    "KAC": 0.00546448087431694,
    "MAS": 0.00546448087431694,
    "CES": 0.00546448087431694,
    "ANG": 0.00546448087431694,
    "QFA": 0.00546448087431694,
    "QTR": 0.00546448087431694,
    "SQC": 0.00546448087431694,
    "THA": 0.00546448087431694,
    "TGW": 0.00546448087431694,
    "UAL": 0.00546448087431694
  },
  "domestic_route_shares": {
    "KLO": 0.17142857142857143,
    "PPS": 0.14285714285714285,
    "CEB": 0.14285714285714285,
    "CGY": 0.08571428571428572,
    "ZAM": 0.08571428571428572,
    "BCD": 0.08571428571428572,
    "DVO": 0.08571428571428572,
    "ILO": 0.08571428571428572,
    "GES": 0.05714285714285714,
    "LAO": 0.05714285714285714
  },
  "international_route_shares": {
    "ICN": 0.04054054054054054,
    "SIN": 0.033783783783783786,
    "NRT": 0.033783783783783786,
    "TPE": 0.033783783783783786,
    "BKK": 0.02702702702702703,
    "HKG": 0.02702702702702703,
    "PVG": 0.02702702702702703,
    "TAC": 0.02702702702702703,
    "BXU": 0.02027027027027027,
    "CBO": 0.02027027027027027,
    "DGT": 0.02027027027027027,
    "LGP": 0.02027027027027027,
    "MPH": 0.02027027027027027,
    "OZC": 0.02027027027027027,
    "RXS": 0.02027027027027027,
    "TUG": 0.02027027027027027,
    "KIX": 0.02027027027027027,
    "KUL": 0.02027027027027027,
    "MFM": 0.02027027027027027,
    "NGO": 0.02027027027027027,
    "PEK": 0.02027027027027027,
    "PUS": 0.02027027027027027,
    "TAG": 0.02027027027027027,
    "XMN": 0.02027027027027027,
    "BSO": 0.013513513513513514,
    "CRM": 0.013513513513513514,
    "DWC": 0.013513513513513514,
    "SUG": 0.013513513513513514,
    "BKI": 0.013513513513513514,
    "BWN": 0.013513513513513514,
    "CAN": 0.013513513513513514,
    "CGK": 0.013513513513513514,
    "DPL": 0.013513513513513514,
    "DPS": 0.013513513513513514,
    "DXB": 0.013513513513513514,
    "SGN": 0.013513513513513514,
    "USU": 0.013513513513513514,
    "WNP": 0.013513513513513514,
    "AUH": 0.013513513513513514,
    "HND": 0.013513513513513514,
    "DMM": 0.013513513513513514,
    "DOH": 0.013513513513513514,
    "GUM": 0.013513513513513514,
    "RUH": 0.013513513513513514,
    "SYD": 0.013513513513513514,
    "CYZ": 0.006756756756756757,
    "HAN": 0.006756756756756757,
    "HKT": 0.006756756756756757,
    "PAG": 0.006756756756756757,
    "REP": 0.006756756756756757,
    "SJI": 0.006756756756756757,
    "VRC": 0.006756756756756757,
    "BAH": 0.006756756756756757,
    "CYP": 0.006756756756756757,
    "DRW": 0.006756756756756757,
    "FUK": 0.006756756756756757,
    "HNL": 0.006756756756756757,
    "LAX": 0.006756756756756757,
    "LHR": 0.006756756756756757,
    "MBT": 0.006756756756756757,
    "MEL": 0.006756756756756757,
    "SFO": 0.006756756756756757,
    "YVR": 0.006756756756756757,
    "POM": 0.006756756756756757,
    "JED": 0.006756756756756757,
    "MYY": 0.006756756756756757
  },
  "domestic_ratio": 0.191,
  "fleet_mix": {
    "GAP": {
      "A320": 0.7142857142857143,
      "DH8D": 0.2857142857142857
    },
    "JSA": {
      "A320": 1.0
    },
    "CEB": {
      "A320": 0.6607142857142857,
      "A319": 0.3392857142857143
    },
    "JJA": {
      "B737": 1.0
    },
    "RBA": {
      "A320": 1.0
    },
    "EVA": {
      "A321": 0.5,
      "A330": 0.5
    },
    "CCA": {
      "B738": 1.0
    },
    "CAL": {
      "A330": 0.5,
      "B738": 0.5
    },
    "CPA": {
      "B777": 0.5,
      "B744": 0.25,
      "A330": 0.25
    },
    "CSN": {
      "E190": 0.5,
      "A321": 0.5
    },
    "SRQ": {
      "A320": 1.0
    },
    "DAL": {
      "B744": 1.0
    },
    "UAE": {
      "B777": 1.0
    },
    "ETD": {
      "B777": 1.0
    },
    "GBA": {
      "A330": 1.0
    },
    "JAL": {
      "B767": 1.0
    },
    "HDA": {
      "A320": 1.0
    },
    "KAL": {
      "B777": 1.0
    },
    "KLM": {
      "B777": 1.0
    },
    "MAS": {
      "B738": 1.0
    },
    "CES": {
      "A320": 1.0
    },
    "ANA": {
      "B787": 0.5,
      "B767": 0.5
    },
    "OZR": {
      "A330": 0.3333333333333333,
      "B777": 0.3333333333333333,
      "A320": 0.3333333333333333
    },
    "LOO": {
      "A320": 1.0
    },
    "PAL": {
      "A320": 0.64,
      "DH8D": 0.16,
      "A321": 0.08,
      "B777": 0.06,
      "B744": 0.04,
      "A319": 0.02
    },
    "ANG": {
      "B738": 1.0
    },
    "QFA": {
      "A330": 1.0
    },
    "QTR": {
      "B777": 0.5,
      "A330": 0.5
    },
    "SQC": {
      "B777": 0.5,
      "A330": 0.5
    },
    "SVA": {
      "B744": 1.0
    },
    "THA": {
      "B777": 1.0
    },
    "TGW": {
      "A320": 1.0
    },
    "UAL": {
      "B738": 1.0
    },
    "Z2": {
      "A320": 0.7333333333333333,
      "A319": 0.26666666666666666
    }
  },
  "hourly_profile": [],
  "delay_rate": 0.0,
  "delay_distribution": {},
  "mean_delay_minutes": 0.0,
  "data_source": "openflights",
  "region": "",
  "profile_date": "2026-03-21",
  "sample_size": 366
}