{
  "icao_code": "MPL",
  "iata_code": "MPL",
  "airline_shares": {
    "RLA": 0.19047619047619047,
    "3O": 0.14285714285714285,
    "RYR": 0.14285714285714285,
    "EZY": 0.14285714285714285,
    "VOE": 0.14285714285714285,
    "AFR": 0.09523809523809523,
    "GWI": 0.047619047619047616,
    "TRA": 0.047619047619047616,
    "GEC": 0.047619047619047616
  },
  "domestic_route_shares": {
    "SXB": 0.2857142857142857,
    "LIL": 0.14285714285714285,
    "LYS": 0.14285714285714285,
    "CDG": 0.14285714285714285,
    "ORY": 0.14285714285714285,
    "BSL": 0.14285714285714285
  },
  "international_route_shares": {
    "NTE": 0.14285714285714285,
    "CMN": 0.07142857142857142,
    "FEZ": 0.07142857142857142,
    "NDR": 0.07142857142857142,
    "DUS": 0.07142857142857142,
    "CRL": 0.07142857142857142,
    "HHN": 0.07142857142857142,
    "LBA": 0.07142857142857142,
    "RTM": 0.07142857142857142,
    "FRA": 0.07142857142857142,
    "LGW": 0.07142857142857142,
    "LTN": 0.07142857142857142,
    "AJA": 0.07142857142857142
  },
  "domestic_ratio": 0.333,
  "fleet_mix": {
    "3O": {
      "A320": 1.0
    },
    "GWI": {
      "CRJ9": 1.0
    },
    "RLA": {
      "E175": 0.75,
      "AT76": 0.25
    },
    "AFR": {
      "A319": 0.4,
      "A318": 0.2,
      "A320": 0.2,
      "A321": 0.2
    },
    "RYR": {
      "B738": 1.0
    },
    "TRA": {
      "B738": 1.0
    },
    "EZY": {
      "A319": 1.0
    }
  },
  "hourly_profile": [],
  "delay_rate": 0.0,
  "delay_distribution": {},
  "mean_delay_minutes": 0.0,
  "data_source": "openflights",
  "region": "",
  "profile_date": "2026-03-21",
  "sample_size": 42
}