{
  "icao_code": "MPM",
  "iata_code": "MPM",
  "airline_shares": {
    "TM": 0.6666666666666666,
    "ETH": 0.06666666666666667,
    "KQA": 0.06666666666666667,
    "QTR": 0.06666666666666667,
    "SAA": 0.06666666666666667,
    "TAP": 0.06666666666666667
  },
  "domestic_route_shares": {
    "APL": 0.3333333333333333,
    "BEW": 0.3333333333333333,
    "TET": 0.3333333333333333
  },
  "international_route_shares": {
    "JNB": 0.25,
    "ADD": 0.08333333333333333,
    "NBO": 0.08333333333333333,
    "INH": 0.08333333333333333,
    "LAD": 0.08333333333333333,
    "POL": 0.08333333333333333,
    "UEL": 0.08333333333333333,
    "VNX": 0.08333333333333333,
    "VPY": 0.08333333333333333,
    "LIS": 0.08333333333333333
  },
  "domestic_ratio": 0.2,
  "fleet_mix": {
    "ETH": {
      "B738": 1.0
    },
    "KQA": {
      "E190": 1.0
    },
    "QTR": {
      "B787": 1.0
    },
    "SAA": {
      "A319": 0.5,
      "DH8D": 0.5
    },
    "TM": {
      "E190": 0.5833333333333334,
      "DH8D": 0.4166666666666667
    },
    "TAP": {
      "A330": 1.0
    }
  },
  "hourly_profile": [],
  "delay_rate": 0.0,
  "delay_distribution": {},
  "mean_delay_minutes": 0.0,
  "data_source": "openflights",
  "region": "",
  "profile_date": "2026-03-21",
  "sample_size": 30
}