{
  "icao_code": "MRS",
  "iata_code": "MRS",
  "airline_shares": {
    "RYR": 0.29955947136563876,
    "AFR": 0.1762114537444934,
    "DAH": 0.07929515418502203,
    "AAF": 0.06167400881057269,
    "TJT": 0.04405286343612335,
    "CCM": 0.04405286343612335,
    "AZA": 0.039647577092511016,
    "RLA": 0.02643171806167401,
    "TAR": 0.02643171806167401,
    "SEU": 0.022026431718061675,
    "AEE": 0.01762114537444934,
    "RAM": 0.01762114537444934,
    "VLG": 0.01762114537444934,
    "BAW": 0.00881057268722467,
    "LBT": 0.00881057268722467,
    "EIN": 0.00881057268722467,
    "IBE": 0.00881057268722467,
    "AMC": 0.00881057268722467,
    "GEC": 0.00881057268722467,
    "ELY": 0.00881057268722467,
    "MDG": 0.00881057268722467,
    "PGT": 0.00881057268722467,
    "DAT": 0.00881057268722467,
    "GMI": 0.00881057268722467,
    "THY": 0.00881057268722467,
    "TSC": 0.00881057268722467,
    "EZY": 0.00881057268722467,
    "BEE": 0.004405286343612335
  },
  "domestic_route_shares": {
    "BES": 0.125,
    "BOD": 0.125,
    "CDG": 0.125,
    "LIL": 0.125,
    "BIA": 0.125,
    "ORY": 0.09375,
    "FSC": 0.09375,
    "LYS": 0.0625,
    "SXB": 0.0625,
    "TLS": 0.0625
  },
  "international_route_shares": {
    "ALG": 0.03076923076923077,
    "RAK": 0.03076923076923077,
    "MXP": 0.03076923076923077,
    "PMI": 0.03076923076923077,
    "ATH": 0.020512820512820513,
    "IST": 0.020512820512820513,
    "NTE": 0.020512820512820513,
    "TLV": 0.020512820512820513,
    "TUN": 0.020512820512820513,
    "AAE": 0.020512820512820513,
    "BJA": 0.020512820512820513,
    "CZL": 0.020512820512820513,
    "ORN": 0.020512820512820513,
    "QSF": 0.020512820512820513,
    "TLM": 0.020512820512820513,
    "AJA": 0.020512820512820513,
    "CLY": 0.020512820512820513,
    "DJE": 0.020512820512820513,
    "MLA": 0.020512820512820513,
    "HER": 0.010256410256410256,
    "AMS": 0.010256410256410256,
    "BIQ": 0.010256410256410256,
    "FCO": 0.010256410256410256,
    "PRG": 0.010256410256410256,
    "RNS": 0.010256410256410256,
    "SVO": 0.010256410256410256,
    "TXL": 0.010256410256410256,
    "VCE": 0.010256410256410256,
    "BLJ": 0.010256410256410256,
    "CFK": 0.010256410256410256,
    "CMN": 0.010256410256410256,
    "LHR": 0.010256410256410256,
    "DUB": 0.010256410256410256,
    "AGA": 0.010256410256410256,
    "AGP": 0.010256410256410256,
    "CAG": 0.010256410256410256,
    "CHQ": 0.010256410256410256,
    "CIA": 0.010256410256410256,
    "CRL": 0.010256410256410256,
    "CTA": 0.010256410256410256,
    "EDI": 0.010256410256410256,
    "EIN": 0.010256410256410256,
    "ESU": 0.010256410256410256,
    "FEZ": 0.010256410256410256,
    "GSE": 0.010256410256410256,
    "IBZ": 0.010256410256410256,
    "LIS": 0.010256410256410256,
    "MAD": 0.010256410256410256,
    "NDR": 0.010256410256410256,
    "OPO": 0.010256410256410256,
    "OUD": 0.010256410256410256,
    "PMO": 0.010256410256410256,
    "RBA": 0.010256410256410256,
    "STN": 0.010256410256410256,
    "SVQ": 0.010256410256410256,
    "TNG": 0.010256410256410256,
    "TUF": 0.010256410256410256,
    "VLC": 0.010256410256410256,
    "WMI": 0.010256410256410256,
    "ZAD": 0.010256410256410256,
    "FRA": 0.010256410256410256,
    "TNR": 0.010256410256410256,
    "SAW": 0.010256410256410256,
    "RUN": 0.010256410256410256,
    "BRU": 0.010256410256410256,
    "AGB": 0.010256410256410256,
    "ETZ": 0.010256410256410256,
    "GVA": 0.010256410256410256,
    "MLH": 0.010256410256410256,
    "PUF": 0.010256410256410256,
    "YUL": 0.010256410256410256,
    "MIR": 0.010256410256410256,
    "LGW": 0.010256410256410256,
    "BCN": 0.010256410256410256,
    "DZA": 0.005128205128205128
  },
  "domestic_ratio": 0.141,
  "fleet_mix": {
    "AEE": {
      "A320": 1.0
    },
    "RLA": {
      "AT76": 0.4,
      "CRJ9": 0.2,
      "CRJ7": 0.2,
      "E175": 0.2
    },
    "AFR": {
      "A319": 0.5,
      "A320": 0.40625,
      "A321": 0.0625,
      "A318": 0.03125
    },
    "DAH": {
      "B738": 1.0
    },
    "RAM": {
      "B738": 1.0
    },
    "AZA": {
      "AT76": 0.6363636363636364,
      "A320": 0.36363636363636365
    },
    "BAW": {
      "A319": 0.5,
      "A320": 0.5
    },
    "LBT": {
      "A320": 1.0
    },
    "EIN": {
      "A320": 1.0
    },
    "RYR": {
      "B738": 1.0
    },
    "IBE": {
      "A320": 1.0
    },
    "AMC": {
      "A320": 1.0
    },
    "GEC": {
      "E190": 0.3333333333333333,
      "A320": 0.3333333333333333,
      "A319": 0.3333333333333333
    },
    "ELY": {
      "B767": 0.5,
      "B738": 0.5
    },
    "PGT": {
      "B738": 1.0
    },
    "SEU": {
      "A330": 1.0
    },
    "THY": {
      "B738": 0.3333333333333333,
      "A321": 0.3333333333333333,
      "A319": 0.3333333333333333
    },
    "TAR": {
      "A320": 0.5,
      "A319": 0.5
    },
    "EZY": {
      "A319": 0.5,
      "A320": 0.5
    },
    "VLG": {
      "A320": 1.0
    },
    "CCM": {
      "AT76": 0.6666666666666666,
      "A320": 0.3333333333333333
    },
    "AAF": {
      "A319": 0.8571428571428571,
      "A320": 0.14285714285714285
    }
  },
  "hourly_profile": [],
  "delay_rate": 0.0,
  "delay_distribution": {},
  "mean_delay_minutes": 0.0,
  "data_source": "openflights",
  "region": "",
  "profile_date": "2026-03-21",
  "sample_size": 227
}