{
  "icao_code": "MRU",
  "iata_code": "MRU",
  "airline_shares": {
    "MAU": 0.5806451612903226,
    "REU": 0.06451612903225806,
    "CRL": 0.04838709677419355,
    "AFR": 0.03225806451612903,
    "BAW": 0.03225806451612903,
    "CFG": 0.03225806451612903,
    "UAE": 0.03225806451612903,
    "ISS": 0.03225806451612903,
    "MDG": 0.03225806451612903,
    "SAA": 0.03225806451612903,
    "TVF": 0.03225806451612903,
    "TSO": 0.03225806451612903,
    "TOM": 0.016129032258064516
  },
  "domestic_route_shares": {},
  "international_route_shares": {
    "RUN": 0.0967741935483871,
    "LGW": 0.08064516129032258,
    "CDG": 0.06451612903225806,
    "TNR": 0.06451612903225806,
    "JNB": 0.06451612903225806,
    "ZSE": 0.06451612903225806,
    "FRA": 0.03225806451612903,
    "DXB": 0.03225806451612903,
    "BOM": 0.03225806451612903,
    "CPT": 0.03225806451612903,
    "DEL": 0.03225806451612903,
    "DUR": 0.03225806451612903,
    "HKG": 0.03225806451612903,
    "KUL": 0.03225806451612903,
    "LHR": 0.03225806451612903,
    "NBO": 0.03225806451612903,
    "PEK": 0.03225806451612903,
    "PER": 0.03225806451612903,
    "PVG": 0.03225806451612903,
    "RRG": 0.03225806451612903,
    "VKO": 0.03225806451612903,
    "FCO": 0.016129032258064516,
    "MXP": 0.016129032258064516,
    "MAA": 0.016129032258064516,
    "BLR": 0.016129032258064516,
    "ORY": 0.016129032258064516
  },
  "domestic_ratio": 0.0,
  "fleet_mix": {
    "AFR": {
      "B777": 1.0
    },
    "BAW": {
      "B777": 1.0
    },
    "CFG": {
      "B767": 1.0
    },
    "UAE": {
      "A380": 0.5,
      "B777": 0.5
    },
    "ISS": {
      "B767": 1.0
    },
    "MAU": {
      "A330": 0.4375,
      "A319": 0.375,
      "AT76": 0.1875
    },
    "SAA": {
      "A330": 0.3333333333333333,
      "A320": 0.3333333333333333,
      "B738": 0.3333333333333333
    },
    "CRL": {
      "B744": 1.0
    },
    "TVF": {
      "B787": 1.0
    },
    "TOM": {
      "B787": 1.0
    },
    "TSO": {
      "B767": 1.0
    },
    "REU": {
      "AT76": 0.5,
      "B738": 0.25,
      "B777": 0.25
    }
  },
  "hourly_profile": [],
  "delay_rate": 0.0,
  "delay_distribution": {},
  "mean_delay_minutes": 0.0,
  "data_source": "openflights",
  "region": "",
  "profile_date": "2026-03-21",
  "sample_size": 62
}