{
  "icao_code": "MRV",
  "iata_code": "MRV",
  "airline_shares": {
    "AFL": 0.22727272727272727,
    "SVR": 0.22727272727272727,
    "TSO": 0.09090909090909091,
    "ARD": 0.045454545454545456,
    "SOV": 0.045454545454545456,
    "SJM": 0.045454545454545456,
    "VSV": 0.045454545454545456,
    "FDB": 0.045454545454545456,
    "UZB": 0.045454545454545456,
    "AHY": 0.045454545454545456,
    "SYL": 0.045454545454545456,
    "SBI": 0.045454545454545456,
    "Y7": 0.045454545454545456
  },
  "domestic_route_shares": {
    "DME": 0.3,
    "SVX": 0.3,
    "ASF": 0.1,
    "LED": 0.1,
    "SVO": 0.1,
    "VKO": 0.1
  },
  "international_route_shares": {
    "DXB": 0.16666666666666666,
    "TAS": 0.16666666666666666,
    "RTW": 0.08333333333333333,
    "SAW": 0.08333333333333333,
    "SCO": 0.08333333333333333,
    "GYD": 0.08333333333333333,
    "TLV": 0.08333333333333333,
    "EVN": 0.08333333333333333,
    "DWC": 0.08333333333333333,
    "DYU": 0.08333333333333333
  },
  "domestic_ratio": 0.455,
  "fleet_mix": {
    "VSV": {
      "CRJ9": 1.0
    },
    "FDB": {
      "B738": 1.0
    },
    "UZB": {
      "A320": 1.0
    },
    "AHY": {
      "E175": 0.5,
      "E190": 0.5
    },
    "SBI": {
      "A319": 1.0
    },
    "AFL": {
      "A319": 0.7142857142857143,
      "A321": 0.14285714285714285,
      "A320": 0.14285714285714285
    },
    "SVR": {
      "A320": 0.8,
      "A321": 0.2
    },
    "TSO": {
      "B737": 1.0
    },
    "Y7": {
      "B738": 1.0
    }
  },
  "hourly_profile": [],
  "delay_rate": 0.0,
  "delay_distribution": {},
  "mean_delay_minutes": 0.0,
  "data_source": "openflights",
  "region": "",
  "profile_date": "2026-03-21",
  "sample_size": 44
}