{
  "icao_code": "MSQ",
  "iata_code": "MSQ",
  "airline_shares": {
    "BRU": 0.8478260869565217,
    "BTI": 0.021739130434782608,
    "ETD": 0.021739130434782608,
    "LOT": 0.021739130434782608,
    "AUI": 0.021739130434782608,
    "SBI": 0.021739130434782608,
    "AFL": 0.021739130434782608,
    "THY": 0.021739130434782608
  },
  "domestic_route_shares": {},
  "international_route_shares": {
    "AUH": 0.043478260869565216,
    "DME": 0.043478260869565216,
    "IST": 0.043478260869565216,
    "KBP": 0.043478260869565216,
    "RIX": 0.043478260869565216,
    "WAW": 0.043478260869565216,
    "AER": 0.021739130434782608,
    "AMS": 0.021739130434782608,
    "ARN": 0.021739130434782608,
    "ASB": 0.021739130434782608,
    "BCN": 0.021739130434782608,
    "BEY": 0.021739130434782608,
    "BUD": 0.021739130434782608,
    "BUS": 0.021739130434782608,
    "CDG": 0.021739130434782608,
    "EVN": 0.021739130434782608,
    "FCO": 0.021739130434782608,
    "FRA": 0.021739130434782608,
    "GVA": 0.021739130434782608,
    "GYD": 0.021739130434782608,
    "HAJ": 0.021739130434782608,
    "HEL": 0.021739130434782608,
    "IKA": 0.021739130434782608,
    "KGD": 0.021739130434782608,
    "KRR": 0.021739130434782608,
    "KUF": 0.021739130434782608,
    "KUT": 0.021739130434782608,
    "LCA": 0.021739130434782608,
    "LED": 0.021739130434782608,
    "LGW": 0.021739130434782608,
    "MXP": 0.021739130434782608,
    "NCE": 0.021739130434782608,
    "PRG": 0.021739130434782608,
    "SVX": 0.021739130434782608,
    "SXF": 0.021739130434782608,
    "TBS": 0.021739130434782608,
    "TLV": 0.021739130434782608,
    "TSE": 0.021739130434782608,
    "VNO": 0.021739130434782608,
    "SVO": 0.021739130434782608
  },
  "domestic_ratio": 0.0,
  "fleet_mix": {
    "BRU": {
      "CRJ9": 0.5142857142857142,
      "E175": 0.34285714285714286,
      "E190": 0.11428571428571428,
      "A319": 0.02857142857142857
    },
    "BTI": {
      "DH8D": 1.0
    },
    "ETD": {
      "A320": 1.0
    },
    "LOT": {
      "E175": 0.5,
      "E190": 0.5
    },
    "AUI": {
      "B737": 1.0
    },
    "AFL": {
      "A320": 0.5,
      "A319": 0.5
    },
    "THY": {
      "A320": 1.0
    }
  },
  "hourly_profile": [],
  "delay_rate": 0.0,
  "delay_distribution": {},
  "mean_delay_minutes": 0.0,
  "data_source": "openflights",
  "region": "",
  "profile_date": "2026-03-21",
  "sample_size": 92
}