{
  "icao_code": "MSY",
  "iata_code": "MSY",
  "airline_shares": {
    "SWA": 0.42105263157894735,
    "UAL": 0.14736842105263157,
    "FLG": 0.10526315789473684,
    "DAL": 0.10526315789473684,
    "AAL": 0.06315789473684211,
    "USA": 0.05263157894736842,
    "JBU": 0.042105263157894736,
    "FFT": 0.021052631578947368,
    "TRS": 0.021052631578947368,
    "NKS": 0.021052631578947368
  },
  "domestic_route_shares": {
    "ATL": 0.06451612903225806,
    "LAX": 0.06451612903225806,
    "DEN": 0.06451612903225806,
    "DTW": 0.043010752688172046,
    "JFK": 0.043010752688172046,
    "LGA": 0.043010752688172046,
    "AUS": 0.043010752688172046,
    "DFW": 0.043010752688172046,
    "EWR": 0.043010752688172046,
    "MEM": 0.021505376344086023,
    "MSP": 0.021505376344086023,
    "MIA": 0.021505376344086023,
    "BOS": 0.021505376344086023,
    "SLC": 0.021505376344086023,
    "IAD": 0.021505376344086023,
    "IAH": 0.021505376344086023,
    "ORD": 0.021505376344086023,
    "SFO": 0.021505376344086023,
    "CLT": 0.021505376344086023,
    "PHL": 0.021505376344086023,
    "BNA": 0.021505376344086023,
    "BWI": 0.021505376344086023,
    "DAL": 0.021505376344086023,
    "FLL": 0.021505376344086023,
    "HOU": 0.021505376344086023,
    "LAS": 0.021505376344086023,
    "MCI": 0.021505376344086023,
    "MCO": 0.021505376344086023,
    "MDW": 0.021505376344086023,
    "MKE": 0.021505376344086023,
    "PHX": 0.021505376344086023,
    "SAN": 0.021505376344086023,
    "STL": 0.021505376344086023,
    "TPA": 0.021505376344086023,
    "DCA": 0.010752688172043012
  },
  "international_route_shares": {
    "EYW": 1.0
  },
  "domestic_ratio": 0.979,
  "fleet_mix": {
    "FLG": {
      "CRJ9": 1.0
    },
    "AAL": {
      "B738": 1.0
    },
    "JBU": {
      "E190": 0.6666666666666666,
      "A320": 0.3333333333333333
    },
    "DAL": {
      "A319": 0.8,
      "A320": 0.2
    },
    "FFT": {
      "A319": 1.0
    },
    "NKS": {
      "A319": 1.0
    },
    "UAL": {
      "B738": 0.3055555555555556,
      "A320": 0.3055555555555556,
      "A319": 0.25,
      "B739": 0.08333333333333333,
      "B737": 0.05555555555555555
    },
    "USA": {
      "A319": 0.5555555555555556,
      "A320": 0.2222222222222222,
      "E190": 0.2222222222222222
    },
    "SWA": {
      "B738": 1.0
    }
  },
  "hourly_profile": [],
  "delay_rate": 0.0,
  "delay_distribution": {},
  "mean_delay_minutes": 0.0,
  "data_source": "openflights",
  "region": "",
  "profile_date": "2026-03-21",
  "sample_size": 95
}