{
  "icao_code": "MTY",
  "iata_code": "MTY",
  "airline_shares": {
    "VB": 0.44680851063829785,
    "VOI": 0.23404255319148937,
    "4O": 0.1276595744680851,
    "AMX": 0.06382978723404255,
    "DAL": 0.06382978723404255,
    "AAL": 0.02127659574468085,
    "CMP": 0.02127659574468085,
    "USA": 0.02127659574468085
  },
  "domestic_route_shares": {
    "MEX": 0.11594202898550725,
    "CUN": 0.08695652173913043,
    "GDL": 0.08695652173913043,
    "CUL": 0.08695652173913043,
    "CUU": 0.07246376811594203,
    "CJS": 0.057971014492753624,
    "MID": 0.057971014492753624,
    "PVR": 0.057971014492753624,
    "SJD": 0.057971014492753624,
    "VER": 0.057971014492753624,
    "TLC": 0.028985507246376812,
    "ACA": 0.028985507246376812,
    "BJX": 0.028985507246376812,
    "HMO": 0.028985507246376812,
    "MZT": 0.028985507246376812,
    "OAX": 0.028985507246376812,
    "QRO": 0.028985507246376812,
    "VSA": 0.028985507246376812,
    "TIJ": 0.028985507246376812
  },
  "international_route_shares": {
    "LAS": 0.2,
    "DFW": 0.16,
    "TAM": 0.16,
    "SAT": 0.08,
    "PTY": 0.08,
    "DTW": 0.08,
    "IAH": 0.08,
    "LAP": 0.08,
    "TGZ": 0.08
  },
  "domestic_ratio": 0.734,
  "fleet_mix": {
    "4O": {
      "A320": 1.0
    },
    "AMX": {
      "B737": 0.5714285714285714,
      "AT76": 0.2857142857142857,
      "B738": 0.14285714285714285
    },
    "CMP": {
      "E190": 1.0
    },
    "DAL": {
      "A319": 0.6666666666666666,
      "B737": 0.3333333333333333
    },
    "VOI": {
      "A320": 0.8461538461538461,
      "A319": 0.15384615384615385
    }
  },
  "hourly_profile": [],
  "delay_rate": 0.0,
  "delay_distribution": {},
  "mean_delay_minutes": 0.0,
  "data_source": "openflights",
  "region": "",
  "profile_date": "2026-03-21",
  "sample_size": 94
}