{
  "icao_code": "MUC",
  "iata_code": "MUC",
  "airline_shares": {
    "GEC": 0.30828516377649323,
    "BER": 0.14450867052023122,
    "CFG": 0.07321772639691715,
    "HLX": 0.055876685934489405,
    "NAX": 0.023121387283236993,
    "SAS": 0.017341040462427744,
    "AEE": 0.015414258188824663,
    "DLA": 0.015414258188824663,
    "EZY": 0.015414258188824663,
    "UAL": 0.015414258188824663,
    "USA": 0.015414258188824663,
    "CTN": 0.011560693641618497,
    "TAR": 0.011560693641618497,
    "RAM": 0.007707129094412331,
    "LBT": 0.007707129094412331,
    "BTI": 0.007707129094412331,
    "CCA": 0.007707129094412331,
    "EIN": 0.007707129094412331,
    "ADR": 0.007707129094412331,
    "AMC": 0.007707129094412331,
    "ROT": 0.007707129094412331,
    "SQC": 0.007707129094412331,
    "GMI": 0.007707129094412331,
    "AFL": 0.007707129094412331,
    "THY": 0.007707129094412331,
    "SVR": 0.007707129094412331,
    "VOE": 0.007707129094412331,
    "VLG": 0.007707129094412331,
    "SXS": 0.007707129094412331,
    "CYP": 0.005780346820809248,
    "ELY": 0.005780346820809248,
    "ISK": 0.0038535645472061657,
    "GWI": 0.0038535645472061657,
    "AAL": 0.0038535645472061657,
    "ACA": 0.0038535645472061657,
    "AFR": 0.0038535645472061657,
    "FIN": 0.0038535645472061657,
    "AZA": 0.0038535645472061657,
    "BAW": 0.0038535645472061657,
    "BYE": 0.0038535645472061657,
    "DAL": 0.0038535645472061657,
    "UAE": 0.0038535645472061657,
    "ETD": 0.0038535645472061657,
    "ICE": 0.0038535645472061657,
    "NLY": 0.0038535645472061657,
    "CHH": 0.0038535645472061657,
    "IBE": 0.0038535645472061657,
    "KLM": 0.0038535645472061657,
    "LGL": 0.0038535645472061657,
    "LOT": 0.0038535645472061657,
    "LTU": 0.0038535645472061657,
    "SWR": 0.0038535645472061657,
    "MSR": 0.0038535645472061657,
    "ANA": 0.0038535645472061657,
    "OZR": 0.0038535645472061657,
    "PGT": 0.0038535645472061657,
    "AUI": 0.0038535645472061657,
    "QTR": 0.0038535645472061657,
    "RJA": 0.0038535645472061657,
    "RZO": 0.0038535645472061657,
    "SBI": 0.0038535645472061657,
    "SAA": 0.0038535645472061657,
    "STS": 0.0038535645472061657,
    "THA": 0.0038535645472061657,
    "TAP": 0.0038535645472061657,
    "AEA": 0.0038535645472061657,
    "OMA": 0.0038535645472061657,
    "YQ": 0.0038535645472061657
  },
  "domestic_route_shares": {
    "CGN": 0.17857142857142858,
    "DUS": 0.17857142857142858,
    "DTM": 0.14285714285714285,
    "HAM": 0.14285714285714285,
    "FRA": 0.10714285714285714,
    "BRE": 0.07142857142857142,
    "DRS": 0.07142857142857142,
    "HAJ": 0.07142857142857142,
    "STR": 0.03571428571428571
  },
  "international_route_shares": {
    "HER": 0.016293279022403257,
    "AGP": 0.016293279022403257,
    "AYT": 0.016293279022403257,
    "LPA": 0.016293279022403257,
    "PMI": 0.016293279022403257,
    "TFS": 0.016293279022403257,
    "MAD": 0.016293279022403257,
    "ATH": 0.012219959266802444,
    "CTA": 0.012219959266802444,
    "DME": 0.012219959266802444,
    "FAO": 0.012219959266802444,
    "FUE": 0.012219959266802444,
    "KGS": 0.012219959266802444,
    "NBE": 0.012219959266802444,
    "RHO": 0.012219959266802444,
    "SAW": 0.012219959266802444,
    "TLV": 0.012219959266802444,
    "TXL": 0.012219959266802444,
    "DJE": 0.012219959266802444,
    "OSL": 0.012219959266802444,
    "IST": 0.012219959266802444,
    "MAN": 0.012219959266802444,
    "CFU": 0.010183299389002037,
    "SKG": 0.008146639511201629,
    "PHL": 0.008146639511201629,
    "ACE": 0.008146639511201629,
    "ALC": 0.008146639511201629,
    "CAG": 0.008146639511201629,
    "FNC": 0.008146639511201629,
    "IBZ": 0.008146639511201629,
    "NAP": 0.008146639511201629,
    "PUJ": 0.008146639511201629,
    "CDG": 0.008146639511201629,
    "HEL": 0.008146639511201629,
    "FCO": 0.008146639511201629,
    "LHR": 0.008146639511201629,
    "AUH": 0.008146639511201629,
    "PEK": 0.008146639511201629,
    "LCA": 0.008146639511201629,
    "DLM": 0.008146639511201629,
    "XRY": 0.008146639511201629,
    "ARN": 0.008146639511201629,
    "DUB": 0.008146639511201629,
    "DXB": 0.008146639511201629,
    "FLR": 0.008146639511201629,
    "VIE": 0.008146639511201629,
    "MLA": 0.008146639511201629,
    "ADB": 0.008146639511201629,
    "BCN": 0.008146639511201629,
    "EWR": 0.008146639511201629,
    "HND": 0.008146639511201629,
    "IAD": 0.008146639511201629,
    "KBP": 0.008146639511201629,
    "LED": 0.008146639511201629,
    "LIS": 0.008146639511201629,
    "ORD": 0.008146639511201629,
    "OTP": 0.008146639511201629,
    "WAW": 0.008146639511201629,
    "ZAG": 0.008146639511201629,
    "ZRH": 0.008146639511201629,
    "DOH": 0.008146639511201629,
    "JNB": 0.008146639511201629,
    "SIN": 0.008146639511201629,
    "EBA": 0.004073319755600814,
    "KLX": 0.004073319755600814,
    "BDS": 0.004073319755600814,
    "GWT": 0.004073319755600814,
    "KVA": 0.004073319755600814,
    "MAH": 0.004073319755600814,
    "MJT": 0.004073319755600814,
    "OLB": 0.004073319755600814,
    "PVK": 0.004073319755600814,
    "SMI": 0.004073319755600814,
    "ZTH": 0.004073319755600814,
    "YYZ": 0.004073319755600814,
    "CMN": 0.004073319755600814,
    "RAK": 0.004073319755600814,
    "BRS": 0.004073319755600814,
    "RIX": 0.004073319755600814,
    "AGA": 0.004073319755600814,
    "HRG": 0.004073319755600814,
    "SPC": 0.004073319755600814,
    "ATL": 0.004073319755600814,
    "ORK": 0.004073319755600814,
    "BRI": 0.004073319755600814,
    "VCE": 0.004073319755600814,
    "VRN": 0.004073319755600814,
    "KEF": 0.004073319755600814,
    "LJU": 0.004073319755600814,
    "PRN": 0.004073319755600814,
    "AMS": 0.004073319755600814,
    "LUX": 0.004073319755600814,
    "BIO": 0.004073319755600814,
    "BLQ": 0.004073319755600814,
    "BOM": 0.004073319755600814,
    "BOS": 0.004073319755600814,
    "BRU": 0.004073319755600814,
    "BUD": 0.004073319755600814,
    "CLT": 0.004073319755600814,
    "DBV": 0.004073319755600814,
    "DEL": 0.004073319755600814,
    "ESB": 0.004073319755600814,
    "GDN": 0.004073319755600814,
    "GOA": 0.004073319755600814,
    "GRU": 0.004073319755600814,
    "GVA": 0.004073319755600814,
    "HKG": 0.004073319755600814,
    "ICN": 0.004073319755600814,
    "JFK": 0.004073319755600814,
    "LAX": 0.004073319755600814,
    "MEX": 0.004073319755600814,
    "MXP": 0.004073319755600814,
    "NCE": 0.004073319755600814,
    "POZ": 0.004073319755600814,
    "PRG": 0.004073319755600814,
    "PSA": 0.004073319755600814,
    "PVG": 0.004073319755600814,
    "RUH": 0.004073319755600814,
    "SFO": 0.004073319755600814,
    "SJJ": 0.004073319755600814,
    "SOF": 0.004073319755600814,
    "TBS": 0.004073319755600814,
    "VLC": 0.004073319755600814,
    "YUL": 0.004073319755600814,
    "YVR": 0.004073319755600814,
    "VNO": 0.004073319755600814,
    "CAI": 0.004073319755600814,
    "SPU": 0.004073319755600814,
    "ZAD": 0.004073319755600814,
    "AMM": 0.004073319755600814,
    "SBZ": 0.004073319755600814,
    "OPO": 0.004073319755600814,
    "BEG": 0.004073319755600814,
    "BSL": 0.004073319755600814,
    "CPH": 0.004073319755600814,
    "EBL": 0.004073319755600814,
    "ISU": 0.004073319755600814,
    "SVO": 0.004073319755600814,
    "BRN": 0.004073319755600814,
    "BKK": 0.004073319755600814,
    "TUN": 0.004073319755600814,
    "EDI": 0.004073319755600814,
    "LGW": 0.004073319755600814,
    "STN": 0.004073319755600814,
    "KRR": 0.004073319755600814,
    "SVX": 0.004073319755600814,
    "IAH": 0.004073319755600814,
    "BOD": 0.004073319755600814,
    "NTE": 0.004073319755600814,
    "MCT": 0.004073319755600814,
    "VOZ": 0.004073319755600814,
    "AOK": 0.002036659877800407,
    "CHQ": 0.002036659877800407,
    "BVC": 0.002036659877800407,
    "SID": 0.002036659877800407
  },
  "domestic_ratio": 0.054,
  "fleet_mix": {
    "GWI": {
      "A319": 1.0
    },
    "AEE": {
      "A320": 0.75,
      "A319": 0.25
    },