{
  "icao_code": "MUX",
  "iata_code": "MUX",
  "airline_shares": {
    "PIA": 0.5833333333333334,
    "SAI": 0.25,
    "FDB": 0.08333333333333333,
    "MXI": 0.08333333333333333
  },
  "domestic_route_shares": {
    "KHI": 0.5,
    "ISB": 0.16666666666666666,
    "LHE": 0.16666666666666666,
    "UET": 0.16666666666666666
  },
  "international_route_shares": {
    "DXB": 0.3333333333333333,
    "MED": 0.3333333333333333,
    "JED": 0.16666666666666666,
    "SHJ": 0.16666666666666666
  },
  "domestic_ratio": 0.5,
  "fleet_mix": {
    "FDB": {
      "B738": 1.0
    },
    "SAI": {
      "A320": 1.0
    },
    "PIA": {
      "B737": 0.42857142857142855,
      "B738": 0.35714285714285715,
      "A320": 0.21428571428571427
    }
  },
  "hourly_profile": [],
  "delay_rate": 0.0,
  "delay_distribution": {},
  "mean_delay_minutes": 0.0,
  "data_source": "openflights",
  "region": "",
  "profile_date": "2026-03-21",
  "sample_size": 24
}