{
  "icao_code": "MXP",
  "iata_code": "MXP",
  "airline_shares": {
    "EZY": 0.23417721518987342,
    "AZA": 0.0759493670886076,
    "ISS": 0.056962025316455694,
    "BPA": 0.0379746835443038,
    "GWI": 0.03164556962025317,
    "TSO": 0.0189873417721519,
    "PIA": 0.015822784810126583,
    "RLA": 0.012658227848101266,
    "AAL": 0.012658227848101266,
    "BER": 0.012658227848101266,
    "ADH": 0.012658227848101266,
    "RAM": 0.012658227848101266,
    "JBU": 0.012658227848101266,
    "BEE": 0.012658227848101266,
    "CCA": 0.012658227848101266,
    "UAE": 0.012658227848101266,
    "GEC": 0.012658227848101266,
    "SAS": 0.012658227848101266,
    "SQC": 0.012658227848101266,
    "AFL": 0.012658227848101266,
    "SVA": 0.012658227848101266,
    "TJT": 0.012658227848101266,
    "THY": 0.012658227848101266,
    "USA": 0.012658227848101266,
    "VLG": 0.012658227848101266,
    "WZZ": 0.012658227848101266,
    "MLD": 0.006329113924050633,
    "AEE": 0.006329113924050633,
    "DAH": 0.006329113924050633,
    "FIN": 0.006329113924050633,
    "BRU": 0.006329113924050633,
    "BAW": 0.006329113924050633,
    "BYE": 0.006329113924050633,
    "BTI": 0.006329113924050633,
    "CPA": 0.006329113924050633,
    "DAL": 0.006329113924050633,
    "NAX": 0.006329113924050633,
    "EIN": 0.006329113924050633,
    "ETH": 0.006329113924050633,
    "ETD": 0.006329113924050633,
    "LZB": 0.006329113924050633,
    "NLY": 0.006329113924050633,
    "UZB": 0.006329113924050633,
    "IBU": 0.006329113924050633,
    "IBE": 0.006329113924050633,
    "IRA": 0.006329113924050633,
    "AHY": 0.006329113924050633,
    "TAM": 0.006329113924050633,
    "XLA": 0.006329113924050633,
    "ASL": 0.006329113924050633,
    "ELO": 0.006329113924050633,
    "KAL": 0.006329113924050633,
    "LGL": 0.006329113924050633,
    "LOT": 0.006329113924050633,
    "SWR": 0.006329113924050633,
    "ELY": 0.006329113924050633,
    "MEA": 0.006329113924050633,
    "MSR": 0.006329113924050633,
    "CSA": 0.006329113924050633,
    "AUI": 0.006329113924050633,
    "QTR": 0.006329113924050633,
    "TVS": 0.006329113924050633,
    "RJA": 0.006329113924050633,
    "DAT": 0.006329113924050633,
    "THA": 0.006329113924050633,
    "TAP": 0.006329113924050633,
    "TAR": 0.006329113924050633,
    "UAL": 0.006329113924050633,
    "AEA": 0.006329113924050633,
    "OMA": 0.006329113924050633,
    "CCM": 0.006329113924050633,
    "CHH": 0.0031645569620253164
  },
  "domestic_route_shares": {
    "FCO": 0.3793103448275862,
    "CTA": 0.13793103448275862,
    "BDS": 0.06896551724137931,
    "BRI": 0.06896551724137931,
    "CAG": 0.06896551724137931,
    "NAP": 0.06896551724137931,
    "OLB": 0.06896551724137931,
    "PMO": 0.06896551724137931,
    "SUF": 0.06896551724137931
  },
  "international_route_shares": {
    "JFK": 0.041811846689895474,
    "TIA": 0.027874564459930314,
    "DUS": 0.020905923344947737,
    "LED": 0.020905923344947737,
    "LIS": 0.020905923344947737,
    "MRS": 0.020905923344947737,
    "VIE": 0.020905923344947737,
    "MAD": 0.020905923344947737,
    "PRG": 0.020905923344947737,
    "BCN": 0.020905923344947737,
    "BRU": 0.017421602787456445,
    "HAM": 0.013937282229965157,
    "KIV": 0.013937282229965157,
    "ATH": 0.013937282229965157,
    "LYS": 0.013937282229965157,
    "NTE": 0.013937282229965157,
    "MIA": 0.013937282229965157,
    "CMN": 0.013937282229965157,
    "RAK": 0.013937282229965157,
    "BEY": 0.013937282229965157,
    "CAI": 0.013937282229965157,
    "SVO": 0.013937282229965157,
    "TUN": 0.013937282229965157,
    "DXB": 0.013937282229965157,
    "OSL": 0.013937282229965157,
    "BEG": 0.013937282229965157,
    "LUX": 0.013937282229965157,
    "TLV": 0.013937282229965157,
    "CDG": 0.013937282229965157,
    "CPH": 0.013937282229965157,
    "SSH": 0.010452961672473868,
    "CGN": 0.006968641114982578,
    "HAJ": 0.006968641114982578,
    "STR": 0.006968641114982578,
    "TXL": 0.006968641114982578,
    "ALG": 0.006968641114982578,
    "HEL": 0.006968641114982578,
    "NRT": 0.006968641114982578,
    "MSQ": 0.006968641114982578,
    "LHR": 0.006968641114982578,
    "BHX": 0.006968641114982578,
    "MAN": 0.006968641114982578,
    "BRS": 0.006968641114982578,
    "RIX": 0.006968641114982578,
    "CUN": 0.006968641114982578,
    "HAV": 0.006968641114982578,
    "LRM": 0.006968641114982578,
    "PEK": 0.006968641114982578,
    "PVG": 0.006968641114982578,
    "HKG": 0.006968641114982578,
    "DUB": 0.006968641114982578,
    "AUH": 0.006968641114982578,
    "SOF": 0.006968641114982578,
    "FOR": 0.006968641114982578,
    "FUE": 0.006968641114982578,
    "TFS": 0.006968641114982578,
    "IKA": 0.006968641114982578,
    "GYD": 0.006968641114982578,
    "GRU": 0.006968641114982578,
    "LUZ": 0.006968641114982578,
    "FRA": 0.006968641114982578,
    "MUC": 0.006968641114982578,
    "WAW": 0.006968641114982578,
    "ZRH": 0.006968641114982578,
    "ISB": 0.006968641114982578,
    "KBP": 0.006968641114982578,
    "DOH": 0.006968641114982578,
    "SIN": 0.006968641114982578,
    "JED": 0.006968641114982578,
    "RUH": 0.006968641114982578,
    "TLS": 0.006968641114982578,
    "BKK": 0.006968641114982578,
    "IST": 0.006968641114982578,
    "SAW": 0.006968641114982578,
    "AGP": 0.006968641114982578,
    "AHO": 0.006968641114982578,
    "AMS": 0.006968641114982578,
    "BOD": 0.006968641114982578,
    "EDI": 0.006968641114982578,
    "HER": 0.006968641114982578,
    "IBZ": 0.006968641114982578,
    "JMK": 0.006968641114982578,
    "LCA": 0.006968641114982578,
    "LGW": 0.006968641114982578,
    "LTN": 0.006968641114982578,
    "PMI": 0.006968641114982578,
    "SXF": 0.006968641114982578,
    "EWR": 0.006968641114982578,
    "DME": 0.006968641114982578,
    "VKO": 0.006968641114982578,
    "BIO": 0.006968641114982578,
    "BUD": 0.006968641114982578,
    "OTP": 0.006968641114982578,
    "MCT": 0.006968641114982578,
    "CYO": 0.003484320557491289,
    "HOG": 0.003484320557491289,
    "UGC": 0.003484320557491289,
    "TAS": 0.003484320557491289,
    "MLE": 0.003484320557491289,
    "DKR": 0.003484320557491289,
    "MRU": 0.003484320557491289,
    "ICN": 0.003484320557491289,
    "LHE": 0.003484320557491289
  },
  "domestic_ratio": 0.092,
  "fleet_mix": {
    "GWI": {
      "A319": 0.4444444444444444,
      "CRJ9": 0.4444444444444444,
      "A320": 0.1111111111111111
    },
    "MLD": {
      "E190": 1.0
    },
    "AEE": {
      "A320": 1.0
    },
    "RLA": {
      "CRJ9": 1.0
    },
    "AAL": {
      "B767": 1.0
    },
    "BER": {
      "B737": 0.3333333333333333,
      "B738": 0.3333333333333333,
      "A320": 0.3333333333333333
    },
    "ADH": {
      "A320": 1.0
    },
    "RAM": {
      "B738": 0.6666666666666666,
      "B737": 0.3333333333333333
    },
    "FIN": {
      "A321": 0.5,
      "A320": 0.5
    },
    "AZA": {
      "A319": 0.3333333333333333,
      "A320": 0.25,
      "E175": 0.08333333333333333,
      "E190": 0.08333333333333333,
      "CRJ9": 0.08333333333333333,
      "AT76": 0.08333333333333333,
      "B777": 0.08333333333333333
    },
    "JBU": {
      "B777": 1.0
    },
    "BAW": {
      "A319": 0.3333333333333333,
      "A320": 0.3333333333333333,
      "A321": 0.3333333333333333
    },
    "BEE": {
      "E175": 1.0
    },
    "BPA": {
      "B767": 0.7142857142857143,
      "B737": 0.2857142857142857
    },
    "CPA": {
      "B777": 1.0
    },
    "DAL": {
      "B767": 1.0
    },
    "NAX": {
      "B738": 1.0
    },
    "EIN": {
      "A320": 1.0
    },
    "UAE": {
      "B777": 1.0
    },
    "ETH": {
      "B767": 1.0
    },
    "ETD": {
      "A330": 1.0
    },
    "LZB": {
      "E190": 0.5,
      "A319": 0.5
    },
    "NLY": {
      "E190": 1.0
    },
    "UZB": {
      "B767": 1.0
    },
    "IBU": {
      "B767": 1.0
    },
    "IBE": {
      "A321": 0.5,
      "A320": 0.5
    },
    "ISS": {
      "A320": 0.42105263157894735,
      "B737": 0.3157894736842105,
      "B767": 0.2631578947368421
    },