{
  "icao_code": "MYR",
  "iata_code": "MYR",
  "airline_shares": {
    "NKS": 0.5777777777777777,
    "AAY": 0.17777777777777778,
    "AAL": 0.06666666666666667,
    "DAL": 0.044444444444444446,
    "POE": 0.044444444444444446,
    "USA": 0.044444444444444446,
    "WJA": 0.044444444444444446
  },
  "domestic_route_shares": {
    "CLT": 0.17391304347826086,
    "PHL": 0.13043478260869565,
    "ATL": 0.08695652173913043,
    "BOS": 0.08695652173913043,
    "BWI": 0.08695652173913043,
    "DFW": 0.08695652173913043,
    "DTW": 0.08695652173913043,
    "FLL": 0.08695652173913043,
    "LGA": 0.08695652173913043,
    "ORD": 0.08695652173913043
  },
  "international_route_shares": {
    "ABE": 0.09090909090909091,
    "FWA": 0.09090909090909091,
    "HTS": 0.09090909090909091,
    "YNG": 0.09090909090909091,
    "ACY": 0.09090909090909091,
    "CRW": 0.09090909090909091,
    "IAG": 0.09090909090909091,
    "LBE": 0.09090909090909091,
    "PBG": 0.09090909090909091,
    "YTZ": 0.09090909090909091,
    "YYZ": 0.09090909090909091
  },
  "domestic_ratio": 0.511,
  "fleet_mix": {
    "AAL": {
      "CRJ9": 0.6666666666666666,
      "CRJ7": 0.3333333333333333
    },
    "DAL": {
      "A319": 1.0
    },
    "NKS": {
      "A320": 0.7333333333333333,
      "A319": 0.26666666666666666
    },
    "POE": {
      "DH8D": 1.0
    },
    "USA": {
      "CRJ7": 0.6666666666666666,
      "CRJ9": 0.3333333333333333
    }
  },
  "hourly_profile": [],
  "delay_rate": 0.0,
  "delay_distribution": {},
  "mean_delay_minutes": 0.0,
  "data_source": "openflights",
  "region": "",
  "profile_date": "2026-03-21",
  "sample_size": 45
}