{
  "icao_code": "NAN",
  "iata_code": "NAN",
  "airline_shares": {
    "FJI": 0.5555555555555556,
    "SOL": 0.08888888888888889,
    "ANG": 0.08888888888888889,
    "ACI": 0.08888888888888889,
    "JST": 0.044444444444444446,
    "KAL": 0.044444444444444446,
    "ANZ": 0.044444444444444446,
    "QFA": 0.044444444444444446
  },
  "domestic_route_shares": {},
  "international_route_shares": {
    "SYD": 0.13333333333333333,
    "AKL": 0.08888888888888889,
    "VLI": 0.08888888888888889,
    "HIR": 0.08888888888888889,
    "APW": 0.044444444444444446,
    "BNE": 0.044444444444444446,
    "CXI": 0.044444444444444446,
    "HKG": 0.044444444444444446,
    "HNL": 0.044444444444444446,
    "LAX": 0.044444444444444446,
    "MEL": 0.044444444444444446,
    "TBU": 0.044444444444444446,
    "TRW": 0.044444444444444446,
    "ICN": 0.044444444444444446,
    "POM": 0.044444444444444446,
    "NOU": 0.044444444444444446,
    "WLS": 0.044444444444444446,
    "CHC": 0.022222222222222223
  },
  "domestic_ratio": 0.0,
  "fleet_mix": {
    "FJI": {
      "B738": 0.6296296296296297,
      "A330": 0.2962962962962963,
      "AT76": 0.07407407407407407
    },
    "SOL": {
      "A320": 1.0
    },
    "JST": {
      "A320": 1.0
    },
    "KAL": {
      "A330": 1.0
    },
    "ANZ": {
      "B777": 0.5,
      "A320": 0.25,
      "B767": 0.25
    },
    "ANG": {
      "B737": 1.0
    },
    "QFA": {
      "B738": 1.0
    },
    "ACI": {
      "A320": 1.0
    }
  },
  "hourly_profile": [],
  "delay_rate": 0.0,
  "delay_distribution": {},
  "mean_delay_minutes": 0.0,
  "data_source": "openflights",
  "region": "",
  "profile_date": "2026-03-21",
  "sample_size": 45
}