{
  "icao_code": "NAP",
  "iata_code": "NAP",
  "airline_shares": {
    "EZY": 0.23076923076923078,
    "ISS": 0.15384615384615385,
    "BER": 0.07692307692307693,
    "GWI": 0.06153846153846154,
    "AZA": 0.06153846153846154,
    "WZZ": 0.06153846153846154,
    "TVF": 0.046153846153846156,
    "VOE": 0.046153846153846156,
    "TRA": 0.03076923076923077,
    "GEC": 0.03076923076923077,
    "MON": 0.03076923076923077,
    "ISK": 0.015384615384615385,
    "AFR": 0.015384615384615385,
    "BAW": 0.015384615384615385,
    "EIN": 0.015384615384615385,
    "LGL": 0.015384615384615385,
    "DAT": 0.015384615384615385,
    "THY": 0.015384615384615385,
    "TOM": 0.015384615384615385,
    "TUI": 0.015384615384615385,
    "VLG": 0.015384615384615385,
    "WAU": 0.015384615384615385
  },
  "domestic_route_shares": {
    "LIN": 0.13333333333333333,
    "TRN": 0.13333333333333333,
    "CTA": 0.13333333333333333,
    "VCE": 0.13333333333333333,
    "FCO": 0.06666666666666667,
    "TRS": 0.06666666666666667,
    "CAG": 0.06666666666666667,
    "VRN": 0.06666666666666667,
    "MXP": 0.06666666666666667,
    "GOA": 0.06666666666666667,
    "PMO": 0.06666666666666667
  },
  "international_route_shares": {
    "LGW": 0.08,
    "MAN": 0.06,
    "HAM": 0.04,
    "STR": 0.04,
    "MUC": 0.04,
    "ZRH": 0.04,
    "CDG": 0.04,
    "BRU": 0.04,
    "ORY": 0.04,
    "FMM": 0.02,
    "CGN": 0.02,
    "HAJ": 0.02,
    "DUS": 0.02,
    "TXL": 0.02,
    "DUB": 0.02,
    "AMS": 0.02,
    "EIN": 0.02,
    "KBP": 0.02,
    "TLV": 0.02,
    "LUX": 0.02,
    "FRA": 0.02,
    "IST": 0.02,
    "BSL": 0.02,
    "EDI": 0.02,
    "GVA": 0.02,
    "LPL": 0.02,
    "NCE": 0.02,
    "STN": 0.02,
    "SXF": 0.02,
    "TUN": 0.02,
    "NTE": 0.02,
    "BCN": 0.02,
    "BUD": 0.02,
    "KTW": 0.02,
    "OTP": 0.02,
    "PRG": 0.02,
    "LWO": 0.02,
    "LTN": 0.02
  },
  "domestic_ratio": 0.231,
  "fleet_mix": {
    "ISK": {
      "AT76": 1.0
    },
    "GWI": {
      "A319": 0.8,
      "A320": 0.2
    },
    "BER": {
      "A320": 0.5555555555555556,
      "B738": 0.3333333333333333,
      "B737": 0.1111111111111111
    },
    "AFR": {
      "A321": 1.0
    },
    "AZA": {
      "E175": 0.5384615384615384,
      "A319": 0.46153846153846156
    },
    "BAW": {
      "A320": 0.5,
      "A319": 0.5
    },
    "EIN": {
      "A320": 1.0
    },
    "TRA": {
      "B738": 1.0
    },
    "ISS": {
      "B737": 0.75,
      "A320": 0.25
    },
    "LGL": {
      "DH8D": 1.0
    },
    "GEC": {
      "A321": 0.6666666666666666,
      "A320": 0.3333333333333333
    },
    "DAT": {
      "A320": 0.5,
      "A319": 0.5
    },
    "THY": {
      "B738": 1.0
    },
    "TVF": {
      "B738": 1.0
    },
    "TOM": {
      "B738": 1.0
    },
    "EZY": {
      "A319": 0.5384615384615384,
      "A320": 0.46153846153846156
    },
    "TUI": {
      "AT76": 1.0
    },
    "VLG": {
      "A320": 1.0
    },
    "WZZ": {
      "A320": 1.0
    },
    "WAU": {
      "A320": 1.0
    },
    "MON": {
      "A320": 1.0
    }
  },
  "hourly_profile": [],
  "delay_rate": 0.0,
  "delay_distribution": {},
  "mean_delay_minutes": 0.0,
  "data_source": "openflights",
  "region": "",
  "profile_date": "2026-03-21",
  "sample_size": 130
}