{
  "icao_code": "NAS",
  "iata_code": "NAS",
  "airline_shares": {
    "BHS": 0.312,
    "ASE": 0.144,
    "Q7": 0.08,
    "USA": 0.08,
    "AAL": 0.064,
    "JBU": 0.064,
    "BAW": 0.048,
    "DAL": 0.048,
    "TRS": 0.032,
    "UAL": 0.032,
    "ACA": 0.016,
    "BWA": 0.016,
    "CMP": 0.016,
    "CUB": 0.016,
    "AXZ": 0.016,
    "WJA": 0.016
  },
  "domestic_route_shares": {
    "ZSA": 0.5,
    "FPO": 0.5
  },
  "international_route_shares": {
    "PLS": 0.05128205128205128,
    "CLT": 0.03418803418803419,
    "DCA": 0.03418803418803419,
    "DFW": 0.03418803418803419,
    "PHL": 0.03418803418803419,
    "YYZ": 0.03418803418803419,
    "FLL": 0.03418803418803419,
    "JFK": 0.03418803418803419,
    "MCO": 0.03418803418803419,
    "HAV": 0.03418803418803419,
    "ATL": 0.03418803418803419,
    "ATC": 0.03418803418803419,
    "ELH": 0.03418803418803419,
    "GHB": 0.03418803418803419,
    "LGI": 0.03418803418803419,
    "RSD": 0.03418803418803419,
    "SML": 0.03418803418803419,
    "TBI": 0.03418803418803419,
    "GGT": 0.03418803418803419,
    "MHH": 0.03418803418803419,
    "MIA": 0.03418803418803419,
    "BOS": 0.017094017094017096,
    "GCM": 0.017094017094017096,
    "LHR": 0.017094017094017096,
    "KIN": 0.017094017094017096,
    "PTY": 0.017094017094017096,
    "DTW": 0.017094017094017096,
    "BWI": 0.017094017094017096,
    "RCY": 0.017094017094017096,
    "EWR": 0.017094017094017096,
    "IAH": 0.017094017094017096,
    "AXP": 0.017094017094017096,
    "CRI": 0.017094017094017096,
    "IGA": 0.017094017094017096,
    "MYG": 0.017094017094017096,
    "PBI": 0.017094017094017096,
    "SKB": 0.008547008547008548
  },
  "domestic_ratio": 0.064,
  "fleet_mix": {
    "AAL": {
      "A319": 0.5,
      "B737": 0.16666666666666666,
      "B738": 0.16666666666666666,
      "A320": 0.16666666666666666
    },
    "ACA": {
      "A319": 1.0
    },
    "JBU": {
      "E190": 0.6666666666666666,
      "A320": 0.3333333333333333
    },
    "BAW": {
      "B767": 1.0
    },
    "BWA": {
      "B738": 1.0
    },
    "CMP": {
      "B737": 0.5,
      "E190": 0.5
    },
    "TRS": {
      "B737": 1.0
    },
    "UAL": {
      "A320": 0.4,
      "B738": 0.4,
      "B739": 0.2
    },
    "BHS": {
      "B737": 1.0
    },
    "USA": {
      "A319": 0.6,
      "B738": 0.2,
      "A320": 0.2
    }
  },
  "hourly_profile": [],
  "delay_rate": 0.0,
  "delay_distribution": {},
  "mean_delay_minutes": 0.0,
  "data_source": "openflights",
  "region": "",
  "profile_date": "2026-03-21",
  "sample_size": 125
}