{
  "icao_code": "NBO",
  "iata_code": "NBO",
  "airline_shares": {
    "KQA": 0.5056179775280899,
    "FFV": 0.06179775280898876,
    "PRF": 0.0449438202247191,
    "CSN": 0.033707865168539325,
    "XU": 0.033707865168539325,
    "FLT": 0.028089887640449437,
    "SWR": 0.02247191011235955,
    "IYE": 0.016853932584269662,
    "DAT": 0.016853932584269662,
    "WZP": 0.011235955056179775,
    "BAW": 0.011235955056179775,
    "CFG": 0.011235955056179775,
    "UAE": 0.011235955056179775,
    "ETH": 0.011235955056179775,
    "ETD": 0.011235955056179775,
    "ABY": 0.011235955056179775,
    "CHH": 0.011235955056179775,
    "KAL": 0.011235955056179775,
    "KLM": 0.011235955056179775,
    "MAU": 0.011235955056179775,
    "MSR": 0.011235955056179775,
    "OZR": 0.011235955056179775,
    "QTR": 0.011235955056179775,
    "SAA": 0.011235955056179775,
    "SVA": 0.011235955056179775,
    "THY": 0.011235955056179775,
    "TM": 0.011235955056179775,
    "JUS": 0.011235955056179775,
    "TEP": 0.011235955056179775,
    "RWD": 0.011235955056179775
  },
  "domestic_route_shares": {
    "MBA": 0.4666666666666667,
    "EDL": 0.26666666666666666,
    "KIS": 0.26666666666666666
  },
  "international_route_shares": {
    "DAR": 0.04294478527607362,
    "ADD": 0.03680981595092025,
    "EBB": 0.03680981595092025,
    "KGL": 0.03067484662576687,
    "MGQ": 0.024539877300613498,
    "JUB": 0.024539877300613498,
    "MYD": 0.024539877300613498,
    "LHR": 0.024539877300613498,
    "BKK": 0.024539877300613498,
    "CAN": 0.024539877300613498,
    "LUN": 0.024539877300613498,
    "DXB": 0.024539877300613498,
    "AUH": 0.024539877300613498,
    "AMS": 0.024539877300613498,
    "JNB": 0.024539877300613498,
    "JRO": 0.024539877300613498,
    "POL": 0.024539877300613498,
    "WJR": 0.018404907975460124,
    "BJM": 0.018404907975460124,
    "SHJ": 0.012269938650306749,
    "SAH": 0.012269938650306749,
    "ICN": 0.012269938650306749,
    "ABJ": 0.012269938650306749,
    "ACC": 0.012269938650306749,
    "APL": 0.012269938650306749,
    "BKO": 0.012269938650306749,
    "BLZ": 0.012269938650306749,
    "BOM": 0.012269938650306749,
    "BZV": 0.012269938650306749,
    "CDG": 0.012269938650306749,
    "DEL": 0.012269938650306749,
    "DLA": 0.012269938650306749,
    "FBM": 0.012269938650306749,
    "FIH": 0.012269938650306749,
    "GBE": 0.012269938650306749,
    "HRE": 0.012269938650306749,
    "JIB": 0.012269938650306749,
    "KRT": 0.012269938650306749,
    "LAD": 0.012269938650306749,
    "LLW": 0.012269938650306749,
    "LOS": 0.012269938650306749,
    "MPM": 0.012269938650306749,
    "NLA": 0.012269938650306749,
    "NSI": 0.012269938650306749,
    "SEZ": 0.012269938650306749,
    "TNR": 0.012269938650306749,
    "ZRH": 0.012269938650306749,
    "MRU": 0.012269938650306749,
    "CAI": 0.012269938650306749,
    "MWZ": 0.012269938650306749,
    "ZNZ": 0.012269938650306749,
    "DOH": 0.012269938650306749,
    "JED": 0.012269938650306749,
    "IST": 0.012269938650306749,
    "ASM": 0.012269938650306749,
    "LOK": 0.006134969325153374,
    "FRA": 0.006134969325153374,
    "COO": 0.006134969325153374,
    "HAH": 0.006134969325153374,
    "DZA": 0.006134969325153374,
    "LVI": 0.006134969325153374,
    "BRU": 0.006134969325153374,
    "GLK": 0.006134969325153374,
    "HGA": 0.006134969325153374
  },
  "domestic_ratio": 0.084,
  "fleet_mix": {
    "WZP": {
      "B737": 1.0
    },
    "FFV": {
      "CRJ9": 1.0
    },
    "FLT": {
      "CRJ9": 1.0
    },
    "BAW": {
      "B744": 1.0
    },
    "CSN": {
      "B767": 0.4444444444444444,
      "B777": 0.2222222222222222,
      "E190": 0.1111111111111111,
      "E175": 0.1111111111111111,
      "B738": 0.1111111111111111
    },
    "CFG": {
      "B767": 1.0
    },
    "UAE": {
      "B777": 1.0
    },
    "ETH": {
      "B767": 0.5,
      "B738": 0.5
    },
    "ETD": {
      "A320": 1.0
    },
    "ABY": {
      "A320": 1.0
    },
    "CHH": {
      "A320": 1.0
    },
    "IYE": {
      "A320": 0.6666666666666666,
      "B738": 0.3333333333333333
    },
    "KAL": {
      "A330": 1.0
    },
    "KQA": {
      "E190": 0.4152542372881356,
      "B738": 0.19491525423728814,
      "E175": 0.1864406779661017,
      "B767": 0.13559322033898305,
      "B777": 0.06779661016949153
    },
    "SWR": {
      "A330": 1.0
    },
    "MAU": {
      "A319": 1.0
    },
    "MSR": {
      "A320": 1.0
    },
    "OZR": {
      "B767": 1.0
    },
    "PRF": {
      "AT76": 0.6,
      "E190": 0.2,
      "E175": 0.2
    },
    "QTR": {
      "A320": 1.0
    },
    "SAA": {
      "A320": 0.5,
      "A319": 0.5
    },
    "DAT": {
      "A330": 1.0
    },
    "SVA": {
      "A320": 1.0
    },
    "THY": {
      "B738": 1.0
    },
    "TM": {
      "E190": 1.0
    },
    "JUS": {
      "CRJ9": 1.0
    },
    "TEP": {
      "A320": 1.0
    },
    "RWD": {
      "CRJ9": 1.0
    }
  },
  "hourly_profile": [],
  "delay_rate": 0.0,
  "delay_distribution": {},
  "mean_delay_minutes": 0.0,
  "data_source": "openflights",
  "region": "",
  "profile_date": "2026-03-21",
  "sample_size": 178
}