{
  "icao_code": "NCE",
  "iata_code": "NCE",
  "airline_shares": {
    "EZY": 0.2317596566523605,
    "NAX": 0.07725321888412018,
    "RLA": 0.06866952789699571,
    "AFR": 0.06866952789699571,
    "CCM": 0.034334763948497854,
    "GWI": 0.02575107296137339,
    "AZA": 0.02575107296137339,
    "TRA": 0.02575107296137339,
    "GEC": 0.02575107296137339,
    "SAS": 0.02575107296137339,
    "AFL": 0.02575107296137339,
    "TAR": 0.02575107296137339,
    "DAH": 0.017167381974248927,
    "RAM": 0.017167381974248927,
    "BAW": 0.017167381974248927,
    "EIN": 0.017167381974248927,
    "RYR": 0.017167381974248927,
    "EXS": 0.017167381974248927,
    "SWR": 0.017167381974248927,
    "MON": 0.017167381974248927,
    "ISR": 0.008583690987124463,
    "BER": 0.008583690987124463,
    "FIN": 0.008583690987124463,
    "BRU": 0.008583690987124463,
    "BEE": 0.008583690987124463,
    "BTI": 0.008583690987124463,
    "DAL": 0.008583690987124463,
    "UAE": 0.008583690987124463,
    "NLY": 0.008583690987124463,
    "KLM": 0.008583690987124463,
    "LGL": 0.008583690987124463,
    "LOT": 0.008583690987124463,
    "CSA": 0.008583690987124463,
    "ELL": 0.008583690987124463,
    "AUI": 0.008583690987124463,
    "TVS": 0.008583690987124463,
    "ROT": 0.008583690987124463,
    "DAT": 0.008583690987124463,
    "TJT": 0.008583690987124463,
    "THY": 0.008583690987124463,
    "TSC": 0.008583690987124463,
    "VLG": 0.008583690987124463,
    "TYS": 0.008583690987124463,
    "USA": 0.004291845493562232
  },
  "domestic_route_shares": {
    "BOD": 0.10526315789473684,
    "TLS": 0.10526315789473684,
    "CDG": 0.10526315789473684,
    "LIL": 0.10526315789473684,
    "LYS": 0.10526315789473684,
    "ORY": 0.10526315789473684,
    "BIA": 0.10526315789473684,
    "BES": 0.05263157894736842,
    "CFE": 0.05263157894736842,
    "SXB": 0.05263157894736842,
    "BSL": 0.05263157894736842,
    "FSC": 0.05263157894736842
  },
  "international_route_shares": {
    "LGW": 0.041025641025641026,
    "HAM": 0.020512820512820513,
    "TLV": 0.020512820512820513,
    "DUS": 0.020512820512820513,
    "NTE": 0.020512820512820513,
    "VCE": 0.020512820512820513,
    "RAK": 0.020512820512820513,
    "HEL": 0.020512820512820513,
    "FCO": 0.020512820512820513,
    "ARN": 0.020512820512820513,
    "CPH": 0.020512820512820513,
    "OSL": 0.020512820512820513,
    "DUB": 0.020512820512820513,
    "AMS": 0.020512820512820513,
    "GVA": 0.020512820512820513,
    "PRG": 0.020512820512820513,
    "BRU": 0.020512820512820513,
    "BCN": 0.020512820512820513,
    "AJA": 0.015384615384615385,
    "CLY": 0.015384615384615385,
    "LIS": 0.015384615384615385,
    "CGN": 0.010256410256410256,
    "TXL": 0.010256410256410256,
    "BIQ": 0.010256410256410256,
    "CFR": 0.010256410256410256,
    "ETZ": 0.010256410256410256,
    "RNS": 0.010256410256410256,
    "ALG": 0.010256410256410256,
    "CZL": 0.010256410256410256,
    "CMN": 0.010256410256410256,
    "MSQ": 0.010256410256410256,
    "LHR": 0.010256410256410256,
    "SOU": 0.010256410256410256,
    "RIX": 0.010256410256410256,
    "JFK": 0.010256410256410256,
    "BGO": 0.010256410256410256,
    "GOT": 0.010256410256410256,
    "TRD": 0.010256410256410256,
    "TRF": 0.010256410256410256,
    "ORK": 0.010256410256410256,
    "DXB": 0.010256410256410256,
    "SNN": 0.010256410256410256,
    "VIE": 0.010256410256410256,
    "EIN": 0.010256410256410256,
    "RTM": 0.010256410256410256,
    "LUX": 0.010256410256410256,
    "FRA": 0.010256410256410256,
    "MUC": 0.010256410256410256,
    "WAW": 0.010256410256410256,
    "LBA": 0.010256410256410256,
    "MAN": 0.010256410256410256,
    "ZRH": 0.010256410256410256,
    "TLL": 0.010256410256410256,
    "KBP": 0.010256410256410256,
    "OTP": 0.010256410256410256,
    "DME": 0.010256410256410256,
    "LED": 0.010256410256410256,
    "SVO": 0.010256410256410256,
    "LIG": 0.010256410256410256,
    "IST": 0.010256410256410256,
    "YUL": 0.010256410256410256,
    "DJE": 0.010256410256410256,
    "MIR": 0.010256410256410256,
    "TUN": 0.010256410256410256,
    "BFS": 0.010256410256410256,
    "BRS": 0.010256410256410256,
    "EDI": 0.010256410256410256,
    "LPL": 0.010256410256410256,
    "LTN": 0.010256410256410256,
    "NAP": 0.010256410256410256,
    "NCL": 0.010256410256410256,
    "OLB": 0.010256410256410256,
    "STN": 0.010256410256410256,
    "SXF": 0.010256410256410256,
    "MCM": 0.010256410256410256,
    "BHX": 0.010256410256410256
  },
  "domestic_ratio": 0.163,
  "fleet_mix": {
    "GWI": {
      "A319": 0.75,
      "A320": 0.25
    },
    "ISR": {
      "A320": 1.0
    },
    "RLA": {
      "CRJ7": 0.75,
      "CRJ9": 0.125,
      "AT76": 0.125
    },
    "BER": {
      "A319": 0.3333333333333333,
      "A320": 0.3333333333333333,
      "B738": 0.3333333333333333
    },
    "AFR": {
      "A320": 0.47058823529411764,
      "A319": 0.35294117647058826,
      "A321": 0.11764705882352941,
      "A318": 0.058823529411764705
    },
    "DAH": {
      "B738": 1.0
    },
    "RAM": {
      "B738": 1.0
    },
    "FIN": {
      "A320": 1.0
    },
    "AZA": {
      "AT76": 0.3333333333333333,
      "A319": 0.16666666666666666,
      "E175": 0.16666666666666666,
      "A321": 0.16666666666666666,
      "E190": 0.16666666666666666
    },
    "BRU": {
      "E175": 1.0
    },
    "BAW": {
      "A320": 0.4,
      "A319": 0.4,
      "A321": 0.2
    },
    "BEE": {
      "E190": 1.0
    },
    "DAL": {
      "B767": 1.0
    },
    "NAX": {
      "B738": 1.0
    },
    "EIN": {
      "A320": 1.0
    },
    "UAE": {
      "B777": 1.0
    },
    "RYR": {
      "B738": 1.0
    },
    "NLY": {
      "E190": 1.0
    },
    "TRA": {
      "B738": 1.0
    },
    "KLM": {
      "B737": 1.0
    },
    "LGL": {
      "DH8D": 1.0
    },
    "GEC": {
      "A320": 0.2857142857142857,
      "A319": 0.2857142857142857,
      "CRJ9": 0.14285714285714285,
      "A321": 0.14285714285714285,
      "E190": 0.14285714285714285
    },
    "LOT": {
      "E175": 1.0
    },
    "SWR": {
      "A320": 0.5,
      "A319": 0.5
    },
    "CSA": {
      "A319": 1.0
    },
    "ELL": {
      "CRJ9": 1.0
    },
    "TVS": {
      "A319": 1.0
    },
    "SAS": {
      "B738": 0.5,
      "A321": 0.16666666666666666,
      "A320": 0.16666666666666666,
      "B737": 0.16666666666666666
    },
    "DAT": {
      "A319": 0.5,
      "A320": 0.5
    },
    "AFL": {
      "A320": 0.75,
      "A321": 0.25
    },
    "THY": {
      "A320": 0.3333333333333333,
      "B738": 0.3333333333333333,
      "A321": 0.3333333333333333
    },
    "TAR": {
      "A320": 1.0
    },
    "EZY": {
      "A319": 0.6067415730337079,
      "A320": 0.39325842696629215
    },
    "VLG": {
      "A320": 1.0
    },
    "CCM": {
      "AT76": 1.0
    },
    "MON": {
      "A321": 0.6666666666666666,
      "A320": 0.3333333333333333
    }
  },
  "hourly_profile": [],
  "delay_rate": 0.0,
  "delay_distribution": {},
  "mean_delay_minutes": 0.0,
  "data_source": "openflights",
  "region": "",
  "profile_date": "2026-03-21",
  "sample_size": 233
}