{
  "icao_code": "NCL",
  "iata_code": "NCL",
  "airline_shares": {
    "EXS": 0.30344827586206896,
    "EZY": 0.16551724137931034,
    "TVF": 0.15862068965517243,
    "TCX": 0.07586206896551724,
    "TOM": 0.06206896551724138,
    "EZE": 0.05517241379310345,
    "BEE": 0.027586206896551724,
    "RYR": 0.027586206896551724,
    "AFR": 0.013793103448275862,
    "BAW": 0.013793103448275862,
    "BYE": 0.013793103448275862,
    "UAE": 0.013793103448275862,
    "KLM": 0.013793103448275862,
    "AMC": 0.013793103448275862,
    "DAT": 0.013793103448275862,
    "HCW": 0.013793103448275862,
    "WIF": 0.013793103448275862
  },
  "domestic_route_shares": {
    "LHR": 0.14285714285714285,
    "ABZ": 0.14285714285714285,
    "BHX": 0.14285714285714285,
    "CWL": 0.14285714285714285,
    "BFS": 0.14285714285714285,
    "BRS": 0.14285714285714285,
    "LGW": 0.14285714285714285
  },
  "international_route_shares": {
    "ACE": 0.061068702290076333,
    "PMI": 0.061068702290076333,
    "TFS": 0.061068702290076333,
    "DLM": 0.05343511450381679,
    "AGP": 0.04580152671755725,
    "ALC": 0.04580152671755725,
    "FAO": 0.04580152671755725,
    "NBE": 0.04580152671755725,
    "BRU": 0.030534351145038167,
    "AMS": 0.030534351145038167,
    "MLA": 0.030534351145038167,
    "IBZ": 0.030534351145038167,
    "PFO": 0.030534351145038167,
    "RHO": 0.030534351145038167,
    "SVG": 0.030534351145038167,
    "HER": 0.022900763358778626,
    "CDG": 0.015267175572519083,
    "BHD": 0.015267175572519083,
    "SOU": 0.015267175572519083,
    "DXB": 0.015267175572519083,
    "DUB": 0.015267175572519083,
    "GRO": 0.015267175572519083,
    "BJV": 0.015267175572519083,
    "DBV": 0.015267175572519083,
    "FCO": 0.015267175572519083,
    "KRK": 0.015267175572519083,
    "LPA": 0.015267175572519083,
    "MAH": 0.015267175572519083,
    "MJV": 0.015267175572519083,
    "PRG": 0.015267175572519083,
    "PSA": 0.015267175572519083,
    "REU": 0.015267175572519083,
    "VCE": 0.015267175572519083,
    "SSH": 0.015267175572519083,
    "BCN": 0.015267175572519083,
    "JER": 0.015267175572519083,
    "NCE": 0.015267175572519083,
    "IOM": 0.015267175572519083,
    "FUE": 0.007633587786259542
  },
  "domestic_ratio": 0.097,
  "fleet_mix": {
    "BAW": {
      "A319": 0.3333333333333333,
      "A321": 0.3333333333333333,
      "A320": 0.3333333333333333
    },
    "BEE": {
      "DH8D": 1.0
    },
    "UAE": {
      "B777": 1.0
    },
    "RYR": {
      "B738": 1.0
    },
    "KLM": {
      "B737": 1.0
    },
    "AMC": {
      "A319": 1.0
    },
    "EXS": {
      "B752": 1.0
    },
    "TCX": {
      "B752": 0.8461538461538461,
      "A321": 0.15384615384615385
    },
    "TVF": {
      "B738": 1.0
    },
    "TOM": {
      "B738": 1.0
    },
    "EZY": {
      "A319": 0.6,
      "A320": 0.4
    },
    "WIF": {
      "DH8D": 1.0
    }
  },
  "hourly_profile": [],
  "delay_rate": 0.0,
  "delay_distribution": {},
  "mean_delay_minutes": 0.0,
  "data_source": "openflights",
  "region": "",
  "profile_date": "2026-03-21",
  "sample_size": 145
}