{
  "icao_code": "NDJ",
  "iata_code": "NDJ",
  "airline_shares": {
    "CRD": 0.3076923076923077,
    "AFR": 0.15384615384615385,
    "ETH": 0.15384615384615385,
    "SUD": 0.15384615384615385,
    "THY": 0.15384615384615385,
    "9D": 0.07692307692307693
  },
  "domestic_route_shares": {},
  "international_route_shares": {
    "CDG": 0.15384615384615385,
    "ADD": 0.15384615384615385,
    "KAN": 0.15384615384615385,
    "JED": 0.07692307692307693,
    "DLA": 0.07692307692307693,
    "GOU": 0.07692307692307693,
    "NGE": 0.07692307692307693,
    "NSI": 0.07692307692307693,
    "KRT": 0.07692307692307693,
    "IST": 0.07692307692307693
  },
  "domestic_ratio": 0.0,
  "fleet_mix": {
    "9D": {
      "B737": 1.0
    },
    "AFR": {
      "A330": 1.0
    },
    "ETH": {
      "B738": 0.3333333333333333,
      "B752": 0.3333333333333333,
      "B767": 0.3333333333333333
    },
    "CRD": {
      "B737": 1.0
    },
    "THY": {
      "B738": 0.6666666666666666,
      "B739": 0.3333333333333333
    }
  },
  "hourly_profile": [],
  "delay_rate": 0.0,
  "delay_distribution": {},
  "mean_delay_minutes": 0.0,
  "data_source": "openflights",
  "region": "",
  "profile_date": "2026-03-21",
  "sample_size": 13
}