{
  "icao_code": "NGB",
  "iata_code": "NGB",
  "airline_shares": {
    "CES": 0.2328767123287671,
    "CSN": 0.136986301369863,
    "CSC": 0.0958904109589041,
    "CHH": 0.0958904109589041,
    "CCA": 0.0410958904109589,
    "JAS": 0.0410958904109589,
    "RHC": 0.0273972602739726,
    "PDC": 0.0273972602739726,
    "DZ": 0.0273972602739726,
    "GUN": 0.0273972602739726,
    "CXA": 0.0273972602739726,
    "NS": 0.0273972602739726,
    "CHB": 0.0273972602739726,
    "CDG": 0.0273972602739726,
    "MDA": 0.0136986301369863,
    "UIA": 0.0136986301369863,
    "CPA": 0.0136986301369863,
    "EEA": 0.0136986301369863,
    "AIQ": 0.0136986301369863,
    "HDA": 0.0136986301369863,
    "KN": 0.0136986301369863,
    "AMU": 0.0136986301369863,
    "OZR": 0.0136986301369863,
    "TGW": 0.0136986301369863
  },
  "domestic_route_shares": {
    "CSX": 0.08771929824561403,
    "PEK": 0.07017543859649122,
    "DLC": 0.07017543859649122,
    "SZX": 0.07017543859649122,
    "TAO": 0.07017543859649122,
    "CKG": 0.05263157894736842,
    "CAN": 0.05263157894736842,
    "KWL": 0.05263157894736842,
    "HAK": 0.03508771929824561,
    "HRB": 0.03508771929824561,
    "KHN": 0.03508771929824561,
    "KMG": 0.03508771929824561,
    "SYX": 0.03508771929824561,
    "TSN": 0.03508771929824561,
    "CTU": 0.03508771929824561,
    "SWA": 0.03508771929824561,
    "WUH": 0.03508771929824561,
    "XMN": 0.03508771929824561,
    "SHE": 0.017543859649122806,
    "LJG": 0.017543859649122806,
    "CGQ": 0.017543859649122806,
    "CGO": 0.017543859649122806,
    "XIY": 0.017543859649122806,
    "SJW": 0.017543859649122806,
    "ZUH": 0.017543859649122806
  },
  "international_route_shares": {
    "HKG": 0.1875,
    "RMQ": 0.125,
    "MFM": 0.125,
    "YIH": 0.0625,
    "DMK": 0.0625,
    "WEF": 0.0625,
    "NAY": 0.0625,
    "BKK": 0.0625,
    "CJU": 0.0625,
    "TPE": 0.0625,
    "ICN": 0.0625,
    "SIN": 0.0625
  },
  "domestic_ratio": 0.781,
  "fleet_mix": {
    "CSC": {
      "A321": 0.7142857142857143,
      "A319": 0.14285714285714285,
      "A320": 0.14285714285714285
    },
    "RHC": {
      "A319": 0.5,
      "B738": 0.5
    },
    "MDA": {
      "E190": 1.0
    },
    "PDC": {
      "B738": 1.0
    },
    "CCA": {
      "A319": 0.5,
      "A320": 0.25,
      "B738": 0.25
    },
    "CPA": {
      "A320": 0.5,
      "A321": 0.5
    },
    "CSN": {
      "B738": 0.4375,
      "A321": 0.25,
      "A320": 0.25,
      "A319": 0.0625
    },
    "DZ": {
      "B738": 1.0
    },
    "EEA": {
      "A319": 1.0
    },
    "AIQ": {
      "A320": 1.0
    },
    "GUN": {
      "E190": 0.6666666666666666,
      "A321": 0.3333333333333333
    },
    "CHH": {
      "B738": 1.0
    },
    "JAS": {
      "A320": 0.6666666666666666,
      "A319": 0.3333333333333333
    },
    "HDA": {
      "A320": 0.5,
      "A321": 0.5
    },
    "KN": {
      "B737": 1.0
    },
    "CXA": {
      "B737": 1.0
    },
    "CES": {
      "A320": 0.75,
      "B738": 0.15,
      "A319": 0.05,
      "A321": 0.05
    },
    "NS": {
      "E190": 1.0
    },
    "AMU": {
      "A320": 0.5,
      "A319": 0.5
    },
    "OZR": {
      "A321": 1.0
    },
    "CHB": {
      "A320": 1.0
    },
    "CDG": {
      "B738": 1.0
    },
    "TGW": {
      "A320": 1.0
    }
  },
  "hourly_profile": [],
  "delay_rate": 0.0,
  "delay_distribution": {},
  "mean_delay_minutes": 0.0,
  "data_source": "openflights",
  "region": "",
  "profile_date": "2026-03-21",
  "sample_size": 146
}