{
  "icao_code": "NGO",
  "iata_code": "NGO",
  "airline_shares": {
    "ANA": 0.23255813953488372,
    "JAL": 0.09302325581395349,
    "DAL": 0.06976744186046512,
    "SKY": 0.046511627906976744,
    "CSN": 0.046511627906976744,
    "IBX": 0.046511627906976744,
    "GK": 0.046511627906976744,
    "KAL": 0.046511627906976744,
    "JJA": 0.031007751937984496,
    "AAL": 0.031007751937984496,
    "CCA": 0.031007751937984496,
    "CPA": 0.031007751937984496,
    "CES": 0.031007751937984496,
    "HVN": 0.031007751937984496,
    "CEB": 0.015503875968992248,
    "FIN": 0.015503875968992248,
    "CAL": 0.015503875968992248,
    "XAX": 0.015503875968992248,
    "ETD": 0.015503875968992248,
    "GEC": 0.015503875968992248,
    "JTA": 0.015503875968992248,
    "OZR": 0.015503875968992248,
    "PAL": 0.015503875968992248,
    "SQC": 0.015503875968992248,
    "THA": 0.015503875968992248,
    "UAL": 0.015503875968992248
  },
  "domestic_route_shares": {
    "NRT": 0.14285714285714285,
    "CTS": 0.14285714285714285,
    "OKA": 0.14285714285714285,
    "FUK": 0.14285714285714285,
    "SDJ": 0.09523809523809523,
    "KOJ": 0.09523809523809523,
    "HND": 0.047619047619047616,
    "HKD": 0.047619047619047616,
    "KMI": 0.047619047619047616,
    "KMJ": 0.047619047619047616,
    "NGS": 0.047619047619047616
  },
  "international_route_shares": {
    "PVG": 0.11494252873563218,
    "MNL": 0.06896551724137931,
    "ICN": 0.06896551724137931,
    "HNL": 0.06896551724137931,
    "TPE": 0.06896551724137931,
    "PEK": 0.04597701149425287,
    "HKG": 0.04597701149425287,
    "GUM": 0.04597701149425287,
    "GMP": 0.022988505747126436,
    "HEL": 0.022988505747126436,
    "IBR": 0.022988505747126436,
    "DLC": 0.022988505747126436,
    "SHE": 0.022988505747126436,
    "KUL": 0.022988505747126436,
    "DTW": 0.022988505747126436,
    "OIT": 0.022988505747126436,
    "TSN": 0.022988505747126436,
    "CJU": 0.022988505747126436,
    "PUS": 0.022988505747126436,
    "FRA": 0.022988505747126436,
    "TAO": 0.022988505747126436,
    "AKJ": 0.022988505747126436,
    "ISG": 0.022988505747126436,
    "MMB": 0.022988505747126436,
    "SIN": 0.022988505747126436,
    "BKK": 0.022988505747126436,
    "HAN": 0.022988505747126436,
    "SGN": 0.022988505747126436,
    "SPN": 0.011494252873563218
  },
  "domestic_ratio": 0.326,
  "fleet_mix": {
    "CEB": {
      "A320": 1.0
    },
    "JJA": {
      "B737": 1.0
    },
    "AAL": {
      "B777": 0.5,
      "B787": 0.5
    },
    "FIN": {
      "A330": 1.0
    },
    "SKY": {
      "B737": 1.0
    },
    "CCA": {
      "B738": 0.5,
      "A319": 0.5
    },
    "CAL": {
      "A330": 0.3333333333333333,
      "B738": 0.3333333333333333,
      "B744": 0.3333333333333333
    },
    "CPA": {
      "A330": 1.0
    },
    "CSN": {
      "A319": 0.6666666666666666,
      "A320": 0.3333333333333333
    },
    "DAL": {
      "B744": 0.5714285714285714,
      "B752": 0.42857142857142855
    },
    "ETD": {
      "A330": 1.0
    },
    "IBX": {
      "CRJ9": 1.0
    },
    "GK": {
      "A320": 1.0
    },
    "JAL": {
      "B738": 0.4,
      "B777": 0.26666666666666666,
      "B787": 0.2,
      "B767": 0.13333333333333333
    },
    "KAL": {
      "B738": 0.3333333333333333,
      "A330": 0.3333333333333333,
      "B777": 0.16666666666666666,
      "B739": 0.16666666666666666
    },
    "CES": {
      "A320": 0.5,
      "A321": 0.5
    },
    "ANA": {
      "B737": 0.5277777777777778,
      "A320": 0.25,
      "B767": 0.1111111111111111,
      "B738": 0.1111111111111111
    },
    "OZR": {
      "A321": 0.5,
      "B767": 0.5
    },
    "SQC": {
      "A330": 1.0
    },
    "THA": {
      "B777": 1.0
    },
    "UAL": {
      "B737": 0.5,
      "B738": 0.5
    },
    "HVN": {
      "A321": 1.0
    }
  },
  "hourly_profile": [],
  "delay_rate": 0.0,
  "delay_distribution": {},
  "mean_delay_minutes": 0.0,
  "data_source": "openflights",
  "region": "",
  "profile_date": "2026-03-21",
  "sample_size": 129
}