{
  "icao_code": "NJC",
  "iata_code": "NJC",
  "airline_shares": {
    "UR": 0.2962962962962963,
    "IOS": 0.2222222222222222,
    "ARD": 0.14814814814814814,
    "AFL": 0.07407407407407407,
    "SZ": 0.07407407407407407,
    "SVR": 0.07407407407407407,
    "YCC": 0.07407407407407407,
    "SBI": 0.037037037037037035
  },
  "domestic_route_shares": {
    "OVB": 0.3157894736842105,
    "SVX": 0.21052631578947367,
    "DME": 0.15789473684210525,
    "OMS": 0.10526315789473684,
    "SVO": 0.10526315789473684,
    "TJM": 0.10526315789473684
  },
  "international_route_shares": {
    "UUA": 0.5,
    "LBD": 0.25,
    "HMA": 0.25
  },
  "domestic_ratio": 0.704,
  "fleet_mix": {
    "SBI": {
      "A319": 1.0
    },
    "AFL": {
      "A321": 0.3333333333333333,
      "A319": 0.3333333333333333,
      "A320": 0.3333333333333333
    },
    "SZ": {
      "B737": 1.0
    },
    "SVR": {
      "A320": 1.0
    },
    "UR": {
      "AT76": 1.0
    }
  },
  "hourly_profile": [],
  "delay_rate": 0.0,
  "delay_distribution": {},
  "mean_delay_minutes": 0.0,
  "data_source": "openflights",
  "region": "",
  "profile_date": "2026-03-21",
  "sample_size": 27
}