{
  "icao_code": "NJF",
  "iata_code": "NJF",
  "airline_shares": {
    "FDB": 0.09523809523809523,
    "ABY": 0.09523809523809523,
    "GBA": 0.09523809523809523,
    "IRA": 0.09523809523809523,
    "JZR": 0.09523809523809523,
    "KAC": 0.09523809523809523,
    "MEA": 0.09523809523809523,
    "QTR": 0.09523809523809523,
    "THY": 0.09523809523809523,
    "IRM": 0.09523809523809523,
    "RFJ": 0.047619047619047616
  },
  "domestic_route_shares": {},
  "international_route_shares": {
    "IKA": 0.19047619047619047,
    "KWI": 0.19047619047619047,
    "DXB": 0.09523809523809523,
    "SHJ": 0.09523809523809523,
    "BAH": 0.09523809523809523,
    "BEY": 0.09523809523809523,
    "DOH": 0.09523809523809523,
    "IST": 0.09523809523809523,
    "AMM": 0.047619047619047616
  },
  "domestic_ratio": 0.0,
  "fleet_mix": {
    "FDB": {
      "B738": 1.0
    },
    "ABY": {
      "A320": 1.0
    },
    "GBA": {
      "A321": 0.5,
      "A320": 0.5
    },
    "IRA": {
      "A320": 1.0
    },
    "JZR": {
      "A320": 1.0
    },
    "KAC": {
      "A320": 1.0
    },
    "MEA": {
      "A321": 1.0
    },
    "QTR": {
      "A320": 1.0
    },
    "RFJ": {
      "A320": 1.0
    },
    "THY": {
      "B738": 1.0
    }
  },
  "hourly_profile": [],
  "delay_rate": 0.0,
  "delay_distribution": {},
  "mean_delay_minutes": 0.0,
  "data_source": "openflights",
  "region": "",
  "profile_date": "2026-03-21",
  "sample_size": 21
}