{
  "icao_code": "NKC",
  "iata_code": "NKC",
  "airline_shares": {
    "MAI": 0.43478260869565216,
    "AFR": 0.17391304347826086,
    "RAM": 0.08695652173913043,
    "SGG": 0.08695652173913043,
    "IBE": 0.08695652173913043,
    "TAR": 0.08695652173913043,
    "THY": 0.043478260869565216
  },
  "domestic_route_shares": {
    "NDB": 1.0
  },
  "international_route_shares": {
    "DKR": 0.23809523809523808,
    "CMN": 0.19047619047619047,
    "CDG": 0.09523809523809523,
    "CKY": 0.09523809523809523,
    "LPA": 0.09523809523809523,
    "BKO": 0.09523809523809523,
    "OUZ": 0.09523809523809523,
    "TUN": 0.09523809523809523
  },
  "domestic_ratio": 0.087,
  "fleet_mix": {
    "AFR": {
      "A330": 1.0
    },
    "RAM": {
      "B738": 0.5,
      "B737": 0.5
    },
    "SGG": {
      "CRJ9": 1.0
    },
    "IBE": {
      "A319": 1.0
    },
    "MAI": {
      "B737": 1.0
    },
    "THY": {
      "B739": 1.0
    },
    "TAR": {
      "A320": 1.0
    }
  },
  "hourly_profile": [],
  "delay_rate": 0.0,
  "delay_distribution": {},
  "mean_delay_minutes": 0.0,
  "data_source": "openflights",
  "region": "",
  "profile_date": "2026-03-21",
  "sample_size": 23
}