{
  "icao_code": "NKG",
  "iata_code": "NKG",
  "airline_shares": {
    "CES": 0.24475524475524477,
    "CSN": 0.11888111888111888,
    "CSZ": 0.11188811188811189,
    "CCA": 0.07692307692307693,
    "CSC": 0.055944055944055944,
    "CXA": 0.055944055944055944,
    "CHH": 0.04895104895104895,
    "CDG": 0.04895104895104895,
    "NS": 0.027972027972027972,
    "RHC": 0.02097902097902098,
    "PDC": 0.02097902097902098,
    "GUN": 0.02097902097902098,
    "JAS": 0.02097902097902098,
    "EEA": 0.013986013986013986,
    "QFA": 0.013986013986013986,
    "9C": 0.006993006993006993,
    "UIA": 0.006993006993006993,
    "CPA": 0.006993006993006993,
    "CSH": 0.006993006993006993,
    "CRK": 0.006993006993006993,
    "HDA": 0.006993006993006993,
    "KAL": 0.006993006993006993,
    "KSY": 0.006993006993006993,
    "GEC": 0.006993006993006993,
    "AMU": 0.006993006993006993,
    "OZR": 0.006993006993006993,
    "CHB": 0.006993006993006993,
    "VEX": 0.006993006993006993,
    "SCO": 0.006993006993006993
  },
  "domestic_route_shares": {
    "XMN": 0.06666666666666667,
    "KMG": 0.05,
    "CSX": 0.05,
    "CAN": 0.05,
    "FOC": 0.05,
    "CGQ": 0.041666666666666664,
    "CKG": 0.041666666666666664,
    "CTU": 0.041666666666666664,
    "SHE": 0.041666666666666664,
    "DLC": 0.041666666666666664,
    "HAK": 0.041666666666666664,
    "SZX": 0.041666666666666664,
    "XIY": 0.041666666666666664,
    "HRB": 0.025,
    "SYX": 0.025,
    "KWE": 0.025,
    "NNG": 0.025,
    "PEK": 0.025,
    "KWL": 0.025,
    "DYG": 0.016666666666666666,
    "LJG": 0.016666666666666666,
    "INC": 0.016666666666666666,
    "KHN": 0.016666666666666666,
    "SWA": 0.016666666666666666,
    "HET": 0.016666666666666666,
    "JJN": 0.016666666666666666,
    "SJW": 0.016666666666666666,
    "TAO": 0.016666666666666666,
    "TYN": 0.016666666666666666,
    "YNT": 0.016666666666666666,
    "URC": 0.008333333333333333,
    "DSN": 0.008333333333333333,
    "BAV": 0.008333333333333333,
    "CGO": 0.008333333333333333,
    "LHW": 0.008333333333333333,
    "PVG": 0.008333333333333333,
    "YCU": 0.008333333333333333,
    "XNN": 0.008333333333333333
  },
  "international_route_shares": {
    "HKG": 0.21739130434782608,
    "MFM": 0.08695652173913043,
    "ICN": 0.08695652173913043,
    "SYD": 0.08695652173913043,
    "MIG": 0.043478260869565216,
    "RMQ": 0.043478260869565216,
    "PUS": 0.043478260869565216,
    "FRA": 0.043478260869565216,
    "CIF": 0.043478260869565216,
    "KHH": 0.043478260869565216,
    "KIX": 0.043478260869565216,
    "NRT": 0.043478260869565216,
    "TGO": 0.043478260869565216,
    "TPE": 0.043478260869565216,
    "ZYI": 0.043478260869565216,
    "SIN": 0.043478260869565216
  },
  "domestic_ratio": 0.839,
  "fleet_mix": {
    "CSC": {
      "A319": 0.5555555555555556,
      "A320": 0.4444444444444444
    },
    "RHC": {
      "A321": 0.3333333333333333,
      "B737": 0.3333333333333333,
      "A319": 0.3333333333333333
    },
    "9C": {
      "A320": 1.0
    },
    "PDC": {
      "B738": 1.0
    },
    "CCA": {
      "B738": 0.5384615384615384,
      "A321": 0.23076923076923078,
      "A320": 0.15384615384615385,
      "B737": 0.07692307692307693
    },
    "CPA": {
      "A330": 0.3333333333333333,
      "A321": 0.3333333333333333,
      "A320": 0.3333333333333333
    },
    "CSN": {
      "B738": 0.32,
      "A320": 0.28,
      "A319": 0.2,
      "A321": 0.08,
      "B737": 0.08,
      "A330": 0.04
    },
    "EEA": {
      "A319": 1.0
    },
    "CSH": {
      "B738": 1.0
    },
    "GUN": {
      "E190": 1.0
    },
    "CHH": {
      "B738": 0.8571428571428571,
      "A330": 0.14285714285714285
    },
    "CRK": {
      "A330": 1.0
    },
    "JAS": {
      "A319": 0.6666666666666666,
      "A320": 0.3333333333333333
    },
    "HDA": {
      "A330": 0.3333333333333333,
      "A321": 0.3333333333333333,
      "A320": 0.3333333333333333
    },
    "KAL": {
      "B738": 1.0
    },
    "KSY": {
      "B737": 1.0
    },
    "CXA": {
      "B737": 1.0
    },
    "CES": {
      "A320": 0.6382978723404256,
      "A321": 0.1702127659574468,
      "A330": 0.06382978723404255,
      "A319": 0.0425531914893617,
      "B738": 0.0425531914893617,
      "B737": 0.0425531914893617
    },
    "NS": {
      "E190": 0.6,
      "B737": 0.4
    },
    "AMU": {
      "A321": 1.0
    },
    "OZR": {
      "B767": 0.5,
      "A321": 0.5
    },
    "CHB": {
      "A320": 1.0
    },
    "QFA": {
      "A330": 1.0
    },
    "CDG": {
      "B738": 1.0
    },
    "VEX": {
      "A319": 1.0
    },
    "SCO": {
      "B777": 1.0
    },
    "CSZ": {
      "B738": 0.6190476190476191,
      "A320": 0.2857142857142857,
      "B737": 0.09523809523809523
    }
  },
  "hourly_profile": [],
  "delay_rate": 0.0,
  "delay_distribution": {},
  "mean_delay_minutes": 0.0,
  "data_source": "openflights",
  "region": "",
  "profile_date": "2026-03-21",
  "sample_size": 286
}