{
  "icao_code": "NLA",
  "iata_code": "NLA",
  "airline_shares": {
    "P0": 0.375,
    "KQA": 0.25,
    "ILN": 0.125,
    "ETH": 0.125,
    "SAA": 0.125
  },
  "domestic_route_shares": {
    "LUN": 1.0
  },
  "international_route_shares": {
    "JNB": 0.2857142857142857,
    "FBM": 0.21428571428571427,
    "NBO": 0.14285714285714285,
    "SLI": 0.14285714285714285,
    "ADD": 0.07142857142857142,
    "KAA": 0.07142857142857142,
    "MNS": 0.07142857142857142
  },
  "domestic_ratio": 0.125,
  "fleet_mix": {
    "ETH": {
      "B738": 1.0
    },
    "KQA": {
      "E190": 1.0
    },
    "SAA": {
      "A319": 1.0
    }
  },
  "hourly_profile": [],
  "delay_rate": 0.0,
  "delay_distribution": {},
  "mean_delay_minutes": 0.0,
  "data_source": "openflights",
  "region": "",
  "profile_date": "2026-03-21",
  "sample_size": 16
}