{
  "icao_code": "NNG",
  "iata_code": "NNG",
  "airline_shares": {
    "CSN": 0.17647058823529413,
    "CES": 0.12745098039215685,
    "CSZ": 0.12745098039215685,
    "GUN": 0.11764705882352941,
    "CCA": 0.06862745098039216,
    "CSC": 0.0392156862745098,
    "CHH": 0.0392156862745098,
    "CXA": 0.0392156862745098,
    "KSY": 0.029411764705882353,
    "CDG": 0.029411764705882353,
    "RHC": 0.0196078431372549,
    "PDC": 0.0196078431372549,
    "WCP": 0.0196078431372549,
    "CSH": 0.0196078431372549,
    "G5": 0.0196078431372549,
    "TNA": 0.0196078431372549,
    "JAS": 0.0196078431372549,
    "NS": 0.0196078431372549,
    "9C": 0.00980392156862745,
    "AXM": 0.00980392156862745,
    "DKH": 0.00980392156862745,
    "CRK": 0.00980392156862745,
    "AMU": 0.00980392156862745
  },
  "domestic_route_shares": {
    "WUH": 0.07317073170731707,
    "KMG": 0.06097560975609756,
    "SHA": 0.054878048780487805,
    "CKG": 0.04878048780487805,
    "SZX": 0.04878048780487805,
    "XIY": 0.04878048780487805,
    "CGO": 0.04878048780487805,
    "PEK": 0.04878048780487805,
    "CSX": 0.04878048780487805,
    "HAK": 0.04878048780487805,
    "PVG": 0.042682926829268296,
    "CTU": 0.036585365853658534,
    "FOC": 0.036585365853658534,
    "HGH": 0.036585365853658534,
    "NKG": 0.036585365853658534,
    "ZUH": 0.036585365853658534,
    "KHN": 0.036585365853658534,
    "SYX": 0.036585365853658534,
    "XMN": 0.036585365853658534,
    "CAN": 0.024390243902439025,
    "KWE": 0.024390243902439025,
    "KWL": 0.012195121951219513,
    "SWA": 0.012195121951219513,
    "HFE": 0.012195121951219513,
    "JJN": 0.012195121951219513,
    "WNZ": 0.012195121951219513,
    "LHW": 0.012195121951219513,
    "LJG": 0.012195121951219513
  },
  "international_route_shares": {
    "MFM": 0.1,
    "BKK": 0.1,
    "TPE": 0.1,
    "KHH": 0.1,
    "SGN": 0.05,
    "KUL": 0.05,
    "TSA": 0.05,
    "WUZ": 0.05,
    "RMQ": 0.05,
    "LZO": 0.05,
    "HKG": 0.05,
    "HAN": 0.05,
    "PNH": 0.05,
    "RGN": 0.05,
    "SIN": 0.05,
    "VTE": 0.05
  },
  "domestic_ratio": 0.804,
  "fleet_mix": {
    "CSC": {
      "A319": 0.4,
      "A320": 0.4,
      "A321": 0.2
    },
    "RHC": {
      "B738": 1.0
    },
    "9C": {
      "A320": 1.0
    },
    "AXM": {
      "A320": 1.0
    },
    "PDC": {
      "B738": 1.0
    },
    "CCA": {
      "A321": 0.3,
      "B738": 0.3,
      "A320": 0.2,
      "A319": 0.2
    },
    "CSN": {
      "B738": 0.68,
      "B737": 0.16,
      "A319": 0.08,
      "A320": 0.08
    },
    "CSH": {
      "B738": 0.6666666666666666,
      "B737": 0.3333333333333333
    },
    "G5": {
      "CRJ9": 1.0
    },
    "TNA": {
      "A320": 1.0
    },
    "GUN": {
      "E190": 0.8,
      "A320": 0.2
    },
    "DKH": {
      "A320": 1.0
    },
    "CHH": {
      "B738": 1.0
    },
    "CRK": {
      "A320": 1.0
    },
    "JAS": {
      "A319": 1.0
    },
    "KSY": {
      "B737": 1.0
    },
    "CXA": {
      "B737": 1.0
    },
    "CES": {
      "B737": 0.5,
      "A320": 0.2857142857142857,
      "B738": 0.21428571428571427
    },
    "NS": {
      "E190": 0.5,
      "B738": 0.5
    },
    "AMU": {
      "A319": 0.3333333333333333,
      "A320": 0.3333333333333333,
      "A321": 0.3333333333333333
    },
    "CDG": {
      "B738": 1.0
    },
    "CSZ": {
      "B738": 0.7857142857142857,
      "A320": 0.21428571428571427
    }
  },
  "hourly_profile": [],
  "delay_rate": 0.0,
  "delay_distribution": {},
  "mean_delay_minutes": 0.0,
  "data_source": "openflights",
  "region": "",
  "profile_date": "2026-03-21",
  "sample_size": 204
}