{
  "icao_code": "NOC",
  "iata_code": "NOC",
  "airline_shares": {
    "RYR": 0.8,
    "BEE": 0.13333333333333333,
    "EIN": 0.06666666666666667
  },
  "domestic_route_shares": {},
  "international_route_shares": {
    "BHX": 0.06666666666666667,
    "MAN": 0.06666666666666667,
    "LGW": 0.06666666666666667,
    "ACE": 0.06666666666666667,
    "AGP": 0.06666666666666667,
    "ALC": 0.06666666666666667,
    "BRS": 0.06666666666666667,
    "EIN": 0.06666666666666667,
    "EMA": 0.06666666666666667,
    "FAO": 0.06666666666666667,
    "KUN": 0.06666666666666667,
    "LPL": 0.06666666666666667,
    "LTN": 0.06666666666666667,
    "STN": 0.06666666666666667,
    "TFS": 0.06666666666666667
  },
  "domestic_ratio": 0.0,
  "fleet_mix": {
    "BEE": {
      "DH8D": 0.6666666666666666,
      "E175": 0.3333333333333333
    },
    "EIN": {
      "A319": 1.0
    },
    "RYR": {
      "B738": 1.0
    }
  },
  "hourly_profile": [],
  "delay_rate": 0.0,
  "delay_distribution": {},
  "mean_delay_minutes": 0.0,
  "data_source": "openflights",
  "region": "",
  "profile_date": "2026-03-21",
  "sample_size": 30
}