{
  "icao_code": "NRN",
  "iata_code": "NRN",
  "airline_shares": {
    "RYR": 1.0
  },
  "domestic_route_shares": {},
  "international_route_shares": {
    "ACE": 0.02631578947368421,
    "AGP": 0.02631578947368421,
    "AHO": 0.02631578947368421,
    "ALC": 0.02631578947368421,
    "AOI": 0.02631578947368421,
    "BGY": 0.02631578947368421,
    "BLQ": 0.02631578947368421,
    "BRI": 0.02631578947368421,
    "BZR": 0.02631578947368421,
    "CAG": 0.02631578947368421,
    "CFU": 0.02631578947368421,
    "CHQ": 0.02631578947368421,
    "CIA": 0.02631578947368421,
    "EDI": 0.02631578947368421,
    "FAO": 0.02631578947368421,
    "FEZ": 0.02631578947368421,
    "FUE": 0.02631578947368421,
    "GRO": 0.02631578947368421,
    "IBZ": 0.02631578947368421,
    "LEI": 0.02631578947368421,
    "LPA": 0.02631578947368421,
    "LPP": 0.02631578947368421,
    "OPO": 0.02631578947368421,
    "OUD": 0.02631578947368421,
    "PMI": 0.02631578947368421,
    "PMO": 0.02631578947368421,
    "PSA": 0.02631578947368421,
    "PSR": 0.02631578947368421,
    "RAK": 0.02631578947368421,
    "RIX": 0.02631578947368421,
    "SDR": 0.02631578947368421,
    "SKG": 0.02631578947368421,
    "STN": 0.02631578947368421,
    "SUF": 0.02631578947368421,
    "TFS": 0.02631578947368421,
    "TSF": 0.02631578947368421,
    "VLC": 0.02631578947368421,
    "ZAD": 0.02631578947368421
  },
  "domestic_ratio": 0.0,
  "fleet_mix": {
    "RYR": {
      "B738": 1.0
    }
  },
  "hourly_profile": [],
  "delay_rate": 0.0,
  "delay_distribution": {},
  "mean_delay_minutes": 0.0,
  "data_source": "openflights",
  "region": "",
  "profile_date": "2026-03-21",
  "sample_size": 76
}