{
  "icao_code": "NSI",
  "iata_code": "NSI",
  "airline_shares": {
    "CRD": 0.375,
    "RAM": 0.16666666666666666,
    "DAT": 0.16666666666666666,
    "AFR": 0.125,
    "KQA": 0.08333333333333333,
    "THY": 0.08333333333333333
  },
  "domestic_route_shares": {
    "DLA": 0.7777777777777778,
    "GOU": 0.2222222222222222
  },
  "international_route_shares": {
    "CDG": 0.26666666666666666,
    "CMN": 0.13333333333333333,
    "NBO": 0.13333333333333333,
    "BRU": 0.13333333333333333,
    "BGF": 0.06666666666666667,
    "MVR": 0.06666666666666667,
    "NDJ": 0.06666666666666667,
    "NGE": 0.06666666666666667,
    "IST": 0.06666666666666667
  },
  "domestic_ratio": 0.375,
  "fleet_mix": {
    "AFR": {
      "B777": 1.0
    },
    "RAM": {
      "B738": 1.0
    },
    "KQA": {
      "E190": 0.5,
      "B738": 0.5
    },
    "CRD": {
      "B737": 0.6363636363636364,
      "B767": 0.36363636363636365
    },
    "DAT": {
      "A330": 1.0
    },
    "THY": {
      "B739": 1.0
    }
  },
  "hourly_profile": [],
  "delay_rate": 0.0,
  "delay_distribution": {},
  "mean_delay_minutes": 0.0,
  "data_source": "openflights",
  "region": "",
  "profile_date": "2026-03-21",
  "sample_size": 24
}