{
  "icao_code": "NSK",
  "iata_code": "NSK",
  "airline_shares": {
    "Y7": 0.7037037037037037,
    "SVR": 0.14814814814814814,
    "SBI": 0.07407407407407407,
    "TSO": 0.07407407407407407
  },
  "domestic_route_shares": {
    "OVB": 0.2222222222222222,
    "SVX": 0.14814814814814814,
    "VKO": 0.07407407407407407,
    "ABA": 0.07407407407407407,
    "DME": 0.07407407407407407,
    "GOJ": 0.07407407407407407,
    "KJA": 0.07407407407407407,
    "KUF": 0.07407407407407407,
    "LED": 0.07407407407407407,
    "UFA": 0.07407407407407407,
    "AER": 0.037037037037037035
  },
  "international_route_shares": {},
  "domestic_ratio": 1.0,
  "fleet_mix": {
    "SBI": {
      "B738": 1.0
    },
    "SVR": {
      "A320": 1.0
    },
    "TSO": {
      "B738": 1.0
    },
    "Y7": {
      "B738": 0.9047619047619048,
      "AT76": 0.09523809523809523
    }
  },
  "hourly_profile": [],
  "delay_rate": 0.0,
  "delay_distribution": {},
  "mean_delay_minutes": 0.0,
  "data_source": "openflights",
  "region": "",
  "profile_date": "2026-03-21",
  "sample_size": 27
}