{
  "icao_code": "NUE",
  "iata_code": "NUE",
  "airline_shares": {
    "BER": 0.4939759036144578,
    "HLX": 0.14457831325301204,
    "GWI": 0.07228915662650602,
    "RYR": 0.07228915662650602,
    "AEE": 0.024096385542168676,
    "AFR": 0.024096385542168676,
    "CHH": 0.024096385542168676,
    "GEC": 0.024096385542168676,
    "SWR": 0.024096385542168676,
    "PGT": 0.024096385542168676,
    "THY": 0.024096385542168676,
    "VLG": 0.024096385542168676,
    "SXS": 0.024096385542168676
  },
  "domestic_route_shares": {
    "DUS": 0.4,
    "HAM": 0.4,
    "FRA": 0.2
  },
  "international_route_shares": {
    "TXL": 0.0821917808219178,
    "AYT": 0.0821917808219178,
    "SKG": 0.0547945205479452,
    "HER": 0.0547945205479452,
    "PMI": 0.0547945205479452,
    "RHO": 0.0547945205479452,
    "SAW": 0.0547945205479452,
    "TFS": 0.0547945205479452,
    "LPA": 0.0410958904109589,
    "DJE": 0.0273972602739726,
    "FUE": 0.0273972602739726,
    "HRG": 0.0273972602739726,
    "IBZ": 0.0273972602739726,
    "NBE": 0.0273972602739726,
    "OLB": 0.0273972602739726,
    "SMI": 0.0273972602739726,
    "SPU": 0.0273972602739726,
    "VIE": 0.0273972602739726,
    "CDG": 0.0273972602739726,
    "AGP": 0.0273972602739726,
    "ALC": 0.0273972602739726,
    "STN": 0.0273972602739726,
    "ZRH": 0.0273972602739726,
    "IST": 0.0273972602739726,
    "BCN": 0.0273972602739726,
    "KGS": 0.0136986301369863,
    "ZQW": 0.0136986301369863
  },
  "domestic_ratio": 0.12,
  "fleet_mix": {
    "GWI": {
      "CRJ9": 0.6666666666666666,
      "A319": 0.3333333333333333
    },
    "AEE": {
      "A320": 1.0
    },
    "BER": {
      "B738": 0.7209302325581395,
      "DH8D": 0.23255813953488372,
      "A319": 0.046511627906976744
    },
    "AFR": {
      "E175": 1.0
    },
    "RYR": {
      "B738": 1.0
    },
    "CHH": {
      "DH8D": 1.0
    },
    "GEC": {
      "A319": 0.2,
      "CRJ7": 0.2,
      "A321": 0.2,
      "E190": 0.2,
      "A320": 0.2
    },
    "PGT": {
      "B738": 0.5,
      "A320": 0.5
    },
    "THY": {
      "A320": 0.5,
      "B738": 0.5
    },
    "VLG": {
      "A320": 1.0
    },
    "HLX": {
      "B738": 1.0
    },
    "SXS": {
      "B738": 1.0
    }
  },
  "hourly_profile": [],
  "delay_rate": 0.0,
  "delay_distribution": {},
  "mean_delay_minutes": 0.0,
  "data_source": "openflights",
  "region": "",
  "profile_date": "2026-03-21",
  "sample_size": 83
}