{
  "icao_code": "NYO",
  "iata_code": "NYO",
  "airline_shares": {
    "RYR": 0.7741935483870968,
    "WZZ": 0.22580645161290322
  },
  "domestic_route_shares": {},
  "international_route_shares": {
    "AGP": 0.03225806451612903,
    "AHO": 0.03225806451612903,
    "ALC": 0.03225806451612903,
    "BCN": 0.03225806451612903,
    "BGY": 0.03225806451612903,
    "BIQ": 0.03225806451612903,
    "BRE": 0.03225806451612903,
    "BVA": 0.03225806451612903,
    "BZR": 0.03225806451612903,
    "CHQ": 0.03225806451612903,
    "CIA": 0.03225806451612903,
    "CRL": 0.03225806451612903,
    "KRK": 0.03225806451612903,
    "MLA": 0.03225806451612903,
    "PFO": 0.03225806451612903,
    "PMI": 0.03225806451612903,
    "PSA": 0.03225806451612903,
    "RHO": 0.03225806451612903,
    "RJK": 0.03225806451612903,
    "SKG": 0.03225806451612903,
    "STN": 0.03225806451612903,
    "TSF": 0.03225806451612903,
    "WMI": 0.03225806451612903,
    "ZAD": 0.03225806451612903,
    "BEG": 0.03225806451612903,
    "BUD": 0.03225806451612903,
    "GDN": 0.03225806451612903,
    "KTW": 0.03225806451612903,
    "POZ": 0.03225806451612903,
    "SKP": 0.03225806451612903,
    "WAW": 0.03225806451612903
  },
  "domestic_ratio": 0.0,
  "fleet_mix": {
    "RYR": {
      "B738": 1.0
    },
    "WZZ": {
      "A320": 1.0
    }
  },
  "hourly_profile": [],
  "delay_rate": 0.0,
  "delay_distribution": {},
  "mean_delay_minutes": 0.0,
  "data_source": "openflights",
  "region": "",
  "profile_date": "2026-03-21",
  "sample_size": 62
}