{
  "icao_code": "OAK",
  "iata_code": "OAK",
  "airline_shares": {
    "SWA": 0.46153846153846156,
    "ASA": 0.1282051282051282,
    "AAY": 0.10256410256410256,
    "NKS": 0.07692307692307693,
    "JBU": 0.05128205128205128,
    "HAL": 0.05128205128205128,
    "AAL": 0.02564102564102564,
    "DAL": 0.02564102564102564,
    "TRS": 0.02564102564102564,
    "USA": 0.02564102564102564,
    "VOI": 0.02564102564102564
  },
  "domestic_route_shares": {
    "PHX": 0.08823529411764706,
    "HNL": 0.058823529411764705,
    "OGG": 0.058823529411764705,
    "SEA": 0.058823529411764705,
    "SLC": 0.058823529411764705,
    "LAS": 0.058823529411764705,
    "LAX": 0.04411764705882353,
    "DEN": 0.04411764705882353,
    "KOA": 0.029411764705882353,
    "LIH": 0.029411764705882353,
    "JFK": 0.029411764705882353,
    "LGB": 0.029411764705882353,
    "DFW": 0.029411764705882353,
    "ORD": 0.029411764705882353,
    "ABQ": 0.029411764705882353,
    "AUS": 0.029411764705882353,
    "BOI": 0.029411764705882353,
    "BUR": 0.029411764705882353,
    "GEG": 0.029411764705882353,
    "HOU": 0.029411764705882353,
    "MCI": 0.029411764705882353,
    "MDW": 0.029411764705882353,
    "ONT": 0.029411764705882353,
    "PDX": 0.029411764705882353,
    "SAN": 0.029411764705882353,
    "SNA": 0.029411764705882353
  },
  "international_route_shares": {
    "AZA": 0.2,
    "BLI": 0.2,
    "EUG": 0.2,
    "PVU": 0.2,
    "GDL": 0.2
  },
  "domestic_ratio": 0.872,
  "fleet_mix": {
    "AAL": {
      "A319": 0.6666666666666666,
      "CRJ9": 0.3333333333333333
    },
    "ASA": {
      "B738": 0.8333333333333334,
      "B737": 0.16666666666666666
    },
    "JBU": {
      "A320": 1.0
    },
    "DAL": {
      "A320": 0.5,
      "A319": 0.5
    },
    "AAY": {
      "A319": 1.0
    },
    "HAL": {
      "B767": 1.0
    },
    "NKS": {
      "A319": 0.75,
      "A320": 0.25
    },
    "USA": {
      "A319": 1.0
    },
    "SWA": {
      "B738": 1.0
    },
    "VOI": {
      "A320": 0.5,
      "A319": 0.5
    }
  },
  "hourly_profile": [],
  "delay_rate": 0.0,
  "delay_distribution": {},
  "mean_delay_minutes": 0.0,
  "data_source": "openflights",
  "region": "",
  "profile_date": "2026-03-21",
  "sample_size": 78
}