{
  "icao_code": "ODS",
  "iata_code": "ODS",
  "airline_shares": {
    "AUI": 0.3225806451612903,
    "LMU": 0.16129032258064516,
    "OHY": 0.06451612903225806,
    "FDB": 0.06451612903225806,
    "ABY": 0.06451612903225806,
    "LOT": 0.06451612903225806,
    "SBI": 0.06451612903225806,
    "AFL": 0.06451612903225806,
    "THY": 0.06451612903225806,
    "TSO": 0.06451612903225806
  },
  "domestic_route_shares": {},
  "international_route_shares": {
    "IST": 0.22580645161290322,
    "KBP": 0.12903225806451613,
    "SVO": 0.12903225806451613,
    "DWC": 0.06451612903225806,
    "SHJ": 0.06451612903225806,
    "WAW": 0.06451612903225806,
    "LCA": 0.06451612903225806,
    "TLV": 0.06451612903225806,
    "VIE": 0.06451612903225806,
    "DME": 0.06451612903225806,
    "VKO": 0.06451612903225806
  },
  "domestic_ratio": 0.0,
  "fleet_mix": {
    "OHY": {
      "A320": 1.0
    },
    "FDB": {
      "B738": 1.0
    },
    "ABY": {
      "A320": 1.0
    },
    "LOT": {
      "E175": 1.0
    },
    "AUI": {
      "B738": 0.5,
      "A320": 0.16666666666666666,
      "B737": 0.16666666666666666,
      "E190": 0.16666666666666666
    },
    "SBI": {
      "A319": 1.0
    },
    "AFL": {
      "A319": 0.5,
      "A320": 0.5
    },
    "THY": {
      "B738": 0.5,
      "B739": 0.5
    },
    "LMU": {
      "A320": 1.0
    },
    "TSO": {
      "B737": 1.0
    }
  },
  "hourly_profile": [],
  "delay_rate": 0.0,
  "delay_distribution": {},
  "mean_delay_minutes": 0.0,
  "data_source": "openflights",
  "region": "",
  "profile_date": "2026-03-21",
  "sample_size": 31
}