{
  "icao_code": "OGG",
  "iata_code": "OGG",
  "airline_shares": {
    "HAL": 0.23529411764705882,
    "ASA": 0.17647058823529413,
    "MYD": 0.17647058823529413,
    "UAL": 0.11764705882352941,
    "AAL": 0.08823529411764706,
    "USA": 0.08823529411764706,
    "ACA": 0.029411764705882353,
    "DAL": 0.029411764705882353,
    "MKU": 0.029411764705882353,
    "WJA": 0.029411764705882353
  },
  "domestic_route_shares": {
    "LAX": 0.18518518518518517,
    "HNL": 0.1111111111111111,
    "DFW": 0.07407407407407407,
    "PHX": 0.07407407407407407,
    "OAK": 0.07407407407407407,
    "SEA": 0.07407407407407407,
    "SJC": 0.07407407407407407,
    "KOA": 0.07407407407407407,
    "PDX": 0.037037037037037035,
    "SAN": 0.037037037037037035,
    "SMF": 0.037037037037037035,
    "LIH": 0.037037037037037035,
    "DEN": 0.037037037037037035,
    "ORD": 0.037037037037037035,
    "SFO": 0.037037037037037035
  },
  "international_route_shares": {
    "YVR": 0.2857142857142857,
    "ITO": 0.14285714285714285,
    "HNM": 0.14285714285714285,
    "LNY": 0.14285714285714285,
    "MKK": 0.14285714285714285,
    "MUE": 0.14285714285714285
  },
  "domestic_ratio": 0.794,
  "fleet_mix": {
    "AAL": {
      "B767": 1.0
    },
    "ACA": {
      "B767": 1.0
    },
    "ASA": {
      "B738": 1.0
    },
    "HAL": {
      "B767": 0.75,
      "A330": 0.25
    },
    "UAL": {
      "B752": 0.5,
      "B738": 0.3333333333333333,
      "B777": 0.16666666666666666
    },
    "USA": {
      "B767": 0.5,
      "B752": 0.5
    },
    "MKU": {
      "AT76": 1.0
    },
    "WJA": {
      "B738": 1.0
    }
  },
  "hourly_profile": [],
  "delay_rate": 0.0,
  "delay_distribution": {},
  "mean_delay_minutes": 0.0,
  "data_source": "openflights",
  "region": "",
  "profile_date": "2026-03-21",
  "sample_size": 68
}