{
  "icao_code": "OKA",
  "iata_code": "OKA",
  "airline_shares": {
    "ANA": 0.3018867924528302,
    "SKY": 0.1509433962264151,
    "JTA": 0.1509433962264151,
    "MM": 0.05660377358490566,
    "CAL": 0.03773584905660377,
    "GK": 0.03773584905660377,
    "JAL": 0.03773584905660377,
    "OZR": 0.03773584905660377,
    "MDA": 0.018867924528301886,
    "CCA": 0.018867924528301886,
    "CPA": 0.018867924528301886,
    "TNA": 0.018867924528301886,
    "DKH": 0.018867924528301886,
    "CRK": 0.018867924528301886,
    "APW": 0.018867924528301886,
    "HDA": 0.018867924528301886,
    "JNA": 0.018867924528301886,
    "CES": 0.018867924528301886
  },
  "domestic_route_shares": {
    "NRT": 0.13333333333333333,
    "KIX": 0.13333333333333333,
    "FUK": 0.1,
    "HND": 0.1,
    "NGO": 0.1,
    "ITM": 0.06666666666666667,
    "UKB": 0.03333333333333333,
    "FSZ": 0.03333333333333333,
    "HIJ": 0.03333333333333333,
    "KIJ": 0.03333333333333333,
    "KMJ": 0.03333333333333333,
    "KOJ": 0.03333333333333333,
    "MYJ": 0.03333333333333333,
    "NGS": 0.03333333333333333,
    "SDJ": 0.03333333333333333,
    "KMQ": 0.03333333333333333,
    "OKJ": 0.03333333333333333
  },
  "international_route_shares": {
    "ISG": 0.17391304347826086,
    "MMY": 0.13043478260869565,
    "TPE": 0.13043478260869565,
    "HKG": 0.13043478260869565,
    "PVG": 0.08695652173913043,
    "ICN": 0.08695652173913043,
    "RMQ": 0.043478260869565216,
    "YGJ": 0.043478260869565216,
    "PEK": 0.043478260869565216,
    "KHH": 0.043478260869565216,
    "UEO": 0.043478260869565216,
    "PUS": 0.043478260869565216
  },
  "domestic_ratio": 0.566,
  "fleet_mix": {
    "MDA": {
      "E190": 1.0
    },
    "SKY": {
      "B737": 1.0
    },
    "CCA": {
      "B738": 1.0
    },
    "CAL": {
      "B738": 0.5714285714285714,
      "A330": 0.2857142857142857,
      "B744": 0.14285714285714285
    },
    "CPA": {
      "A330": 1.0
    },
    "TNA": {
      "A320": 0.5,
      "A321": 0.5
    },
    "GK": {
      "A320": 1.0
    },
    "DKH": {
      "A320": 1.0
    },
    "CRK": {
      "A330": 1.0
    },
    "JAL": {
      "B777": 0.6,
      "B738": 0.2,
      "B767": 0.2
    },
    "APW": {
      "A320": 1.0
    },
    "HDA": {
      "A330": 1.0
    },
    "JNA": {
      "B738": 1.0
    },
    "MM": {
      "A320": 1.0
    },
    "CES": {
      "A320": 1.0
    },
    "ANA": {
      "B767": 0.358974358974359,
      "B737": 0.23076923076923078,
      "B738": 0.20512820512820512,
      "B777": 0.1794871794871795,
      "A320": 0.02564102564102564
    },
    "OZR": {
      "A321": 0.5,
      "A320": 0.5
    }
  },
  "hourly_profile": [],
  "delay_rate": 0.0,
  "delay_distribution": {},
  "mean_delay_minutes": 0.0,
  "data_source": "openflights",
  "region": "",
  "profile_date": "2026-03-21",
  "sample_size": 106
}