{
  "icao_code": "OLB",
  "iata_code": "OLB",
  "airline_shares": {
    "ISS": 0.25,
    "BER": 0.225,
    "EZY": 0.15,
    "GWI": 0.1,
    "VOE": 0.1,
    "ISK": 0.025,
    "BTI": 0.025,
    "NAX": 0.025,
    "NLY": 0.025,
    "TRA": 0.025,
    "SWR": 0.025,
    "STS": 0.025
  },
  "domestic_route_shares": {
    "BLQ": 0.125,
    "FCO": 0.125,
    "LIN": 0.125,
    "TRN": 0.125,
    "VRN": 0.125,
    "MXP": 0.125,
    "GOA": 0.125,
    "VCE": 0.125
  },
  "international_route_shares": {
    "CGN": 0.09375,
    "HAM": 0.09375,
    "VIE": 0.09375,
    "DUS": 0.0625,
    "STR": 0.0625,
    "LGW": 0.0625,
    "GVA": 0.0625,
    "FDH": 0.03125,
    "MUC": 0.03125,
    "NUE": 0.03125,
    "TXL": 0.03125,
    "ZRH": 0.03125,
    "RIX": 0.03125,
    "ARN": 0.03125,
    "CDG": 0.03125,
    "BRN": 0.03125,
    "BSL": 0.03125,
    "NCE": 0.03125,
    "SXF": 0.03125,
    "BOD": 0.03125,
    "NTE": 0.03125,
    "AJA": 0.015625,
    "AMS": 0.015625
  },
  "domestic_ratio": 0.2,
  "fleet_mix": {
    "ISK": {
      "AT76": 1.0
    },
    "GWI": {
      "A319": 0.75,
      "CRJ9": 0.25
    },
    "BER": {
      "B738": 0.375,
      "A320": 0.375,
      "B737": 0.1875,
      "A319": 0.0625
    },
    "NAX": {
      "B738": 1.0
    },
    "NLY": {
      "A320": 1.0
    },
    "TRA": {
      "B738": 1.0
    },
    "ISS": {
      "A320": 1.0
    },
    "SWR": {
      "A320": 1.0
    },
    "EZY": {
      "A319": 0.6666666666666666,
      "A320": 0.3333333333333333
    }
  },
  "hourly_profile": [],
  "delay_rate": 0.0,
  "delay_distribution": {},
  "mean_delay_minutes": 0.0,
  "data_source": "openflights",
  "region": "",
  "profile_date": "2026-03-21",
  "sample_size": 80
}