{
  "icao_code": "OMAA",
  "iata_code": "AUH",
  "airline_shares": {
    "ETD": 0.46107784431137727,
    "AZA": 0.08682634730538923,
    "JAI": 0.059880239520958084,
    "PIA": 0.029940119760479042,
    "BTI": 0.023952095808383235,
    "AXB": 0.023952095808383235,
    "BER": 0.017964071856287425,
    "CHH": 0.017964071856287425,
    "IYE": 0.017964071856287425,
    "SAI": 0.017964071856287425,
    "SVA": 0.014970059880239521,
    "AIC": 0.011976047904191617,
    "BAW": 0.011976047904191617,
    "GIA": 0.011976047904191617,
    "KZR": 0.011976047904191617,
    "KLM": 0.011976047904191617,
    "KAC": 0.011976047904191617,
    "GEC": 0.011976047904191617,
    "ALK": 0.011976047904191617,
    "MAS": 0.008982035928143712,
    "SUD": 0.008982035928143712,
    "AEE": 0.005988023952095809,
    "ACA": 0.005988023952095809,
    "BRU": 0.005988023952095809,
    "BBC": 0.005988023952095809,
    "CPA": 0.005988023952095809,
    "GBA": 0.005988023952095809,
    "ASL": 0.005988023952095809,
    "KAL": 0.005988023952095809,
    "MEA": 0.005988023952095809,
    "MSR": 0.005988023952095809,
    "PAL": 0.005988023952095809,
    "QTR": 0.005988023952095809,
    "RJA": 0.005988023952095809,
    "SAA": 0.005988023952095809,
    "THY": 0.005988023952095809,
    "TAP": 0.005988023952095809,
    "VOZ": 0.005988023952095809,
    "OMA": 0.005988023952095809,
    "IRK": 0.005988023952095809
  },
  "domestic_route_shares": {
    "SHJ": 1.0
  },
  "international_route_shares": {
    "MCT": 0.036036036036036036,
    "AMS": 0.03003003003003003,
    "KWI": 0.02702702702702703,
    "BAH": 0.02702702702702703,
    "BOM": 0.024024024024024024,
    "COK": 0.024024024024024024,
    "LHE": 0.024024024024024024,
    "DEL": 0.021021021021021023,
    "JNB": 0.021021021021021023,
    "BLR": 0.018018018018018018,
    "CCJ": 0.018018018018018018,
    "CGK": 0.018018018018018018,
    "KHI": 0.018018018018018018,
    "KUL": 0.018018018018018018,
    "FRA": 0.018018018018018018,
    "AMM": 0.018018018018018018,
    "ISB": 0.018018018018018018,
    "PEW": 0.018018018018018018,
    "AMD": 0.012012012012012012,
    "DMM": 0.012012012012012012,
    "HYD": 0.012012012012012012,
    "MAA": 0.012012012012012012,
    "ATH": 0.012012012012012012,
    "DUS": 0.012012012012012012,
    "YYZ": 0.012012012012012012,
    "BKK": 0.012012012012012012,
    "CTU": 0.012012012012012012,
    "PEK": 0.012012012012012012,
    "MSQ": 0.012012012012012012,
    "LHR": 0.012012012012012012,
    "BRU": 0.012012012012012012,
    "MUC": 0.012012012012012012,
    "ALA": 0.012012012012012012,
    "BEG": 0.012012012012012012,
    "BEY": 0.012012012012012012,
    "CAI": 0.012012012012012012,
    "CMB": 0.012012012012012012,
    "DOH": 0.012012012012012012,
    "GVA": 0.012012012012012012,
    "ICN": 0.012012012012012012,
    "IST": 0.012012012012012012,
    "JED": 0.012012012012012012,
    "KRT": 0.012012012012012012,
    "MNL": 0.012012012012012012,
    "NBO": 0.012012012012012012,
    "RUH": 0.012012012012012012,
    "SYD": 0.012012012012012012,
    "TRV": 0.012012012012012012,
    "TSE": 0.012012012012012012,
    "MED": 0.009009009009009009,
    "HKT": 0.006006006006006006,
    "TXL": 0.006006006006006006,
    "FCO": 0.006006006006006006,
    "BGW": 0.006006006006006006,
    "BSR": 0.006006006006006006,
    "CDG": 0.006006006006006006,
    "CMN": 0.006006006006006006,
    "DAC": 0.006006006006006006,
    "DME": 0.006006006006006006,
    "DUB": 0.006006006006006006,
    "EBL": 0.006006006006006006,
    "GRU": 0.006006006006006006,
    "IAD": 0.006006006006006006,
    "IKA": 0.006006006006006006,
    "JAI": 0.006006006006006006,
    "JFK": 0.006006006006006006,
    "KTM": 0.006006006006006006,
    "LCA": 0.006006006006006006,
    "LOS": 0.006006006006006006,
    "MAN": 0.006006006006006006,
    "MEL": 0.006006006006006006,
    "MLE": 0.006006006006006006,
    "MXP": 0.006006006006006006,
    "NRT": 0.006006006006006006,
    "ORD": 0.006006006006006006,
    "PVG": 0.006006006006006006,
    "SAH": 0.006006006006006006,
    "SEZ": 0.006006006006006006,
    "SGN": 0.006006006006006006,
    "SIN": 0.006006006006006006,
    "ADE": 0.006006006006006006,
    "GXF": 0.006006006006006006,
    "RIY": 0.006006006006006006,
    "RYK": 0.006006006006006006,
    "KIH": 0.006006006006006006,
    "ZYL": 0.003003003003003003,
    "CGP": 0.003003003003003003,
    "HKG": 0.003003003003003003,
    "IXE": 0.003003003003003003
  },
  "domestic_ratio": 0.003,
  "fleet_mix": {
    "JAI": {
      "B738": 0.6153846153846154,
      "A320": 0.38461538461538464
    },
    "AEE": {
      "A321": 0.5,
      "A320": 0.5
    },
    "BER": {
      "A330": 1.0
    },
    "ACA": {
      "B777": 1.0
    },
    "AIC": {
      "A319": 1.0
    },
    "AZA": {
      "A320": 0.41935483870967744,
      "A330": 0.3870967741935484,
      "B777": 0.1935483870967742
    },
    "BRU": {
      "A319": 1.0
    },
    "BAW": {
      "B777": 1.0
    },
    "BTI": {
      "A330": 1.0
    },
    "CPA": {
      "A330": 1.0
    },
    "ETD": {
      "A320": 0.42424242424242425,
      "A330": 0.32323232323232326,
      "B777": 0.1717171717171717,
      "A319": 0.030303030303030304,
      "B737": 0.030303030303030304,
      "A321": 0.020202020202020204
    },
    "GIA": {
      "A330": 1.0
    },
    "GBA": {
      "A320": 1.0
    },
    "CHH": {
      "A330": 0.6666666666666666,
      "A320": 0.3333333333333333
    },
    "AXB": {
      "B738": 1.0
    },
    "IYE": {
      "A320": 1.0
    },
    "ASL": {
      "A319": 0.5,
      "A320": 0.5
    },
    "KZR": {
      "A320": 0.5,
      "A321": 0.5
    },
    "KAC": {
      "A320": 1.0
    },
    "GEC": {
      "A330": 1.0
    },
    "MEA": {
      "A320": 1.0
    },
    "MAS": {
      "A330": 0.6666666666666666,
      "A320": 0.3333333333333333
    },
    "MSR": {
      "B738": 1.0
    },
    "SAI": {
      "A320": 1.0
    },
    "PIA": {
      "B738": 0.7142857142857143,
      "B737": 0.2857142857142857
    },
    "QTR": {
      "A320": 0.3333333333333333,
      "A319": 0.3333333333333333,
      "A321": 0.3333333333333333
    },
    "RJA": {
      "A319": 0.5,
      "A320": 0.5
    },
    "SAA": {
      "A330": 1.0
    },
    "SVA": {
      "A320": 0.5555555555555556,
      "A321": 0.4444444444444444
    },
    "THY": {
      "A321": 0.5,
      "B738": 0.5
    },
    "TAP": {
      "A330": 1.0
    },
    "ALK": {
      "A320": 1.0
    },
    "VOZ": {
      "B777": 1.0
    },
    "OMA": {
      "E175": 0.3333333333333333,
      "B738": 0.3333333333333333,
      "B737": 0.3333333333333333
    }
  },
  "hourly_profile": [],
  "delay_rate": 0.0,
  "delay_distribution": {},
  "mean_delay_minutes": 0.0,
  "data_source": "openflights",
  "region": "",
  "profile_date": "2026-03-21",
  "sample_size": 334
}