{
  "icao_code": "OMDB",
  "iata_code": "DXB",
  "airline_shares": {
    "UAE": 0.39087947882736157,
    "FDB": 0.16123778501628663,
    "IRC": 0.03420195439739414,
    "JBU": 0.029315960912052116,
    "IGO": 0.019543973941368076,
    "IYE": 0.016286644951140065,
    "SAI": 0.016286644951140065,
    "AIC": 0.013029315960912053,
    "IRA": 0.013029315960912053,
    "AXB": 0.013029315960912053,
    "SVA": 0.013029315960912053,
    "SVR": 0.013029315960912053,
    "JAI": 0.009771986970684038,
    "PIA": 0.009771986970684038,
    "QFA": 0.009771986970684038,
    "SEJ": 0.009771986970684038,
    "BBC": 0.006514657980456026,
    "AFG": 0.006514657980456026,
    "GEC": 0.006514657980456026,
    "VRN": 0.006514657980456026,
    "SQC": 0.006514657980456026,
    "UAL": 0.006514657980456026,
    "RWD": 0.006514657980456026,
    "OMA": 0.006514657980456026,
    "KNE": 0.006514657980456026,
    "IRK": 0.006514657980456026,
    "CPA": 0.004885993485342019,
    "XU": 0.004885993485342019,
    "UBD": 0.003257328990228013,
    "4Q": 0.003257328990228013,
    "CEB": 0.003257328990228013,
    "AFR": 0.003257328990228013,
    "DAH": 0.003257328990228013,
    "BAW": 0.003257328990228013,
    "RBA": 0.003257328990228013,
    "CCA": 0.003257328990228013,
    "CSN": 0.003257328990228013,
    "DAO": 0.003257328990228013,
    "DAL": 0.003257328990228013,
    "DTA": 0.003257328990228013,
    "ETH": 0.003257328990228013,
    "GBA": 0.003257328990228013,
    "UZB": 0.003257328990228013,
    "AHY": 0.003257328990228013,
    "JZR": 0.003257328990228013,
    "ASL": 0.003257328990228013,
    "KAL": 0.003257328990228013,
    "KLM": 0.003257328990228013,
    "KQA": 0.003257328990228013,
    "KAC": 0.003257328990228013,
    "SWR": 0.003257328990228013,
    "MEA": 0.003257328990228013,
    "MSR": 0.003257328990228013,
    "CES": 0.003257328990228013,
    "PGT": 0.003257328990228013,
    "AUI": 0.003257328990228013,
    "GFG": 0.003257328990228013,
    "QTR": 0.003257328990228013,
    "RJA": 0.003257328990228013,
    "ROT": 0.003257328990228013,
    "KMF": 0.003257328990228013,
    "SBI": 0.003257328990228013,
    "SUD": 0.003257328990228013,
    "AFL": 0.003257328990228013,
    "SZ": 0.003257328990228013,
    "TUA": 0.003257328990228013,
    "THA": 0.003257328990228013,
    "THY": 0.003257328990228013,
    "TAR": 0.003257328990228013,
    "TEP": 0.003257328990228013,
    "ALK": 0.003257328990228013,
    "VIR": 0.003257328990228013,
    "IRM": 0.003257328990228013,
    "Y7": 0.003257328990228013,
    "WZP": 0.0016286644951140066,
    "AAW": 0.0016286644951140066
  },
  "domestic_route_shares": {
    "AZI": 1.0
  },
  "international_route_shares": {
    "KBL": 0.016339869281045753,
    "DEL": 0.016339869281045753,
    "LHR": 0.014705882352941176,
    "DOH": 0.014705882352941176,
    "BOM": 0.013071895424836602,
    "COK": 0.013071895424836602,
    "IKA": 0.013071895424836602,
    "JED": 0.013071895424836602,
    "KHI": 0.013071895424836602,
    "KWI": 0.013071895424836602,
    "BAH": 0.011437908496732025,
    "DAC": 0.00980392156862745,
    "HYD": 0.00980392156862745,
    "TRV": 0.00980392156862745,
    "CCJ": 0.00980392156862745,
    "IAD": 0.00980392156862745,
    "ADD": 0.00980392156862745,
    "AMM": 0.00980392156862745,
    "CAI": 0.00980392156862745,
    "DMM": 0.00980392156862745,
    "ISB": 0.00980392156862745,
    "KRT": 0.00980392156862745,
    "LHE": 0.00980392156862745,
    "MCT": 0.00980392156862745,
    "MED": 0.00980392156862745,
    "RUH": 0.00980392156862745,
    "SAH": 0.00980392156862745,
    "JIB": 0.008169934640522876,
    "MNL": 0.006535947712418301,
    "MAA": 0.006535947712418301,
    "IXE": 0.006535947712418301,
    "CDG": 0.006535947712418301,
    "ALG": 0.006535947712418301,
    "BOS": 0.006535947712418301,
    "DFW": 0.006535947712418301,
    "IAH": 0.006535947712418301,
    "JFK": 0.006535947712418301,
    "LAX": 0.006535947712418301,
    "MXP": 0.006535947712418301,
    "SEA": 0.006535947712418301,
    "SFO": 0.006535947712418301,
    "PEK": 0.006535947712418301,
    "HKG": 0.006535947712418301,
    "CAN": 0.006535947712418301,
    "LAD": 0.006535947712418301,
    "AMD": 0.006535947712418301,
    "AMS": 0.006535947712418301,
    "BEY": 0.006535947712418301,
    "BGW": 0.006535947712418301,
    "BKK": 0.006535947712418301,
    "BSR": 0.006535947712418301,
    "CGK": 0.006535947712418301,
    "CMB": 0.006535947712418301,
    "EBL": 0.006535947712418301,
    "FRA": 0.006535947712418301,
    "ICN": 0.006535947712418301,
    "IST": 0.006535947712418301,
    "KBP": 0.006535947712418301,
    "KUL": 0.006535947712418301,
    "MEL": 0.006535947712418301,
    "MUC": 0.006535947712418301,
    "NBO": 0.006535947712418301,
    "PEW": 0.006535947712418301,
    "SIN": 0.006535947712418301,
    "SKT": 0.006535947712418301,
    "SYD": 0.006535947712418301,
    "TUN": 0.006535947712418301,
    "ZRH": 0.006535947712418301,
    "BND": 0.006535947712418301,
    "ASB": 0.006535947712418301,
    "DYU": 0.006535947712418301,
    "GYD": 0.006535947712418301,
    "KRR": 0.006535947712418301,
    "MRV": 0.006535947712418301,
    "MUX": 0.006535947712418301,
    "OTP": 0.006535947712418301,
    "SAW": 0.006535947712418301,
    "SLL": 0.006535947712418301,
    "ADE": 0.006535947712418301,
    "GSM": 0.006535947712418301,
    "BBO": 0.004901960784313725,
    "TIP": 0.0032679738562091504,
    "GOI": 0.0032679738562091504,
    "CGP": 0.0032679738562091504,
    "HGA": 0.0032679738562091504,
    "ATL": 0.0032679738562091504,
    "ACC": 0.0032679738562091504,
    "ADL": 0.0032679738562091504,
    "ARN": 0.0032679738562091504,
    "ATH": 0.0032679738562091504,
    "BCN": 0.0032679738562091504,
    "BHX": 0.0032679738562091504,
    "BLR": 0.0032679738562091504,
    "BNE": 0.0032679738562091504,
    "CCU": 0.0032679738562091504,
    "CMN": 0.0032679738562091504,
    "CPH": 0.0032679738562091504,
    "CPT": 0.0032679738562091504,
    "DAR": 0.0032679738562091504,
    "DKR": 0.0032679738562091504,
    "DME": 0.0032679738562091504,
    "DUB": 0.0032679738562091504,
    "DUR": 0.0032679738562091504,
    "DUS": 0.0032679738562091504,
    "EBB": 0.0032679738562091504,
    "FCO": 0.0032679738562091504,
    "GIG": 0.0032679738562091504,
    "GLA": 0.0032679738562091504,
    "GRU": 0.0032679738562091504,
    "GVA": 0.0032679738562091504,
    "HAM": 0.0032679738562091504,
    "HKT": 0.0032679738562091504,
    "HND": 0.0032679738562091504,
    "JNB": 0.0032679738562091504,
    "KIX": 0.0032679738562091504,
    "LCA": 0.0032679738562091504,
    "LED": 0.0032679738562091504,
    "LGW": 0.0032679738562091504,
    "LIS": 0.0032679738562091504,
    "LOS": 0.0032679738562091504,
    "LUN": 0.0032679738562091504,
    "LYS": 0.0032679738562091504,
    "MAD": 0.0032679738562091504,
    "MAN": 0.0032679738562091504,
    "MLE": 0.0032679738562091504,
    "MRU": 0.0032679738562091504,
    "NCE": 0.0032679738562091504,
    "NCL": 0.0032679738562091504,
    "NRT": 0.0032679738562091504,
    "PER": 0.0032679738562091504,
    "PRG": 0.0032679738562091504,
    "PVG": 0.0032679738562091504,
    "SEZ": 0.0032679738562091504,
    "SGN": 0.0032679738562091504,
    "TPE": 0.0032679738562091504,
    "VCE": 0.0032679738562091504,
    "VIE": 0.0032679738562091504,
    "WAW": 0.0032679738562091504,
    "YYZ": 0.0032679738562091504,
    "BDH": 0.0032679738562091504,
    "BUZ": 0.0032679738562091504,
    "LFM": 0.0032679738562091504,
    "LRR": 0.0032679738562091504,
    "MHD": 0.0032679738562091504,
    "SYZ": 0.0032679738562091504,
    "TBZ": 0.0032679738562091504,
    "ZAH": 0.0032679738562091504,
    "KDH": 0.0032679738562091504,
    "AHB": 0.0032679738562091504,
    "BEG": 0.0032679738562091504,
    "ELQ": 0.0032679738562091504,
    "EVN": 0.0032679738562091504,
    "FRU": 0.0032679738562091504,
    "HAS": 0.0032679738562091504,
    "HBE": 0.0032679738562091504,
    "HRK": 0.0032679738562091504,
    "ISU": 0.0032679738562091504,
    "JUB": 0.0032679738562091504,
    "KTM": 0.0032679738562091504,