{
  "icao_code": "OMS",
  "iata_code": "OMS",
  "airline_shares": {
    "IOS": 0.47058823529411764,
    "AFL": 0.17647058823529413,
    "TSO": 0.11764705882352941,
    "KZR": 0.058823529411764705,
    "PGT": 0.058823529411764705,
    "SBI": 0.058823529411764705,
    "UR": 0.058823529411764705
  },
  "domestic_route_shares": {
    "DME": 0.375,
    "NJC": 0.125,
    "OVB": 0.125,
    "AER": 0.125,
    "LED": 0.125,
    "SVO": 0.125
  },
  "international_route_shares": {
    "DYU": 0.1111111111111111,
    "EVN": 0.1111111111111111,
    "GYD": 0.1111111111111111,
    "NUX": 0.1111111111111111,
    "TAS": 0.1111111111111111,
    "TSE": 0.1111111111111111,
    "SAW": 0.1111111111111111,
    "DWC": 0.1111111111111111,
    "HMA": 0.1111111111111111
  },
  "domestic_ratio": 0.471,
  "fleet_mix": {
    "KZR": {
      "E190": 1.0
    },
    "PGT": {
      "B738": 1.0
    },
    "SBI": {
      "A319": 0.5,
      "A320": 0.5
    },
    "AFL": {
      "A319": 0.5,
      "A320": 0.5
    },
    "TSO": {
      "B738": 1.0
    },
    "UR": {
      "AT76": 1.0
    }
  },
  "hourly_profile": [],
  "delay_rate": 0.0,
  "delay_distribution": {},
  "mean_delay_minutes": 0.0,
  "data_source": "openflights",
  "region": "",
  "profile_date": "2026-03-21",
  "sample_size": 34
}