{
  "icao_code": "ONT",
  "iata_code": "ONT",
  "airline_shares": {
    "SWA": 0.4666666666666667,
    "AAL": 0.13333333333333333,
    "USA": 0.13333333333333333,
    "AMX": 0.06666666666666667,
    "ASA": 0.06666666666666667,
    "DAL": 0.06666666666666667,
    "VOI": 0.06666666666666667
  },
  "domestic_route_shares": {
    "PHX": 0.23076923076923078,
    "DFW": 0.15384615384615385,
    "SEA": 0.07692307692307693,
    "SLC": 0.07692307692307693,
    "DEN": 0.07692307692307693,
    "LAS": 0.07692307692307693,
    "MDW": 0.07692307692307693,
    "OAK": 0.07692307692307693,
    "SJC": 0.07692307692307693,
    "SMF": 0.07692307692307693
  },
  "international_route_shares": {
    "GDL": 1.0
  },
  "domestic_ratio": 0.867,
  "fleet_mix": {
    "AAL": {
      "A320": 0.5,
      "A319": 0.5
    },
    "AMX": {
      "B738": 1.0
    },
    "ASA": {
      "B738": 1.0
    },
    "DAL": {
      "A319": 1.0
    },
    "USA": {
      "A320": 0.5,
      "A319": 0.5
    },
    "SWA": {
      "B738": 1.0
    },
    "VOI": {
      "A319": 1.0
    }
  },
  "hourly_profile": [],
  "delay_rate": 0.0,
  "delay_distribution": {},
  "mean_delay_minutes": 0.0,
  "data_source": "openflights",
  "region": "",
  "profile_date": "2026-03-21",
  "sample_size": 30
}