{
  "icao_code": "OPO",
  "iata_code": "OPO",
  "airline_shares": {
    "RYR": 0.47058823529411764,
    "TAP": 0.1503267973856209,
    "EZY": 0.06535947712418301,
    "RZO": 0.05228758169934641,
    "TVF": 0.05228758169934641,
    "VLG": 0.0392156862745098,
    "IBE": 0.026143790849673203,
    "BAW": 0.013071895424836602,
    "BEE": 0.013071895424836602,
    "DTA": 0.013071895424836602,
    "TRA": 0.013071895424836602,
    "LGL": 0.013071895424836602,
    "GEC": 0.013071895424836602,
    "SWR": 0.013071895424836602,
    "DAT": 0.013071895424836602,
    "THA": 0.013071895424836602,
    "TSC": 0.013071895424836602,
    "AAF": 0.013071895424836602
  },
  "domestic_route_shares": {
    "LIS": 0.38461538461538464,
    "FNC": 0.3076923076923077,
    "FAO": 0.15384615384615385,
    "PDL": 0.15384615384615385
  },
  "international_route_shares": {
    "BRU": 0.05714285714285714,
    "ORY": 0.05714285714285714,
    "BCN": 0.04285714285714286,
    "GVA": 0.04285714285714286,
    "MAD": 0.02857142857142857,
    "LYS": 0.02857142857142857,
    "LGW": 0.02857142857142857,
    "AMS": 0.02142857142857143,
    "YYZ": 0.02142857142857143,
    "LHR": 0.014285714285714285,
    "BHX": 0.014285714285714285,
    "LAD": 0.014285714285714285,
    "BGY": 0.014285714285714285,
    "BLQ": 0.014285714285714285,
    "BOD": 0.014285714285714285,
    "BRE": 0.014285714285714285,
    "BVA": 0.014285714285714285,
    "CCF": 0.014285714285714285,
    "CFE": 0.014285714285714285,
    "CIA": 0.014285714285714285,
    "CRL": 0.014285714285714285,
    "DLE": 0.014285714285714285,
    "DTM": 0.014285714285714285,
    "DUB": 0.014285714285714285,
    "EBU": 0.014285714285714285,
    "EIN": 0.014285714285714285,
    "FKB": 0.014285714285714285,
    "FMM": 0.014285714285714285,
    "HHN": 0.014285714285714285,
    "LIL": 0.014285714285714285,
    "LPA": 0.014285714285714285,
    "LPL": 0.014285714285714285,
    "LRH": 0.014285714285714285,
    "MRS": 0.014285714285714285,
    "MST": 0.014285714285714285,
    "NRN": 0.014285714285714285,
    "PMI": 0.014285714285714285,
    "STN": 0.014285714285714285,
    "SXB": 0.014285714285714285,
    "TFS": 0.014285714285714285,
    "TUF": 0.014285714285714285,
    "VLC": 0.014285714285714285,
    "XCR": 0.014285714285714285,
    "LUX": 0.014285714285714285,
    "FRA": 0.014285714285714285,
    "MUC": 0.014285714285714285,
    "TER": 0.014285714285714285,
    "NTE": 0.014285714285714285,
    "CCS": 0.014285714285714285,
    "EWR": 0.014285714285714285,
    "FCO": 0.014285714285714285,
    "GIG": 0.014285714285714285,
    "GRU": 0.014285714285714285,
    "ZRH": 0.014285714285714285,
    "BSL": 0.014285714285714285,
    "CDG": 0.014285714285714285
  },
  "domestic_ratio": 0.085,
  "fleet_mix": {
    "BAW": {
      "A320": 0.5,
      "A319": 0.5
    },
    "BEE": {
      "E175": 1.0
    },
    "DTA": {
      "B777": 1.0
    },
    "RYR": {
      "B738": 1.0
    },
    "TRA": {
      "B738": 1.0
    },
    "IBE": {
      "A320": 1.0
    },
    "LGL": {
      "B738": 1.0
    },
    "GEC": {
      "A321": 1.0
    },
    "SWR": {
      "A319": 0.5,
      "A320": 0.5
    },
    "RZO": {
      "A320": 1.0
    },
    "DAT": {
      "A319": 1.0
    },
    "TVF": {
      "B738": 1.0
    },
    "TAP": {
      "A319": 0.375,
      "A320": 0.375,
      "A330": 0.25
    },
    "EZY": {
      "A319": 0.625,
      "A320": 0.375
    },
    "VLG": {
      "A320": 1.0
    },
    "AAF": {
      "A320": 0.5,
      "A319": 0.5
    }
  },
  "hourly_profile": [],
  "delay_rate": 0.0,
  "delay_distribution": {},
  "mean_delay_minutes": 0.0,
  "data_source": "openflights",
  "region": "",
  "profile_date": "2026-03-21",
  "sample_size": 153
}