{
  "icao_code": "ORF",
  "iata_code": "ORF",
  "airline_shares": {
    "USA": 0.3611111111111111,
    "AAL": 0.2222222222222222,
    "DAL": 0.16666666666666666,
    "SWA": 0.16666666666666666,
    "TRS": 0.08333333333333333
  },
  "domestic_route_shares": {
    "CLT": 0.1111111111111111,
    "DCA": 0.1111111111111111,
    "DFW": 0.1111111111111111,
    "ATL": 0.1111111111111111,
    "JFK": 0.1111111111111111,
    "PHL": 0.08333333333333333,
    "MCO": 0.08333333333333333,
    "DTW": 0.05555555555555555,
    "LGA": 0.05555555555555555,
    "MIA": 0.05555555555555555,
    "BWI": 0.05555555555555555,
    "MDW": 0.05555555555555555
  },
  "international_route_shares": {},
  "domestic_ratio": 1.0,
  "fleet_mix": {
    "AAL": {
      "A319": 1.0
    },
    "DAL": {
      "A319": 1.0
    },
    "USA": {
      "CRJ9": 0.42857142857142855,
      "A319": 0.2857142857142857,
      "CRJ7": 0.2857142857142857
    }
  },
  "hourly_profile": [],
  "delay_rate": 0.0,
  "delay_distribution": {},
  "mean_delay_minutes": 0.0,
  "data_source": "openflights",
  "region": "",
  "profile_date": "2026-03-21",
  "sample_size": 36
}