{
  "icao_code": "ORK",
  "iata_code": "ORK",
  "airline_shares": {
    "RYR": 0.5185185185185185,
    "EIN": 0.48148148148148145
  },
  "domestic_route_shares": {},
  "international_route_shares": {
    "ACE": 0.07407407407407407,
    "AGP": 0.07407407407407407,
    "FAO": 0.07407407407407407,
    "PMI": 0.07407407407407407,
    "ALC": 0.037037037037037035,
    "AMS": 0.037037037037037035,
    "BCN": 0.037037037037037035,
    "BRU": 0.037037037037037035,
    "CDG": 0.037037037037037035,
    "LHR": 0.037037037037037035,
    "LIS": 0.037037037037037035,
    "MUC": 0.037037037037037035,
    "NCE": 0.037037037037037035,
    "EMA": 0.037037037037037035,
    "FUE": 0.037037037037037035,
    "GDN": 0.037037037037037035,
    "LGW": 0.037037037037037035,
    "LPA": 0.037037037037037035,
    "LPL": 0.037037037037037035,
    "STN": 0.037037037037037035,
    "TFS": 0.037037037037037035,
    "VNO": 0.037037037037037035,
    "WRO": 0.037037037037037035
  },
  "domestic_ratio": 0.0,
  "fleet_mix": {
    "EIN": {
      "A320": 1.0
    },
    "RYR": {
      "B738": 1.0
    }
  },
  "hourly_profile": [],
  "delay_rate": 0.0,
  "delay_distribution": {},
  "mean_delay_minutes": 0.0,
  "data_source": "openflights",
  "region": "",
  "profile_date": "2026-03-21",
  "sample_size": 54
}