{
  "icao_code": "ORN",
  "iata_code": "ORN",
  "airline_shares": {
    "DAH": 0.5625,
    "AAF": 0.21875,
    "VLG": 0.0625,
    "AZA": 0.03125,
    "IBE": 0.03125,
    "SVA": 0.03125,
    "THY": 0.03125,
    "TAR": 0.03125
  },
  "domestic_route_shares": {
    "AAE": 0.3333333333333333,
    "ALG": 0.3333333333333333,
    "CZL": 0.3333333333333333
  },
  "international_route_shares": {
    "ALC": 0.06896551724137931,
    "BCN": 0.06896551724137931,
    "CDG": 0.06896551724137931,
    "IST": 0.06896551724137931,
    "LIL": 0.06896551724137931,
    "LYS": 0.06896551724137931,
    "MRS": 0.06896551724137931,
    "ORY": 0.06896551724137931,
    "TLS": 0.06896551724137931,
    "AZR": 0.034482758620689655,
    "CBH": 0.034482758620689655,
    "CMN": 0.034482758620689655,
    "GHA": 0.034482758620689655,
    "HME": 0.034482758620689655,
    "OGX": 0.034482758620689655,
    "FCO": 0.034482758620689655,
    "MAD": 0.034482758620689655,
    "TUN": 0.034482758620689655,
    "MLH": 0.034482758620689655,
    "JED": 0.017241379310344827,
    "MED": 0.017241379310344827
  },
  "domestic_ratio": 0.094,
  "fleet_mix": {
    "DAH": {
      "B738": 0.7142857142857143,
      "B767": 0.2857142857142857
    },
    "AZA": {
      "E175": 1.0
    },
    "IBE": {
      "A319": 1.0
    },
    "THY": {
      "B738": 1.0
    },
    "VLG": {
      "A320": 1.0
    },
    "AAF": {
      "A319": 0.5,
      "A320": 0.5
    }
  },
  "hourly_profile": [],
  "delay_rate": 0.0,
  "delay_distribution": {},
  "mean_delay_minutes": 0.0,
  "data_source": "openflights",
  "region": "",
  "profile_date": "2026-03-21",
  "sample_size": 64
}