{
  "icao_code": "ORY",
  "iata_code": "ORY",
  "airline_shares": {
    "TVF": 0.16279069767441862,
    "AFR": 0.13372093023255813,
    "VLG": 0.0872093023255814,
    "AAF": 0.08139534883720931,
    "RLA": 0.06976744186046512,
    "EZY": 0.06976744186046512,
    "DAH": 0.05232558139534884,
    "RAM": 0.05232558139534884,
    "CRL": 0.0436046511627907,
    "NAX": 0.029069767441860465,
    "IBE": 0.029069767441860465,
    "FWI": 0.029069767441860465,
    "TAR": 0.023255813953488372,
    "CCM": 0.023255813953488372,
    "TJT": 0.011627906976744186,
    "TAP": 0.011627906976744186,
    "AEA": 0.011627906976744186,
    "BCY": 0.011627906976744186,
    "BEE": 0.00872093023255814,
    "BER": 0.005813953488372093,
    "AZA": 0.005813953488372093,
    "BAW": 0.005813953488372093,
    "CUB": 0.005813953488372093,
    "IRA": 0.005813953488372093,
    "AMC": 0.005813953488372093,
    "PGT": 0.005813953488372093,
    "RZO": 0.005813953488372093,
    "HER": 0.005813953488372093,
    "TSO": 0.005813953488372093
  },
  "domestic_route_shares": {
    "BIA": 0.13793103448275862,
    "NCE": 0.13793103448275862,
    "TLS": 0.13793103448275862,
    "MRS": 0.10344827586206896,
    "BES": 0.06896551724137931,
    "BOD": 0.06896551724137931,
    "CFE": 0.06896551724137931,
    "LYS": 0.06896551724137931,
    "MPL": 0.06896551724137931,
    "SXB": 0.06896551724137931,
    "FSC": 0.06896551724137931
  },
  "international_route_shares": {
    "LIS": 0.025396825396825397,
    "OPO": 0.025396825396825397,
    "FDF": 0.01904761904761905,
    "MLA": 0.01904761904761905,
    "PTP": 0.01904761904761905,
    "FCO": 0.01904761904761905,
    "DJE": 0.01904761904761905,
    "AJA": 0.012698412698412698,
    "CAY": 0.012698412698412698,
    "CLY": 0.012698412698412698,
    "LCY": 0.012698412698412698,
    "RUN": 0.012698412698412698,
    "AAE": 0.012698412698412698,
    "ALG": 0.012698412698412698,
    "BJA": 0.012698412698412698,
    "BSK": 0.012698412698412698,
    "CZL": 0.012698412698412698,
    "ORN": 0.012698412698412698,
    "QSF": 0.012698412698412698,
    "TLM": 0.012698412698412698,
    "AGA": 0.012698412698412698,
    "ESU": 0.012698412698412698,
    "OUD": 0.012698412698412698,
    "RAK": 0.012698412698412698,
    "RBA": 0.012698412698412698,
    "LIN": 0.012698412698412698,
    "BLQ": 0.012698412698412698,
    "MAD": 0.012698412698412698,
    "SAW": 0.012698412698412698,
    "AGP": 0.012698412698412698,
    "ATH": 0.012698412698412698,
    "FAO": 0.012698412698412698,
    "IBZ": 0.012698412698412698,
    "MIR": 0.012698412698412698,
    "NAP": 0.012698412698412698,
    "PMO": 0.012698412698412698,
    "PSA": 0.012698412698412698,
    "SVQ": 0.012698412698412698,
    "TUN": 0.012698412698412698,
    "VCE": 0.012698412698412698,
    "VKO": 0.012698412698412698,
    "PMI": 0.012698412698412698,
    "AGF": 0.006349206349206349,
    "AUR": 0.006349206349206349,
    "BVE": 0.006349206349206349,
    "CFR": 0.006349206349206349,
    "DCM": 0.006349206349206349,
    "LAI": 0.006349206349206349,
    "LDE": 0.006349206349206349,
    "LRH": 0.006349206349206349,
    "LRT": 0.006349206349206349,
    "PGF": 0.006349206349206349,
    "RDZ": 0.006349206349206349,
    "UIP": 0.006349206349206349,
    "TXL": 0.006349206349206349,
    "BIQ": 0.006349206349206349,
    "MLH": 0.006349206349206349,
    "NTE": 0.006349206349206349,
    "PUF": 0.006349206349206349,
    "TLN": 0.006349206349206349,
    "BLJ": 0.006349206349206349,
    "CMN": 0.006349206349206349,
    "FEZ": 0.006349206349206349,
    "OZZ": 0.006349206349206349,
    "TNG": 0.006349206349206349,
    "LHR": 0.006349206349206349,
    "SOU": 0.006349206349206349,
    "ARN": 0.006349206349206349,
    "BGO": 0.006349206349206349,
    "CPH": 0.006349206349206349,
    "HEL": 0.006349206349206349,
    "OSL": 0.006349206349206349,
    "TFN": 0.006349206349206349,
    "TFS": 0.006349206349206349,
    "IKA": 0.006349206349206349,
    "PDL": 0.006349206349206349,
    "ABJ": 0.006349206349206349,
    "DKR": 0.006349206349206349,
    "YUL": 0.006349206349206349,
    "LIG": 0.006349206349206349,
    "PGX": 0.006349206349206349,
    "AYT": 0.006349206349206349,
    "BJV": 0.006349206349206349,
    "BUD": 0.006349206349206349,
    "CTA": 0.006349206349206349,
    "DBV": 0.006349206349206349,
    "HER": 0.006349206349206349,
    "PRG": 0.006349206349206349,
    "TLV": 0.006349206349206349,
    "TOE": 0.006349206349206349,
    "SXM": 0.006349206349206349,
    "GVA": 0.006349206349206349,
    "SXF": 0.006349206349206349,
    "LPY": 0.006349206349206349,
    "ALC": 0.006349206349206349,
    "BCN": 0.006349206349206349,
    "BIO": 0.006349206349206349,
    "FLR": 0.006349206349206349,
    "LPA": 0.006349206349206349,
    "VLC": 0.006349206349206349,
    "CWL": 0.006349206349206349,
    "BKO": 0.006349206349206349,
    "FNC": 0.006349206349206349,
    "HAV": 0.0031746031746031746,
    "SCU": 0.0031746031746031746,
    "MRU": 0.0031746031746031746,
    "DZA": 0.0031746031746031746,
    "TNR": 0.0031746031746031746,
    "PAP": 0.0031746031746031746,
    "SDQ": 0.0031746031746031746
  },
  "domestic_ratio": 0.084,
  "fleet_mix": {
    "RLA": {
      "AT76": 0.6,
      "CRJ7": 0.4
    },
    "BER": {
      "B738": 0.3333333333333333,
      "A320": 0.3333333333333333,
      "A319": 0.3333333333333333
    },
    "AFR": {
      "A319": 0.34210526315789475,
      "A321": 0.23684210526315788,
      "A320": 0.23684210526315788,
      "AT76": 0.10526315789473684,
      "B777": 0.07894736842105263
    },
    "DAH": {
      "B738": 1.0
    },
    "RAM": {
      "B738": 0.75,
      "B767": 0.08333333333333333,
      "B744": 0.08333333333333333,
      "B737": 0.08333333333333333
    },
    "AZA": {
      "A320": 1.0
    },
    "BAW": {
      "A319": 0.5,
      "A320": 0.5
    },
    "BEE": {
      "DH8D": 1.0
    },
    "NAX": {
      "B738": 1.0
    },
    "IBE": {
      "A320": 0.42857142857142855,
      "A321": 0.42857142857142855,
      "A319": 0.14285714285714285
    },
    "AMC": {
      "A320": 0.5,
      "A319": 0.5
    },
    "PGT": {
      "B738": 1.0
    },
    "RZO": {
      "A320": 1.0
    },
    "CRL": {
      "A330": 0.6111111111111112,
      "B744": 0.3888888888888889
    },
    "TVF": {
      "B738": 0.9032258064516129,
      "A320": 0.0967741935483871
    },
    "TAP": {
      "A319": 0.4,
      "A320": 0.4,
      "A321": 0.2
    },
    "TAR": {
      "A319": 0.5,
      "A320": 0.5
    },
    "FWI": {
      "A330": 1.0
    },
    "EZY": {
      "A320": 0.75,
      "A319": 0.25
    },
    "TSO": {
      "B738": 1.0
    },
    "AEA": {
      "B738": 0.5,
      "E190": 0.5
    },
    "VLG": {
      "A320": 0.875,
      "A319": 0.125
    },
    "CCM": {
      "A319": 0.75,
      "A320": 0.25
    },
    "AAF": {
      "A320": 0.5789473684210527,
      "A319": 0.42105263157894735
    }
  },
  "hourly_profile": [],
  "delay_rate": 0.0,
  "delay_distribution": {},
  "mean_delay_minutes": 0.0,
  "data_source": "openflights",
  "region": "",
  "profile_date": "2026-03-21",
  "sample_size": 344
}