{
  "icao_code": "OSL",
  "iata_code": "OSL",
  "airline_shares": {
    "NAX": 0.4479495268138801,
    "SAS": 0.3028391167192429,
    "WIF": 0.056782334384858045,
    "NFA": 0.01892744479495268,
    "GEC": 0.012618296529968454,
    "PIA": 0.012618296529968454,
    "FIN": 0.00946372239747634,
    "NTJ": 0.006309148264984227,
    "GWI": 0.006309148264984227,
    "BER": 0.006309148264984227,
    "AFR": 0.006309148264984227,
    "BAW": 0.006309148264984227,
    "BYE": 0.006309148264984227,
    "BTI": 0.006309148264984227,
    "DTR": 0.006309148264984227,
    "ETH": 0.006309148264984227,
    "ICE": 0.006309148264984227,
    "CHH": 0.006309148264984227,
    "KLM": 0.006309148264984227,
    "SWR": 0.006309148264984227,
    "ELL": 0.006309148264984227,
    "QTR": 0.006309148264984227,
    "DAT": 0.006309148264984227,
    "AFL": 0.006309148264984227,
    "THA": 0.006309148264984227,
    "THY": 0.006309148264984227,
    "TAP": 0.006309148264984227,
    "UAL": 0.006309148264984227,
    "VLG": 0.006309148264984227
  },
  "domestic_route_shares": {
    "AES": 0.125,
    "BGO": 0.125,
    "BOO": 0.125,
    "EVE": 0.125,
    "KRS": 0.125,
    "SVG": 0.125,
    "TOS": 0.125,
    "TRD": 0.125
  },
  "international_route_shares": {
    "TXL": 0.021052631578947368,
    "AMS": 0.021052631578947368,
    "ARN": 0.021052631578947368,
    "BCN": 0.021052631578947368,
    "CPH": 0.021052631578947368,
    "KEF": 0.021052631578947368,
    "MUC": 0.021052631578947368,
    "AAL": 0.017543859649122806,
    "HAM": 0.014035087719298246,
    "CDG": 0.014035087719298246,
    "HEL": 0.014035087719298246,
    "LHR": 0.014035087719298246,
    "ABZ": 0.014035087719298246,
    "RIX": 0.014035087719298246,
    "AGP": 0.014035087719298246,
    "ALC": 0.014035087719298246,
    "ALF": 0.014035087719298246,
    "ATH": 0.014035087719298246,
    "BLL": 0.014035087719298246,
    "CHQ": 0.014035087719298246,
    "DUB": 0.014035087719298246,
    "EDI": 0.014035087719298246,
    "FCO": 0.014035087719298246,
    "GDN": 0.014035087719298246,
    "HAU": 0.014035087719298246,
    "KKN": 0.014035087719298246,
    "LIS": 0.014035087719298246,
    "LPA": 0.014035087719298246,
    "LYR": 0.014035087719298246,
    "MAN": 0.014035087719298246,
    "MOL": 0.014035087719298246,
    "MXP": 0.014035087719298246,
    "NCE": 0.014035087719298246,
    "PMI": 0.014035087719298246,
    "PRG": 0.014035087719298246,
    "TLL": 0.014035087719298246,
    "FRA": 0.014035087719298246,
    "ZRH": 0.014035087719298246,
    "BKK": 0.014035087719298246,
    "BRU": 0.014035087719298246,
    "EWR": 0.014035087719298246,
    "IST": 0.014035087719298246,
    "VXO": 0.007017543859649123,
    "SRP": 0.007017543859649123,
    "AJA": 0.007017543859649123,
    "AYT": 0.007017543859649123,
    "BDU": 0.007017543859649123,
    "BEG": 0.007017543859649123,
    "BIO": 0.007017543859649123,
    "BOJ": 0.007017543859649123,
    "BTS": 0.007017543859649123,
    "BUD": 0.007017543859649123,
    "CGN": 0.007017543859649123,
    "DBV": 0.007017543859649123,
    "FAO": 0.007017543859649123,
    "GVA": 0.007017543859649123,
    "KBP": 0.007017543859649123,
    "KRK": 0.007017543859649123,
    "LCA": 0.007017543859649123,
    "LED": 0.007017543859649123,
    "LGW": 0.007017543859649123,
    "MJV": 0.007017543859649123,
    "MLA": 0.007017543859649123,
    "ORY": 0.007017543859649123,
    "PLQ": 0.007017543859649123,
    "PSA": 0.007017543859649123,
    "PUY": 0.007017543859649123,
    "RAK": 0.007017543859649123,
    "SPU": 0.007017543859649123,
    "SXF": 0.007017543859649123,
    "SZZ": 0.007017543859649123,
    "TFS": 0.007017543859649123,
    "VCE": 0.007017543859649123,
    "VIE": 0.007017543859649123,
    "VNO": 0.007017543859649123,
    "WAW": 0.007017543859649123,
    "OLA": 0.007017543859649123,
    "VDB": 0.007017543859649123,
    "DOH": 0.007017543859649123,
    "DUS": 0.007017543859649123,
    "GZP": 0.007017543859649123,
    "KSU": 0.007017543859649123,
    "SVO": 0.007017543859649123,
    "BNN": 0.007017543859649123,
    "FDE": 0.007017543859649123,
    "FRO": 0.007017543859649123,
    "GOT": 0.007017543859649123,
    "HOV": 0.007017543859649123,
    "RRS": 0.007017543859649123,
    "SDN": 0.007017543859649123,
    "SOG": 0.007017543859649123,
    "SSJ": 0.007017543859649123,
    "LHE": 0.0035087719298245615,
    "ISB": 0.0035087719298245615
  },
  "domestic_ratio": 0.101,
  "fleet_mix": {
    "GWI": {
      "CRJ9": 1.0
    },
    "BER": {
      "A319": 1.0
    },
    "AFR": {
      "E190": 1.0
    },
    "FIN": {
      "A319": 1.0
    },
    "BAW": {
      "A319": 0.3333333333333333,
      "A320": 0.3333333333333333,
      "A321": 0.3333333333333333
    },
    "BTI": {
      "DH8D": 1.0
    },
    "NAX": {
      "B738": 1.0
    },
    "ETH": {
      "B738": 1.0
    },
    "CHH": {
      "A319": 1.0
    },
    "KLM": {
      "B737": 1.0
    },
    "GEC": {
      "A319": 0.3333333333333333,
      "A320": 0.3333333333333333,
      "E190": 0.16666666666666666,
      "A321": 0.16666666666666666
    },
    "SWR": {
      "A319": 0.5,
      "A320": 0.5
    },
    "ELL": {
      "E175": 1.0
    },
    "PIA": {
      "B777": 1.0
    },
    "QTR": {
      "B787": 1.0
    },
    "SAS": {
      "B738": 0.6119402985074627,
      "B737": 0.31840796019900497,
      "A321": 0.01990049751243781,
      "B777": 0.009950248756218905,
      "AT76": 0.009950248756218905,
      "A320": 0.009950248756218905,
      "A319": 0.009950248756218905,
      "A330": 0.009950248756218905
    },
    "DAT": {
      "A319": 1.0
    },
    "AFL": {
      "A320": 1.0
    },
    "THA": {
      "B777": 1.0
    },
    "THY": {
      "A321": 0.5,
      "B738": 0.5
    },
    "TAP": {
      "A320": 1.0
    },
    "UAL": {
      "B752": 1.0
    },
    "VLG": {
      "A320": 1.0
    }
  },
  "hourly_profile": [],
  "delay_rate": 0.0,
  "delay_distribution": {},
  "mean_delay_minutes": 0.0,
  "data_source": "openflights",
  "region": "",
  "profile_date": "2026-03-21",
  "sample_size": 317
}