{
  "icao_code": "OSS",
  "iata_code": "OSS",
  "airline_shares": {
    "LYN": 0.27586206896551724,
    "YK": 0.27586206896551724,
    "CWK": 0.13793103448275862,
    "SVR": 0.13793103448275862,
    "CSN": 0.034482758620689655,
    "SBI": 0.034482758620689655,
    "AFL": 0.034482758620689655,
    "THY": 0.034482758620689655,
    "IWA": 0.034482758620689655
  },
  "domestic_route_shares": {},
  "international_route_shares": {
    "DME": 0.13793103448275862,
    "OVB": 0.13793103448275862,
    "SVX": 0.10344827586206896,
    "FRU": 0.10344827586206896,
    "URC": 0.06896551724137931,
    "CEK": 0.06896551724137931,
    "IST": 0.06896551724137931,
    "SGC": 0.06896551724137931,
    "LED": 0.06896551724137931,
    "IKT": 0.05172413793103448,
    "KJA": 0.05172413793103448,
    "KUF": 0.034482758620689655,
    "KZN": 0.034482758620689655
  },
  "domestic_ratio": 0.0,
  "fleet_mix": {
    "CSN": {
      "B737": 1.0
    },
    "CWK": {
      "A320": 1.0
    },
    "LYN": {
      "A320": 0.5,
      "A319": 0.5
    },
    "SBI": {
      "A320": 1.0
    },
    "AFL": {
      "A320": 1.0
    },
    "THY": {
      "A319": 1.0
    },
    "SVR": {
      "A320": 1.0
    },
    "YK": {
      "B737": 1.0
    }
  },
  "hourly_profile": [],
  "delay_rate": 0.0,
  "delay_distribution": {},
  "mean_delay_minutes": 0.0,
  "data_source": "openflights",
  "region": "",
  "profile_date": "2026-03-21",
  "sample_size": 58
}