{
  "icao_code": "OTP",
  "iata_code": "OTP",
  "airline_shares": {
    "ROT": 0.37037037037037035,
    "WZZ": 0.2857142857142857,
    "AZA": 0.031746031746031744,
    "RYR": 0.021164021164021163,
    "GEC": 0.021164021164021163,
    "QTR": 0.021164021164021163,
    "MLD": 0.010582010582010581,
    "AEE": 0.010582010582010581,
    "BER": 0.010582010582010581,
    "AFR": 0.010582010582010581,
    "BAW": 0.010582010582010581,
    "CYP": 0.010582010582010581,
    "LZB": 0.010582010582010581,
    "FDB": 0.010582010582010581,
    "ASL": 0.010582010582010581,
    "KLM": 0.010582010582010581,
    "LOT": 0.010582010582010581,
    "ELY": 0.010582010582010581,
    "OAL": 0.010582010582010581,
    "CSA": 0.010582010582010581,
    "PGT": 0.010582010582010581,
    "TVS": 0.010582010582010581,
    "RJA": 0.010582010582010581,
    "SAS": 0.010582010582010581,
    "AFL": 0.010582010582010581,
    "THY": 0.010582010582010581,
    "TAP": 0.010582010582010581,
    "EZY": 0.010582010582010581,
    "VLG": 0.010582010582010581,
    "MEA": 0.005291005291005291
  },
  "domestic_route_shares": {
    "CLJ": 0.2222222222222222,
    "IAS": 0.2222222222222222,
    "OMR": 0.2222222222222222,
    "TSR": 0.2222222222222222,
    "SBZ": 0.1111111111111111
  },
  "international_route_shares": {
    "KIV": 0.03333333333333333,
    "ATH": 0.03333333333333333,
    "LCA": 0.03333333333333333,
    "SOF": 0.03333333333333333,
    "TLV": 0.03333333333333333,
    "PRG": 0.03333333333333333,
    "BCN": 0.03333333333333333,
    "CDG": 0.022222222222222223,
    "FCO": 0.022222222222222223,
    "LHR": 0.022222222222222223,
    "DUB": 0.022222222222222223,
    "DXB": 0.022222222222222223,
    "BEG": 0.022222222222222223,
    "AMS": 0.022222222222222223,
    "FRA": 0.022222222222222223,
    "MUC": 0.022222222222222223,
    "WAW": 0.022222222222222223,
    "AMM": 0.022222222222222223,
    "GVA": 0.022222222222222223,
    "IST": 0.022222222222222223,
    "MAD": 0.022222222222222223,
    "SVO": 0.022222222222222223,
    "BEY": 0.016666666666666666,
    "TXL": 0.011111111111111112,
    "LIN": 0.011111111111111112,
    "STN": 0.011111111111111112,
    "SAW": 0.011111111111111112,
    "DOH": 0.011111111111111112,
    "BAY": 0.011111111111111112,
    "BRU": 0.011111111111111112,
    "BUD": 0.011111111111111112,
    "NCE": 0.011111111111111112,
    "SKG": 0.011111111111111112,
    "SUJ": 0.011111111111111112,
    "VIE": 0.011111111111111112,
    "CPH": 0.011111111111111112,
    "LIS": 0.011111111111111112,
    "LGW": 0.011111111111111112,
    "AHO": 0.011111111111111112,
    "BGY": 0.011111111111111112,
    "BLQ": 0.011111111111111112,
    "BRI": 0.011111111111111112,
    "BVA": 0.011111111111111112,
    "CIA": 0.011111111111111112,
    "CRL": 0.011111111111111112,
    "CTA": 0.011111111111111112,
    "CUF": 0.011111111111111112,
    "DTM": 0.011111111111111112,
    "DWC": 0.011111111111111112,
    "EIN": 0.011111111111111112,
    "LTN": 0.011111111111111112,
    "MXP": 0.011111111111111112,
    "NAP": 0.011111111111111112,
    "PEG": 0.011111111111111112,
    "PSA": 0.011111111111111112,
    "TRF": 0.011111111111111112,
    "TSF": 0.011111111111111112,
    "VLC": 0.011111111111111112,
    "VRN": 0.011111111111111112,
    "ZAZ": 0.011111111111111112,
    "TGM": 0.005555555555555556
  },
  "domestic_ratio": 0.048,
  "fleet_mix": {
    "AEE": {
      "A320": 0.5,
      "DH8D": 0.5
    },
    "BER": {
      "A320": 0.5,
      "B737": 0.5
    },
    "AFR": {
      "A321": 0.3333333333333333,
      "A320": 0.3333333333333333,
      "A319": 0.3333333333333333
    },
    "AZA": {
      "A319": 0.4444444444444444,
      "AT76": 0.3333333333333333,
      "A320": 0.2222222222222222
    },
    "BAW": {
      "A320": 1.0
    },
    "CYP": {
      "A318": 1.0
    },
    "LZB": {
      "AT76": 1.0
    },
    "RYR": {
      "B738": 1.0
    },
    "FDB": {
      "B738": 1.0
    },
    "ASL": {
      "A319": 1.0
    },
    "KLM": {
      "B737": 1.0
    },
    "GEC": {
      "A320": 0.5,
      "A319": 0.25,
      "A321": 0.25
    },
    "LOT": {
      "E175": 0.6666666666666666,
      "E190": 0.3333333333333333
    },
    "ELY": {
      "B738": 0.5,
      "B739": 0.5
    },
    "OAL": {
      "A320": 0.5,
      "DH8D": 0.5
    },
    "CSA": {
      "A319": 1.0
    },
    "PGT": {
      "B738": 1.0
    },
    "QTR": {
      "A320": 0.5,
      "A321": 0.5
    },
    "TVS": {
      "A319": 1.0
    },
    "RJA": {
      "A318": 1.0
    },
    "ROT": {
      "AT76": 0.5573770491803278,
      "A318": 0.36065573770491804,
      "B738": 0.03278688524590164,
      "E175": 0.03278688524590164,
      "B737": 0.01639344262295082
    },
    "SAS": {
      "A320": 0.5,
      "CRJ9": 0.5
    },
    "AFL": {
      "B737": 1.0
    },
    "THY": {
      "B738": 0.25,
      "A319": 0.25,
      "A320": 0.25,
      "A321": 0.25
    },
    "TAP": {
      "A319": 1.0
    },
    "EZY": {
      "A319": 0.5,
      "A320": 0.5
    },
    "VLG": {
      "A320": 1.0
    },
    "WZZ": {
      "A320": 1.0
    }
  },
  "hourly_profile": [],
  "delay_rate": 0.0,
  "delay_distribution": {},
  "mean_delay_minutes": 0.0,
  "data_source": "openflights",
  "region": "",
  "profile_date": "2026-03-21",
  "sample_size": 189
}