{
  "icao_code": "OUA",
  "iata_code": "OUA",
  "airline_shares": {
    "VBW": 0.34782608695652173,
    "ETH": 0.13043478260869565,
    "AFR": 0.08695652173913043,
    "RAM": 0.08695652173913043,
    "SGG": 0.08695652173913043,
    "DAT": 0.08695652173913043,
    "DAH": 0.043478260869565216,
    "HLF": 0.043478260869565216,
    "THY": 0.043478260869565216,
    "TAR": 0.043478260869565216
  },
  "domestic_route_shares": {
    "BOY": 1.0
  },
  "international_route_shares": {
    "NIM": 0.25,
    "ABJ": 0.18181818181818182,
    "BKO": 0.09090909090909091,
    "ACC": 0.045454545454545456,
    "COO": 0.045454545454545456,
    "DKR": 0.045454545454545456,
    "LFW": 0.045454545454545456,
    "CDG": 0.045454545454545456,
    "ALG": 0.045454545454545456,
    "CMN": 0.045454545454545456,
    "ADD": 0.045454545454545456,
    "BRU": 0.045454545454545456,
    "TUN": 0.045454545454545456,
    "IST": 0.022727272727272728
  },
  "domestic_ratio": 0.043,
  "fleet_mix": {
    "VBW": {
      "CRJ9": 0.8571428571428571,
      "E175": 0.14285714285714285
    },
    "AFR": {
      "A330": 1.0
    },
    "RAM": {
      "B738": 0.8,
      "B737": 0.2
    },
    "SGG": {
      "A320": 1.0
    },
    "ETH": {
      "B752": 1.0
    },
    "HLF": {
      "E175": 1.0
    },
    "DAT": {
      "A330": 1.0
    },
    "THY": {
      "B739": 0.6666666666666666,
      "B738": 0.3333333333333333
    },
    "TAR": {
      "A320": 1.0
    }
  },
  "hourly_profile": [],
  "delay_rate": 0.0,
  "delay_distribution": {},
  "mean_delay_minutes": 0.0,
  "data_source": "openflights",
  "region": "",
  "profile_date": "2026-03-21",
  "sample_size": 46
}