{
  "icao_code": "OVB",
  "iata_code": "OVB",
  "airline_shares": {
    "SBI": 0.2823529411764706,
    "IOS": 0.07058823529411765,
    "SVR": 0.07058823529411765,
    "TSO": 0.052941176470588235,
    "DRU": 0.047058823529411764,
    "AFL": 0.047058823529411764,
    "UR": 0.047058823529411764,
    "Y7": 0.047058823529411764,
    "MRR": 0.041176470588235294,
    "YCC": 0.03529411764705882,
    "ARD": 0.023529411764705882,
    "7J": 0.023529411764705882,
    "CHH": 0.023529411764705882,
    "UZB": 0.023529411764705882,
    "CWK": 0.023529411764705882,
    "LYN": 0.023529411764705882,
    "YK": 0.023529411764705882,
    "SJM": 0.011764705882352941,
    "CSN": 0.011764705882352941,
    "JAA": 0.011764705882352941,
    "AHY": 0.011764705882352941,
    "KZR": 0.011764705882352941,
    "AUI": 0.011764705882352941,
    "SZ": 0.011764705882352941,
    "THY": 0.011764705882352941
  },
  "domestic_route_shares": {
    "SVX": 0.14084507042253522,
    "IKT": 0.08450704225352113,
    "LED": 0.08450704225352113,
    "NJC": 0.08450704225352113,
    "DME": 0.08450704225352113,
    "NSK": 0.08450704225352113,
    "CEK": 0.056338028169014086,
    "KRR": 0.056338028169014086,
    "KJA": 0.056338028169014086,
    "VVO": 0.056338028169014086,
    "OMS": 0.028169014084507043,
    "HTA": 0.028169014084507043,
    "SVO": 0.028169014084507043,
    "YKS": 0.028169014084507043,
    "VKO": 0.028169014084507043,
    "SGC": 0.028169014084507043,
    "TJM": 0.028169014084507043,
    "UUD": 0.014084507042253521
  },
  "international_route_shares": {
    "FRU": 0.08080808080808081,
    "OSS": 0.08080808080808081,
    "LBD": 0.06060606060606061,
    "URC": 0.06060606060606061,
    "KHV": 0.06060606060606061,
    "DYU": 0.04040404040404041,
    "PEK": 0.04040404040404041,
    "TAS": 0.04040404040404041,
    "GYD": 0.04040404040404041,
    "MJZ": 0.030303030303030304,
    "KBP": 0.030303030303030304,
    "BTK": 0.020202020202020204,
    "PYJ": 0.020202020202020204,
    "KQT": 0.020202020202020204,
    "NMA": 0.020202020202020204,
    "NZH": 0.020202020202020204,
    "SLY": 0.020202020202020204,
    "TSE": 0.020202020202020204,
    "ALA": 0.020202020202020204,
    "BKK": 0.020202020202020204,
    "CIT": 0.020202020202020204,
    "DXB": 0.020202020202020204,
    "EVN": 0.020202020202020204,
    "FEG": 0.020202020202020204,
    "FRA": 0.020202020202020204,
    "PRG": 0.020202020202020204,
    "IST": 0.020202020202020204,
    "HRB": 0.020202020202020204,
    "HKT": 0.020202020202020204,
    "HRG": 0.020202020202020204,
    "HMA": 0.020202020202020204,
    "NUX": 0.020202020202020204,
    "DWC": 0.010101010101010102
  },
  "domestic_ratio": 0.418,
  "fleet_mix": {
    "DRU": {
      "B738": 1.0
    },
    "CSN": {
      "B737": 1.0
    },
    "JAA": {
      "A320": 1.0
    },
    "CHH": {
      "A320": 1.0
    },
    "UZB": {
      "A320": 1.0
    },
    "KZR": {
      "E190": 1.0
    },
    "CWK": {
      "A320": 1.0
    },
    "AUI": {
      "B738": 1.0
    },
    "SBI": {
      "A320": 0.7547169811320755,
      "B738": 0.20754716981132076,
      "B767": 0.03773584905660377
    },
    "AFL": {
      "A319": 0.36363636363636365,
      "A320": 0.18181818181818182,
      "A321": 0.18181818181818182,
      "B738": 0.18181818181818182,
      "B767": 0.09090909090909091
    },
    "SZ": {
      "B737": 1.0
    },
    "THY": {
      "B738": 1.0
    },
    "SVR": {
      "A320": 1.0
    },
    "TSO": {
      "B767": 0.5,
      "B738": 0.3,
      "B737": 0.2
    },
    "UR": {
      "AT76": 1.0
    },
    "Y7": {
      "AT76": 0.5,
      "B738": 0.5
    }
  },
  "hourly_profile": [],
  "delay_rate": 0.0,
  "delay_distribution": {},
  "mean_delay_minutes": 0.0,
  "data_source": "openflights",
  "region": "",
  "profile_date": "2026-03-21",
  "sample_size": 170
}