{
  "icao_code": "OVD",
  "iata_code": "OVD",
  "airline_shares": {
    "VLG": 0.3333333333333333,
    "AEA": 0.25,
    "IBE": 0.16666666666666666,
    "VOE": 0.16666666666666666,
    "EZY": 0.08333333333333333
  },
  "domestic_route_shares": {
    "MAD": 0.2,
    "SVQ": 0.2,
    "ACE": 0.1,
    "TFS": 0.1,
    "PMI": 0.1,
    "VLC": 0.1,
    "AGP": 0.1,
    "BCN": 0.1
  },
  "international_route_shares": {
    "STN": 0.5,
    "CDG": 0.5
  },
  "domestic_ratio": 0.833,
  "fleet_mix": {
    "IBE": {
      "A320": 0.6666666666666666,
      "A319": 0.3333333333333333
    },
    "EZY": {
      "A319": 1.0
    },
    "AEA": {
      "A330": 0.5,
      "B738": 0.5
    },
    "VLG": {
      "A320": 1.0
    }
  },
  "hourly_profile": [],
  "delay_rate": 0.0,
  "delay_distribution": {},
  "mean_delay_minutes": 0.0,
  "data_source": "openflights",
  "region": "",
  "profile_date": "2026-03-21",
  "sample_size": 24
}