{
  "icao_code": "PAP",
  "iata_code": "PAP",
  "airline_shares": {
    "AAL": 0.13636363636363635,
    "DAL": 0.13636363636363635,
    "AFR": 0.09090909090909091,
    "JBU": 0.09090909090909091,
    "S6": 0.09090909090909091,
    "FWI": 0.09090909090909091,
    "USA": 0.09090909090909091,
    "7I": 0.045454545454545456,
    "ACA": 0.045454545454545456,
    "CMP": 0.045454545454545456,
    "AXZ": 0.045454545454545456,
    "OMS": 0.045454545454545456,
    "NKS": 0.045454545454545456
  },
  "domestic_route_shares": {
    "CAP": 1.0
  },
  "international_route_shares": {
    "FLL": 0.19047619047619047,
    "MIA": 0.19047619047619047,
    "JFK": 0.14285714285714285,
    "PTP": 0.09523809523809523,
    "JBQ": 0.09523809523809523,
    "SXM": 0.047619047619047616,
    "YUL": 0.047619047619047616,
    "PTY": 0.047619047619047616,
    "ATL": 0.047619047619047616,
    "PLS": 0.047619047619047616,
    "ORY": 0.023809523809523808,
    "SDQ": 0.023809523809523808
  },
  "domestic_ratio": 0.045,
  "fleet_mix": {
    "AAL": {
      "B738": 0.5,
      "B767": 0.5
    },
    "ACA": {
      "B767": 1.0
    },
    "AFR": {
      "A320": 1.0
    },
    "JBU": {
      "A320": 1.0
    },
    "CMP": {
      "B737": 0.5,
      "B738": 0.5
    },
    "DAL": {
      "A320": 0.6666666666666666,
      "B738": 0.3333333333333333
    },
    "NKS": {
      "A319": 1.0
    },
    "FWI": {
      "A330": 0.5,
      "AT76": 0.5
    },
    "USA": {
      "B738": 0.6666666666666666,
      "B767": 0.3333333333333333
    }
  },
  "hourly_profile": [],
  "delay_rate": 0.0,
  "delay_distribution": {},
  "mean_delay_minutes": 0.0,
  "data_source": "openflights",
  "region": "",
  "profile_date": "2026-03-21",
  "sample_size": 44
}