{
  "icao_code": "PBI",
  "iata_code": "PBI",
  "airline_shares": {
    "JBU": 0.22580645161290322,
    "AAL": 0.1935483870967742,
    "USA": 0.16129032258064516,
    "3M": 0.0967741935483871,
    "DAL": 0.0967741935483871,
    "SWA": 0.0967741935483871,
    "UAL": 0.06451612903225806,
    "BHS": 0.06451612903225806
  },
  "domestic_route_shares": {
    "LGA": 0.16666666666666666,
    "CLT": 0.08333333333333333,
    "DFW": 0.08333333333333333,
    "ORD": 0.08333333333333333,
    "PHL": 0.08333333333333333,
    "EWR": 0.08333333333333333,
    "ATL": 0.08333333333333333,
    "TPA": 0.041666666666666664,
    "LAX": 0.041666666666666664,
    "BDL": 0.041666666666666664,
    "BOS": 0.041666666666666664,
    "JFK": 0.041666666666666664,
    "DTW": 0.041666666666666664,
    "IAH": 0.041666666666666664,
    "BWI": 0.041666666666666664
  },
  "international_route_shares": {
    "MHH": 0.2857142857142857,
    "ELH": 0.14285714285714285,
    "HPN": 0.14285714285714285,
    "SJU": 0.14285714285714285,
    "NAS": 0.14285714285714285,
    "ISP": 0.14285714285714285
  },
  "domestic_ratio": 0.774,
  "fleet_mix": {
    "AAL": {
      "B738": 0.4444444444444444,
      "A319": 0.2222222222222222,
      "A320": 0.1111111111111111,
      "B737": 0.1111111111111111,
      "E190": 0.1111111111111111
    },
    "JBU": {
      "E190": 0.6,
      "A320": 0.4
    },
    "DAL": {
      "A320": 0.5,
      "A319": 0.5
    },
    "UAL": {
      "A320": 0.3076923076923077,
      "B738": 0.15384615384615385,
      "A319": 0.15384615384615385,
      "B739": 0.15384615384615385,
      "B752": 0.15384615384615385,
      "B737": 0.07692307692307693
    },
    "USA": {
      "B738": 0.38461538461538464,
      "A319": 0.3076923076923077,
      "A320": 0.15384615384615385,
      "E190": 0.15384615384615385
    }
  },
  "hourly_profile": [],
  "delay_rate": 0.0,
  "delay_distribution": {},
  "mean_delay_minutes": 0.0,
  "data_source": "openflights",
  "region": "",
  "profile_date": "2026-03-21",
  "sample_size": 62
}