{
  "icao_code": "PDL",
  "iata_code": "PDL",
  "airline_shares": {
    "RZO": 0.5,
    "SAT": 0.3333333333333333,
    "BER": 0.05555555555555555,
    "IBB": 0.05555555555555555,
    "TAP": 0.05555555555555555
  },
  "domestic_route_shares": {
    "LIS": 0.5,
    "FNC": 0.25,
    "OPO": 0.25
  },
  "international_route_shares": {
    "SMA": 0.10714285714285714,
    "DUS": 0.07142857142857142,
    "AMS": 0.07142857142857142,
    "BOS": 0.07142857142857142,
    "FRA": 0.07142857142857142,
    "LGW": 0.07142857142857142,
    "ORY": 0.07142857142857142,
    "YYZ": 0.07142857142857142,
    "FLW": 0.07142857142857142,
    "HOR": 0.07142857142857142,
    "PIX": 0.07142857142857142,
    "SJZ": 0.07142857142857142,
    "TER": 0.07142857142857142,
    "ARN": 0.03571428571428571
  },
  "domestic_ratio": 0.222,
  "fleet_mix": {
    "BER": {
      "B738": 1.0
    },
    "IBB": {
      "DH8D": 1.0
    },
    "RZO": {
      "A320": 1.0
    },
    "SAT": {
      "DH8D": 1.0
    },
    "TAP": {
      "A320": 0.5,
      "A319": 0.5
    }
  },
  "hourly_profile": [],
  "delay_rate": 0.0,
  "delay_distribution": {},
  "mean_delay_minutes": 0.0,
  "data_source": "openflights",
  "region": "",
  "profile_date": "2026-03-21",
  "sample_size": 36
}