{
  "icao_code": "PEN",
  "iata_code": "PEN",
  "airline_shares": {
    "AXM": 0.21875,
    "NWR": 0.21875,
    "MXD": 0.125,
    "AWQ": 0.0625,
    "JSA": 0.03125,
    "AAL": 0.03125,
    "CAL": 0.03125,
    "CPA": 0.03125,
    "CSN": 0.03125,
    "AIQ": 0.03125,
    "HDA": 0.03125,
    "MAS": 0.03125,
    "SLK": 0.03125,
    "THA": 0.03125,
    "TGW": 0.03125,
    "HKE": 0.03125
  },
  "domestic_route_shares": {
    "KUL": 0.4444444444444444,
    "SZB": 0.2222222222222222,
    "BKI": 0.1111111111111111,
    "JHB": 0.1111111111111111,
    "KCH": 0.1111111111111111
  },
  "international_route_shares": {
    "SIN": 0.17391304347826086,
    "LGK": 0.13043478260869565,
    "HKG": 0.13043478260869565,
    "KBR": 0.08695652173913043,
    "MYY": 0.043478260869565216,
    "TPE": 0.043478260869565216,
    "CAN": 0.043478260869565216,
    "DMK": 0.043478260869565216,
    "BTJ": 0.043478260869565216,
    "HKT": 0.043478260869565216,
    "KUA": 0.043478260869565216,
    "USM": 0.043478260869565216,
    "CGK": 0.043478260869565216,
    "SUB": 0.043478260869565216,
    "BKK": 0.043478260869565216
  },
  "domestic_ratio": 0.281,
  "fleet_mix": {
    "JSA": {
      "A320": 1.0
    },
    "AAL": {
      "B737": 1.0
    },
    "AXM": {
      "A320": 1.0
    },
    "CAL": {
      "B738": 1.0
    },
    "CPA": {
      "A330": 1.0
    },
    "CSN": {
      "A320": 1.0
    },
    "AIQ": {
      "A320": 1.0
    },
    "NWR": {
      "AT76": 1.0
    },
    "HDA": {
      "A330": 1.0
    },
    "MAS": {
      "B738": 1.0
    },
    "SLK": {
      "A320": 0.3333333333333333,
      "B738": 0.3333333333333333,
      "A319": 0.3333333333333333
    },
    "MXD": {
      "AT76": 0.75,
      "B739": 0.25
    },
    "AWQ": {
      "A320": 1.0
    },
    "TGW": {
      "A320": 1.0
    },
    "HKE": {
      "A320": 1.0
    }
  },
  "hourly_profile": [],
  "delay_rate": 0.0,
  "delay_distribution": {},
  "mean_delay_minutes": 0.0,
  "data_source": "openflights",
  "region": "",
  "profile_date": "2026-03-21",
  "sample_size": 64
}