{
  "icao_code": "PER",
  "iata_code": "PER",
  "airline_shares": {
    "QFA": 0.23636363636363636,
    "VOZ": 0.22727272727272727,
    "JST": 0.12727272727272726,
    "TGW": 0.05454545454545454,
    "GIA": 0.03636363636363636,
    "MAS": 0.03636363636363636,
    "ANZ": 0.02727272727272727,
    "JSA": 0.01818181818181818,
    "CPA": 0.01818181818181818,
    "CSN": 0.01818181818181818,
    "XAX": 0.01818181818181818,
    "UAE": 0.01818181818181818,
    "ETH": 0.01818181818181818,
    "MAU": 0.01818181818181818,
    "QTR": 0.01818181818181818,
    "AWQ": 0.01818181818181818,
    "SAA": 0.01818181818181818,
    "SQC": 0.01818181818181818,
    "THA": 0.01818181818181818,
    "TMA": 0.01818181818181818,
    "SCO": 0.01818181818181818
  },
  "domestic_route_shares": {
    "MEL": 0.2,
    "SYD": 0.2,
    "ADL": 0.13333333333333333,
    "BNE": 0.13333333333333333,
    "BME": 0.13333333333333333,
    "CNS": 0.06666666666666667,
    "DRW": 0.06666666666666667,
    "PHE": 0.06666666666666667
  },
  "international_route_shares": {
    "SIN": 0.1625,
    "DPS": 0.075,
    "KUL": 0.05,
    "PBO": 0.05,
    "ZNE": 0.05,
    "KNX": 0.05,
    "GET": 0.0375,
    "HKG": 0.025,
    "CAN": 0.025,
    "DXB": 0.025,
    "CGK": 0.025,
    "LOP": 0.025,
    "BKI": 0.025,
    "MRU": 0.025,
    "AKL": 0.025,
    "CBR": 0.025,
    "KGI": 0.025,
    "KTA": 0.025,
    "DOH": 0.025,
    "JNB": 0.025,
    "BKK": 0.025,
    "ALH": 0.025,
    "BQB": 0.025,
    "DCN": 0.025,
    "EPR": 0.025,
    "LEA": 0.025,
    "RVT": 0.025,
    "XCH": 0.025
  },
  "domestic_ratio": 0.273,
  "fleet_mix": {
    "JSA": {
      "A320": 1.0
    },
    "CPA": {
      "A330": 1.0
    },
    "CSN": {
      "A330": 1.0
    },
    "UAE": {
      "B777": 1.0
    },
    "ETH": {
      "B777": 0.5,
      "A330": 0.5
    },
    "GIA": {
      "B738": 1.0
    },
    "JST": {
      "A320": 0.8571428571428571,
      "A321": 0.14285714285714285
    },
    "MAS": {
      "B738": 0.5,
      "A330": 0.5
    },
    "MAU": {
      "A330": 1.0
    },
    "ANZ": {
      "B777": 1.0
    },
    "QFA": {
      "B738": 0.5,
      "A330": 0.3181818181818182,
      "B767": 0.09090909090909091,
      "DH8D": 0.09090909090909091
    },
    "QTR": {
      "B777": 1.0
    },
    "AWQ": {
      "A320": 1.0
    },
    "SQC": {
      "A330": 0.5,
      "B777": 0.5
    },
    "TMA": {
      "E175": 1.0
    },
    "TGW": {
      "A320": 1.0
    },
    "SCO": {
      "B777": 1.0
    },
    "VOZ": {
      "A320": 0.4444444444444444,
      "E190": 0.2222222222222222,
      "B738": 0.2222222222222222,
      "B777": 0.1111111111111111
    }
  },
  "hourly_profile": [],
  "delay_rate": 0.0,
  "delay_distribution": {},
  "mean_delay_minutes": 0.0,
  "data_source": "openflights",
  "region": "",
  "profile_date": "2026-03-21",
  "sample_size": 110
}