{
  "icao_code": "PEW",
  "iata_code": "PEW",
  "airline_shares": {
    "PIA": 0.4827586206896552,
    "SAI": 0.27586206896551724,
    "UAE": 0.034482758620689655,
    "ETD": 0.034482758620689655,
    "ABY": 0.034482758620689655,
    "GBA": 0.034482758620689655,
    "MXI": 0.034482758620689655,
    "QTR": 0.034482758620689655,
    "SVA": 0.034482758620689655
  },
  "domestic_route_shares": {
    "KHI": 0.6,
    "ISB": 0.2,
    "LHE": 0.2
  },
  "international_route_shares": {
    "AUH": 0.125,
    "SHJ": 0.125,
    "RUH": 0.125,
    "DXB": 0.08333333333333333,
    "JED": 0.08333333333333333,
    "MCT": 0.08333333333333333,
    "DOH": 0.08333333333333333,
    "BAH": 0.041666666666666664,
    "AAN": 0.041666666666666664,
    "CJL": 0.041666666666666664,
    "DSK": 0.041666666666666664,
    "KBL": 0.041666666666666664,
    "KUL": 0.041666666666666664,
    "KWI": 0.041666666666666664
  },
  "domestic_ratio": 0.172,
  "fleet_mix": {
    "UAE": {
      "B777": 0.5,
      "A330": 0.5
    },
    "ETD": {
      "A320": 1.0
    },
    "ABY": {
      "A320": 1.0
    },
    "GBA": {
      "A321": 0.5,
      "A330": 0.5
    },
    "SAI": {
      "A320": 0.7142857142857143,
      "A330": 0.2857142857142857
    },
    "PIA": {
      "B738": 0.35714285714285715,
      "B737": 0.2857142857142857,
      "A320": 0.21428571428571427,
      "B777": 0.14285714285714285
    },
    "QTR": {
      "A330": 1.0
    },
    "SVA": {
      "B777": 1.0
    }
  },
  "hourly_profile": [],
  "delay_rate": 0.0,
  "delay_distribution": {},
  "mean_delay_minutes": 0.0,
  "data_source": "openflights",
  "region": "",
  "profile_date": "2026-03-21",
  "sample_size": 58
}