{
  "icao_code": "PFO",
  "iata_code": "PFO",
  "airline_shares": {
    "RYR": 0.23529411764705882,
    "TVF": 0.18823529411764706,
    "EXS": 0.11764705882352941,
    "EZY": 0.11764705882352941,
    "TOM": 0.07058823529411765,
    "MON": 0.07058823529411765,
    "TSO": 0.047058823529411764,
    "BAW": 0.023529411764705882,
    "LZB": 0.023529411764705882,
    "HMY": 0.023529411764705882,
    "TRA": 0.023529411764705882,
    "SBI": 0.023529411764705882,
    "SVR": 0.023529411764705882,
    "TCX": 0.011764705882352941
  },
  "domestic_route_shares": {},
  "international_route_shares": {
    "MAN": 0.15294117647058825,
    "LGW": 0.11764705882352941,
    "EMA": 0.07058823529411765,
    "STN": 0.047058823529411764,
    "NCL": 0.047058823529411764,
    "DME": 0.047058823529411764,
    "BHX": 0.047058823529411764,
    "BRS": 0.047058823529411764,
    "LTN": 0.047058823529411764,
    "SOF": 0.023529411764705882,
    "ATH": 0.023529411764705882,
    "CHQ": 0.023529411764705882,
    "CRL": 0.023529411764705882,
    "GPA": 0.023529411764705882,
    "KRK": 0.023529411764705882,
    "KUN": 0.023529411764705882,
    "NYO": 0.023529411764705882,
    "SKG": 0.023529411764705882,
    "BRU": 0.023529411764705882,
    "AMS": 0.023529411764705882,
    "GLA": 0.023529411764705882,
    "LBA": 0.023529411764705882,
    "EDI": 0.023529411764705882,
    "KRR": 0.023529411764705882,
    "VKO": 0.023529411764705882
  },
  "domestic_ratio": 0.0,
  "fleet_mix": {
    "BAW": {
      "A319": 1.0
    },
    "LZB": {
      "E190": 1.0
    },
    "RYR": {
      "B738": 1.0
    },
    "HMY": {
      "A319": 1.0
    },
    "TRA": {
      "B738": 1.0
    },
    "EXS": {
      "B738": 0.6,
      "B752": 0.4
    },
    "SBI": {
      "B738": 1.0
    },
    "TCX": {
      "A321": 1.0
    },
    "TVF": {
      "B738": 1.0
    },
    "TOM": {
      "B738": 1.0
    },
    "EZY": {
      "A320": 1.0
    },
    "SVR": {
      "A320": 1.0
    },
    "TSO": {
      "B767": 0.6666666666666666,
      "B744": 0.3333333333333333
    },
    "MON": {
      "A321": 1.0
    }
  },
  "hourly_profile": [],
  "delay_rate": 0.0,
  "delay_distribution": {},
  "mean_delay_minutes": 0.0,
  "data_source": "openflights",
  "region": "",
  "profile_date": "2026-03-21",
  "sample_size": 85
}