{
  "icao_code": "PHE",
  "iata_code": "PHE",
  "airline_shares": {
    "QFA": 0.5,
    "VOZ": 0.3333333333333333,
    "TMA": 0.16666666666666666
  },
  "domestic_route_shares": {
    "BME": 0.3333333333333333,
    "BNE": 0.2222222222222222,
    "MEL": 0.2222222222222222,
    "PER": 0.2222222222222222
  },
  "international_route_shares": {
    "DPS": 0.6666666666666666,
    "KTA": 0.3333333333333333
  },
  "domestic_ratio": 0.75,
  "fleet_mix": {
    "QFA": {
      "B738": 1.0
    },
    "TMA": {
      "E175": 1.0
    }
  },
  "hourly_profile": [],
  "delay_rate": 0.0,
  "delay_distribution": {},
  "mean_delay_minutes": 0.0,
  "data_source": "openflights",
  "region": "",
  "profile_date": "2026-03-21",
  "sample_size": 12
}