{
  "icao_code": "PIE",
  "iata_code": "PIE",
  "airline_shares": {
    "AAY": 1.0
  },
  "domestic_route_shares": {
    "DSM": 0.2,
    "GRR": 0.2,
    "GSO": 0.2,
    "SYR": 0.2,
    "TYS": 0.2
  },
  "international_route_shares": {
    "ABE": 0.038461538461538464,
    "AVL": 0.038461538461538464,
    "BGR": 0.038461538461538464,
    "CHA": 0.038461538461538464,
    "CID": 0.038461538461538464,
    "ELM": 0.038461538461538464,
    "FAR": 0.038461538461538464,
    "FSD": 0.038461538461538464,
    "FWA": 0.038461538461538464,
    "GSP": 0.038461538461538464,
    "HTS": 0.038461538461538464,
    "IAG": 0.038461538461538464,
    "LCK": 0.038461538461538464,
    "LEX": 0.038461538461538464,
    "MDT": 0.038461538461538464,
    "MLI": 0.038461538461538464,
    "PBG": 0.038461538461538464,
    "PIA": 0.038461538461538464,
    "RFD": 0.038461538461538464,
    "ROA": 0.038461538461538464,
    "SBN": 0.038461538461538464,
    "SGF": 0.038461538461538464,
    "SWF": 0.038461538461538464,
    "TOL": 0.038461538461538464,
    "TRI": 0.038461538461538464,
    "YNG": 0.038461538461538464
  },
  "domestic_ratio": 0.161,
  "fleet_mix": {
    "AAY": {
      "A320": 1.0
    }
  },
  "hourly_profile": [],
  "delay_rate": 0.0,
  "delay_distribution": {},
  "mean_delay_minutes": 0.0,
  "data_source": "openflights",
  "region": "",
  "profile_date": "2026-03-21",
  "sample_size": 62
}