{
  "icao_code": "PIK",
  "iata_code": "PIK",
  "airline_shares": {
    "RYR": 1.0
  },
  "domestic_route_shares": {},
  "international_route_shares": {
    "ACE": 0.047619047619047616,
    "AGP": 0.047619047619047616,
    "ALC": 0.047619047619047616,
    "BCN": 0.047619047619047616,
    "CCF": 0.047619047619047616,
    "CFU": 0.047619047619047616,
    "CIA": 0.047619047619047616,
    "DUB": 0.047619047619047616,
    "FAO": 0.047619047619047616,
    "FUE": 0.047619047619047616,
    "IBZ": 0.047619047619047616,
    "LDY": 0.047619047619047616,
    "LPA": 0.047619047619047616,
    "MJV": 0.047619047619047616,
    "MLA": 0.047619047619047616,
    "PMI": 0.047619047619047616,
    "REU": 0.047619047619047616,
    "RIX": 0.047619047619047616,
    "TFS": 0.047619047619047616,
    "WMI": 0.047619047619047616,
    "WRO": 0.047619047619047616
  },
  "domestic_ratio": 0.0,
  "fleet_mix": {
    "RYR": {
      "B738": 1.0
    }
  },
  "hourly_profile": [],
  "delay_rate": 0.0,
  "delay_distribution": {},
  "mean_delay_minutes": 0.0,
  "data_source": "openflights",
  "region": "",
  "profile_date": "2026-03-21",
  "sample_size": 42
}