{
  "icao_code": "PIT",
  "iata_code": "PIT",
  "airline_shares": {
    "SWA": 0.25,
    "DAL": 0.19318181818181818,
    "USA": 0.18181818181818182,
    "UAL": 0.125,
    "AAL": 0.11363636363636363,
    "TRS": 0.06818181818181818,
    "FFT": 0.045454545454545456,
    "JBU": 0.022727272727272728
  },
  "domestic_route_shares": {
    "LAX": 0.075,
    "PHX": 0.075,
    "CLT": 0.05,
    "DFW": 0.05,
    "PHL": 0.05,
    "ATL": 0.05,
    "JFK": 0.05,
    "MCO": 0.05,
    "TPA": 0.05,
    "DEN": 0.05,
    "ORD": 0.05,
    "BOS": 0.025,
    "CVG": 0.025,
    "DTW": 0.025,
    "MEM": 0.025,
    "MSP": 0.025,
    "IAH": 0.025,
    "SFO": 0.025,
    "MIA": 0.025,
    "BNA": 0.025,
    "BWI": 0.025,
    "FLL": 0.025,
    "HOU": 0.025,
    "LAS": 0.025,
    "MDW": 0.025,
    "RSW": 0.025,
    "LGA": 0.0125,
    "EWR": 0.0125
  },
  "international_route_shares": {
    "PUJ": 0.5,
    "CDG": 0.25,
    "CUN": 0.25
  },
  "domestic_ratio": 0.909,
  "fleet_mix": {
    "AAL": {
      "A319": 0.3,
      "A320": 0.3,
      "B737": 0.1,
      "A321": 0.1,
      "B738": 0.1,
      "E190": 0.1
    },
    "JBU": {
      "E190": 1.0
    },
    "DAL": {
      "A320": 0.4444444444444444,
      "B752": 0.2222222222222222,
      "CRJ7": 0.16666666666666666,
      "A319": 0.1111111111111111,
      "CRJ9": 0.05555555555555555
    },
    "FFT": {
      "A320": 1.0
    },
    "TRS": {
      "B737": 1.0
    },
    "UAL": {
      "B738": 0.30303030303030304,
      "A320": 0.24242424242424243,
      "A319": 0.24242424242424243,
      "B737": 0.12121212121212122,
      "B739": 0.06060606060606061,
      "DH8D": 0.030303030303030304
    },
    "USA": {
      "A319": 0.2727272727272727,
      "A320": 0.2727272727272727,
      "A321": 0.09090909090909091,
      "B738": 0.09090909090909091,
      "CRJ7": 0.09090909090909091,
      "E175": 0.09090909090909091,
      "E190": 0.09090909090909091
    },
    "SWA": {
      "B738": 1.0
    }
  },
  "hourly_profile": [],
  "delay_rate": 0.0,
  "delay_distribution": {},
  "mean_delay_minutes": 0.0,
  "data_source": "openflights",
  "region": "",
  "profile_date": "2026-03-21",
  "sample_size": 88
}