{
  "icao_code": "PLS",
  "iata_code": "PLS",
  "airline_shares": {
    "AXZ": 0.3225806451612903,
    "AAL": 0.12903225806451613,
    "USA": 0.12903225806451613,
    "DAL": 0.0967741935483871,
    "ACA": 0.06451612903225806,
    "JBU": 0.06451612903225806,
    "PBA": 0.03225806451612903,
    "BAW": 0.03225806451612903,
    "S6": 0.03225806451612903,
    "UAL": 0.03225806451612903,
    "BHS": 0.03225806451612903,
    "WJA": 0.03225806451612903
  },
  "domestic_route_shares": {},
  "international_route_shares": {
    "NAS": 0.0967741935483871,
    "GDT": 0.06451612903225806,
    "CLT": 0.06451612903225806,
    "DFW": 0.06451612903225806,
    "MIA": 0.06451612903225806,
    "PHL": 0.06451612903225806,
    "YYZ": 0.06451612903225806,
    "BOS": 0.06451612903225806,
    "JFK": 0.06451612903225806,
    "CAP": 0.06451612903225806,
    "ATL": 0.03225806451612903,
    "KIN": 0.03225806451612903,
    "PAP": 0.03225806451612903,
    "POP": 0.03225806451612903,
    "SDQ": 0.03225806451612903,
    "SJU": 0.03225806451612903,
    "STI": 0.03225806451612903,
    "XSC": 0.03225806451612903,
    "EWR": 0.03225806451612903,
    "YUL": 0.016129032258064516,
    "ZSA": 0.016129032258064516
  },
  "domestic_ratio": 0.0,
  "fleet_mix": {
    "AAL": {
      "A321": 0.3333333333333333,
      "B738": 0.3333333333333333,
      "A319": 0.3333333333333333
    },
    "ACA": {
      "A319": 0.5,
      "E190": 0.5
    },
    "JBU": {
      "A320": 1.0
    },
    "BAW": {
      "B767": 1.0
    },
    "DAL": {
      "A320": 0.5,
      "B738": 0.5
    },
    "UAL": {
      "B739": 0.5,
      "B738": 0.5
    },
    "USA": {
      "A321": 0.3333333333333333,
      "B738": 0.3333333333333333,
      "A319": 0.3333333333333333
    },
    "WJA": {
      "B738": 1.0
    }
  },
  "hourly_profile": [],
  "delay_rate": 0.0,
  "delay_distribution": {},
  "mean_delay_minutes": 0.0,
  "data_source": "openflights",
  "region": "",
  "profile_date": "2026-03-21",
  "sample_size": 62
}