{
  "icao_code": "PMI",
  "iata_code": "PMI",
  "airline_shares": {
    "RYR": 0.2,
    "BER": 0.1306122448979592,
    "EZY": 0.0653061224489796,
    "TVF": 0.061224489795918366,
    "VLG": 0.05714285714285714,
    "CFG": 0.044897959183673466,
    "HLX": 0.04081632653061224,
    "TOM": 0.03877551020408163,
    "AEA": 0.036734693877551024,
    "NAX": 0.0326530612244898,
    "EXS": 0.0326530612244898,
    "GWI": 0.02857142857142857,
    "MON": 0.024489795918367346,
    "NLY": 0.02040816326530612,
    "GMI": 0.02040816326530612,
    "TRA": 0.0163265306122449,
    "IBE": 0.0163265306122449,
    "SAS": 0.0163265306122449,
    "TCX": 0.0163265306122449,
    "EIN": 0.012244897959183673,
    "VOE": 0.012244897959183673,
    "HMY": 0.01020408163265306,
    "BEE": 0.00816326530612245,
    "GEC": 0.00816326530612245,
    "SWR": 0.00816326530612245,
    "CSA": 0.00816326530612245,
    "3O": 0.004081632653061225,
    "DAH": 0.004081632653061225,
    "BAW": 0.004081632653061225,
    "LZB": 0.004081632653061225,
    "FSC": 0.004081632653061225,
    "LGL": 0.004081632653061225,
    "TVS": 0.004081632653061225,
    "STS": 0.004081632653061225
  },
  "domestic_route_shares": {
    "AGP": 0.14754098360655737,
    "SVQ": 0.14754098360655737,
    "BCN": 0.13114754098360656,
    "BIO": 0.09836065573770492,
    "VLC": 0.09836065573770492,
    "ALC": 0.06557377049180328,
    "MAD": 0.06557377049180328,
    "SCQ": 0.04918032786885246,
    "IBZ": 0.03278688524590164,
    "MAH": 0.03278688524590164,
    "GRO": 0.03278688524590164,
    "REU": 0.03278688524590164,
    "ZAZ": 0.03278688524590164,
    "OVD": 0.03278688524590164
  },
  "international_route_shares": {
    "MAN": 0.037296037296037296,
    "LGW": 0.027972027972027972,
    "CGN": 0.023310023310023312,
    "DUS": 0.023310023310023312,
    "BHX": 0.023310023310023312,
    "EMA": 0.023310023310023312,
    "BRS": 0.02097902097902098,
    "HAJ": 0.018648018648018648,
    "HAM": 0.018648018648018648,
    "STR": 0.018648018648018648,
    "FRA": 0.018648018648018648,
    "MUC": 0.018648018648018648,
    "BRU": 0.018648018648018648,
    "EDI": 0.018648018648018648,
    "LBA": 0.018648018648018648,
    "GLA": 0.018648018648018648,
    "NCL": 0.018648018648018648,
    "STN": 0.016317016317016316,
    "DTM": 0.013986013986013986,
    "BRE": 0.013986013986013986,
    "BSL": 0.013986013986013986,
    "CPH": 0.013986013986013986,
    "EXT": 0.013986013986013986,
    "MRS": 0.013986013986013986,
    "LTN": 0.013986013986013986,
    "BFS": 0.011655011655011656,
    "TXL": 0.009324009324009324,
    "FDH": 0.009324009324009324,
    "FKB": 0.009324009324009324,
    "LEJ": 0.009324009324009324,
    "NUE": 0.009324009324009324,
    "PAD": 0.009324009324009324,
    "VIE": 0.009324009324009324,
    "ZRH": 0.009324009324009324,
    "SXF": 0.009324009324009324,
    "ARN": 0.009324009324009324,
    "OSL": 0.009324009324009324,
    "DUB": 0.009324009324009324,
    "ORK": 0.009324009324009324,
    "BOH": 0.009324009324009324,
    "EIN": 0.009324009324009324,
    "FMM": 0.009324009324009324,
    "GRQ": 0.009324009324009324,
    "LPL": 0.009324009324009324,
    "AMS": 0.009324009324009324,
    "GVA": 0.009324009324009324,
    "PRG": 0.009324009324009324,
    "DSA": 0.009324009324009324,
    "GRX": 0.009324009324009324,
    "ORY": 0.009324009324009324,
    "BOD": 0.009324009324009324,
    "NDR": 0.004662004662004662,
    "DRS": 0.004662004662004662,
    "FAO": 0.004662004662004662,
    "FMO": 0.004662004662004662,
    "LEI": 0.004662004662004662,
    "SCN": 0.004662004662004662,
    "XRY": 0.004662004662004662,
    "ALG": 0.004662004662004662,
    "LHR": 0.004662004662004662,
    "SOU": 0.004662004662004662,
    "AAL": 0.004662004662004662,
    "BGO": 0.004662004662004662,
    "HEL": 0.004662004662004662,
    "TRF": 0.004662004662004662,
    "BHD": 0.004662004662004662,
    "SOF": 0.004662004662004662,
    "AAR": 0.004662004662004662,
    "BGY": 0.004662004662004662,
    "BLL": 0.004662004662004662,
    "BLQ": 0.004662004662004662,
    "BTS": 0.004662004662004662,
    "BVA": 0.004662004662004662,
    "CIA": 0.004662004662004662,
    "CRL": 0.004662004662004662,
    "GSE": 0.004662004662004662,
    "HHN": 0.004662004662004662,
    "KUN": 0.004662004662004662,
    "LBC": 0.004662004662004662,
    "MST": 0.004662004662004662,
    "NRN": 0.004662004662004662,
    "NYO": 0.004662004662004662,
    "OPO": 0.004662004662004662,
    "PIK": 0.004662004662004662,
    "RYG": 0.004662004662004662,
    "SDR": 0.004662004662004662,
    "SNN": 0.004662004662004662,
    "WMI": 0.004662004662004662,
    "GRZ": 0.004662004662004662,
    "INN": 0.004662004662004662,
    "LNZ": 0.004662004662004662,
    "SZG": 0.004662004662004662,
    "LGG": 0.004662004662004662,
    "RTM": 0.004662004662004662,
    "LUX": 0.004662004662004662,
    "BLK": 0.004662004662004662,
    "GOT": 0.004662004662004662,
    "ERF": 0.004662004662004662,
    "KSF": 0.004662004662004662,
    "RLG": 0.004662004662004662,
    "BRN": 0.004662004662004662,
    "CWL": 0.004662004662004662,
    "MXP": 0.004662004662004662,
    "SEN": 0.004662004662004662,
    "NTE": 0.004662004662004662,
    "DME": 0.004662004662004662,
    "LYS": 0.004662004662004662,
    "TLS": 0.004662004662004662,
    "ZQW": 0.004662004662004662,
    "OST": 0.002331002331002331,
    "VLL": 0.002331002331002331
  },
  "domestic_ratio": 0.124,
  "fleet_mix": {
    "3O": {
      "A320": 1.0
    },
    "GWI": {
      "A320": 0.5,
      "A319": 0.5
    },
    "BER": {
      "A320": 0.3424657534246575,
      "B738": 0.3287671232876712,
      "A321": 0.1643835616438356,
      "A330": 0.0821917808219178,
      "A319": 0.0410958904109589,
      "B737": 0.0410958904109589
    },
    "DAH": {
      "B738": 1.0
    },
    "BAW": {
      "A319": 0.5,
      "A320": 0.5
    },
    "BEE": {
      "E190": 1.0
    },
    "CFG": {
      "A321": 1.0
    },
    "NAX": {
      "B738": 1.0
    },
    "EIN": {
      "A320": 0.75,
      "A319": 0.25
    },
    "LZB": {
      "A320": 0.5,
      "E190": 0.5
    },
    "RYR": {
      "B738": 1.0
    },
    "NLY": {
      "A320": 0.7142857142857143,
      "A321": 0.14285714285714285,
      "E190": 0.14285714285714285
    },
    "FSC": {
      "A320": 1.0
    },
    "HMY": {
      "A320": 0.7142857142857143,
      "A319": 0.2857142857142857
    },
    "TRA": {
      "B738": 1.0
    },
    "IBE": {
      "A320": 1.0
    },
    "LGL": {
      "B738": 1.0
    },
    "GEC": {
      "A319": 0.5,
      "A320": 0.25,
      "A321": 0.25
    },
    "EXS": {
      "B738": 0.625,
      "B752": 0.375
    },
    "SWR": {
      "A320": 0.6666666666666666,
      "A321": 0.3333333333333333
    },
    "CSA": {
      "B738": 0.6,
      "E190": 0.4
    },
    "TVS": {
      "B738": 1.0
    },
    "SAS": {
      "B738": 0.4,
      "A320": 0.4,
      "A321": 0.2
    },
    "GMI": {
      "B737": 0.6,
      "A321": 0.4
    },
    "TCX": {
      "A321": 0.625,
      "B752": 0.25,
      "A320": 0.125
    },
    "TVF": {
      "B738": 1.0
    },
    "TOM": {
      "B738": 1.0
    },
    "EZY": {
      "A319": 0.64,
      "A320": 0.36
    },
    "AEA": {
      "E190": 0.56,
      "B738": 0.44
    },
    "VLG": {
      "A320": 1.0
    },
    "HLX": {
      "B738": 1.0
    },
    "MON": {
      "A321": 0.4166666666666667,
      "A320": 0.3333333333333333,
      "B752": 0.16666666666666666,
      "A330": 0.08333333333333333
    }
  },
  "hourly_profile": [],
  "delay_rate": 0.0,
  "delay_distribution": {},
  "mean_delay_minutes": 0.0,
  "data_source": "openflights",
  "region": "",
  "profile_date": "2026-03-21",
  "sample_size": 490
}