{
  "icao_code": "PMO",
  "iata_code": "PMO",
  "airline_shares": {
    "RYR": 0.2,
    "VOE": 0.2,
    "ADH": 0.16,
    "AZA": 0.08,
    "EZY": 0.08,
    "BPA": 0.04,
    "VLG": 0.04,
    "GWI": 0.02,
    "NAX": 0.02,
    "BBO": 0.02,
    "TRA": 0.02,
    "IBE": 0.02,
    "ISS": 0.02,
    "SEU": 0.02,
    "DAT": 0.02,
    "TVF": 0.02,
    "TAR": 0.02
  },
  "domestic_route_shares": {
    "FCO": 0.1702127659574468,
    "FLR": 0.1276595744680851,
    "TRN": 0.0851063829787234,
    "VCE": 0.0851063829787234,
    "VRN": 0.0851063829787234,
    "BRI": 0.0851063829787234,
    "LIN": 0.0425531914893617,
    "BGY": 0.0425531914893617,
    "BLQ": 0.0425531914893617,
    "PSA": 0.0425531914893617,
    "TSF": 0.0425531914893617,
    "MXP": 0.0425531914893617,
    "GOA": 0.0425531914893617,
    "NAP": 0.0425531914893617,
    "CTA": 0.02127659574468085
  },
  "international_route_shares": {
    "CDG": 0.11320754716981132,
    "LGW": 0.11320754716981132,
    "AMS": 0.09433962264150944,
    "ORY": 0.07547169811320754,
    "CGN": 0.03773584905660377,
    "SVO": 0.03773584905660377,
    "TXL": 0.03773584905660377,
    "ARN": 0.03773584905660377,
    "PNL": 0.03773584905660377,
    "MAD": 0.03773584905660377,
    "MRS": 0.03773584905660377,
    "NRN": 0.03773584905660377,
    "STN": 0.03773584905660377,
    "SVQ": 0.03773584905660377,
    "BRU": 0.03773584905660377,
    "TUN": 0.03773584905660377,
    "BOD": 0.03773584905660377,
    "NTE": 0.03773584905660377,
    "SXB": 0.03773584905660377,
    "BCN": 0.03773584905660377
  },
  "domestic_ratio": 0.47,
  "fleet_mix": {
    "GWI": {
      "A319": 0.5,
      "CRJ9": 0.5
    },
    "ADH": {
      "A320": 1.0
    },
    "AZA": {
      "A320": 0.5714285714285714,
      "E175": 0.14285714285714285,
      "A321": 0.14285714285714285,
      "A319": 0.14285714285714285
    },
    "BPA": {
      "B737": 1.0
    },
    "NAX": {
      "B738": 1.0
    },
    "BBO": {
      "AT76": 1.0
    },
    "RYR": {
      "B738": 1.0
    },
    "TRA": {
      "B738": 1.0
    },
    "IBE": {
      "A320": 1.0
    },
    "ISS": {
      "A319": 1.0
    },
    "DAT": {
      "A320": 0.5,
      "A319": 0.5
    },
    "TVF": {
      "B738": 1.0
    },
    "TAR": {
      "AT76": 1.0
    },
    "EZY": {
      "A319": 0.6,
      "A320": 0.4
    },
    "VLG": {
      "A320": 0.5,
      "A319": 0.5
    }
  },
  "hourly_profile": [],
  "delay_rate": 0.0,
  "delay_distribution": {},
  "mean_delay_minutes": 0.0,
  "data_source": "openflights",
  "region": "",
  "profile_date": "2026-03-21",
  "sample_size": 100
}