{
  "icao_code": "PMV",
  "iata_code": "PMV",
  "airline_shares": {
    "VCV": 0.5641025641025641,
    "RLN": 0.10256410256410256,
    "OCA": 0.10256410256410256,
    "VNP": 0.10256410256410256,
    "VC9": 0.07692307692307693,
    "CUB": 0.05128205128205128
  },
  "domestic_route_shares": {
    "CCS": 0.391304347826087,
    "VLN": 0.17391304347826086,
    "PZO": 0.17391304347826086,
    "BLA": 0.08695652173913043,
    "BRM": 0.08695652173913043,
    "MAR": 0.08695652173913043
  },
  "international_route_shares": {
    "HAV": 0.125,
    "GND": 0.125,
    "MAO": 0.125,
    "MUN": 0.125,
    "PBL": 0.125,
    "POS": 0.125,
    "STD": 0.125,
    "VIG": 0.125
  },
  "domestic_ratio": 0.59,
  "fleet_mix": {
    "VCV": {
      "E190": 1.0
    }
  },
  "hourly_profile": [],
  "delay_rate": 0.0,
  "delay_distribution": {},
  "mean_delay_minutes": 0.0,
  "data_source": "openflights",
  "region": "",
  "profile_date": "2026-03-21",
  "sample_size": 39
}