{
  "icao_code": "PNH",
  "iata_code": "PNH",
  "airline_shares": {
    "BRV": 0.18518518518518517,
    "HVN": 0.14814814814814814,
    "SLK": 0.05555555555555555,
    "CES": 0.05555555555555555,
    "JSA": 0.037037037037037035,
    "MMM": 0.037037037037037035,
    "AXM": 0.037037037037037035,
    "EVA": 0.037037037037037035,
    "CAL": 0.037037037037037035,
    "CSN": 0.037037037037037035,
    "AIQ": 0.037037037037037035,
    "HDA": 0.037037037037037035,
    "KAL": 0.037037037037037035,
    "MAS": 0.037037037037037035,
    "OZR": 0.037037037037037035,
    "BKP": 0.037037037037037035,
    "QTR": 0.037037037037037035,
    "THA": 0.037037037037037035,
    "TGW": 0.037037037037037035
  },
  "domestic_route_shares": {},
  "international_route_shares": {
    "BKK": 0.14814814814814814,
    "SIN": 0.1111111111111111,
    "SGN": 0.1111111111111111,
    "KUL": 0.07407407407407407,
    "TPE": 0.07407407407407407,
    "HAN": 0.07407407407407407,
    "ICN": 0.07407407407407407,
    "PVG": 0.05555555555555555,
    "REP": 0.05555555555555555,
    "RGN": 0.037037037037037035,
    "CAN": 0.037037037037037035,
    "DMK": 0.037037037037037035,
    "HKG": 0.037037037037037035,
    "NNG": 0.037037037037037035,
    "VTE": 0.037037037037037035
  },
  "domestic_ratio": 0.0,
  "fleet_mix": {
    "JSA": {
      "A320": 1.0
    },
    "MMM": {
      "A319": 1.0
    },
    "AXM": {
      "A320": 1.0
    },
    "CAL": {
      "B738": 1.0
    },
    "CSN": {
      "A321": 0.5,
      "A319": 0.5
    },
    "AIQ": {
      "A320": 1.0
    },
    "BRV": {
      "A321": 0.6666666666666666,
      "AT76": 0.3333333333333333
    },
    "HDA": {
      "A320": 0.5,
      "A330": 0.5
    },
    "KAL": {
      "B738": 0.5,
      "B739": 0.5
    },
    "MAS": {
      "B738": 1.0
    },
    "SLK": {
      "A320": 1.0
    },
    "CES": {
      "B737": 0.6666666666666666,
      "A320": 0.3333333333333333
    },
    "OZR": {
      "A321": 1.0
    },
    "BKP": {
      "A319": 1.0
    },
    "QTR": {
      "A330": 1.0
    },
    "THA": {
      "A320": 1.0
    },
    "TGW": {
      "A320": 1.0
    },
    "HVN": {
      "A321": 1.0
    }
  },
  "hourly_profile": [],
  "delay_rate": 0.0,
  "delay_distribution": {},
  "mean_delay_minutes": 0.0,
  "data_source": "openflights",
  "region": "",
  "profile_date": "2026-03-21",
  "sample_size": 54
}