{
  "icao_code": "PNR",
  "iata_code": "PNR",
  "airline_shares": {
    "PEC": 0.23529411764705882,
    "VLO": 0.17647058823529413,
    "RAM": 0.11764705882352941,
    "EAF": 0.11764705882352941,
    "SAA": 0.11764705882352941,
    "AFR": 0.058823529411764705,
    "ETH": 0.058823529411764705,
    "HLF": 0.058823529411764705,
    "MAI": 0.058823529411764705
  },
  "domestic_route_shares": {
    "BZV": 1.0
  },
  "international_route_shares": {
    "COO": 0.3076923076923077,
    "CDG": 0.15384615384615385,
    "LBV": 0.15384615384615385,
    "CMN": 0.07692307692307693,
    "POG": 0.07692307692307693,
    "ADD": 0.07692307692307693,
    "DLA": 0.07692307692307693,
    "JNB": 0.07692307692307693
  },
  "domestic_ratio": 0.235,
  "fleet_mix": {
    "AFR": {
      "A330": 1.0
    },
    "RAM": {
      "B738": 1.0
    },
    "ETH": {
      "B738": 1.0
    },
    "HLF": {
      "A319": 1.0
    },
    "MAI": {
      "B737": 1.0
    },
    "VLO": {
      "B737": 1.0
    },
    "SAA": {
      "A320": 0.6666666666666666,
      "A319": 0.3333333333333333
    }
  },
  "hourly_profile": [],
  "delay_rate": 0.0,
  "delay_distribution": {},
  "mean_delay_minutes": 0.0,
  "data_source": "openflights",
  "region": "",
  "profile_date": "2026-03-21",
  "sample_size": 34
}