{
  "icao_code": "POA",
  "iata_code": "POA",
  "airline_shares": {
    "AZU": 0.34146341463414637,
    "SEH": 0.1951219512195122,
    "TAM": 0.12195121951219512,
    "NHG": 0.10975609756097561,
    "ONE": 0.07317073170731707,
    "5Q": 0.024390243902439025,
    "AAL": 0.024390243902439025,
    "ARG": 0.024390243902439025,
    "CMP": 0.024390243902439025,
    "TAP": 0.024390243902439025,
    "USA": 0.024390243902439025,
    "AVA": 0.012195121951219513
  },
  "domestic_route_shares": {
    "CWB": 0.18181818181818182,
    "GRU": 0.18181818181818182,
    "GIG": 0.13636363636363635,
    "BSB": 0.09090909090909091,
    "CGH": 0.09090909090909091,
    "FLN": 0.09090909090909091,
    "CNF": 0.045454545454545456,
    "IGU": 0.045454545454545456,
    "NVT": 0.045454545454545456,
    "SDU": 0.045454545454545456,
    "VCP": 0.045454545454545456
  },
  "international_route_shares": {
    "MVD": 0.10526315789473684,
    "PFB": 0.10526315789473684,
    "RIA": 0.10526315789473684,
    "PET": 0.07894736842105263,
    "MIA": 0.05263157894736842,
    "JOI": 0.05263157894736842,
    "LDB": 0.05263157894736842,
    "MGF": 0.05263157894736842,
    "XAP": 0.05263157894736842,
    "AEP": 0.05263157894736842,
    "PTY": 0.05263157894736842,
    "EZE": 0.05263157894736842,
    "LIS": 0.05263157894736842,
    "LIM": 0.02631578947368421,
    "GEL": 0.02631578947368421,
    "ERM": 0.02631578947368421,
    "SRA": 0.02631578947368421,
    "RIG": 0.02631578947368421
  },
  "domestic_ratio": 0.537,
  "fleet_mix": {
    "5Q": {
      "AT76": 1.0
    },
    "AAL": {
      "B767": 1.0
    },
    "AZU": {
      "E190": 0.5294117647058824,
      "AT76": 0.47058823529411764
    },
    "ARG": {
      "B737": 1.0
    },
    "AVA": {
      "A319": 0.5,
      "A320": 0.5
    },
    "CMP": {
      "B738": 1.0
    },
    "SEH": {
      "B738": 0.6666666666666666,
      "B737": 0.3333333333333333
    },
    "TAM": {
      "A320": 0.7142857142857143,
      "A319": 0.14285714285714285,
      "A321": 0.14285714285714285
    },
    "ONE": {
      "A318": 0.6666666666666666,
      "A320": 0.3333333333333333
    },
    "TAP": {
      "A330": 1.0
    },
    "USA": {
      "B767": 1.0
    }
  },
  "hourly_profile": [],
  "delay_rate": 0.0,
  "delay_distribution": {},
  "mean_delay_minutes": 0.0,
  "data_source": "openflights",
  "region": "",
  "profile_date": "2026-03-21",
  "sample_size": 82
}