{
  "icao_code": "POM",
  "iata_code": "POM",
  "airline_shares": {
    "ANG": 0.6914893617021277,
    "TOK": 0.30851063829787234
  },
  "domestic_route_shares": {
    "LAE": 1.0
  },
  "international_route_shares": {
    "BNE": 0.044444444444444446,
    "DAU": 0.044444444444444446,
    "GKA": 0.044444444444444446,
    "GUR": 0.044444444444444446,
    "HGU": 0.044444444444444446,
    "HKN": 0.044444444444444446,
    "LNV": 0.044444444444444446,
    "PNP": 0.044444444444444446,
    "RAB": 0.044444444444444446,
    "TBG": 0.044444444444444446,
    "UNG": 0.044444444444444446,
    "TIZ": 0.03333333333333333,
    "MXH": 0.022222222222222223,
    "BUL": 0.022222222222222223,
    "BUA": 0.022222222222222223,
    "CEB": 0.022222222222222223,
    "CMU": 0.022222222222222223,
    "CNS": 0.022222222222222223,
    "DPS": 0.022222222222222223,
    "HIR": 0.022222222222222223,
    "HKG": 0.022222222222222223,
    "KVG": 0.022222222222222223,
    "MAG": 0.022222222222222223,
    "MAS": 0.022222222222222223,
    "MDU": 0.022222222222222223,
    "MNL": 0.022222222222222223,
    "NAN": 0.022222222222222223,
    "NRT": 0.022222222222222223,
    "SIN": 0.022222222222222223,
    "SYD": 0.022222222222222223,
    "VAI": 0.022222222222222223,
    "WBM": 0.022222222222222223,
    "WWK": 0.022222222222222223,
    "TFI": 0.011111111111111112
  },
  "domestic_ratio": 0.043,
  "fleet_mix": {
    "TOK": {
      "B737": 1.0
    },
    "ANG": {
      "DH8D": 0.5,
      "B738": 0.2692307692307692,
      "B767": 0.11538461538461539,
      "B737": 0.11538461538461539
    }
  },
  "hourly_profile": [],
  "delay_rate": 0.0,
  "delay_distribution": {},
  "mean_delay_minutes": 0.0,
  "data_source": "openflights",
  "region": "",
  "profile_date": "2026-03-21",
  "sample_size": 94
}