{
  "icao_code": "POS",
  "iata_code": "POS",
  "airline_shares": {
    "BWA": 0.4117647058823529,
    "LIA": 0.11764705882352941,
    "7I": 0.058823529411764705,
    "JBU": 0.058823529411764705,
    "SLM": 0.058823529411764705,
    "UAL": 0.058823529411764705,
    "VCV": 0.058823529411764705,
    "AAL": 0.029411764705882353,
    "AMX": 0.029411764705882353,
    "BAW": 0.029411764705882353,
    "CMP": 0.029411764705882353,
    "USA": 0.029411764705882353,
    "WJA": 0.029411764705882353
  },
  "domestic_route_shares": {
    "TAB": 1.0
  },
  "international_route_shares": {
    "CUR": 0.09090909090909091,
    "PBM": 0.09090909090909091,
    "MIA": 0.09090909090909091,
    "GND": 0.09090909090909091,
    "PTY": 0.06060606060606061,
    "FLL": 0.06060606060606061,
    "JFK": 0.06060606060606061,
    "SLU": 0.06060606060606061,
    "YYZ": 0.06060606060606061,
    "UVF": 0.030303030303030304,
    "BGI": 0.030303030303030304,
    "CCS": 0.030303030303030304,
    "GEO": 0.030303030303030304,
    "KIN": 0.030303030303030304,
    "LGW": 0.030303030303030304,
    "MCO": 0.030303030303030304,
    "SVD": 0.030303030303030304,
    "EWR": 0.030303030303030304,
    "IAH": 0.030303030303030304,
    "PMV": 0.030303030303030304
  },
  "domestic_ratio": 0.029,
  "fleet_mix": {
    "AMX": {
      "B737": 0.5,
      "E190": 0.5
    },
    "JBU": {
      "A320": 1.0
    },
    "BAW": {
      "B777": 1.0
    },
    "BWA": {
      "B738": 0.8461538461538461,
      "B767": 0.15384615384615385
    },
    "CMP": {
      "B737": 0.5,
      "E190": 0.5
    },
    "LIA": {
      "AT76": 1.0
    },
    "UAL": {
      "B738": 1.0
    },
    "VCV": {
      "E190": 1.0
    }
  },
  "hourly_profile": [],
  "delay_rate": 0.0,
  "delay_distribution": {},
  "mean_delay_minutes": 0.0,
  "data_source": "openflights",
  "region": "",
  "profile_date": "2026-03-21",
  "sample_size": 68
}