{
  "icao_code": "POZ",
  "iata_code": "POZ",
  "airline_shares": {
    "RYR": 0.42105263157894735,
    "WZZ": 0.3157894736842105,
    "GEC": 0.10526315789473684,
    "GWI": 0.05263157894736842,
    "LOT": 0.05263157894736842,
    "SAS": 0.05263157894736842
  },
  "domestic_route_shares": {
    "WAW": 1.0
  },
  "international_route_shares": {
    "DUS": 0.05555555555555555,
    "BRS": 0.05555555555555555,
    "CIA": 0.05555555555555555,
    "DUB": 0.05555555555555555,
    "EDI": 0.05555555555555555,
    "GRO": 0.05555555555555555,
    "LPL": 0.05555555555555555,
    "RYG": 0.05555555555555555,
    "STN": 0.05555555555555555,
    "FRA": 0.05555555555555555,
    "MUC": 0.05555555555555555,
    "CPH": 0.05555555555555555,
    "BCN": 0.05555555555555555,
    "BVA": 0.05555555555555555,
    "DSA": 0.05555555555555555,
    "LTN": 0.05555555555555555,
    "NYO": 0.05555555555555555,
    "TRF": 0.05555555555555555
  },
  "domestic_ratio": 0.053,
  "fleet_mix": {
    "GWI": {
      "CRJ9": 1.0
    },
    "RYR": {
      "B738": 1.0
    },
    "GEC": {
      "CRJ7": 0.6666666666666666,
      "CRJ9": 0.3333333333333333
    },
    "LOT": {
      "DH8D": 1.0
    },
    "WZZ": {
      "A320": 1.0
    }
  },
  "hourly_profile": [],
  "delay_rate": 0.0,
  "delay_distribution": {},
  "mean_delay_minutes": 0.0,
  "data_source": "openflights",
  "region": "",
  "profile_date": "2026-03-21",
  "sample_size": 38
}