{
  "icao_code": "PPS",
  "iata_code": "PPS",
  "airline_shares": {
    "CEB": 0.4444444444444444,
    "GAP": 0.1111111111111111,
    "SRQ": 0.1111111111111111,
    "MAS": 0.1111111111111111,
    "PAL": 0.1111111111111111,
    "Z2": 0.1111111111111111
  },
  "domestic_route_shares": {
    "MNL": 0.625,
    "CEB": 0.125,
    "DVO": 0.125,
    "ILO": 0.125
  },
  "international_route_shares": {
    "BKI": 1.0
  },
  "domestic_ratio": 0.889,
  "fleet_mix": {
    "GAP": {
      "A320": 1.0
    },
    "CEB": {
      "A319": 0.6,
      "A320": 0.4
    },
    "SRQ": {
      "A320": 1.0
    },
    "MAS": {
      "AT76": 1.0
    },
    "PAL": {
      "A320": 1.0
    },
    "Z2": {
      "A320": 0.5,
      "A319": 0.5
    }
  },
  "hourly_profile": [],
  "delay_rate": 0.0,
  "delay_distribution": {},
  "mean_delay_minutes": 0.0,
  "data_source": "openflights",
  "region": "",
  "profile_date": "2026-03-21",
  "sample_size": 18
}