{
  "icao_code": "PPT",
  "iata_code": "PPT",
  "airline_shares": {
    "VTA": 0.6923076923076923,
    "THT": 0.09230769230769231,
    "QFA": 0.06153846153846154,
    "AFR": 0.03076923076923077,
    "HAL": 0.03076923076923077,
    "LAN": 0.03076923076923077,
    "ANZ": 0.03076923076923077,
    "ACI": 0.03076923076923077
  },
  "domestic_route_shares": {},
  "international_route_shares": {
    "LAX": 0.09230769230769231,
    "AKL": 0.09230769230769231,
    "HNL": 0.03076923076923077,
    "IPC": 0.03076923076923077,
    "NOU": 0.03076923076923077,
    "NRT": 0.03076923076923077,
    "AHE": 0.03076923076923077,
    "AUQ": 0.03076923076923077,
    "BOB": 0.03076923076923077,
    "FAV": 0.03076923076923077,
    "HUH": 0.03076923076923077,
    "MAU": 0.03076923076923077,
    "MOZ": 0.03076923076923077,
    "MVT": 0.03076923076923077,
    "NHV": 0.03076923076923077,
    "RAR": 0.03076923076923077,
    "RFP": 0.03076923076923077,
    "RGI": 0.03076923076923077,
    "RMT": 0.03076923076923077,
    "RUR": 0.03076923076923077,
    "RVV": 0.03076923076923077,
    "TIH": 0.03076923076923077,
    "TKX": 0.03076923076923077,
    "TUB": 0.03076923076923077,
    "XMH": 0.03076923076923077,
    "GMR": 0.015384615384615385,
    "KKR": 0.015384615384615385,
    "KXU": 0.015384615384615385,
    "MKP": 0.015384615384615385,
    "AXR": 0.015384615384615385,
    "HOI": 0.015384615384615385,
    "RKA": 0.015384615384615385
  },
  "domestic_ratio": 0.0,
  "fleet_mix": {
    "AFR": {
      "B777": 1.0
    },
    "HAL": {
      "A330": 1.0
    },
    "LAN": {
      "B767": 1.0
    },
    "ANZ": {
      "B767": 1.0
    },
    "ACI": {
      "A330": 1.0
    },
    "THT": {
      "B767": 1.0
    }
  },
  "hourly_profile": [],
  "delay_rate": 0.0,
  "delay_distribution": {},
  "mean_delay_minutes": 0.0,
  "data_source": "openflights",
  "region": "",
  "profile_date": "2026-03-21",
  "sample_size": 65
}