{
  "icao_code": "PRG",
  "iata_code": "PRG",
  "airline_shares": {
    "CSA": 0.2755417956656347,
    "TVS": 0.20123839009287925,
    "EZY": 0.05572755417956656,
    "WZZ": 0.043343653250773995,
    "NAX": 0.030959752321981424,
    "EXS": 0.030959752321981424,
    "GWI": 0.018575851393188854,
    "SAS": 0.018575851393188854,
    "SVR": 0.018575851393188854,
    "AFR": 0.01238390092879257,
    "ADH": 0.01238390092879257,
    "AZA": 0.01238390092879257,
    "RYR": 0.01238390092879257,
    "GEC": 0.01238390092879257,
    "SWR": 0.01238390092879257,
    "ROT": 0.01238390092879257,
    "AFL": 0.01238390092879257,
    "AEA": 0.01238390092879257,
    "VLG": 0.01238390092879257,
    "KAL": 0.009287925696594427,
    "SOV": 0.006191950464396285,
    "AEE": 0.006191950464396285,
    "RLA": 0.006191950464396285,
    "FIN": 0.006191950464396285,
    "BRU": 0.006191950464396285,
    "BAW": 0.006191950464396285,
    "BTI": 0.006191950464396285,
    "EIN": 0.006191950464396285,
    "UAE": 0.006191950464396285,
    "LZB": 0.006191950464396285,
    "TRA": 0.006191950464396285,
    "IBE": 0.006191950464396285,
    "AHY": 0.006191950464396285,
    "ADR": 0.006191950464396285,
    "ASL": 0.006191950464396285,
    "AMC": 0.006191950464396285,
    "LOT": 0.006191950464396285,
    "LTU": 0.006191950464396285,
    "ELY": 0.006191950464396285,
    "AUI": 0.006191950464396285,
    "SYL": 0.006191950464396285,
    "SBI": 0.006191950464396285,
    "DAT": 0.006191950464396285,
    "TLP": 0.006191950464396285,
    "THY": 0.006191950464396285,
    "TVF": 0.006191950464396285,
    "TAP": 0.006191950464396285,
    "VOE": 0.006191950464396285
  },
  "domestic_route_shares": {
    "OSR": 1.0
  },
  "international_route_shares": {
    "FCO": 0.03761755485893417,
    "ARN": 0.02821316614420063,
    "CDG": 0.025078369905956112,
    "CPH": 0.025078369905956112,
    "MAD": 0.025078369905956112,
    "TLV": 0.025078369905956112,
    "BCN": 0.025078369905956112,
    "DUS": 0.018808777429467086,
    "HAM": 0.018808777429467086,
    "FRA": 0.018808777429467086,
    "WAW": 0.018808777429467086,
    "ZRH": 0.018808777429467086,
    "AMS": 0.018808777429467086,
    "BRU": 0.018808777429467086,
    "KBP": 0.018808777429467086,
    "MXP": 0.018808777429467086,
    "OTP": 0.018808777429467086,
    "HEL": 0.012539184952978056,
    "RIX": 0.012539184952978056,
    "OSL": 0.012539184952978056,
    "DUB": 0.012539184952978056,
    "STN": 0.012539184952978056,
    "ICN": 0.012539184952978056,
    "EDI": 0.012539184952978056,
    "MAN": 0.012539184952978056,
    "BTS": 0.012539184952978056,
    "BUD": 0.012539184952978056,
    "CEK": 0.012539184952978056,
    "CLJ": 0.012539184952978056,
    "EVN": 0.012539184952978056,
    "GOJ": 0.012539184952978056,
    "KSC": 0.012539184952978056,
    "LED": 0.012539184952978056,
    "NCE": 0.012539184952978056,
    "PMI": 0.012539184952978056,
    "RHO": 0.012539184952978056,
    "SVO": 0.012539184952978056,
    "SVX": 0.012539184952978056,
    "SXB": 0.012539184952978056,
    "TXL": 0.012539184952978056,
    "VLC": 0.012539184952978056,
    "HER": 0.009404388714733543,
    "SPU": 0.009404388714733543,
    "CGN": 0.006269592476489028,
    "RTW": 0.006269592476489028,
    "ATH": 0.006269592476489028,
    "LYS": 0.006269592476489028,
    "MRS": 0.006269592476489028,
    "PSA": 0.006269592476489028,
    "VCE": 0.006269592476489028,
    "LIN": 0.006269592476489028,
    "MSQ": 0.006269592476489028,
    "LHR": 0.006269592476489028,
    "BGO": 0.006269592476489028,
    "DXB": 0.006269592476489028,
    "SOF": 0.006269592476489028,
    "RTM": 0.006269592476489028,
    "GYD": 0.006269592476489028,
    "LJU": 0.006269592476489028,
    "BEG": 0.006269592476489028,
    "MLA": 0.006269592476489028,
    "MUC": 0.006269592476489028,
    "EMA": 0.006269592476489028,
    "LBA": 0.006269592476489028,
    "NCL": 0.006269592476489028,
    "VNO": 0.006269592476489028,
    "GVA": 0.006269592476489028,
    "AGP": 0.006269592476489028,
    "ALA": 0.006269592476489028,
    "KUF": 0.006269592476489028,
    "PEE": 0.006269592476489028,
    "ROV": 0.006269592476489028,
    "TAS": 0.006269592476489028,
    "UFA": 0.006269592476489028,
    "AYT": 0.006269592476489028,
    "FNC": 0.006269592476489028,
    "LPA": 0.006269592476489028,
    "TFS": 0.006269592476489028,
    "KRR": 0.006269592476489028,
    "OVB": 0.006269592476489028,
    "IST": 0.006269592476489028,
    "ORY": 0.006269592476489028,
    "LIS": 0.006269592476489028,
    "BRS": 0.006269592476489028,
    "LGW": 0.006269592476489028,
    "NTE": 0.006269592476489028,
    "BGY": 0.006269592476489028,
    "BRI": 0.006269592476489028,
    "LTN": 0.006269592476489028,
    "NAP": 0.006269592476489028,
    "TSF": 0.006269592476489028
  },
  "domestic_ratio": 0.012,
  "fleet_mix": {
    "GWI": {
      "CRJ9": 0.6,
      "A319": 0.2,
      "A320": 0.2
    },
    "SOV": {
      "E190": 1.0
    },
    "AEE": {
      "A320": 1.0
    },
    "RLA": {
      "E190": 1.0
    },
    "AFR": {
      "A320": 0.5,
      "A321": 0.25,
      "A319": 0.25
    },
    "ADH": {
      "A320": 1.0
    },
    "FIN": {
      "A319": 0.3333333333333333,
      "A321": 0.3333333333333333,
      "A320": 0.3333333333333333
    },
    "AZA": {
      "A319": 0.5,
      "E175": 0.5
    },
    "BRU": {
      "E175": 0.5,
      "E190": 0.5
    },
    "BAW": {
      "A320": 1.0
    },
    "BTI": {
      "DH8D": 1.0
    },
    "NAX": {
      "B738": 1.0
    },
    "EIN": {
      "A320": 1.0
    },
    "UAE": {
      "B777": 1.0
    },
    "LZB": {
      "A319": 0.5,
      "E190": 0.5
    },
    "RYR": {
      "B738": 1.0
    },
    "TRA": {
      "B738": 1.0
    },
    "IBE": {
      "A321": 0.5,
      "A320": 0.5
    },
    "AHY": {
      "A320": 1.0
    },
    "ASL": {
      "AT76": 1.0
    },
    "KAL": {
      "A330": 0.4,
      "B744": 0.4,
      "A319": 0.2
    },
    "AMC": {
      "A320": 1.0
    },
    "GEC": {
      "A321": 0.25,
      "A320": 0.25,
      "E190": 0.25,
      "CRJ9": 0.25
    },
    "LOT": {
      "E175": 1.0
    },
    "SWR": {
      "A320": 0.5,
      "A319": 0.5
    },
    "ELY": {
      "B738": 1.0
    },
    "CSA": {
      "A319": 0.41739130434782606,
      "AT76": 0.19130434782608696,
      "A320": 0.17391304347826086,
      "B738": 0.14782608695652175,
      "B737": 0.017391304347826087,
      "A330": 0.017391304347826087,
      "A321": 0.017391304347826087,
      "DH8D": 0.017391304347826087
    },
    "TVS": {
      "A319": 0.3684210526315789,
      "B738": 0.32894736842105265,
      "AT76": 0.19736842105263158,
      "A320": 0.07894736842105263,
      "B737": 0.02631578947368421
    },
    "SYL": {
      "B738": 1.0
    },
    "ROT": {
      "AT76": 1.0
    },
    "SBI": {
      "A320": 1.0
    },
    "SAS": {
      "B738": 0.6,
      "A320": 0.2,
      "CRJ9": 0.2
    },
    "DAT": {
      "A319": 0.5,
      "DH8D": 0.5
    },
    "AFL": {
      "A319": 0.3333333333333333,
      "A320": 0.3333333333333333,
      "A321": 0.3333333333333333
    },
    "TLP": {
      "A319": 1.0
    },
    "THY": {
      "B738": 0.3333333333333333,
      "A321": 0.3333333333333333,
      "A320": 0.3333333333333333
    },
    "TVF": {
      "B738": 1.0
    },
    "TAP": {
      "A319": 0.5,
      "A320": 0.5
    },
    "EZY": {
      "A319": 0.782608695652174,
      "A320": 0.21739130434782608
    },
    "SVR": {
      "A320": 1.0
    },
    "VLG": {
      "A320": 1.0
    },
    "WZZ": {
      "A320": 1.0
    }
  },
  "hourly_profile": [],
  "delay_rate": 0.0,
  "delay_distribution": {},
  "mean_delay_minutes": 0.0,
  "data_source": "openflights",
  "region": "",
  "profile_date": "2026-03-21",
  "sample_size": 323
}