{
  "icao_code": "PRN",
  "iata_code": "PRN",
  "airline_shares": {
    "GWI": 0.29411764705882354,
    "ADR": 0.17647058823529413,
    "EZY": 0.11764705882352941,
    "BHP": 0.058823529411764705,
    "SWR": 0.058823529411764705,
    "CTN": 0.058823529411764705,
    "PGT": 0.058823529411764705,
    "SAS": 0.058823529411764705,
    "GMI": 0.058823529411764705,
    "THY": 0.058823529411764705
  },
  "domestic_route_shares": {},
  "international_route_shares": {
    "GVA": 0.11764705882352941,
    "ZRH": 0.058823529411764705,
    "DUS": 0.058823529411764705,
    "HAJ": 0.058823529411764705,
    "HAM": 0.058823529411764705,
    "STR": 0.058823529411764705,
    "TXL": 0.058823529411764705,
    "FRA": 0.058823529411764705,
    "LJU": 0.058823529411764705,
    "MUC": 0.058823529411764705,
    "ZAG": 0.058823529411764705,
    "SAW": 0.058823529411764705,
    "CPH": 0.058823529411764705,
    "LGW": 0.058823529411764705,
    "IST": 0.058823529411764705,
    "BSL": 0.058823529411764705
  },
  "domestic_ratio": 0.0,
  "fleet_mix": {
    "BHP": {
      "A320": 1.0
    },
    "GWI": {
      "A319": 1.0
    },
    "ADR": {
      "A319": 0.6666666666666666,
      "CRJ9": 0.3333333333333333
    },
    "SWR": {
      "A320": 1.0
    },
    "CTN": {
      "DH8D": 1.0
    },
    "PGT": {
      "B738": 1.0
    },
    "SAS": {
      "A320": 0.5,
      "CRJ9": 0.5
    },
    "GMI": {
      "B737": 1.0
    },
    "THY": {
      "A320": 0.3333333333333333,
      "A319": 0.3333333333333333,
      "B738": 0.3333333333333333
    },
    "EZY": {
      "A319": 0.6666666666666666,
      "A320": 0.3333333333333333
    }
  },
  "hourly_profile": [],
  "delay_rate": 0.0,
  "delay_distribution": {},
  "mean_delay_minutes": 0.0,
  "data_source": "openflights",
  "region": "",
  "profile_date": "2026-03-21",
  "sample_size": 34
}