{
  "icao_code": "PSA",
  "iata_code": "PSA",
  "airline_shares": {
    "RYR": 0.6277372262773723,
    "ADH": 0.072992700729927,
    "EZY": 0.072992700729927,
    "NAX": 0.043795620437956206,
    "EXS": 0.043795620437956206,
    "BAW": 0.029197080291970802,
    "GWI": 0.014598540145985401,
    "BPA": 0.014598540145985401,
    "TRA": 0.014598540145985401,
    "GEC": 0.014598540145985401,
    "TVF": 0.014598540145985401,
    "VLG": 0.014598540145985401,
    "WZZ": 0.014598540145985401,
    "AZA": 0.0072992700729927005
  },
  "domestic_route_shares": {
    "CTA": 0.15384615384615385,
    "BDS": 0.15384615384615385,
    "BRI": 0.15384615384615385,
    "CAG": 0.15384615384615385,
    "PMO": 0.15384615384615385,
    "SUF": 0.15384615384615385,
    "FCO": 0.07692307692307693
  },
  "international_route_shares": {
    "TIA": 0.03225806451612903,
    "LGW": 0.03225806451612903,
    "LBA": 0.03225806451612903,
    "ORY": 0.03225806451612903,
    "CGN": 0.016129032258064516,
    "PRG": 0.016129032258064516,
    "SVO": 0.016129032258064516,
    "TXL": 0.016129032258064516,
    "LHR": 0.016129032258064516,
    "ARN": 0.016129032258064516,
    "CPH": 0.016129032258064516,
    "OSL": 0.016129032258064516,
    "AHO": 0.016129032258064516,
    "BLL": 0.016129032258064516,
    "BOH": 0.016129032258064516,
    "BUD": 0.016129032258064516,
    "BVA": 0.016129032258064516,
    "CIY": 0.016129032258064516,
    "CRL": 0.016129032258064516,
    "DUB": 0.016129032258064516,
    "EDI": 0.016129032258064516,
    "EIN": 0.016129032258064516,
    "EMA": 0.016129032258064516,
    "FEZ": 0.016129032258064516,
    "FUE": 0.016129032258064516,
    "GDN": 0.016129032258064516,
    "GRO": 0.016129032258064516,
    "GSE": 0.016129032258064516,
    "HAU": 0.016129032258064516,
    "HHN": 0.016129032258064516,
    "IBZ": 0.016129032258064516,
    "KRK": 0.016129032258064516,
    "LBC": 0.016129032258064516,
    "LIS": 0.016129032258064516,
    "LPA": 0.016129032258064516,
    "LPL": 0.016129032258064516,
    "MAD": 0.016129032258064516,
    "MLA": 0.016129032258064516,
    "NRN": 0.016129032258064516,
    "NYO": 0.016129032258064516,
    "RAK": 0.016129032258064516,
    "SKG": 0.016129032258064516,
    "STN": 0.016129032258064516,
    "SVQ": 0.016129032258064516,
    "TFS": 0.016129032258064516,
    "TPS": 0.016129032258064516,
    "TRF": 0.016129032258064516,
    "VLC": 0.016129032258064516,
    "WMI": 0.016129032258064516,
    "AMS": 0.016129032258064516,
    "MUC": 0.016129032258064516,
    "MAN": 0.016129032258064516,
    "NCL": 0.016129032258064516,
    "BRS": 0.016129032258064516,
    "LTN": 0.016129032258064516,
    "SXF": 0.016129032258064516,
    "BCN": 0.016129032258064516,
    "OTP": 0.016129032258064516
  },
  "domestic_ratio": 0.095,
  "fleet_mix": {
    "GWI": {
      "A319": 1.0
    },
    "ADH": {
      "A320": 1.0
    },
    "AZA": {
      "A319": 0.5,
      "E175": 0.5
    },
    "BAW": {
      "A319": 0.3333333333333333,
      "A320": 0.3333333333333333,
      "A321": 0.3333333333333333
    },
    "BPA": {
      "B737": 1.0
    },
    "NAX": {
      "B738": 1.0
    },
    "RYR": {
      "B738": 1.0
    },
    "TRA": {
      "B738": 1.0
    },
    "GEC": {
      "CRJ9": 0.5,
      "E190": 0.5
    },
    "TVF": {
      "B738": 1.0
    },
    "EZY": {
      "A320": 0.5555555555555556,
      "A319": 0.4444444444444444
    },
    "VLG": {
      "A320": 1.0
    },
    "WZZ": {
      "A320": 1.0
    }
  },
  "hourly_profile": [],
  "delay_rate": 0.0,
  "delay_distribution": {},
  "mean_delay_minutes": 0.0,
  "data_source": "openflights",
  "region": "",
  "profile_date": "2026-03-21",
  "sample_size": 137
}