{
  "icao_code": "PSP",
  "iata_code": "PSP",
  "airline_shares": {
    "ASA": 0.20689655172413793,
    "WJA": 0.20689655172413793,
    "AAL": 0.13793103448275862,
    "USA": 0.13793103448275862,
    "DAL": 0.06896551724137931,
    "FFT": 0.06896551724137931,
    "AAY": 0.06896551724137931,
    "SCX": 0.06896551724137931,
    "UAL": 0.034482758620689655
  },
  "domestic_route_shares": {
    "DFW": 0.19047619047619047,
    "ORD": 0.19047619047619047,
    "MSP": 0.19047619047619047,
    "DEN": 0.14285714285714285,
    "PDX": 0.09523809523809523,
    "SEA": 0.09523809523809523,
    "SFO": 0.09523809523809523
  },
  "international_route_shares": {
    "BLI": 0.25,
    "YEG": 0.25,
    "YVR": 0.25,
    "YYC": 0.25
  },
  "domestic_ratio": 0.724,
  "fleet_mix": {
    "ASA": {
      "B739": 0.3333333333333333,
      "B737": 0.3333333333333333,
      "B738": 0.3333333333333333
    },
    "DAL": {
      "A320": 1.0
    },
    "FFT": {
      "A319": 1.0
    },
    "SCX": {
      "B737": 1.0
    },
    "UAL": {
      "A319": 1.0
    },
    "WJA": {
      "B738": 1.0
    }
  },
  "hourly_profile": [],
  "delay_rate": 0.0,
  "delay_distribution": {},
  "mean_delay_minutes": 0.0,
  "data_source": "openflights",
  "region": "",
  "profile_date": "2026-03-21",
  "sample_size": 29
}