{
  "icao_code": "PSR",
  "iata_code": "PSR",
  "airline_shares": {
    "RYR": 0.8888888888888888,
    "AZA": 0.1111111111111111
  },
  "domestic_route_shares": {
    "LIN": 0.3333333333333333,
    "BGY": 0.3333333333333333,
    "CAG": 0.3333333333333333
  },
  "international_route_shares": {
    "BVA": 0.16666666666666666,
    "CRL": 0.16666666666666666,
    "GRO": 0.16666666666666666,
    "HHN": 0.16666666666666666,
    "NRN": 0.16666666666666666,
    "STN": 0.16666666666666666
  },
  "domestic_ratio": 0.333,
  "fleet_mix": {
    "AZA": {
      "A319": 1.0
    },
    "RYR": {
      "B738": 1.0
    }
  },
  "hourly_profile": [],
  "delay_rate": 0.0,
  "delay_distribution": {},
  "mean_delay_minutes": 0.0,
  "data_source": "openflights",
  "region": "",
  "profile_date": "2026-03-21",
  "sample_size": 18
}