{
  "icao_code": "PTP",
  "iata_code": "PTP",
  "airline_shares": {
    "3S": 0.2641509433962264,
    "FWI": 0.18867924528301888,
    "AFR": 0.1509433962264151,
    "AAL": 0.07547169811320754,
    "LIA": 0.07547169811320754,
    "CRL": 0.05660377358490566,
    "ACA": 0.03773584905660377,
    "SBS": 0.03773584905660377,
    "SEU": 0.03773584905660377,
    "USA": 0.03773584905660377,
    "WM": 0.03773584905660377
  },
  "domestic_route_shares": {},
  "international_route_shares": {
    "FDF": 0.1509433962264151,
    "DOM": 0.11320754716981132,
    "SDQ": 0.11320754716981132,
    "ORY": 0.11320754716981132,
    "ANU": 0.07547169811320754,
    "SFG": 0.07547169811320754,
    "MIA": 0.07547169811320754,
    "SJU": 0.07547169811320754,
    "PAP": 0.07547169811320754,
    "SBH": 0.03773584905660377,
    "SXM": 0.03773584905660377,
    "YUL": 0.03773584905660377,
    "CDG": 0.018867924528301886
  },
  "domestic_ratio": 0.0,
  "fleet_mix": {
    "3S": {
      "AT76": 0.8571428571428571,
      "A320": 0.14285714285714285
    },
    "AAL": {
      "B738": 1.0
    },
    "ACA": {
      "A319": 1.0
    },
    "AFR": {
      "AT76": 0.4,
      "A320": 0.4,
      "B777": 0.2
    },
    "SEU": {
      "A330": 1.0
    },
    "CRL": {
      "A330": 0.5,
      "B744": 0.5
    },
    "FWI": {
      "AT76": 0.6666666666666666,
      "A330": 0.3333333333333333
    },
    "USA": {
      "B738": 1.0
    }
  },
  "hourly_profile": [],
  "delay_rate": 0.0,
  "delay_distribution": {},
  "mean_delay_minutes": 0.0,
  "data_source": "openflights",
  "region": "",
  "profile_date": "2026-03-21",
  "sample_size": 53
}