{
  "icao_code": "PTY",
  "iata_code": "PTY",
  "airline_shares": {
    "CMP": 0.7052023121387283,
    "UAL": 0.06936416184971098,
    "AVA": 0.03468208092485549,
    "AAL": 0.023121387283236993,
    "VCV": 0.023121387283236993,
    "USA": 0.017341040462427744,
    "VC9": 0.011560693641618497,
    "AFR": 0.011560693641618497,
    "AMX": 0.011560693641618497,
    "CUB": 0.011560693641618497,
    "CFG": 0.011560693641618497,
    "DAL": 0.011560693641618497,
    "TAE": 0.011560693641618497,
    "IBE": 0.011560693641618497,
    "KLM": 0.011560693641618497,
    "NKS": 0.011560693641618497,
    "BBR": 0.011560693641618497
  },
  "domestic_route_shares": {},
  "international_route_shares": {
    "MIA": 0.046242774566473986,
    "CCS": 0.03468208092485549,
    "POS": 0.023121387283236993,
    "BOG": 0.023121387283236993,
    "SAL": 0.023121387283236993,
    "SJO": 0.023121387283236993,
    "BOS": 0.023121387283236993,
    "GYE": 0.023121387283236993,
    "HAV": 0.023121387283236993,
    "IAD": 0.023121387283236993,
    "MCO": 0.023121387283236993,
    "MGA": 0.023121387283236993,
    "SDQ": 0.023121387283236993,
    "DFW": 0.017341040462427744,
    "BLA": 0.011560693641618497,
    "CDG": 0.011560693641618497,
    "ADZ": 0.011560693641618497,
    "ASU": 0.011560693641618497,
    "AUA": 0.011560693641618497,
    "BAQ": 0.011560693641618497,
    "BGA": 0.011560693641618497,
    "BSB": 0.011560693641618497,
    "CLO": 0.011560693641618497,
    "CNF": 0.011560693641618497,
    "COR": 0.011560693641618497,
    "CTG": 0.011560693641618497,
    "CUN": 0.011560693641618497,
    "CUR": 0.011560693641618497,
    "EZE": 0.011560693641618497,
    "GDL": 0.011560693641618497,
    "GIG": 0.011560693641618497,
    "GRU": 0.011560693641618497,
    "GUA": 0.011560693641618497,
    "IQT": 0.011560693641618497,
    "JFK": 0.011560693641618497,
    "KIN": 0.011560693641618497,
    "LAS": 0.011560693641618497,
    "LAX": 0.011560693641618497,
    "LIM": 0.011560693641618497,
    "LIR": 0.011560693641618497,
    "MAO": 0.011560693641618497,
    "MAR": 0.011560693641618497,
    "MBJ": 0.011560693641618497,
    "MDE": 0.011560693641618497,
    "MEX": 0.011560693641618497,
    "MTY": 0.011560693641618497,
    "MVD": 0.011560693641618497,
    "NAS": 0.011560693641618497,
    "ORD": 0.011560693641618497,
    "PAP": 0.011560693641618497,
    "POA": 0.011560693641618497,
    "PUJ": 0.011560693641618497,
    "REC": 0.011560693641618497,
    "SAP": 0.011560693641618497,
    "SCL": 0.011560693641618497,
    "SJU": 0.011560693641618497,
    "STI": 0.011560693641618497,
    "SXM": 0.011560693641618497,
    "TGU": 0.011560693641618497,
    "TPA": 0.011560693641618497,
    "UIO": 0.011560693641618497,
    "VLN": 0.011560693641618497,
    "VVI": 0.011560693641618497,
    "YYZ": 0.011560693641618497,
    "ATL": 0.011560693641618497,
    "MAD": 0.011560693641618497,
    "AMS": 0.011560693641618497,
    "FLL": 0.011560693641618497,
    "EWR": 0.011560693641618497,
    "IAH": 0.011560693641618497
  },
  "domestic_ratio": 0.0,
  "fleet_mix": {
    "AAL": {
      "B738": 1.0
    },
    "AFR": {
      "B777": 1.0
    },
    "AMX": {
      "B737": 0.5,
      "E190": 0.5
    },
    "AVA": {
      "A319": 0.3333333333333333,
      "E190": 0.3333333333333333,
      "B737": 0.16666666666666666,
      "A320": 0.16666666666666666
    },
    "CMP": {
      "B738": 0.3641025641025641,
      "B737": 0.3333333333333333,
      "E190": 0.30256410256410254
    },
    "CUB": {
      "B737": 1.0
    },
    "CFG": {
      "B767": 1.0
    },
    "DAL": {
      "B738": 1.0
    },
    "TAE": {
      "E190": 1.0
    },
    "IBE": {
      "A330": 1.0
    },
    "KLM": {
      "B777": 1.0
    },
    "NKS": {
      "A320": 0.5,
      "A319": 0.5
    },
    "UAL": {
      "B737": 0.42857142857142855,
      "B739": 0.2857142857142857,
      "B738": 0.2857142857142857
    },
    "USA": {
      "B738": 1.0
    },
    "VCV": {
      "CRJ9": 0.6666666666666666,
      "E190": 0.3333333333333333
    }
  },
  "hourly_profile": [],
  "delay_rate": 0.0,
  "delay_distribution": {},
  "mean_delay_minutes": 0.0,
  "data_source": "openflights",
  "region": "",
  "profile_date": "2026-03-21",
  "sample_size": 173
}