{
  "icao_code": "PUJ",
  "iata_code": "PUJ",
  "airline_shares": {
    "DAL": 0.07633587786259542,
    "FFT": 0.07633587786259542,
    "JBU": 0.061068702290076333,
    "TSC": 0.05343511450381679,
    "AAL": 0.04580152671755725,
    "TRS": 0.04580152671755725,
    "UAL": 0.04580152671755725,
    "TSO": 0.04580152671755725,
    "USA": 0.04580152671755725,
    "WJA": 0.04580152671755725,
    "SEU": 0.03816793893129771,
    "DSM": 0.030534351145038167,
    "BER": 0.030534351145038167,
    "ACA": 0.030534351145038167,
    "CMP": 0.030534351145038167,
    "CFG": 0.030534351145038167,
    "LAN": 0.030534351145038167,
    "TFL": 0.030534351145038167,
    "AFR": 0.022900763358778626,
    "TVF": 0.022900763358778626,
    "AVA": 0.015267175572519083,
    "BAW": 0.015267175572519083,
    "SBS": 0.015267175572519083,
    "CXS": 0.015267175572519083,
    "EB": 0.015267175572519083,
    "SEH": 0.015267175572519083,
    "NKS": 0.015267175572519083,
    "AFL": 0.015267175572519083,
    "SCX": 0.015267175572519083,
    "AEA": 0.015267175572519083,
    "TOM": 0.007633587786259542
  },
  "domestic_route_shares": {
    "SDQ": 1.0
  },
  "international_route_shares": {
    "MIA": 0.06153846153846154,
    "PHL": 0.046153846153846156,
    "YUL": 0.046153846153846156,
    "YYZ": 0.046153846153846156,
    "MAD": 0.046153846153846156,
    "CLT": 0.03076923076923077,
    "MUC": 0.03076923076923077,
    "CDG": 0.03076923076923077,
    "BOG": 0.03076923076923077,
    "FLL": 0.03076923076923077,
    "JFK": 0.03076923076923077,
    "SJU": 0.03076923076923077,
    "ATL": 0.03076923076923077,
    "PIT": 0.03076923076923077,
    "ORD": 0.03076923076923077,
    "SVO": 0.03076923076923077,
    "YHZ": 0.023076923076923078,
    "EZE": 0.015384615384615385,
    "DUS": 0.015384615384615385,
    "BOS": 0.015384615384615385,
    "ANU": 0.015384615384615385,
    "PTY": 0.015384615384615385,
    "FRA": 0.015384615384615385,
    "CVG": 0.015384615384615385,
    "DTW": 0.015384615384615385,
    "CLE": 0.015384615384615385,
    "STL": 0.015384615384615385,
    "BWI": 0.015384615384615385,
    "MDW": 0.015384615384615385,
    "CCS": 0.015384615384615385,
    "SCL": 0.015384615384615385,
    "AMS": 0.015384615384615385,
    "MSP": 0.015384615384615385,
    "LGW": 0.015384615384615385,
    "MAN": 0.015384615384615385,
    "YQB": 0.015384615384615385,
    "EWR": 0.015384615384615385,
    "IAD": 0.015384615384615385,
    "DME": 0.015384615384615385,
    "LED": 0.015384615384615385,
    "POP": 0.007692307692307693,
    "MBJ": 0.007692307692307693,
    "LYS": 0.007692307692307693,
    "NTE": 0.007692307692307693,
    "TLS": 0.007692307692307693
  },
  "domestic_ratio": 0.008,
  "fleet_mix": {
    "DSM": {
      "B767": 1.0
    },
    "AAL": {
      "A319": 0.2857142857142857,
      "A320": 0.2857142857142857,
      "A321": 0.14285714285714285,
      "B738": 0.14285714285714285,
      "A330": 0.14285714285714285
    },
    "BER": {
      "A330": 1.0
    },
    "ACA": {
      "A319": 1.0
    },
    "AFR": {
      "B744": 1.0
    },
    "AVA": {
      "A320": 0.5,
      "A319": 0.5
    },
    "JBU": {
      "A320": 0.8,
      "A321": 0.2
    },
    "BAW": {
      "B777": 1.0
    },
    "CMP": {
      "E190": 0.5,
      "B738": 0.25,
      "B737": 0.25
    },
    "CFG": {
      "B767": 1.0
    },
    "DAL": {
      "A320": 0.5454545454545454,
      "B738": 0.45454545454545453
    },
    "CXS": {
      "A330": 1.0
    },
    "EB": {
      "B744": 1.0
    },
    "FFT": {
      "A320": 0.8,
      "A319": 0.2
    },
    "TRS": {
      "B737": 1.0
    },
    "SEH": {
      "B738": 1.0
    },
    "LAN": {
      "B767": 1.0
    },
    "NKS": {
      "A319": 1.0
    },
    "TFL": {
      "B767": 1.0
    },
    "SEU": {
      "A330": 1.0
    },
    "AFL": {
      "A330": 1.0
    },
    "SCX": {
      "B738": 1.0
    },
    "TVF": {
      "B787": 1.0
    },
    "TSC": {
      "B738": 1.0
    },
    "UAL": {
      "B739": 0.6,
      "B752": 0.2,
      "B738": 0.2
    },
    "TSO": {
      "B777": 0.3333333333333333,
      "B767": 0.3333333333333333,
      "B744": 0.3333333333333333
    },
    "USA": {
      "A319": 0.25,
      "A320": 0.25,
      "B752": 0.125,
      "A321": 0.125,
      "B738": 0.125,
      "A330": 0.125
    },
    "AEA": {
      "A330": 1.0
    },
    "WJA": {
      "B738": 1.0
    }
  },
  "hourly_profile": [],
  "delay_rate": 0.0,
  "delay_distribution": {},
  "mean_delay_minutes": 0.0,
  "data_source": "openflights",
  "region": "",
  "profile_date": "2026-03-21",
  "sample_size": 131
}