{
  "icao_code": "PUS",
  "iata_code": "PUS",
  "airline_shares": {
    "KAL": 0.2556390977443609,
    "ABL": 0.21052631578947367,
    "OZR": 0.18045112781954886,
    "JJA": 0.03759398496240601,
    "CEB": 0.03007518796992481,
    "PAL": 0.03007518796992481,
    "HVN": 0.03007518796992481,
    "AAL": 0.015037593984962405,
    "CCA": 0.015037593984962405,
    "CAL": 0.015037593984962405,
    "CPA": 0.015037593984962405,
    "CSN": 0.015037593984962405,
    "XAX": 0.015037593984962405,
    "CSH": 0.015037593984962405,
    "JAL": 0.015037593984962405,
    "HDA": 0.015037593984962405,
    "MM": 0.015037593984962405,
    "CES": 0.015037593984962405,
    "AMU": 0.015037593984962405,
    "AFL": 0.015037593984962405,
    "THA": 0.015037593984962405,
    "Z2": 0.015037593984962405
  },
  "domestic_route_shares": {
    "CJU": 0.75,
    "GMP": 0.25
  },
  "international_route_shares": {
    "NRT": 0.064,
    "HKG": 0.064,
    "PVG": 0.064,
    "CEB": 0.056,
    "MNL": 0.048,
    "BKK": 0.048,
    "FUK": 0.048,
    "KIX": 0.048,
    "PEK": 0.048,
    "MFM": 0.032,
    "REP": 0.032,
    "TAO": 0.032,
    "TPE": 0.032,
    "SHE": 0.032,
    "HAN": 0.032,
    "KLO": 0.032,
    "CSX": 0.016,
    "KHH": 0.016,
    "TYN": 0.016,
    "WUH": 0.016,
    "XIY": 0.016,
    "KUL": 0.016,
    "CTS": 0.016,
    "GUM": 0.016,
    "NGO": 0.016,
    "NKG": 0.016,
    "CAN": 0.016,
    "HGH": 0.016,
    "KWL": 0.016,
    "OKA": 0.016,
    "SPN": 0.016,
    "TXN": 0.016,
    "VVO": 0.016,
    "SGN": 0.016
  },
  "domestic_ratio": 0.06,
  "fleet_mix": {
    "CEB": {
      "A320": 1.0
    },
    "JJA": {
      "B737": 1.0
    },
    "AAL": {
      "B737": 1.0
    },
    "ABL": {
      "A321": 0.8181818181818182,
      "A320": 0.18181818181818182
    },
    "CCA": {
      "B738": 1.0
    },
    "CAL": {
      "B738": 0.5,
      "A330": 0.5
    },
    "CPA": {
      "A321": 0.5,
      "A320": 0.5
    },
    "CSN": {
      "A320": 1.0
    },
    "CSH": {
      "B738": 0.5,
      "B739": 0.5
    },
    "JAL": {
      "B738": 1.0
    },
    "HDA": {
      "A321": 0.5,
      "A320": 0.5
    },
    "KAL": {
      "B738": 0.43902439024390244,
      "B739": 0.36585365853658536,
      "A330": 0.14634146341463414,
      "A321": 0.04878048780487805
    },
    "MM": {
      "A320": 1.0
    },
    "CES": {
      "A321": 0.5,
      "A320": 0.5
    },
    "AMU": {
      "A320": 1.0
    },
    "OZR": {
      "A320": 0.9230769230769231,
      "A321": 0.07692307692307693
    },
    "PAL": {
      "A320": 1.0
    },
    "AFL": {
      "A319": 1.0
    },
    "HVN": {
      "A321": 1.0
    },
    "Z2": {
      "A320": 1.0
    }
  },
  "hourly_profile": [],
  "delay_rate": 0.0,
  "delay_distribution": {},
  "mean_delay_minutes": 0.0,
  "data_source": "openflights",
  "region": "",
  "profile_date": "2026-03-21",
  "sample_size": 133
}