{
  "icao_code": "PUY",
  "iata_code": "PUY",
  "airline_shares": {
    "RYR": 0.37037037037037035,
    "CTN": 0.18518518518518517,
    "GWI": 0.07407407407407407,
    "NAX": 0.07407407407407407,
    "EIN": 0.07407407407407407,
    "EXS": 0.07407407407407407,
    "SAS": 0.07407407407407407,
    "TVF": 0.07407407407407407
  },
  "domestic_route_shares": {
    "ZAD": 0.6666666666666666,
    "ZAG": 0.3333333333333333
  },
  "international_route_shares": {
    "MAN": 0.16666666666666666,
    "CGN": 0.08333333333333333,
    "OSL": 0.08333333333333333,
    "DUB": 0.08333333333333333,
    "BVA": 0.08333333333333333,
    "CRL": 0.08333333333333333,
    "HHN": 0.08333333333333333,
    "RYG": 0.08333333333333333,
    "STN": 0.08333333333333333,
    "FRA": 0.08333333333333333,
    "ARN": 0.08333333333333333
  },
  "domestic_ratio": 0.111,
  "fleet_mix": {
    "GWI": {
      "A319": 0.5,
      "CRJ9": 0.5
    },
    "EIN": {
      "A320": 1.0
    },
    "RYR": {
      "B738": 1.0
    },
    "CTN": {
      "DH8D": 0.42857142857142855,
      "A319": 0.2857142857142857,
      "A320": 0.2857142857142857
    },
    "TVF": {
      "B738": 1.0
    }
  },
  "hourly_profile": [],
  "delay_rate": 0.0,
  "delay_distribution": {},
  "mean_delay_minutes": 0.0,
  "data_source": "openflights",
  "region": "",
  "profile_date": "2026-03-21",
  "sample_size": 27
}