{
  "icao_code": "PVG",
  "iata_code": "PVG",
  "airline_shares": {
    "CES": 0.2769010043041607,
    "CSH": 0.10186513629842181,
    "DKH": 0.09899569583931134,
    "CCA": 0.08321377331420372,
    "9C": 0.07747489239598278,
    "CSN": 0.07747489239598278,
    "CSZ": 0.02295552367288379,
    "DAL": 0.014347202295552367,
    "CHH": 0.014347202295552367,
    "UAL": 0.011477761836441894,
    "CSC": 0.00860832137733142,
    "TNA": 0.00860832137733142,
    "JAL": 0.00860832137733142,
    "ANA": 0.00860832137733142,
    "HVN": 0.00860832137733142,
    "RHC": 0.005738880918220947,
    "AAL": 0.005738880918220947,
    "ACA": 0.005738880918220947,
    "EVA": 0.005738880918220947,
    "CAL": 0.005738880918220947,
    "BRV": 0.005738880918220947,
    "KAL": 0.005738880918220947,
    "GEC": 0.005738880918220947,
    "MAS": 0.005738880918220947,
    "OZR": 0.005738880918220947,
    "QFA": 0.005738880918220947,
    "CDG": 0.005738880918220947,
    "ALK": 0.00430416068866571,
    "USA": 0.00430416068866571,
    "CEB": 0.0028694404591104736,
    "AFR": 0.0028694404591104736,
    "AIC": 0.0028694404591104736,
    "AMX": 0.0028694404591104736,
    "FIN": 0.0028694404591104736,
    "UIA": 0.0028694404591104736,
    "BAW": 0.0028694404591104736,
    "RBA": 0.0028694404591104736,
    "CPA": 0.0028694404591104736,
    "XAX": 0.0028694404591104736,
    "UAE": 0.0028694404591104736,
    "ETH": 0.0028694404591104736,
    "EEA": 0.0028694404591104736,
    "ETD": 0.0028694404591104736,
    "GIA": 0.0028694404591104736,
    "CRK": 0.0028694404591104736,
    "HDA": 0.0028694404591104736,
    "KLM": 0.0028694404591104736,
    "KSY": 0.0028694404591104736,
    "JNA": 0.0028694404591104736,
    "LBC": 0.0028694404591104736,
    "SWR": 0.0028694404591104736,
    "MAU": 0.0028694404591104736,
    "AMU": 0.0028694404591104736,
    "ANZ": 0.0028694404591104736,
    "PAL": 0.0028694404591104736,
    "QTR": 0.0028694404591104736,
    "SAS": 0.0028694404591104736,
    "SQC": 0.0028694404591104736,
    "AFL": 0.0028694404591104736,
    "THA": 0.0028694404591104736,
    "THY": 0.0028694404591104736,
    "VIR": 0.0028694404591104736,
    "IRM": 0.0028694404591104736,
    "Z2": 0.0028694404591104736
  },
  "domestic_route_shares": {
    "DLC": 0.04778156996587031,
    "CKG": 0.040955631399317405,
    "CTU": 0.040955631399317405,
    "KWL": 0.040955631399317405,
    "XIY": 0.040955631399317405,
    "KMG": 0.03754266211604096,
    "CGQ": 0.034129692832764506,
    "HRB": 0.034129692832764506,
    "SHE": 0.034129692832764506,
    "SYX": 0.034129692832764506,
    "CAN": 0.034129692832764506,
    "SZX": 0.034129692832764506,
    "HAK": 0.034129692832764506,
    "TAO": 0.030716723549488054,
    "ZUH": 0.030716723549488054,
    "XMN": 0.027303754266211604,
    "INC": 0.027303754266211604,
    "KWE": 0.027303754266211604,
    "PEK": 0.027303754266211604,
    "WUH": 0.027303754266211604,
    "NNG": 0.023890784982935155,
    "DYG": 0.020477815699658702,
    "CGO": 0.020477815699658702,
    "TSN": 0.020477815699658702,
    "LHW": 0.017064846416382253,
    "CSX": 0.017064846416382253,
    "HFE": 0.013651877133105802,
    "ZHA": 0.013651877133105802,
    "JJN": 0.013651877133105802,
    "WNZ": 0.013651877133105802,
    "URC": 0.013651877133105802,
    "FOC": 0.013651877133105802,
    "TYN": 0.013651877133105802,
    "KHN": 0.013651877133105802,
    "YNT": 0.013651877133105802,
    "HET": 0.006825938566552901,
    "NDG": 0.006825938566552901,
    "YCU": 0.006825938566552901,
    "BAV": 0.006825938566552901,
    "DAT": 0.006825938566552901,
    "HSN": 0.006825938566552901,
    "NKG": 0.006825938566552901,
    "SJW": 0.006825938566552901,
    "TNA": 0.006825938566552901,
    "XNN": 0.006825938566552901,
    "SWA": 0.0034129692832764505
  },
  "international_route_shares": {
    "TPE": 0.039603960396039604,
    "HKG": 0.034653465346534656,
    "KIX": 0.034653465346534656,
    "BKK": 0.024752475247524754,
    "MFM": 0.024752475247524754,
    "NGO": 0.024752475247524754,
    "NRT": 0.024752475247524754,
    "ICN": 0.024752475247524754,
    "MNL": 0.019801980198019802,
    "CJU": 0.019801980198019802,
    "KHH": 0.019801980198019802,
    "PUS": 0.019801980198019802,
    "LAX": 0.017326732673267328,
    "CNX": 0.01485148514851485,
    "HKT": 0.01485148514851485,
    "REP": 0.01485148514851485,
    "SIN": 0.01485148514851485,
    "ORD": 0.01485148514851485,
    "CDG": 0.01485148514851485,
    "TSA": 0.01485148514851485,
    "LHR": 0.01485148514851485,
    "FRA": 0.01485148514851485,
    "MEL": 0.01485148514851485,
    "SYD": 0.01485148514851485,
    "KUL": 0.01485148514851485,
    "SFO": 0.01485148514851485,
    "BKI": 0.009900990099009901,
    "YVR": 0.009900990099009901,
    "DEL": 0.009900990099009901,
    "HEL": 0.009900990099009901,
    "FUK": 0.009900990099009901,
    "IST": 0.009900990099009901,
    "JZH": 0.009900990099009901,
    "YNJ": 0.009900990099009901,
    "JFK": 0.009900990099009901,
    "SEA": 0.009900990099009901,
    "CGK": 0.009900990099009901,
    "BHY": 0.009900990099009901,
    "OKA": 0.009900990099009901,
    "SGN": 0.009900990099009901,
    "SVO": 0.009900990099009901,
    "PNH": 0.007425742574257425,
    "SPN": 0.0049504950495049506,
    "IBR": 0.0049504950495049506,
    "TAK": 0.0049504950495049506,
    "YYZ": 0.0049504950495049506,
    "TIJ": 0.0049504950495049506,
    "BWN": 0.0049504950495049506,
    "MXP": 0.0049504950495049506,
    "SDJ": 0.0049504950495049506,
    "DDG": 0.0049504950495049506,
    "JMU": 0.0049504950495049506,
    "MDG": 0.0049504950495049506,
    "DTW": 0.0049504950495049506,
    "DXB": 0.0049504950495049506,
    "ADD": 0.0049504950495049506,
    "AUH": 0.0049504950495049506,
    "AOG": 0.0049504950495049506,
    "JNZ": 0.0049504950495049506,
    "MIG": 0.0049504950495049506,
    "SHP": 0.0049504950495049506,
    "TOY": 0.0049504950495049506,
    "TVS": 0.0049504950495049506,
    "WXN": 0.0049504950495049506,
    "RMQ": 0.0049504950495049506,
    "DOY": 0.0049504950495049506,
    "TGO": 0.0049504950495049506,
    "XFN": 0.0049504950495049506,
    "YNY": 0.0049504950495049506,
    "WEF": 0.0049504950495049506,
    "AMS": 0.0049504950495049506,
    "MUC": 0.0049504950495049506,
    "MLE": 0.0049504950495049506,
    "ZRH": 0.0049504950495049506,
    "MRU": 0.0049504950495049506,
    "ACX": 0.0049504950495049506,
    "CTS": 0.0049504950495049506,
    "DAX": 0.0049504950495049506,
    "DPS": 0.0049504950495049506,
    "FCO": 0.0049504950495049506,
    "FSZ": 0.0049504950495049506,
    "HDG": 0.0049504950495049506,
    "HIJ": 0.0049504950495049506,
    "HMI": 0.0049504950495049506,
    "HNL": 0.0049504950495049506,
    "KIJ": 0.0049504950495049506,
    "KMQ": 0.0049504950495049506,
    "KOJ": 0.0049504950495049506,
    "LYI": 0.0049504950495049506,
    "LZH": 0.0049504950495049506,
    "LZO": 0.0049504950495049506,
    "MWX": 0.0049504950495049506,
    "MYJ": 0.0049504950495049506,
    "NAO": 0.0049504950495049506,
    "NGS": 0.0049504950495049506,
    "OKJ": 0.0049504950495049506,
    "TAE": 0.0049504950495049506,
    "YBP": 0.0049504950495049506,
    "AKL": 0.0049504950495049506,
    "DOH": 0.0049504950495049506,
    "CPH": 0.0049504950495049506,
    "EWR": 0.0049504950495049506,
    "CMB": 0.0049504950495049506,
    "DAD": 0.0049504950495049506,
    "HAN": 0.0049504950495049506,
    "IKA": 0.0049504950495049506,
    "HSG": 0.0024752475247524753,
    "HRI": 0.0024752475247524753
  },
  "domestic_ratio": 0.42,
  "fleet_mix": {
    "CSC": {
      "A320": 0.3333333333333333,
      "A319": 0.3333333333333333,
      "A321": 0.3333333333333333
    },
    "CEB": {
      "A320": 1.0
    },
    "RHC": {
      "A319": 0.5,
      "B738": 0.5
    },
    "9C": {
      "A320": 1.0
    },
    "AAL": {
      "B777": 1.0
    },
    "ACA": {
      "B767": 0.5,
      "B777": 0.5
    },
    "AFR": {
      "B777": 0.6666666666666666,
      "A380": 0.3333333333333333
    },
    "AIC": {
      "B787": 1.0
    },
    "AMX": {
      "B777": 1.0
    },
    "UIA": {
      "A321": 1.0
    },