{
  "icao_code": "PVH",
  "iata_code": "PVH",
  "airline_shares": {
    "SEH": 0.4444444444444444,
    "AZU": 0.3333333333333333,
    "TAM": 0.1111111111111111,
    "ONE": 0.1111111111111111
  },
  "domestic_route_shares": {
    "CGB": 0.3333333333333333,
    "MAO": 0.2222222222222222,
    "RBR": 0.2222222222222222,
    "BSB": 0.2222222222222222
  },
  "international_route_shares": {},
  "domestic_ratio": 1.0,
  "fleet_mix": {
    "AZU": {
      "E190": 0.8333333333333334,
      "AT76": 0.16666666666666666
    },
    "SEH": {
      "B737": 0.5555555555555556,
      "B738": 0.4444444444444444
    },
    "TAM": {
      "A320": 1.0
    }
  },
  "hourly_profile": [],
  "delay_rate": 0.0,
  "delay_distribution": {},
  "mean_delay_minutes": 0.0,
  "data_source": "openflights",
  "region": "",
  "profile_date": "2026-03-21",
  "sample_size": 18
}