{
  "icao_code": "PVR",
  "iata_code": "PVR",
  "airline_shares": {
    "UAL": 0.17647058823529413,
    "AAL": 0.08823529411764706,
    "ASA": 0.08823529411764706,
    "FFT": 0.08823529411764706,
    "WJA": 0.08823529411764706,
    "VOI": 0.08823529411764706,
    "4O": 0.058823529411764705,
    "ACA": 0.058823529411764705,
    "DAL": 0.058823529411764705,
    "USA": 0.058823529411764705,
    "VB": 0.058823529411764705,
    "AMX": 0.029411764705882353,
    "TSC": 0.029411764705882353,
    "VRD": 0.029411764705882353
  },
  "domestic_route_shares": {
    "MEX": 0.5,
    "MTY": 0.25,
    "TLC": 0.125,
    "TIJ": 0.125
  },
  "international_route_shares": {
    "ORD": 0.11538461538461539,
    "YVR": 0.11538461538461539,
    "LAX": 0.11538461538461539,
    "SFO": 0.11538461538461539,
    "DFW": 0.07692307692307693,
    "PHX": 0.07692307692307693,
    "YYC": 0.07692307692307693,
    "DEN": 0.07692307692307693,
    "SAN": 0.038461538461538464,
    "ATL": 0.038461538461538464,
    "STL": 0.038461538461538464,
    "EWR": 0.038461538461538464,
    "IAH": 0.038461538461538464,
    "YEG": 0.038461538461538464
  },
  "domestic_ratio": 0.235,
  "fleet_mix": {
    "4O": {
      "A320": 1.0
    },
    "AAL": {
      "A320": 0.3333333333333333,
      "A319": 0.3333333333333333,
      "A321": 0.3333333333333333
    },
    "ACA": {
      "A319": 1.0
    },
    "AMX": {
      "B738": 0.5,
      "B737": 0.5
    },
    "ASA": {
      "B739": 0.8,
      "B738": 0.2
    },
    "DAL": {
      "A320": 0.5,
      "B738": 0.5
    },
    "FFT": {
      "A319": 0.6666666666666666,
      "A320": 0.3333333333333333
    },
    "UAL": {
      "B738": 0.5714285714285714,
      "A320": 0.2857142857142857,
      "B739": 0.14285714285714285
    },
    "USA": {
      "A320": 0.3333333333333333,
      "A319": 0.3333333333333333,
      "A321": 0.3333333333333333
    },
    "VRD": {
      "A320": 1.0
    },
    "WJA": {
      "B738": 1.0
    },
    "VOI": {
      "A319": 0.5,
      "A320": 0.5
    }
  },
  "hourly_profile": [],
  "delay_rate": 0.0,
  "delay_distribution": {},
  "mean_delay_minutes": 0.0,
  "data_source": "openflights",
  "region": "",
  "profile_date": "2026-03-21",
  "sample_size": 68
}