{
  "icao_code": "RAI",
  "iata_code": "RAI",
  "airline_shares": {
    "TCV": 0.625,
    "RAM": 0.1875,
    "SGG": 0.0625,
    "DTA": 0.0625,
    "TAP": 0.0625
  },
  "domestic_route_shares": {
    "BVC": 0.3333333333333333,
    "SID": 0.3333333333333333,
    "VXE": 0.3333333333333333
  },
  "international_route_shares": {
    "DKR": 0.15384615384615385,
    "LIS": 0.15384615384615385,
    "BJL": 0.07692307692307693,
    "CMN": 0.07692307692307693,
    "OXB": 0.07692307692307693,
    "TMS": 0.07692307692307693,
    "BOS": 0.07692307692307693,
    "CDG": 0.07692307692307693,
    "FOR": 0.07692307692307693,
    "MMO": 0.07692307692307693,
    "SFL": 0.07692307692307693
  },
  "domestic_ratio": 0.188,
  "fleet_mix": {
    "RAM": {
      "B738": 0.625,
      "B737": 0.375
    },
    "SGG": {
      "CRJ9": 1.0
    },
    "DTA": {
      "B737": 1.0
    },
    "TAP": {
      "A320": 1.0
    },
    "TCV": {
      "AT76": 0.48,
      "B752": 0.32,
      "B738": 0.2
    }
  },
  "hourly_profile": [],
  "delay_rate": 0.0,
  "delay_distribution": {},
  "mean_delay_minutes": 0.0,
  "data_source": "openflights",
  "region": "",
  "profile_date": "2026-03-21",
  "sample_size": 32
}