{
  "icao_code": "RAK",
  "iata_code": "RAK",
  "airline_shares": {
    "RYR": 0.26277372262773724,
    "RAM": 0.1897810218978102,
    "EZY": 0.1897810218978102,
    "TVF": 0.11678832116788321,
    "TRA": 0.0364963503649635,
    "AFR": 0.029197080291970802,
    "NAX": 0.029197080291970802,
    "TOM": 0.029197080291970802,
    "GWI": 0.014598540145985401,
    "BAW": 0.014598540145985401,
    "HMY": 0.014598540145985401,
    "LGL": 0.014598540145985401,
    "SWR": 0.014598540145985401,
    "DAT": 0.014598540145985401,
    "TAP": 0.014598540145985401,
    "VLG": 0.014598540145985401
  },
  "domestic_route_shares": {
    "CMN": 0.6666666666666666,
    "AGA": 0.3333333333333333
  },
  "international_route_shares": {
    "LGW": 0.07462686567164178,
    "MRS": 0.04477611940298507,
    "TLS": 0.04477611940298507,
    "BRU": 0.04477611940298507,
    "LYS": 0.04477611940298507,
    "MAN": 0.04477611940298507,
    "BOD": 0.029850746268656716,
    "MAD": 0.029850746268656716,
    "MXP": 0.029850746268656716,
    "NCE": 0.029850746268656716,
    "NTE": 0.029850746268656716,
    "ORY": 0.029850746268656716,
    "STN": 0.029850746268656716,
    "GVA": 0.029850746268656716,
    "CGN": 0.014925373134328358,
    "MUC": 0.014925373134328358,
    "CPH": 0.014925373134328358,
    "OSL": 0.014925373134328358,
    "BGY": 0.014925373134328358,
    "BVA": 0.014925373134328358,
    "CIA": 0.014925373134328358,
    "CRL": 0.014925373134328358,
    "DLE": 0.014925373134328358,
    "DUB": 0.014925373134328358,
    "EIN": 0.014925373134328358,
    "GRO": 0.014925373134328358,
    "HHN": 0.014925373134328358,
    "LTN": 0.014925373134328358,
    "NRN": 0.014925373134328358,
    "PSA": 0.014925373134328358,
    "SVQ": 0.014925373134328358,
    "TUF": 0.014925373134328358,
    "XCR": 0.014925373134328358,
    "AMS": 0.014925373134328358,
    "RTM": 0.014925373134328358,
    "LUX": 0.014925373134328358,
    "BHX": 0.014925373134328358,
    "LIL": 0.014925373134328358,
    "SXB": 0.014925373134328358,
    "LIS": 0.014925373134328358,
    "BRS": 0.014925373134328358,
    "BSL": 0.014925373134328358,
    "CDG": 0.014925373134328358,
    "SXF": 0.014925373134328358,
    "BCN": 0.014925373134328358
  },
  "domestic_ratio": 0.022,
  "fleet_mix": {
    "GWI": {
      "A319": 1.0
    },
    "AFR": {
      "A320": 0.6666666666666666,
      "A319": 0.3333333333333333
    },
    "RAM": {
      "B738": 0.75,
      "A319": 0.0625,
      "AT76": 0.0625,
      "B737": 0.0625,
      "B744": 0.0625
    },
    "BAW": {
      "A319": 0.5,
      "A320": 0.5
    },
    "NAX": {
      "B738": 1.0
    },
    "RYR": {
      "B738": 1.0
    },
    "HMY": {
      "A320": 1.0
    },
    "TRA": {
      "B738": 1.0
    },
    "LGL": {
      "B738": 1.0
    },
    "SWR": {
      "A320": 1.0
    },
    "DAT": {
      "A319": 1.0
    },
    "TVF": {
      "B738": 0.875,
      "A320": 0.125
    },
    "TOM": {
      "B738": 1.0
    },
    "TAP": {
      "A319": 1.0
    },
    "EZY": {
      "A319": 0.5333333333333333,
      "A320": 0.4666666666666667
    },
    "VLG": {
      "A320": 1.0
    }
  },
  "hourly_profile": [],
  "delay_rate": 0.0,
  "delay_distribution": {},
  "mean_delay_minutes": 0.0,
  "data_source": "openflights",
  "region": "",
  "profile_date": "2026-03-21",
  "sample_size": 137
}