{
  "icao_code": "RDU",
  "iata_code": "RDU",
  "airline_shares": {
    "DAL": 0.22,
    "SWA": 0.22,
    "USA": 0.2,
    "AAL": 0.14,
    "UAL": 0.09,
    "JBU": 0.06,
    "TRS": 0.03,
    "FFT": 0.02,
    "MAS": 0.02
  },
  "domestic_route_shares": {
    "LAX": 0.06666666666666667,
    "ORD": 0.06666666666666667,
    "JFK": 0.05555555555555555,
    "CLT": 0.044444444444444446,
    "DFW": 0.044444444444444446,
    "MIA": 0.044444444444444446,
    "PHL": 0.044444444444444446,
    "FLL": 0.044444444444444446,
    "ATL": 0.044444444444444446,
    "BWI": 0.044444444444444446,
    "LAS": 0.044444444444444446,
    "LGA": 0.044444444444444446,
    "BOS": 0.03333333333333333,
    "BNA": 0.03333333333333333,
    "CVG": 0.022222222222222223,
    "DTW": 0.022222222222222223,
    "MSP": 0.022222222222222223,
    "SLC": 0.022222222222222223,
    "IAD": 0.022222222222222223,
    "IAH": 0.022222222222222223,
    "SFO": 0.022222222222222223,
    "DCA": 0.022222222222222223,
    "DEN": 0.022222222222222223,
    "HOU": 0.022222222222222223,
    "MCO": 0.022222222222222223,
    "MDW": 0.022222222222222223,
    "PHX": 0.022222222222222223,
    "STL": 0.022222222222222223,
    "TPA": 0.022222222222222223,
    "EWR": 0.011111111111111112
  },
  "international_route_shares": {
    "LHR": 0.6,
    "CUN": 0.2,
    "TTN": 0.2
  },
  "domestic_ratio": 0.9,
  "fleet_mix": {
    "AAL": {
      "B738": 0.3333333333333333,
      "A319": 0.16666666666666666,
      "E190": 0.16666666666666666,
      "A320": 0.08333333333333333,
      "B737": 0.08333333333333333,
      "A321": 0.08333333333333333,
      "B767": 0.08333333333333333
    },
    "JBU": {
      "E190": 1.0
    },
    "DAL": {
      "B738": 0.3793103448275862,
      "A320": 0.20689655172413793,
      "CRJ7": 0.1724137931034483,
      "B739": 0.06896551724137931,
      "B752": 0.06896551724137931,
      "A319": 0.06896551724137931,
      "CRJ9": 0.034482758620689655
    },
    "FFT": {
      "A319": 1.0
    },
    "MAS": {
      "B767": 1.0
    },
    "UAL": {
      "B738": 0.4,
      "B737": 0.26666666666666666,
      "A320": 0.13333333333333333,
      "B739": 0.13333333333333333,
      "DH8D": 0.06666666666666667
    },
    "USA": {
      "B738": 0.2857142857142857,
      "A319": 0.14285714285714285,
      "E190": 0.14285714285714285,
      "CRJ7": 0.14285714285714285,
      "A320": 0.07142857142857142,
      "A321": 0.07142857142857142,
      "CRJ9": 0.07142857142857142,
      "B767": 0.07142857142857142
    },
    "SWA": {
      "B738": 1.0
    }
  },
  "hourly_profile": [],
  "delay_rate": 0.0,
  "delay_distribution": {},
  "mean_delay_minutes": 0.0,
  "data_source": "openflights",
  "region": "",
  "profile_date": "2026-03-21",
  "sample_size": 100
}