{
  "icao_code": "REC",
  "iata_code": "REC",
  "airline_shares": {
    "AZU": 0.2777777777777778,
    "SEH": 0.25,
    "TAM": 0.19444444444444445,
    "ONE": 0.1388888888888889,
    "AAL": 0.027777777777777776,
    "CMP": 0.027777777777777776,
    "CFG": 0.027777777777777776,
    "TAP": 0.027777777777777776,
    "USA": 0.027777777777777776
  },
  "domestic_route_shares": {
    "GRU": 0.19047619047619047,
    "SSA": 0.19047619047619047,
    "FOR": 0.14285714285714285,
    "BSB": 0.14285714285714285,
    "GIG": 0.14285714285714285,
    "CNF": 0.09523809523809523,
    "MCZ": 0.047619047619047616,
    "VCP": 0.047619047619047616
  },
  "international_route_shares": {
    "MIA": 0.2,
    "AJU": 0.13333333333333333,
    "FEN": 0.13333333333333333,
    "PNZ": 0.13333333333333333,
    "NAT": 0.06666666666666667,
    "THE": 0.06666666666666667,
    "PTY": 0.06666666666666667,
    "FRA": 0.06666666666666667,
    "JDO": 0.06666666666666667,
    "LIS": 0.06666666666666667
  },
  "domestic_ratio": 0.583,
  "fleet_mix": {
    "AZU": {
      "E190": 0.75,
      "AT76": 0.25
    },
    "CMP": {
      "B737": 0.5,
      "B738": 0.5
    },
    "CFG": {
      "B767": 1.0
    },
    "SEH": {
      "B738": 0.6086956521739131,
      "B737": 0.391304347826087
    },
    "TAM": {
      "A320": 0.75,
      "A321": 0.25
    },
    "ONE": {
      "A320": 0.5454545454545454,
      "A318": 0.45454545454545453
    },
    "TAP": {
      "A330": 1.0
    }
  },
  "hourly_profile": [],
  "delay_rate": 0.0,
  "delay_distribution": {},
  "mean_delay_minutes": 0.0,
  "data_source": "openflights",
  "region": "",
  "profile_date": "2026-03-21",
  "sample_size": 72
}