{
  "icao_code": "REU",
  "iata_code": "REU",
  "airline_shares": {
    "RYR": 0.6666666666666666,
    "EXS": 0.15384615384615385,
    "TVF": 0.1282051282051282,
    "HMY": 0.05128205128205128
  },
  "domestic_route_shares": {
    "PMI": 1.0
  },
  "international_route_shares": {
    "MAN": 0.16216216216216217,
    "BRS": 0.10810810810810811,
    "LTN": 0.08108108108108109,
    "BHX": 0.05405405405405406,
    "CRL": 0.05405405405405406,
    "DUB": 0.05405405405405406,
    "EIN": 0.05405405405405406,
    "EMA": 0.05405405405405406,
    "HHN": 0.05405405405405406,
    "LPL": 0.05405405405405406,
    "PIK": 0.05405405405405406,
    "STN": 0.05405405405405406,
    "BRU": 0.05405405405405406,
    "BFS": 0.05405405405405406,
    "NCL": 0.05405405405405406
  },
  "domestic_ratio": 0.051,
  "fleet_mix": {
    "RYR": {
      "B738": 1.0
    },
    "HMY": {
      "A319": 1.0
    },
    "TVF": {
      "B738": 1.0
    }
  },
  "hourly_profile": [],
  "delay_rate": 0.0,
  "delay_distribution": {},
  "mean_delay_minutes": 0.0,
  "data_source": "openflights",
  "region": "",
  "profile_date": "2026-03-21",
  "sample_size": 39
}