{
  "icao_code": "RGN",
  "iata_code": "RGN",
  "airline_shares": {
    "SGR": 0.1717171717171717,
    "MMM": 0.12121212121212122,
    "6T": 0.10101010101010101,
    "YJ": 0.06060606060606061,
    "CCA": 0.04040404040404041,
    "CES": 0.04040404040404041,
    "HVN": 0.04040404040404041,
    "AWA": 0.04040404040404041,
    "JSA": 0.020202020202020204,
    "AIC": 0.020202020202020204,
    "AXM": 0.020202020202020204,
    "BBC": 0.020202020202020204,
    "CAL": 0.020202020202020204,
    "CSN": 0.020202020202020204,
    "NOK": 0.020202020202020204,
    "AIQ": 0.020202020202020204,
    "HDA": 0.020202020202020204,
    "KAL": 0.020202020202020204,
    "MAS": 0.020202020202020204,
    "SLK": 0.020202020202020204,
    "ANA": 0.020202020202020204,
    "OZR": 0.020202020202020204,
    "BKP": 0.020202020202020204,
    "QTR": 0.020202020202020204,
    "SQC": 0.020202020202020204,
    "THA": 0.020202020202020204,
    "TGW": 0.020202020202020204
  },
  "domestic_route_shares": {
    "MDL": 1.0
  },
  "international_route_shares": {
    "SIN": 0.12631578947368421,
    "BKK": 0.08421052631578947,
    "HEH": 0.06315789473684211,
    "NYU": 0.06315789473684211,
    "ICN": 0.06315789473684211,
    "KUL": 0.06315789473684211,
    "AKY": 0.042105263157894736,
    "CAN": 0.042105263157894736,
    "KMG": 0.042105263157894736,
    "DMK": 0.042105263157894736,
    "SNW": 0.021052631578947368,
    "TVY": 0.021052631578947368,
    "PNH": 0.021052631578947368,
    "CCU": 0.021052631578947368,
    "DAC": 0.021052631578947368,
    "PEK": 0.021052631578947368,
    "TPE": 0.021052631578947368,
    "HKG": 0.021052631578947368,
    "NNG": 0.021052631578947368,
    "NRT": 0.021052631578947368,
    "DOH": 0.021052631578947368,
    "HAN": 0.021052631578947368,
    "SGN": 0.021052631578947368,
    "CNX": 0.021052631578947368,
    "KYP": 0.021052631578947368,
    "MYT": 0.021052631578947368,
    "THL": 0.021052631578947368,
    "KET": 0.010526315789473684
  },
  "domestic_ratio": 0.04,
  "fleet_mix": {
    "JSA": {
      "A320": 1.0
    },
    "MMM": {
      "A320": 0.5714285714285714,
      "B737": 0.14285714285714285,
      "B767": 0.14285714285714285,
      "A319": 0.14285714285714285
    },
    "AIC": {
      "A320": 1.0
    },
    "AXM": {
      "A320": 1.0
    },
    "BBC": {
      "B738": 1.0
    },
    "CCA": {
      "A319": 0.5,
      "B738": 0.5
    },
    "CAL": {
      "B738": 1.0
    },
    "CSN": {
      "A319": 1.0
    },
    "NOK": {
      "B738": 1.0
    },
    "AIQ": {
      "A320": 1.0
    },
    "HDA": {
      "A321": 1.0
    },
    "KAL": {
      "B738": 1.0
    },
    "MAS": {
      "B738": 0.5,
      "A319": 0.5
    },
    "SLK": {
      "A320": 0.6666666666666666,
      "A319": 0.3333333333333333
    },
    "CES": {
      "B737": 1.0
    },
    "ANA": {
      "B767": 1.0
    },
    "OZR": {
      "B767": 1.0
    },
    "BKP": {
      "A320": 0.5,
      "AT76": 0.5
    },
    "QTR": {
      "A319": 1.0
    },
    "SQC": {
      "A330": 1.0
    },
    "THA": {
      "A330": 1.0
    },
    "TGW": {
      "A320": 1.0
    },
    "HVN": {
      "A321": 1.0
    },
    "SGR": {
      "AT76": 1.0
    },
    "AWA": {
      "A320": 1.0
    },
    "YJ": {
      "AT76": 1.0
    }
  },
  "hourly_profile": [],
  "delay_rate": 0.0,
  "delay_distribution": {},
  "mean_delay_minutes": 0.0,
  "data_source": "openflights",
  "region": "",
  "profile_date": "2026-03-21",
  "sample_size": 99
}