{
  "icao_code": "RHO",
  "iata_code": "RHO",
  "airline_shares": {
    "RYR": 0.12345679012345678,
    "AEE": 0.1111111111111111,
    "HLX": 0.1111111111111111,
    "CFG": 0.09876543209876543,
    "BER": 0.07407407407407407,
    "TVF": 0.07407407407407407,
    "EXS": 0.06172839506172839,
    "BSY": 0.043209876543209874,
    "OAL": 0.037037037037037035,
    "TSO": 0.037037037037037035,
    "HMY": 0.030864197530864196,
    "TRA": 0.030864197530864196,
    "TOM": 0.024691358024691357,
    "EZY": 0.024691358024691357,
    "GWI": 0.012345679012345678,
    "NLY": 0.012345679012345678,
    "LGL": 0.012345679012345678,
    "CSA": 0.012345679012345678,
    "AUI": 0.012345679012345678,
    "TVS": 0.012345679012345678,
    "SBI": 0.012345679012345678,
    "GMI": 0.012345679012345678,
    "AFL": 0.012345679012345678,
    "MSR": 0.006172839506172839
  },
  "domestic_route_shares": {
    "ATH": 0.3333333333333333,
    "HER": 0.26666666666666666,
    "KGS": 0.26666666666666666,
    "SKG": 0.13333333333333333
  },
  "international_route_shares": {
    "DUS": 0.05442176870748299,
    "DME": 0.04081632653061224,
    "LED": 0.04081632653061224,
    "MUC": 0.04081632653061224,
    "EMA": 0.04081632653061224,
    "MAN": 0.04081632653061224,
    "LGW": 0.04081632653061224,
    "CGN": 0.027210884353741496,
    "AOK": 0.027210884353741496,
    "KZS": 0.027210884353741496,
    "NUE": 0.027210884353741496,
    "VIE": 0.027210884353741496,
    "FRA": 0.027210884353741496,
    "HAJ": 0.027210884353741496,
    "LEJ": 0.027210884353741496,
    "STR": 0.027210884353741496,
    "LPL": 0.027210884353741496,
    "STN": 0.027210884353741496,
    "NCL": 0.027210884353741496,
    "PRG": 0.027210884353741496,
    "SMI": 0.02040816326530612,
    "GLA": 0.02040816326530612,
    "CDG": 0.013605442176870748,
    "DRS": 0.013605442176870748,
    "TXL": 0.013605442176870748,
    "HAM": 0.013605442176870748,
    "SXF": 0.013605442176870748,
    "BGY": 0.013605442176870748,
    "BOH": 0.013605442176870748,
    "CRL": 0.013605442176870748,
    "KUN": 0.013605442176870748,
    "NYO": 0.013605442176870748,
    "RYG": 0.013605442176870748,
    "JKH": 0.013605442176870748,
    "BRU": 0.013605442176870748,
    "LGG": 0.013605442176870748,
    "AMS": 0.013605442176870748,
    "LUX": 0.013605442176870748,
    "LBA": 0.013605442176870748,
    "KBP": 0.013605442176870748,
    "SVO": 0.013605442176870748,
    "BSL": 0.013605442176870748,
    "MJT": 0.006802721088435374,
    "LIL": 0.006802721088435374,
    "EIN": 0.006802721088435374,
    "RTM": 0.006802721088435374,
    "CWL": 0.006802721088435374
  },
  "domestic_ratio": 0.093,
  "fleet_mix": {
    "GWI": {
      "A320": 1.0
    },
    "AEE": {
      "A320": 0.8571428571428571,
      "DH8D": 0.14285714285714285
    },
    "BER": {
      "B738": 0.5714285714285714,
      "A320": 0.2857142857142857,
      "E190": 0.14285714285714285
    },
    "CFG": {
      "B738": 1.0
    },
    "RYR": {
      "B738": 1.0
    },
    "NLY": {
      "A320": 0.5,
      "E190": 0.5
    },
    "HMY": {
      "A320": 0.7142857142857143,
      "A319": 0.2857142857142857
    },
    "TRA": {
      "B738": 1.0
    },
    "LGL": {
      "B738": 1.0
    },
    "EXS": {
      "B752": 0.6,
      "B738": 0.4
    },
    "MSR": {
      "DH8D": 1.0
    },
    "CSA": {
      "B738": 1.0
    },
    "AUI": {
      "B737": 1.0
    },
    "TVS": {
      "B738": 1.0
    },
    "SBI": {
      "A320": 1.0
    },
    "GMI": {
      "A321": 1.0
    },
    "AFL": {
      "B767": 1.0
    },
    "TVF": {
      "B738": 1.0
    },
    "TOM": {
      "B738": 1.0
    },
    "EZY": {
      "A320": 1.0
    },
    "TSO": {
      "B744": 0.6666666666666666,
      "B767": 0.3333333333333333
    },
    "HLX": {
      "B738": 1.0
    }
  },
  "hourly_profile": [],
  "delay_rate": 0.0,
  "delay_distribution": {},
  "mean_delay_minutes": 0.0,
  "data_source": "openflights",
  "region": "",
  "profile_date": "2026-03-21",
  "sample_size": 162
}