{
  "icao_code": "RIC",
  "iata_code": "RIC",
  "airline_shares": {
    "DAL": 0.2564102564102564,
    "USA": 0.23076923076923078,
    "AAL": 0.15384615384615385,
    "JBU": 0.15384615384615385,
    "TRS": 0.05128205128205128,
    "UAL": 0.05128205128205128,
    "BHS": 0.05128205128205128,
    "SWA": 0.05128205128205128
  },
  "domestic_route_shares": {
    "CLT": 0.10810810810810811,
    "DFW": 0.10810810810810811,
    "MCO": 0.10810810810810811,
    "ATL": 0.10810810810810811,
    "ORD": 0.10810810810810811,
    "LGA": 0.08108108108108109,
    "PHL": 0.05405405405405406,
    "BOS": 0.05405405405405406,
    "FLL": 0.05405405405405406,
    "CVG": 0.05405405405405406,
    "DTW": 0.05405405405405406,
    "JFK": 0.05405405405405406,
    "MIA": 0.05405405405405406
  },
  "international_route_shares": {
    "FPO": 1.0
  },
  "domestic_ratio": 0.949,
  "fleet_mix": {
    "AAL": {
      "A319": 0.6666666666666666,
      "CRJ7": 0.3333333333333333
    },
    "JBU": {
      "E190": 1.0
    },
    "DAL": {
      "B738": 0.4,
      "CRJ7": 0.4,
      "CRJ9": 0.2
    },
    "UAL": {
      "A319": 1.0
    },
    "USA": {
      "A319": 0.6666666666666666,
      "CRJ9": 0.3333333333333333
    }
  },
  "hourly_profile": [],
  "delay_rate": 0.0,
  "delay_distribution": {},
  "mean_delay_minutes": 0.0,
  "data_source": "openflights",
  "region": "",
  "profile_date": "2026-03-21",
  "sample_size": 39
}