{
  "icao_code": "RIX",
  "iata_code": "RIX",
  "airline_shares": {
    "BTI": 0.5975609756097561,
    "RYR": 0.12195121951219512,
    "NAX": 0.04878048780487805,
    "WZZ": 0.04878048780487805,
    "UZB": 0.024390243902439025,
    "TSO": 0.024390243902439025,
    "6Y": 0.012195121951219513,
    "TGZ": 0.012195121951219513,
    "AZA": 0.012195121951219513,
    "BRU": 0.012195121951219513,
    "AHY": 0.012195121951219513,
    "GEC": 0.012195121951219513,
    "LOT": 0.012195121951219513,
    "CSA": 0.012195121951219513,
    "AFL": 0.012195121951219513,
    "THY": 0.012195121951219513,
    "CWA": 0.012195121951219513
  },
  "domestic_route_shares": {},
  "international_route_shares": {
    "TBS": 0.024390243902439025,
    "VCE": 0.024390243902439025,
    "MSQ": 0.024390243902439025,
    "ARN": 0.024390243902439025,
    "BGO": 0.024390243902439025,
    "CPH": 0.024390243902439025,
    "DME": 0.024390243902439025,
    "FRA": 0.024390243902439025,
    "GYD": 0.024390243902439025,
    "OSL": 0.024390243902439025,
    "PRG": 0.024390243902439025,
    "SVO": 0.024390243902439025,
    "VKO": 0.024390243902439025,
    "WAW": 0.024390243902439025,
    "TFS": 0.012195121951219513,
    "ABZ": 0.012195121951219513,
    "AES": 0.012195121951219513,
    "AMS": 0.012195121951219513,
    "ATH": 0.012195121951219513,
    "BCN": 0.012195121951219513,
    "BLL": 0.012195121951219513,
    "BRU": 0.012195121951219513,
    "BUD": 0.012195121951219513,
    "CDG": 0.012195121951219513,
    "DUS": 0.012195121951219513,
    "FCO": 0.012195121951219513,
    "GOT": 0.012195121951219513,
    "HAM": 0.012195121951219513,
    "HEL": 0.012195121951219513,
    "KBP": 0.012195121951219513,
    "KGD": 0.012195121951219513,
    "KIV": 0.012195121951219513,
    "LCA": 0.012195121951219513,
    "LED": 0.012195121951219513,
    "LGW": 0.012195121951219513,
    "MLA": 0.012195121951219513,
    "MUC": 0.012195121951219513,
    "MXP": 0.012195121951219513,
    "NCE": 0.012195121951219513,
    "OLB": 0.012195121951219513,
    "PLQ": 0.012195121951219513,
    "SAW": 0.012195121951219513,
    "SVG": 0.012195121951219513,
    "TKU": 0.012195121951219513,
    "TLL": 0.012195121951219513,
    "TLV": 0.012195121951219513,
    "TXL": 0.012195121951219513,
    "VIE": 0.012195121951219513,
    "VNO": 0.012195121951219513,
    "ZRH": 0.012195121951219513,
    "TRD": 0.012195121951219513,
    "BGY": 0.012195121951219513,
    "BRE": 0.012195121951219513,
    "DUB": 0.012195121951219513,
    "EMA": 0.012195121951219513,
    "HHN": 0.012195121951219513,
    "MAN": 0.012195121951219513,
    "NRN": 0.012195121951219513,
    "PIK": 0.012195121951219513,
    "RYG": 0.012195121951219513,
    "STN": 0.012195121951219513,
    "JFK": 0.012195121951219513,
    "TAS": 0.012195121951219513,
    "IST": 0.012195121951219513,
    "HER": 0.012195121951219513,
    "EIN": 0.012195121951219513,
    "LTN": 0.012195121951219513,
    "TRF": 0.012195121951219513
  },
  "domestic_ratio": 0.0,
  "fleet_mix": {
    "6Y": {
      "A320": 1.0
    },
    "BRU": {
      "CRJ9": 1.0
    },
    "BTI": {
      "DH8D": 0.9666666666666667,
      "B737": 0.03333333333333333
    },
    "NAX": {
      "B738": 1.0
    },
    "RYR": {
      "B738": 1.0
    },
    "UZB": {
      "B767": 1.0
    },
    "GEC": {
      "A321": 0.5,
      "A320": 0.5
    },
    "LOT": {
      "E175": 0.6666666666666666,
      "DH8D": 0.3333333333333333
    },
    "CSA": {
      "DH8D": 1.0
    },
    "AFL": {
      "A320": 0.5,
      "A321": 0.5
    },
    "THY": {
      "A320": 1.0
    },
    "TSO": {
      "DH8D": 0.5,
      "B737": 0.5
    },
    "CWA": {
      "A320": 1.0
    },
    "WZZ": {
      "A320": 1.0
    }
  },
  "hourly_profile": [],
  "delay_rate": 0.0,
  "delay_distribution": {},
  "mean_delay_minutes": 0.0,
  "data_source": "openflights",
  "region": "",
  "profile_date": "2026-03-21",
  "sample_size": 164
}