{
  "icao_code": "RIY",
  "iata_code": "RIY",
  "airline_shares": {
    "IYE": 0.6666666666666666,
    "ATM": 0.3333333333333333
  },
  "domestic_route_shares": {
    "SAH": 0.6666666666666666,
    "ADE": 0.3333333333333333
  },
  "international_route_shares": {
    "SCT": 0.26666666666666666,
    "AUH": 0.13333333333333333,
    "CAI": 0.13333333333333333,
    "DXB": 0.13333333333333333,
    "JED": 0.13333333333333333,
    "KWI": 0.13333333333333333,
    "SHJ": 0.06666666666666667
  },
  "domestic_ratio": 0.286,
  "fleet_mix": {
    "ATM": {
      "CRJ7": 1.0
    },
    "IYE": {
      "A320": 1.0
    }
  },
  "hourly_profile": [],
  "delay_rate": 0.0,
  "delay_distribution": {},
  "mean_delay_minutes": 0.0,
  "data_source": "openflights",
  "region": "",
  "profile_date": "2026-03-21",
  "sample_size": 21
}