{
  "icao_code": "RJAA",
  "iata_code": "NRT",
  "airline_shares": {
    "JAL": 0.15695067264573992,
    "ANA": 0.15246636771300448,
    "AAL": 0.09865470852017937,
    "DAL": 0.07623318385650224,
    "UAL": 0.04932735426008968,
    "GK": 0.03587443946188341,
    "MAS": 0.02242152466367713,
    "CSN": 0.017937219730941704,
    "APW": 0.017937219730941704,
    "KAL": 0.017937219730941704,
    "USA": 0.017937219730941704,
    "ACA": 0.013452914798206279,
    "AZA": 0.013452914798206279,
    "SKY": 0.013452914798206279,
    "CCA": 0.013452914798206279,
    "CAL": 0.013452914798206279,
    "JST": 0.013452914798206279,
    "EVA": 0.008968609865470852,
    "CPA": 0.008968609865470852,
    "IBX": 0.008968609865470852,
    "GIA": 0.008968609865470852,
    "CES": 0.008968609865470852,
    "OZR": 0.008968609865470852,
    "PAL": 0.008968609865470852,
    "SBI": 0.008968609865470852,
    "SQC": 0.008968609865470852,
    "THT": 0.008968609865470852,
    "HVN": 0.008968609865470852,
    "CEB": 0.004484304932735426,
    "JJA": 0.004484304932735426,
    "AFR": 0.004484304932735426,
    "AIC": 0.004484304932735426,
    "AMX": 0.004484304932735426,
    "FIN": 0.004484304932735426,
    "BAW": 0.004484304932735426,
    "ABL": 0.004484304932735426,
    "UAE": 0.004484304932735426,
    "ETD": 0.004484304932735426,
    "TNA": 0.004484304932735426,
    "UZB": 0.004484304932735426,
    "SOZ": 0.004484304932735426,
    "KLM": 0.004484304932735426,
    "GEC": 0.004484304932735426,
    "SWR": 0.004484304932735426,
    "MM": 0.004484304932735426,
    "AMU": 0.004484304932735426,
    "ANZ": 0.004484304932735426,
    "MGL": 0.004484304932735426,
    "AUA": 0.004484304932735426,
    "BKP": 0.004484304932735426,
    "PIA": 0.004484304932735426,
    "ANG": 0.004484304932735426,
    "QFA": 0.004484304932735426,
    "QTR": 0.004484304932735426,
    "ACI": 0.004484304932735426,
    "SAS": 0.004484304932735426,
    "AFL": 0.004484304932735426,
    "THA": 0.004484304932735426,
    "THY": 0.004484304932735426,
    "SCO": 0.004484304932735426,
    "ALK": 0.004484304932735426,
    "VIR": 0.004484304932735426,
    "ESR": 0.004484304932735426
  },
  "domestic_route_shares": {
    "CTS": 0.18518518518518517,
    "OKA": 0.14814814814814814,
    "FUK": 0.1111111111111111,
    "ITM": 0.1111111111111111,
    "NGO": 0.1111111111111111,
    "KIX": 0.1111111111111111,
    "HIJ": 0.037037037037037035,
    "KMQ": 0.037037037037037035,
    "KOJ": 0.037037037037037035,
    "MYJ": 0.037037037037037035,
    "TAK": 0.037037037037037035,
    "SDJ": 0.037037037037037035
  },
  "international_route_shares": {
    "TPE": 0.05102040816326531,
    "ICN": 0.04591836734693878,
    "LAX": 0.03826530612244898,
    "SIN": 0.03571428571428571,
    "BKK": 0.030612244897959183,
    "HNL": 0.030612244897959183,
    "ORD": 0.030612244897959183,
    "MNL": 0.025510204081632654,
    "KHH": 0.025510204081632654,
    "PVG": 0.025510204081632654,
    "HKG": 0.02040816326530612,
    "JFK": 0.02040816326530612,
    "PUS": 0.02040816326530612,
    "PEK": 0.02040816326530612,
    "DFW": 0.015306122448979591,
    "HAN": 0.015306122448979591,
    "KUL": 0.015306122448979591,
    "SGN": 0.015306122448979591,
    "YVR": 0.015306122448979591,
    "CDG": 0.015306122448979591,
    "DEL": 0.015306122448979591,
    "LHR": 0.015306122448979591,
    "DLC": 0.015306122448979591,
    "CAN": 0.015306122448979591,
    "GUM": 0.015306122448979591,
    "CGK": 0.015306122448979591,
    "SAN": 0.012755102040816327,
    "BOS": 0.01020408163265306,
    "HEL": 0.01020408163265306,
    "SHE": 0.01020408163265306,
    "ROR": 0.01020408163265306,
    "SEA": 0.01020408163265306,
    "DPS": 0.01020408163265306,
    "BKI": 0.01020408163265306,
    "DOH": 0.01020408163265306,
    "SYD": 0.01020408163265306,
    "IAD": 0.01020408163265306,
    "SFO": 0.01020408163265306,
    "AKL": 0.01020408163265306,
    "YYC": 0.00510204081632653,
    "YYZ": 0.00510204081632653,
    "FCO": 0.00510204081632653,
    "MXP": 0.00510204081632653,
    "VCE": 0.00510204081632653,
    "YGJ": 0.00510204081632653,
    "CGQ": 0.00510204081632653,
    "ATL": 0.00510204081632653,
    "DTW": 0.00510204081632653,
    "MSP": 0.00510204081632653,
    "PDX": 0.00510204081632653,
    "SPN": 0.00510204081632653,
    "DXB": 0.00510204081632653,
    "AUH": 0.00510204081632653,
    "OIT": 0.00510204081632653,
    "TAS": 0.00510204081632653,
    "UUS": 0.00510204081632653,
    "DME": 0.00510204081632653,
    "FRA": 0.00510204081632653,
    "CNS": 0.00510204081632653,
    "MEL": 0.00510204081632653,
    "OOL": 0.00510204081632653,
    "CJU": 0.00510204081632653,
    "AMS": 0.00510204081632653,
    "ZRH": 0.00510204081632653,
    "NKG": 0.00510204081632653,
    "BOM": 0.00510204081632653,
    "CTU": 0.00510204081632653,
    "DUS": 0.00510204081632653,
    "HGH": 0.00510204081632653,
    "RGN": 0.00510204081632653,
    "SJC": 0.00510204081632653,
    "TAO": 0.00510204081632653,
    "XMN": 0.00510204081632653,
    "MFM": 0.00510204081632653,
    "ULN": 0.00510204081632653,
    "VIE": 0.00510204081632653,
    "CEB": 0.00510204081632653,
    "POM": 0.00510204081632653,
    "KHV": 0.00510204081632653,
    "VVO": 0.00510204081632653,
    "NOU": 0.00510204081632653,
    "CPH": 0.00510204081632653,
    "SVO": 0.00510204081632653,
    "IST": 0.00510204081632653,
    "PPT": 0.00510204081632653,
    "DEN": 0.00510204081632653,
    "EWR": 0.00510204081632653,
    "IAH": 0.00510204081632653,
    "CMB": 0.00510204081632653,
    "MEX": 0.002551020408163265,
    "TIJ": 0.002551020408163265
  },
  "domestic_ratio": 0.121,
  "fleet_mix": {
    "CEB": {
      "A320": 1.0
    },
    "JJA": {
      "B737": 1.0
    },
    "AAL": {
      "B777": 0.3333333333333333,
      "B767": 0.25925925925925924,
      "B787": 0.2222222222222222,
      "B737": 0.18518518518518517
    },
    "ACA": {
      "B767": 0.6666666666666666,
      "B777": 0.3333333333333333
    },
    "AFR": {
      "A380": 0.3333333333333333,
      "B787": 0.3333333333333333,
      "B777": 0.3333333333333333
    },
    "AIC": {
      "B787": 1.0
    },
    "AMX": {
      "B787": 1.0
    },
    "FIN": {
      "A330": 0.5,
      "B787": 0.5
    },
    "AZA": {
      "B777": 1.0
    },
    "BAW": {
      "B777": 1.0
    },
    "SKY": {
      "B737": 1.0
    },
    "EVA": {
      "A321": 0.6666666666666666,
      "A330": 0.3333333333333333
    },
    "ABL": {
      "A321": 1.0
    },
    "CCA": {
      "B738": 0.5,
      "A321": 0.3333333333333333,
      "A320": 0.16666666666666666
    },
    "CAL": {
      "B744": 0.4,
      "A330": 0.4,
      "B738": 0.2
    },
    "CPA": {
      "B777": 0.5,
      "B744": 0.3333333333333333,
      "A330": 0.16666666666666666
    },
    "CSN": {
      "A321": 0.3333333333333333,
      "A320": 0.3333333333333333,
      "A330": 0.16666666666666666,
      "A319": 0.16666666666666666
    },
    "DAL": {
      "B744": 0.358974358974359,
      "A330": 0.2564102564102564,
      "B777": 0.23076923076923078,
      "B752": 0.15384615384615385
    },
    "UAE": {
      "B777": 1.0
    },
    "ETD": {
      "A330": 1.0
    },
    "IBX": {
      "CRJ9": 1.0
    },
    "GIA": {
      "B767": 0.3333333333333333,
      "B777": 0.3333333333333333,
      "A330": 0.3333333333333333
    },
    "TNA": {
      "A320": 1.0
    },
    "GK": {
      "A320": 1.0
    },
    "UZB": {
      "B767": 1.0
    },
    "SOZ": {
      "B737": 1.0
    },
    "JAL": {
      "B767": 0.3670886075949367,
      "B777": 0.27848101265822783,
      "B787": 0.22784810126582278,
      "B738": 0.12658227848101267
    },
    "JST": {
      "A330": 1.0
    },
    "APW": {
      "A320": 1.0
    },
    "KAL": {
      "B739": 0.3333333333333333,
      "A330": 0.3333333333333333,
      "B738": 0.1111111111111111,
      "B777": 0.1111111111111111,
      "B744": 0.1111111111111111
    },
    "KLM": {
      "B777": 1.0
    },
    "GEC": {
      "B744": 1.0
    },
    "MAS": {
      "B777": 0.7,
      "B738": 0.2,
      "B787": 0.1
    },
    "MM": {
      "A320": 1.0
    },