{
  "icao_code": "RJTT",
  "iata_code": "HND",
  "airline_shares": {
    "ANA": 0.3693379790940767,
    "JAL": 0.29965156794425085,
    "SKY": 0.041811846689895474,
    "ADO": 0.041811846689895474,
    "SFJ": 0.020905923344947737,
    "AAL": 0.013937282229965157,
    "DAL": 0.013937282229965157,
    "GIA": 0.013937282229965157,
    "KAL": 0.013937282229965157,
    "GEC": 0.013937282229965157,
    "JTA": 0.013937282229965157,
    "OZR": 0.013937282229965157,
    "CAL": 0.010452961672473868,
    "ACA": 0.006968641114982578,
    "AFR": 0.006968641114982578,
    "BAW": 0.006968641114982578,
    "EVA": 0.006968641114982578,
    "CCA": 0.006968641114982578,
    "CPA": 0.006968641114982578,
    "XAX": 0.006968641114982578,
    "UAE": 0.006968641114982578,
    "CSH": 0.006968641114982578,
    "HAL": 0.006968641114982578,
    "CES": 0.006968641114982578,
    "BKP": 0.006968641114982578,
    "PAL": 0.006968641114982578,
    "SQC": 0.006968641114982578,
    "THA": 0.006968641114982578,
    "HKE": 0.006968641114982578,
    "VIR": 0.006968641114982578
  },
  "domestic_route_shares": {
    "FUK": 0.08163265306122448,
    "CTS": 0.08163265306122448,
    "KIX": 0.061224489795918366,
    "KOJ": 0.061224489795918366,
    "OKA": 0.061224489795918366,
    "HKD": 0.061224489795918366,
    "KKJ": 0.04081632653061224,
    "UKB": 0.04081632653061224,
    "HIJ": 0.04081632653061224,
    "ITM": 0.04081632653061224,
    "KCZ": 0.04081632653061224,
    "KMI": 0.04081632653061224,
    "KMJ": 0.04081632653061224,
    "KMQ": 0.04081632653061224,
    "MYJ": 0.04081632653061224,
    "NGS": 0.04081632653061224,
    "OKJ": 0.04081632653061224,
    "TAK": 0.04081632653061224,
    "TKS": 0.04081632653061224,
    "AOJ": 0.02040816326530612,
    "NGO": 0.02040816326530612,
    "HSG": 0.02040816326530612
  },
  "international_route_shares": {
    "LHR": 0.042328042328042326,
    "TSA": 0.042328042328042326,
    "HKG": 0.042328042328042326,
    "SHA": 0.042328042328042326,
    "BKK": 0.042328042328042326,
    "GMP": 0.042328042328042326,
    "HNL": 0.031746031746031744,
    "CDG": 0.031746031746031744,
    "PEK": 0.031746031746031744,
    "KUH": 0.031746031746031744,
    "SIN": 0.031746031746031744,
    "SFO": 0.021164021164021163,
    "YVR": 0.021164021164021163,
    "YGJ": 0.021164021164021163,
    "LAX": 0.021164021164021163,
    "CGK": 0.021164021164021163,
    "DPS": 0.021164021164021163,
    "AKJ": 0.021164021164021163,
    "MMB": 0.021164021164021163,
    "OBO": 0.021164021164021163,
    "OIT": 0.021164021164021163,
    "UBJ": 0.021164021164021163,
    "ICN": 0.021164021164021163,
    "FRA": 0.021164021164021163,
    "MUC": 0.021164021164021163,
    "ISG": 0.021164021164021163,
    "MNL": 0.021164021164021163,
    "KUL": 0.010582010582010581,
    "SEA": 0.010582010582010581,
    "DXB": 0.010582010582010581,
    "ASJ": 0.010582010582010581,
    "GAJ": 0.010582010582010581,
    "IZO": 0.010582010582010581,
    "MSJ": 0.010582010582010581,
    "SGN": 0.010582010582010581,
    "SHM": 0.010582010582010581,
    "AXT": 0.010582010582010581,
    "HAC": 0.010582010582010581,
    "HAN": 0.010582010582010581,
    "IWJ": 0.010582010582010581,
    "IWK": 0.010582010582010581,
    "MBE": 0.010582010582010581,
    "NTQ": 0.010582010582010581,
    "ONJ": 0.010582010582010581,
    "SHB": 0.010582010582010581,
    "SYO": 0.010582010582010581,
    "TOY": 0.010582010582010581,
    "TTJ": 0.010582010582010581,
    "WKJ": 0.010582010582010581,
    "MMY": 0.010582010582010581,
    "TPE": 0.005291005291005291
  },
  "domestic_ratio": 0.341,
  "fleet_mix": {
    "SFJ": {
      "A320": 1.0
    },
    "AAL": {
      "B777": 0.5,
      "B787": 0.5
    },
    "ACA": {
      "B767": 1.0
    },
    "AFR": {
      "B777": 1.0
    },
    "BAW": {
      "B777": 1.0
    },
    "SKY": {
      "B737": 1.0
    },
    "EVA": {
      "A330": 1.0
    },
    "CCA": {
      "A321": 1.0
    },
    "CAL": {
      "A330": 1.0
    },
    "CPA": {
      "B744": 1.0
    },
    "UAE": {
      "B777": 1.0
    },
    "CSH": {
      "A330": 1.0
    },
    "GIA": {
      "B787": 0.5,
      "A330": 0.5
    },
    "HAL": {
      "A330": 1.0
    },
    "ADO": {
      "B767": 1.0
    },
    "JAL": {
      "B738": 0.408,
      "B767": 0.304,
      "B777": 0.224,
      "E175": 0.048,
      "B787": 0.016
    },
    "KAL": {
      "B777": 0.6666666666666666,
      "B738": 0.3333333333333333
    },
    "GEC": {
      "B744": 1.0
    },
    "CES": {
      "A321": 1.0
    },
    "ANA": {
      "B767": 0.22131147540983606,
      "B777": 0.19262295081967212,
      "B787": 0.16393442622950818,
      "A320": 0.13934426229508196,
      "B737": 0.13114754098360656,
      "B738": 0.13114754098360656,
      "A330": 0.012295081967213115,
      "B744": 0.00819672131147541
    },
    "OZR": {
      "A330": 0.5,
      "A321": 0.5
    },
    "BKP": {
      "B767": 0.5,
      "B777": 0.5
    },
    "PAL": {
      "A321": 1.0
    },
    "SQC": {
      "A330": 0.5,
      "B777": 0.5
    },
    "THA": {
      "B744": 1.0
    },
    "HKE": {
      "A320": 1.0
    },
    "VIR": {
      "B777": 1.0
    }
  },
  "hourly_profile": [],
  "delay_rate": 0.0,
  "delay_distribution": {},
  "mean_delay_minutes": 0.0,
  "data_source": "openflights",
  "region": "",
  "profile_date": "2026-03-21",
  "sample_size": 287
}