{
  "icao_code": "RKSI",
  "iata_code": "ICN",
  "airline_shares": {
    "KAL": 0.2953451043338684,
    "OZR": 0.2504012841091493,
    "CSN": 0.038523274478330656,
    "JNA": 0.03531300160513644,
    "JJA": 0.03210272873194221,
    "CCA": 0.025682182985553772,
    "CES": 0.02247191011235955,
    "ESR": 0.019261637239165328,
    "THA": 0.016051364365971106,
    "TWB": 0.016051364365971106,
    "AFL": 0.012841091492776886,
    "CEB": 0.009630818619582664,
    "BCC": 0.009630818619582664,
    "PAL": 0.009630818619582664,
    "CDG": 0.009630818619582664,
    "THY": 0.009630818619582664,
    "USA": 0.009630818619582664,
    "HVN": 0.009630818619582664,
    "Z2": 0.009630818619582664,
    "AAL": 0.006420545746388443,
    "EVA": 0.006420545746388443,
    "CPA": 0.006420545746388443,
    "DAL": 0.006420545746388443,
    "GIA": 0.006420545746388443,
    "GEC": 0.006420545746388443,
    "SQC": 0.006420545746388443,
    "UAL": 0.006420545746388443,
    "CSC": 0.0032102728731942215,
    "MMM": 0.0032102728731942215,
    "ACA": 0.0032102728731942215,
    "MDA": 0.0032102728731942215,
    "AFR": 0.0032102728731942215,
    "AIC": 0.0032102728731942215,
    "FIN": 0.0032102728731942215,
    "BAW": 0.0032102728731942215,
    "CAL": 0.0032102728731942215,
    "XAX": 0.0032102728731942215,
    "UAE": 0.0032102728731942215,
    "ETH": 0.0032102728731942215,
    "ETD": 0.0032102728731942215,
    "CSH": 0.0032102728731942215,
    "GUN": 0.0032102728731942215,
    "HAL": 0.0032102728731942215,
    "UZB": 0.0032102728731942215,
    "JAL": 0.0032102728731942215,
    "APW": 0.0032102728731942215,
    "KZR": 0.0032102728731942215,
    "KLM": 0.0032102728731942215,
    "CXA": 0.0032102728731942215,
    "MAS": 0.0032102728731942215,
    "MM": 0.0032102728731942215,
    "AMU": 0.0032102728731942215,
    "CSA": 0.0032102728731942215,
    "MGL": 0.0032102728731942215,
    "QTR": 0.0032102728731942215,
    "LAO": 0.0032102728731942215,
    "THT": 0.0032102728731942215,
    "SCO": 0.0032102728731942215,
    "HKE": 0.0032102728731942215,
    "CSZ": 0.0032102728731942215,
    "SOZ": 0.0016051364365971107
  },
  "domestic_route_shares": {
    "CJU": 0.6666666666666666,
    "TAE": 0.3333333333333333
  },
  "international_route_shares": {
    "HKG": 0.03241491085899514,
    "NRT": 0.029173419773095625,
    "BKK": 0.02593192868719611,
    "CEB": 0.022690437601296597,
    "TPE": 0.022690437601296597,
    "MNL": 0.019448946515397084,
    "TAO": 0.019448946515397084,
    "KIX": 0.01620745542949757,
    "PVG": 0.01620745542949757,
    "SFO": 0.01620745542949757,
    "TNA": 0.01620745542949757,
    "FUK": 0.012965964343598054,
    "HKT": 0.012965964343598054,
    "PEK": 0.012965964343598054,
    "TSN": 0.012965964343598054,
    "YNJ": 0.012965964343598054,
    "YNT": 0.012965964343598054,
    "CSX": 0.012965964343598054,
    "SIN": 0.012965964343598054,
    "VVO": 0.012965964343598054,
    "KLO": 0.009724473257698542,
    "GUM": 0.009724473257698542,
    "NGO": 0.009724473257698542,
    "CNX": 0.009724473257698542,
    "RGN": 0.009724473257698542,
    "DFW": 0.009724473257698542,
    "KHH": 0.009724473257698542,
    "CDG": 0.009724473257698542,
    "LHR": 0.009724473257698542,
    "CAN": 0.009724473257698542,
    "DLC": 0.009724473257698542,
    "KUL": 0.009724473257698542,
    "JFK": 0.009724473257698542,
    "CGK": 0.009724473257698542,
    "DPS": 0.009724473257698542,
    "HNL": 0.009724473257698542,
    "TAS": 0.009724473257698542,
    "BKI": 0.009724473257698542,
    "CTS": 0.009724473257698542,
    "DAD": 0.009724473257698542,
    "FRA": 0.009724473257698542,
    "HAN": 0.009724473257698542,
    "IST": 0.009724473257698542,
    "LAX": 0.009724473257698542,
    "SGN": 0.009724473257698542,
    "SZX": 0.009724473257698542,
    "MFM": 0.009724473257698542,
    "UUS": 0.008103727714748784,
    "CTU": 0.006482982171799027,
    "YVR": 0.006482982171799027,
    "CKG": 0.006482982171799027,
    "HGH": 0.006482982171799027,
    "CGO": 0.006482982171799027,
    "CGQ": 0.006482982171799027,
    "HRB": 0.006482982171799027,
    "MDG": 0.006482982171799027,
    "SHE": 0.006482982171799027,
    "WUH": 0.006482982171799027,
    "DXB": 0.006482982171799027,
    "AUH": 0.006482982171799027,
    "ALA": 0.006482982171799027,
    "AMS": 0.006482982171799027,
    "HND": 0.006482982171799027,
    "KMG": 0.006482982171799027,
    "ORD": 0.006482982171799027,
    "PNH": 0.006482982171799027,
    "PRG": 0.006482982171799027,
    "REP": 0.006482982171799027,
    "ROR": 0.006482982171799027,
    "SEA": 0.006482982171799027,
    "SVO": 0.006482982171799027,
    "SYD": 0.006482982171799027,
    "TXN": 0.006482982171799027,
    "ULN": 0.006482982171799027,
    "XIY": 0.006482982171799027,
    "XMN": 0.006482982171799027,
    "CRK": 0.006482982171799027,
    "OKA": 0.006482982171799027,
    "VTE": 0.006482982171799027,
    "KWL": 0.006482982171799027,
    "NKG": 0.006482982171799027,
    "HIJ": 0.006482982171799027,
    "KHV": 0.006482982171799027,
    "HEL": 0.0032414910858995136,
    "HFE": 0.0032414910858995136,
    "DTW": 0.0032414910858995136,
    "AKL": 0.0032414910858995136,
    "AOJ": 0.0032414910858995136,
    "ATL": 0.0032414910858995136,
    "AXT": 0.0032414910858995136,
    "BNE": 0.0032414910858995136,
    "BOM": 0.0032414910858995136,
    "CMB": 0.0032414910858995136,
    "IAD": 0.0032414910858995136,
    "IAH": 0.0032414910858995136,
    "KIJ": 0.0032414910858995136,
    "KMQ": 0.0032414910858995136,
    "KOJ": 0.0032414910858995136,
    "KTM": 0.0032414910858995136,
    "LAS": 0.0032414910858995136,
    "LED": 0.0032414910858995136,
    "MAD": 0.0032414910858995136,
    "NAN": 0.0032414910858995136,
    "NBO": 0.0032414910858995136,
    "OIT": 0.0032414910858995136,
    "OKJ": 0.0032414910858995136,
    "RUH": 0.0032414910858995136,
    "TLV": 0.0032414910858995136,
    "YYZ": 0.0032414910858995136,
    "MUC": 0.0032414910858995136,
    "NGS": 0.0032414910858995136,
    "DEL": 0.0032414910858995136,
    "FSZ": 0.0032414910858995136,
    "KHN": 0.0032414910858995136,
    "KMI": 0.0032414910858995136,
    "KMJ": 0.0032414910858995136,
    "LJG": 0.0032414910858995136,
    "MYJ": 0.0032414910858995136,
    "NGB": 0.0032414910858995136,
    "SDJ": 0.0032414910858995136,
    "SPN": 0.0032414910858995136,
    "TAK": 0.0032414910858995136,
    "TOY": 0.0032414910858995136,
    "UBJ": 0.0032414910858995136,
    "YGJ": 0.0032414910858995136,
    "DOH": 0.0032414910858995136,
    "HSG": 0.0032414910858995136,
    "FCO": 0.0016207455429497568,
    "MXP": 0.0016207455429497568,
    "VIE": 0.0016207455429497568,
    "ZRH": 0.0016207455429497568
  },
  "domestic_ratio": 0.01,
  "fleet_mix": {
    "CSC": {
      "A321": 1.0
    },
    "CEB": {
      "A320": 1.0
    },
    "JJA": {
      "B737": 1.0
    },
    "BCC": {
      "B767": 1.0
    },
    "MMM": {
      "B737": 0.5,
      "B767": 0.5
    },
    "AAL": {
      "B777": 0.5,
      "B737": 0.5
    },
    "ACA": {
      "B767": 1.0
    },
    "MDA": {
      "E190": 1.0
    },
    "AFR": {
      "B777": 1.0
    },
    "AIC": {
      "B787": 1.0
    },
    "FIN": {
      "A330": 1.0
    },
    "BAW": {
      "B777": 1.0
    },
    "EVA": {
      "A330": 1.0
    },
    "CCA": {
      "A321": 0.5,
      "B738": 0.4,
      "B767": 0.1
    },
    "CAL": {
      "A330": 0.5,
      "B738": 0.5
    },
    "CPA": {
      "B777": 0.8333333333333334,
      "A330": 0.16666666666666666
    },
    "CSN": {
      "A321": 0.35294117647058826,
      "B738": 0.23529411764705882,
      "A320": 0.23529411764705882,
      "B739": 0.11764705882352941,
      "A319": 0.058823529411764705
    },
    "DAL": {
      "B744": 0.3333333333333333,
      "A380": 0.3333333333333333,
      "B777": 0.3333333333333333
    },
    "UAE": {
      "A380": 1.0
    },
    "ETH": {
      "B787": 1.0
    },
    "CSH": {
      "B738": 1.0
    },
    "GIA": {
      "A330": 1.0
    },
    "GUN": {
      "A321": 1.0
    },
    "HAL": {
      "A330": 1.0
    },
    "UZB": {
      "B767": 1.0
    },