{
  "icao_code": "RMQ",
  "iata_code": "RMQ",
  "airline_shares": {
    "MDA": 0.3448275862068966,
    "UIA": 0.2413793103448276,
    "TNA": 0.20689655172413793,
    "CDG": 0.06896551724137931,
    "EVA": 0.034482758620689655,
    "CAL": 0.034482758620689655,
    "HDA": 0.034482758620689655,
    "HKE": 0.034482758620689655
  },
  "domestic_route_shares": {
    "MZG": 0.5,
    "HUN": 0.5
  },
  "international_route_shares": {
    "HKG": 0.1111111111111111,
    "HGH": 0.07407407407407407,
    "NGB": 0.07407407407407407,
    "XMN": 0.07407407407407407,
    "MFM": 0.07407407407407407,
    "CGO": 0.037037037037037035,
    "HAN": 0.037037037037037035,
    "KNH": 0.037037037037037035,
    "MXZ": 0.037037037037037035,
    "OKA": 0.037037037037037035,
    "SGN": 0.037037037037037035,
    "CAN": 0.037037037037037035,
    "CSX": 0.037037037037037035,
    "NKG": 0.037037037037037035,
    "SZX": 0.037037037037037035,
    "KIX": 0.037037037037037035,
    "FOC": 0.037037037037037035,
    "NNG": 0.037037037037037035,
    "PVG": 0.037037037037037035,
    "TAO": 0.037037037037037035,
    "TNA": 0.037037037037037035
  },
  "domestic_ratio": 0.069,
  "fleet_mix": {
    "MDA": {
      "E190": 0.9090909090909091,
      "B738": 0.09090909090909091
    },
    "CAL": {
      "B738": 1.0
    },
    "TNA": {
      "A321": 0.5,
      "A320": 0.3333333333333333,
      "AT76": 0.16666666666666666
    },
    "HDA": {
      "A320": 0.5,
      "A321": 0.5
    },
    "CDG": {
      "B738": 1.0
    },
    "HKE": {
      "A320": 1.0
    }
  },
  "hourly_profile": [],
  "delay_rate": 0.0,
  "delay_distribution": {},
  "mean_delay_minutes": 0.0,
  "data_source": "openflights",
  "region": "",
  "profile_date": "2026-03-21",
  "sample_size": 58
}