{
  "icao_code": "RNO",
  "iata_code": "RNO",
  "airline_shares": {
    "SWA": 0.47058823529411764,
    "AAL": 0.17647058823529413,
    "USA": 0.17647058823529413,
    "DAL": 0.058823529411764705,
    "AAY": 0.058823529411764705,
    "UAL": 0.058823529411764705
  },
  "domestic_route_shares": {
    "PHX": 0.17647058823529413,
    "DFW": 0.11764705882352941,
    "ORD": 0.11764705882352941,
    "LAS": 0.11764705882352941,
    "DEN": 0.11764705882352941,
    "SLC": 0.058823529411764705,
    "LAX": 0.058823529411764705,
    "MDW": 0.058823529411764705,
    "PDX": 0.058823529411764705,
    "SAN": 0.058823529411764705,
    "SEA": 0.058823529411764705
  },
  "international_route_shares": {},
  "domestic_ratio": 1.0,
  "fleet_mix": {
    "AAL": {
      "B738": 0.5,
      "A319": 0.25,
      "A320": 0.25
    },
    "DAL": {
      "B738": 1.0
    },
    "UAL": {
      "A320": 1.0
    },
    "USA": {
      "B738": 0.5,
      "A319": 0.25,
      "A320": 0.25
    },
    "SWA": {
      "B738": 1.0
    }
  },
  "hourly_profile": [],
  "delay_rate": 0.0,
  "delay_distribution": {},
  "mean_delay_minutes": 0.0,
  "data_source": "openflights",
  "region": "",
  "profile_date": "2026-03-21",
  "sample_size": 34
}