{
  "icao_code": "ROB",
  "iata_code": "ROB",
  "airline_shares": {
    "AYZ": 0.23076923076923078,
    "RAM": 0.15384615384615385,
    "GRN": 0.15384615384615385,
    "AFR": 0.07692307692307693,
    "BAW": 0.07692307692307693,
    "DAL": 0.07692307692307693,
    "KQA": 0.07692307692307693,
    "DAT": 0.07692307692307693,
    "WSS": 0.07692307692307693
  },
  "domestic_route_shares": {},
  "international_route_shares": {
    "FNA": 0.38461538461538464,
    "ACC": 0.3076923076923077,
    "LOS": 0.07692307692307693,
    "CMN": 0.07692307692307693,
    "ABJ": 0.07692307692307693,
    "CDG": 0.038461538461538464,
    "BRU": 0.038461538461538464
  },
  "domestic_ratio": 0.0,
  "fleet_mix": {
    "AYZ": {
      "A319": 1.0
    },
    "AFR": {
      "A330": 1.0
    },
    "RAM": {
      "B737": 0.6666666666666666,
      "B738": 0.3333333333333333
    },
    "BAW": {
      "B767": 1.0
    },
    "KQA": {
      "B738": 1.0
    },
    "DAT": {
      "A330": 1.0
    },
    "WSS": {
      "B737": 0.5,
      "B738": 0.5
    }
  },
  "hourly_profile": [],
  "delay_rate": 0.0,
  "delay_distribution": {},
  "mean_delay_minutes": 0.0,
  "data_source": "openflights",
  "region": "",
  "profile_date": "2026-03-21",
  "sample_size": 26
}