{
  "icao_code": "ROV",
  "iata_code": "ROV",
  "airline_shares": {
    "AFL": 0.37037037037037035,
    "SVR": 0.14814814814814814,
    "SJM": 0.07407407407407407,
    "SBI": 0.07407407407407407,
    "ANK": 0.037037037037037035,
    "FDB": 0.037037037037037035,
    "ABY": 0.037037037037037035,
    "UZB": 0.037037037037037035,
    "CSA": 0.037037037037037035,
    "AUI": 0.037037037037037035,
    "THY": 0.037037037037037035,
    "TSO": 0.037037037037037035,
    "Y7": 0.037037037037037035
  },
  "domestic_route_shares": {
    "DME": 0.3333333333333333,
    "LED": 0.2222222222222222,
    "VOG": 0.1111111111111111,
    "SVO": 0.1111111111111111,
    "SVX": 0.1111111111111111,
    "KUF": 0.1111111111111111
  },
  "international_route_shares": {
    "TAS": 0.1111111111111111,
    "KBP": 0.1111111111111111,
    "IST": 0.1111111111111111,
    "EGO": 0.05555555555555555,
    "SKG": 0.05555555555555555,
    "DXB": 0.05555555555555555,
    "SHJ": 0.05555555555555555,
    "PRG": 0.05555555555555555,
    "AYT": 0.05555555555555555,
    "EVN": 0.05555555555555555,
    "LBD": 0.05555555555555555,
    "SIP": 0.05555555555555555,
    "TLV": 0.05555555555555555,
    "BUD": 0.05555555555555555,
    "DYU": 0.05555555555555555
  },
  "domestic_ratio": 0.333,
  "fleet_mix": {
    "FDB": {
      "B738": 1.0
    },
    "ABY": {
      "A320": 1.0
    },
    "UZB": {
      "A320": 1.0
    },
    "CSA": {
      "A319": 1.0
    },
    "AUI": {
      "B739": 1.0
    },
    "SBI": {
      "A319": 1.0
    },
    "AFL": {
      "A319": 1.0
    },
    "THY": {
      "A319": 1.0
    },
    "SVR": {
      "A320": 1.0
    },
    "Y7": {
      "B738": 1.0
    }
  },
  "hourly_profile": [],
  "delay_rate": 0.0,
  "delay_distribution": {},
  "mean_delay_minutes": 0.0,
  "data_source": "openflights",
  "region": "",
  "profile_date": "2026-03-21",
  "sample_size": 54
}