{
  "icao_code": "RSW",
  "iata_code": "RSW",
  "airline_shares": {
    "SWA": 0.22,
    "JBU": 0.1,
    "DAL": 0.1,
    "UAL": 0.1,
    "AAL": 0.08,
    "TRS": 0.08,
    "USA": 0.08,
    "FFT": 0.06,
    "NKS": 0.06,
    "3M": 0.04,
    "BER": 0.02,
    "ACA": 0.02,
    "SCX": 0.02,
    "WJA": 0.02
  },
  "domestic_route_shares": {
    "ORD": 0.09523809523809523,
    "PHL": 0.07142857142857142,
    "ATL": 0.07142857142857142,
    "CLT": 0.047619047619047616,
    "DFW": 0.047619047619047616,
    "EWR": 0.047619047619047616,
    "DTW": 0.047619047619047616,
    "IND": 0.047619047619047616,
    "MSP": 0.047619047619047616,
    "DEN": 0.047619047619047616,
    "BWI": 0.047619047619047616,
    "MDW": 0.047619047619047616,
    "MCO": 0.023809523809523808,
    "BOS": 0.023809523809523808,
    "JFK": 0.023809523809523808,
    "LGA": 0.023809523809523808,
    "CVG": 0.023809523809523808,
    "DCA": 0.023809523809523808,
    "CLE": 0.023809523809523808,
    "IAH": 0.023809523809523808,
    "BDL": 0.023809523809523808,
    "CMH": 0.023809523809523808,
    "MKE": 0.023809523809523808,
    "PIT": 0.023809523809523808,
    "PVD": 0.023809523809523808,
    "STL": 0.023809523809523808
  },
  "international_route_shares": {
    "YYZ": 0.25,
    "EYW": 0.125,
    "DUS": 0.125,
    "HPN": 0.125,
    "ILG": 0.125,
    "TTN": 0.125,
    "ACY": 0.125
  },
  "domestic_ratio": 0.84,
  "fleet_mix": {
    "AAL": {
      "A320": 0.2222222222222222,
      "A319": 0.2222222222222222,
      "B738": 0.2222222222222222,
      "A321": 0.1111111111111111,
      "B737": 0.1111111111111111,
      "E190": 0.1111111111111111
    },
    "BER": {
      "A330": 1.0
    },
    "ACA": {
      "A320": 1.0
    },
    "JBU": {
      "A320": 0.8,
      "E190": 0.2
    },
    "DAL": {
      "B752": 0.5,
      "E175": 0.5
    },
    "FFT": {
      "A319": 0.5,
      "A320": 0.5
    },
    "NKS": {
      "A319": 1.0
    },
    "SCX": {
      "B738": 0.5,
      "B737": 0.5
    },
    "UAL": {
      "B738": 0.47368421052631576,
      "A320": 0.3157894736842105,
      "A319": 0.10526315789473684,
      "B739": 0.10526315789473684
    },
    "USA": {
      "A320": 0.25,
      "A319": 0.25,
      "B738": 0.25,
      "A321": 0.125,
      "E190": 0.125
    },
    "SWA": {
      "B738": 1.0
    }
  },
  "hourly_profile": [],
  "delay_rate": 0.0,
  "delay_distribution": {},
  "mean_delay_minutes": 0.0,
  "data_source": "openflights",
  "region": "",
  "profile_date": "2026-03-21",
  "sample_size": 100
}