{
  "icao_code": "RTB",
  "iata_code": "RTB",
  "airline_shares": {
    "P4": 0.2222222222222222,
    "MCK": 0.18518518518518517,
    "AAL": 0.14814814814814814,
    "USA": 0.1111111111111111,
    "N78": 0.07407407407407407,
    "AVA": 0.07407407407407407,
    "DAL": 0.07407407407407407,
    "UAL": 0.07407407407407407,
    "5U": 0.037037037037037035
  },
  "domestic_route_shares": {
    "SAP": 1.0
  },
  "international_route_shares": {
    "MIA": 0.17391304347826086,
    "TGU": 0.17391304347826086,
    "DFW": 0.13043478260869565,
    "GUA": 0.08695652173913043,
    "BZE": 0.08695652173913043,
    "SAL": 0.08695652173913043,
    "ATL": 0.08695652173913043,
    "LCE": 0.08695652173913043,
    "IAH": 0.08695652173913043
  },
  "domestic_ratio": 0.148,
  "fleet_mix": {
    "AAL": {
      "B738": 1.0
    },
    "DAL": {
      "B738": 1.0
    },
    "UAL": {
      "B739": 0.3333333333333333,
      "B738": 0.3333333333333333,
      "B737": 0.3333333333333333
    },
    "USA": {
      "B738": 1.0
    }
  },
  "hourly_profile": [],
  "delay_rate": 0.0,
  "delay_distribution": {},
  "mean_delay_minutes": 0.0,
  "data_source": "openflights",
  "region": "",
  "profile_date": "2026-03-21",
  "sample_size": 27
}