{
  "icao_code": "RTM",
  "iata_code": "RTM",
  "airline_shares": {
    "TRA": 0.8620689655172413,
    "AFR": 0.034482758620689655,
    "BAW": 0.034482758620689655,
    "THY": 0.034482758620689655,
    "BCY": 0.034482758620689655
  },
  "domestic_route_shares": {
    "EIN": 1.0
  },
  "international_route_shares": {
    "LCY": 0.07142857142857142,
    "LHR": 0.03571428571428571,
    "AGP": 0.03571428571428571,
    "ALC": 0.03571428571428571,
    "AYT": 0.03571428571428571,
    "BCN": 0.03571428571428571,
    "BJV": 0.03571428571428571,
    "BUD": 0.03571428571428571,
    "EGC": 0.03571428571428571,
    "FAO": 0.03571428571428571,
    "FCO": 0.03571428571428571,
    "GRO": 0.03571428571428571,
    "HER": 0.03571428571428571,
    "IBZ": 0.03571428571428571,
    "MAD": 0.03571428571428571,
    "MPL": 0.03571428571428571,
    "NCE": 0.03571428571428571,
    "PMI": 0.03571428571428571,
    "PRG": 0.03571428571428571,
    "RAK": 0.03571428571428571,
    "SAW": 0.03571428571428571,
    "SPU": 0.03571428571428571,
    "TLN": 0.03571428571428571,
    "VIE": 0.03571428571428571,
    "VLC": 0.03571428571428571,
    "IST": 0.03571428571428571,
    "DLM": 0.017857142857142856,
    "RHO": 0.017857142857142856
  },
  "domestic_ratio": 0.034,
  "fleet_mix": {
    "BAW": {
      "A319": 1.0
    },
    "TRA": {
      "B738": 1.0
    },
    "THY": {
      "A320": 1.0
    }
  },
  "hourly_profile": [],
  "delay_rate": 0.0,
  "delay_distribution": {},
  "mean_delay_minutes": 0.0,
  "data_source": "openflights",
  "region": "",
  "profile_date": "2026-03-21",
  "sample_size": 58
}