{
  "icao_code": "RUH",
  "iata_code": "RUH",
  "airline_shares": {
    "SVA": 0.5095057034220533,
    "KNE": 0.12927756653992395,
    "PIA": 0.03802281368821293,
    "AIC": 0.030418250950570342,
    "MSR": 0.022813688212927757,
    "SAI": 0.022813688212927757,
    "IYE": 0.019011406844106463,
    "KAL": 0.015209125475285171,
    "GEC": 0.015209125475285171,
    "SQC": 0.015209125475285171,
    "JAI": 0.0076045627376425855,
    "AFR": 0.0076045627376425855,
    "RAM": 0.0076045627376425855,
    "BAW": 0.0076045627376425855,
    "BBC": 0.0076045627376425855,
    "CPA": 0.0076045627376425855,
    "RBG": 0.0076045627376425855,
    "UAE": 0.0076045627376425855,
    "ETH": 0.0076045627376425855,
    "ETD": 0.0076045627376425855,
    "FDB": 0.0076045627376425855,
    "ABY": 0.0076045627376425855,
    "GBA": 0.0076045627376425855,
    "JZR": 0.0076045627376425855,
    "KAC": 0.0076045627376425855,
    "MEA": 0.0076045627376425855,
    "PAL": 0.0076045627376425855,
    "QTR": 0.0076045627376425855,
    "RJA": 0.0076045627376425855,
    "SUD": 0.0076045627376425855,
    "THY": 0.0076045627376425855,
    "ALK": 0.0076045627376425855,
    "AEA": 0.0076045627376425855,
    "OMA": 0.0076045627376425855
  },
  "domestic_route_shares": {
    "JED": 0.2702702702702703,
    "DMM": 0.13513513513513514,
    "AHB": 0.10810810810810811,
    "MED": 0.10810810810810811,
    "TIF": 0.10810810810810811,
    "AJF": 0.05405405405405406,
    "ELQ": 0.05405405405405406,
    "HOF": 0.05405405405405406,
    "TUU": 0.05405405405405406,
    "YNB": 0.05405405405405406
  },
  "international_route_shares": {
    "HBE": 0.035398230088495575,
    "KWI": 0.035398230088495575,
    "BOM": 0.02654867256637168,
    "CAI": 0.02654867256637168,
    "DXB": 0.02654867256637168,
    "SSH": 0.02654867256637168,
    "ISB": 0.02654867256637168,
    "LHE": 0.02654867256637168,
    "PEW": 0.02654867256637168,
    "AMM": 0.02654867256637168,
    "KRT": 0.02654867256637168,
    "CDG": 0.017699115044247787,
    "CCJ": 0.017699115044247787,
    "DEL": 0.017699115044247787,
    "LHR": 0.017699115044247787,
    "ADD": 0.017699115044247787,
    "AUH": 0.017699115044247787,
    "BAH": 0.017699115044247787,
    "SAH": 0.017699115044247787,
    "FRA": 0.017699115044247787,
    "BEY": 0.017699115044247787,
    "KHI": 0.017699115044247787,
    "MNL": 0.017699115044247787,
    "DOH": 0.017699115044247787,
    "SIN": 0.017699115044247787,
    "CMB": 0.017699115044247787,
    "GIZ": 0.017699115044247787,
    "IST": 0.017699115044247787,
    "MCT": 0.017699115044247787,
    "DAC": 0.01327433628318584,
    "TRV": 0.008849557522123894,
    "HKG": 0.008849557522123894,
    "DWC": 0.008849557522123894,
    "SHJ": 0.008849557522123894,
    "TAI": 0.008849557522123894,
    "ICN": 0.008849557522123894,
    "MUC": 0.008849557522123894,
    "SKT": 0.008849557522123894,
    "ABT": 0.008849557522123894,
    "AQI": 0.008849557522123894,
    "BHH": 0.008849557522123894,
    "BLR": 0.008849557522123894,
    "CAN": 0.008849557522123894,
    "CGK": 0.008849557522123894,
    "CMN": 0.008849557522123894,
    "COK": 0.008849557522123894,
    "DWD": 0.008849557522123894,
    "EAM": 0.008849557522123894,
    "FCO": 0.008849557522123894,
    "GVA": 0.008849557522123894,
    "HAS": 0.008849557522123894,
    "HYD": 0.008849557522123894,
    "IAD": 0.008849557522123894,
    "JFK": 0.008849557522123894,
    "KUL": 0.008849557522123894,
    "LKO": 0.008849557522123894,
    "MAA": 0.008849557522123894,
    "MXP": 0.008849557522123894,
    "RAE": 0.008849557522123894,
    "RAH": 0.008849557522123894,
    "SHW": 0.008849557522123894,
    "TUI": 0.008849557522123894,
    "ULH": 0.008849557522123894,
    "URY": 0.008849557522123894,
    "WAE": 0.008849557522123894,
    "ATZ": 0.008849557522123894,
    "HMB": 0.008849557522123894,
    "HTY": 0.008849557522123894,
    "LXR": 0.008849557522123894,
    "SAW": 0.008849557522123894,
    "ADE": 0.004424778761061947
  },
  "domestic_ratio": 0.141,
  "fleet_mix": {
    "JAI": {
      "B739": 0.5,
      "B738": 0.5
    },
    "AFR": {
      "A330": 1.0
    },
    "AIC": {
      "B777": 1.0
    },
    "RAM": {
      "B738": 1.0
    },
    "BAW": {
      "B744": 0.5,
      "B777": 0.5
    },
    "BBC": {
      "B777": 1.0
    },
    "CPA": {
      "A330": 1.0
    },
    "RBG": {
      "A320": 1.0
    },
    "UAE": {
      "B777": 1.0
    },
    "ETH": {
      "B738": 1.0
    },
    "ETD": {
      "A330": 0.5,
      "A320": 0.25,
      "B777": 0.25
    },
    "FDB": {
      "B738": 1.0
    },
    "ABY": {
      "A320": 1.0
    },
    "GBA": {
      "A320": 0.5,
      "A321": 0.5
    },
    "IYE": {
      "A320": 1.0
    },
    "JZR": {
      "A320": 1.0
    },
    "KAL": {
      "A330": 1.0
    },
    "KAC": {
      "A320": 1.0
    },
    "GEC": {
      "A330": 1.0
    },
    "MEA": {
      "A320": 0.3333333333333333,
      "A330": 0.3333333333333333,
      "A321": 0.3333333333333333
    },
    "MSR": {
      "B738": 0.25,
      "A330": 0.25,
      "A320": 0.25,
      "E175": 0.25
    },
    "SAI": {
      "A330": 0.75,
      "A320": 0.25
    },
    "PIA": {
      "B777": 1.0
    },
    "QTR": {
      "B787": 0.25,
      "A330": 0.25,
      "A321": 0.25,
      "A320": 0.25
    },
    "RJA": {
      "E175": 0.3333333333333333,
      "A320": 0.3333333333333333,
      "E190": 0.3333333333333333
    },
    "SQC": {
      "A330": 1.0
    },
    "SVA": {
      "A320": 0.31155778894472363,
      "B777": 0.2613065326633166,
      "E175": 0.18592964824120603,
      "A321": 0.1407035175879397,
      "A330": 0.08040201005025126,
      "B744": 0.020100502512562814
    },
    "THY": {
      "A321": 0.5,
      "A330": 0.5
    },
    "ALK": {
      "A330": 1.0
    },
    "AEA": {
      "A320": 1.0
    },
    "OMA": {
      "E175": 0.3333333333333333,
      "B738": 0.3333333333333333,
      "B737": 0.3333333333333333
    },
    "KNE": {
      "A320": 1.0
    }
  },
  "hourly_profile": [],
  "delay_rate": 0.0,
  "delay_distribution": {},
  "mean_delay_minutes": 0.0,
  "data_source": "openflights",
  "region": "",
  "profile_date": "2026-03-21",
  "sample_size": 263
}