{
  "icao_code": "RUN",
  "iata_code": "RUN",
  "airline_shares": {
    "REU": 0.5,
    "MDG": 0.19444444444444445,
    "CRL": 0.1111111111111111,
    "SEU": 0.08333333333333333,
    "AFR": 0.05555555555555555,
    "MAU": 0.05555555555555555
  },
  "domestic_route_shares": {},
  "international_route_shares": {
    "MRU": 0.16666666666666666,
    "ORY": 0.1111111111111111,
    "TNR": 0.1111111111111111,
    "TMM": 0.08333333333333333,
    "DZA": 0.08333333333333333,
    "DIE": 0.05555555555555555,
    "SMS": 0.05555555555555555,
    "MRS": 0.05555555555555555,
    "CDG": 0.05555555555555555,
    "HAH": 0.05555555555555555,
    "JNB": 0.05555555555555555,
    "MAA": 0.05555555555555555,
    "NOS": 0.05555555555555555
  },
  "domestic_ratio": 0.0,
  "fleet_mix": {
    "AFR": {
      "B777": 1.0
    },
    "MDG": {
      "AT76": 1.0
    },
    "MAU": {
      "AT76": 0.3333333333333333,
      "A319": 0.3333333333333333,
      "A330": 0.3333333333333333
    },
    "SEU": {
      "A330": 1.0
    },
    "CRL": {
      "B744": 1.0
    },
    "REU": {
      "B738": 0.5,
      "B777": 0.2857142857142857,
      "AT76": 0.21428571428571427
    }
  },
  "hourly_profile": [],
  "delay_rate": 0.0,
  "delay_distribution": {},
  "mean_delay_minutes": 0.0,
  "data_source": "openflights",
  "region": "",
  "profile_date": "2026-03-21",
  "sample_size": 36
}