{
  "icao_code": "SAH",
  "iata_code": "SAH",
  "airline_shares": {
    "IYE": 0.4861111111111111,
    "ATM": 0.2222222222222222,
    "SVA": 0.05555555555555555,
    "UAE": 0.027777777777777776,
    "ETD": 0.027777777777777776,
    "FDB": 0.027777777777777776,
    "GBA": 0.027777777777777776,
    "MSR": 0.027777777777777776,
    "QTR": 0.027777777777777776,
    "RJA": 0.027777777777777776,
    "THY": 0.027777777777777776,
    "KAC": 0.013888888888888888
  },
  "domestic_route_shares": {
    "ADE": 0.38461538461538464,
    "GXF": 0.3076923076923077,
    "RIY": 0.3076923076923077
  },
  "international_route_shares": {
    "DXB": 0.1016949152542373,
    "HOD": 0.06779661016949153,
    "TAI": 0.06779661016949153,
    "AMM": 0.06779661016949153,
    "CAI": 0.06779661016949153,
    "JED": 0.06779661016949153,
    "RUH": 0.06779661016949153,
    "JIB": 0.05084745762711865,
    "DOH": 0.05084745762711865,
    "AUH": 0.03389830508474576,
    "AAY": 0.03389830508474576,
    "AXK": 0.03389830508474576,
    "BAH": 0.03389830508474576,
    "ADD": 0.03389830508474576,
    "ASM": 0.03389830508474576,
    "BEY": 0.03389830508474576,
    "KRT": 0.03389830508474576,
    "NBO": 0.03389830508474576,
    "KWI": 0.03389830508474576,
    "AHB": 0.01694915254237288,
    "BOM": 0.01694915254237288,
    "IST": 0.01694915254237288
  },
  "domestic_ratio": 0.181,
  "fleet_mix": {
    "UAE": {
      "A330": 1.0
    },
    "ETD": {
      "A320": 1.0
    },
    "ATM": {
      "CRJ7": 1.0
    },
    "FDB": {
      "B738": 1.0
    },
    "GBA": {
      "A320": 1.0
    },
    "IYE": {
      "A320": 1.0
    },
    "KAC": {
      "A320": 1.0
    },
    "MSR": {
      "A320": 1.0
    },
    "QTR": {
      "A320": 1.0
    },
    "RJA": {
      "A320": 1.0
    },
    "SVA": {
      "A320": 1.0
    },
    "THY": {
      "B738": 1.0
    }
  },
  "hourly_profile": [],
  "delay_rate": 0.0,
  "delay_distribution": {},
  "mean_delay_minutes": 0.0,
  "data_source": "openflights",
  "region": "",
  "profile_date": "2026-03-21",
  "sample_size": 72
}