{
  "icao_code": "SAL",
  "iata_code": "SAL",
  "airline_shares": {
    "AVA": 0.6067415730337079,
    "USA": 0.16853932584269662,
    "AAL": 0.0449438202247191,
    "TAT": 0.0449438202247191,
    "UAL": 0.0449438202247191,
    "CMP": 0.02247191011235955,
    "DAL": 0.02247191011235955,
    "IBE": 0.02247191011235955,
    "NKS": 0.02247191011235955
  },
  "domestic_route_shares": {},
  "international_route_shares": {
    "DFW": 0.06741573033707865,
    "MIA": 0.06741573033707865,
    "IAH": 0.06741573033707865,
    "EWR": 0.0449438202247191,
    "IAD": 0.0449438202247191,
    "JFK": 0.0449438202247191,
    "LAX": 0.0449438202247191,
    "PTY": 0.0449438202247191,
    "SFO": 0.0449438202247191,
    "GUA": 0.033707865168539325,
    "MCO": 0.033707865168539325,
    "BOG": 0.02247191011235955,
    "BZE": 0.02247191011235955,
    "CLO": 0.02247191011235955,
    "CUN": 0.02247191011235955,
    "GYE": 0.02247191011235955,
    "LIM": 0.02247191011235955,
    "LIR": 0.02247191011235955,
    "MDE": 0.02247191011235955,
    "MEX": 0.02247191011235955,
    "ORD": 0.02247191011235955,
    "RTB": 0.02247191011235955,
    "SAP": 0.02247191011235955,
    "SJO": 0.02247191011235955,
    "TGU": 0.02247191011235955,
    "UIO": 0.02247191011235955,
    "YYZ": 0.02247191011235955,
    "ATL": 0.02247191011235955,
    "FLL": 0.02247191011235955,
    "HAV": 0.02247191011235955,
    "MGA": 0.02247191011235955,
    "MAD": 0.011235955056179775
  },
  "domestic_ratio": 0.0,
  "fleet_mix": {
    "AAL": {
      "B738": 1.0
    },
    "AVA": {
      "E190": 0.3076923076923077,
      "A320": 0.28846153846153844,
      "A319": 0.23076923076923078,
      "A321": 0.1346153846153846,
      "B738": 0.038461538461538464
    },
    "CMP": {
      "E190": 1.0
    },
    "DAL": {
      "A319": 0.5,
      "A320": 0.5
    },
    "NKS": {
      "A320": 0.5,
      "A319": 0.5
    },
    "TAT": {
      "A319": 0.4,
      "A320": 0.4,
      "E190": 0.2
    },
    "UAL": {
      "B738": 1.0
    },
    "USA": {
      "A320": 0.37037037037037035,
      "E190": 0.25925925925925924,
      "A319": 0.14814814814814814,
      "A321": 0.14814814814814814,
      "B738": 0.07407407407407407
    }
  },
  "hourly_profile": [],
  "delay_rate": 0.0,
  "delay_distribution": {},
  "mean_delay_minutes": 0.0,
  "data_source": "openflights",
  "region": "",
  "profile_date": "2026-03-21",
  "sample_size": 89
}