{
  "icao_code": "SAP",
  "iata_code": "SAP",
  "airline_shares": {
    "AVA": 0.23809523809523808,
    "MCK": 0.14285714285714285,
    "P4": 0.14285714285714285,
    "CMP": 0.09523809523809523,
    "UAL": 0.09523809523809523,
    "5U": 0.047619047619047616,
    "N78": 0.047619047619047616,
    "AAL": 0.047619047619047616,
    "DAL": 0.047619047619047616,
    "NKS": 0.047619047619047616,
    "USA": 0.047619047619047616
  },
  "domestic_route_shares": {
    "RTB": 1.0
  },
  "international_route_shares": {
    "GUA": 0.21052631578947367,
    "MIA": 0.15789473684210525,
    "SJO": 0.10526315789473684,
    "BZE": 0.05263157894736842,
    "JFK": 0.05263157894736842,
    "SAL": 0.05263157894736842,
    "TGU": 0.05263157894736842,
    "PTY": 0.05263157894736842,
    "ATL": 0.05263157894736842,
    "FLL": 0.05263157894736842,
    "LCE": 0.05263157894736842,
    "EWR": 0.05263157894736842,
    "IAH": 0.05263157894736842
  },
  "domestic_ratio": 0.095,
  "fleet_mix": {
    "AAL": {
      "B738": 1.0
    },
    "AVA": {
      "A320": 0.42857142857142855,
      "E190": 0.2857142857142857,
      "A319": 0.2857142857142857
    },
    "CMP": {
      "E190": 0.5,
      "B738": 0.5
    },
    "DAL": {
      "A319": 0.5,
      "A320": 0.5
    },
    "NKS": {
      "A320": 0.5,
      "A319": 0.5
    },
    "P4": {
      "CRJ9": 1.0
    },
    "UAL": {
      "B738": 1.0
    },
    "USA": {
      "B738": 0.25,
      "A320": 0.25,
      "E190": 0.25,
      "A319": 0.25
    }
  },
  "hourly_profile": [],
  "delay_rate": 0.0,
  "delay_distribution": {},
  "mean_delay_minutes": 0.0,
  "data_source": "openflights",
  "region": "",
  "profile_date": "2026-03-21",
  "sample_size": 42
}