{
  "icao_code": "SAT",
  "iata_code": "SAT",
  "airline_shares": {
    "SWA": 0.4,
    "DAL": 0.125,
    "4O": 0.1,
    "TRS": 0.0875,
    "USA": 0.0875,
    "AAL": 0.075,
    "UAL": 0.075,
    "ASA": 0.025,
    "VOI": 0.025
  },
  "domestic_route_shares": {
    "ATL": 0.0967741935483871,
    "CLT": 0.06451612903225806,
    "DFW": 0.06451612903225806,
    "PHL": 0.06451612903225806,
    "DEN": 0.06451612903225806,
    "HOU": 0.04838709677419355,
    "SEA": 0.03225806451612903,
    "DTW": 0.03225806451612903,
    "JFK": 0.03225806451612903,
    "SLC": 0.03225806451612903,
    "EWR": 0.03225806451612903,
    "IAH": 0.03225806451612903,
    "BNA": 0.03225806451612903,
    "BWI": 0.03225806451612903,
    "DAL": 0.03225806451612903,
    "ELP": 0.03225806451612903,
    "LAS": 0.03225806451612903,
    "LAX": 0.03225806451612903,
    "MCO": 0.03225806451612903,
    "MDW": 0.03225806451612903,
    "PHX": 0.03225806451612903,
    "SAN": 0.03225806451612903,
    "STL": 0.03225806451612903,
    "TPA": 0.03225806451612903,
    "ORD": 0.016129032258064516
  },
  "international_route_shares": {
    "MEX": 0.3333333333333333,
    "GDL": 0.2222222222222222,
    "MTY": 0.1111111111111111,
    "TLC": 0.1111111111111111,
    "CUN": 0.1111111111111111,
    "HRL": 0.1111111111111111
  },
  "domestic_ratio": 0.775,
  "fleet_mix": {
    "4O": {
      "A320": 1.0
    },
    "AAL": {
      "A319": 0.5,
      "E190": 0.5
    },
    "ASA": {
      "B738": 0.5,
      "B739": 0.5
    },
    "DAL": {
      "A320": 0.75,
      "B738": 0.25
    },
    "TRS": {
      "B737": 1.0
    },
    "UAL": {
      "B737": 0.2777777777777778,
      "A319": 0.2222222222222222,
      "B739": 0.2222222222222222,
      "B738": 0.16666666666666666,
      "A320": 0.1111111111111111
    },
    "USA": {
      "A319": 0.4,
      "E190": 0.4,
      "E175": 0.2
    },
    "SWA": {
      "B738": 1.0
    },
    "VOI": {
      "A319": 0.5,
      "A320": 0.5
    }
  },
  "hourly_profile": [],
  "delay_rate": 0.0,
  "delay_distribution": {},
  "mean_delay_minutes": 0.0,
  "data_source": "openflights",
  "region": "",
  "profile_date": "2026-03-21",
  "sample_size": 80
}