{
  "icao_code": "SAW",
  "iata_code": "SAW",
  "airline_shares": {
    "PGT": 0.5725190839694656,
    "THY": 0.16793893129770993,
    "GWI": 0.04580152671755725,
    "BER": 0.04580152671755725,
    "TRA": 0.022900763358778626,
    "SXS": 0.022900763358778626,
    "KNE": 0.022900763358778626,
    "3O": 0.007633587786259542,
    "SJM": 0.007633587786259542,
    "BTI": 0.007633587786259542,
    "FDB": 0.007633587786259542,
    "ABY": 0.007633587786259542,
    "AHY": 0.007633587786259542,
    "JZR": 0.007633587786259542,
    "ASL": 0.007633587786259542,
    "AMC": 0.007633587786259542,
    "KAC": 0.007633587786259542,
    "AUI": 0.007633587786259542,
    "TVF": 0.007633587786259542,
    "WZZ": 0.007633587786259542
  },
  "domestic_route_shares": {
    "ADB": 0.16666666666666666,
    "AYT": 0.16666666666666666,
    "BJV": 0.1111111111111111,
    "ESB": 0.1111111111111111,
    "ADA": 0.05555555555555555,
    "ASR": 0.05555555555555555,
    "DLM": 0.05555555555555555,
    "EDO": 0.05555555555555555,
    "GNY": 0.05555555555555555,
    "GZT": 0.05555555555555555,
    "KYA": 0.05555555555555555,
    "NAV": 0.05555555555555555
  },
  "international_route_shares": {
    "KWI": 0.035398230088495575,
    "CGN": 0.02654867256637168,
    "STR": 0.02654867256637168,
    "DUS": 0.02654867256637168,
    "MUC": 0.02654867256637168,
    "AMS": 0.02654867256637168,
    "DTM": 0.017699115044247787,
    "NUE": 0.017699115044247787,
    "SXF": 0.017699115044247787,
    "DXB": 0.017699115044247787,
    "GYD": 0.017699115044247787,
    "BEG": 0.017699115044247787,
    "ECN": 0.017699115044247787,
    "FRA": 0.017699115044247787,
    "IKA": 0.017699115044247787,
    "ORY": 0.017699115044247787,
    "SJJ": 0.017699115044247787,
    "TBS": 0.017699115044247787,
    "TLV": 0.017699115044247787,
    "VIE": 0.017699115044247787,
    "KBP": 0.017699115044247787,
    "CMN": 0.008849557522123894,
    "HAJ": 0.008849557522123894,
    "HAM": 0.008849557522123894,
    "TXL": 0.008849557522123894,
    "MRV": 0.008849557522123894,
    "RIX": 0.008849557522123894,
    "SHJ": 0.008849557522123894,
    "EIN": 0.008849557522123894,
    "RTM": 0.008849557522123894,
    "MLA": 0.008849557522123894,
    "ALA": 0.008849557522123894,
    "ARN": 0.008849557522123894,
    "ATH": 0.008849557522123894,
    "BAL": 0.008849557522123894,
    "BCN": 0.008849557522123894,
    "BEY": 0.008849557522123894,
    "BGY": 0.008849557522123894,
    "BLQ": 0.008849557522123894,
    "BSL": 0.008849557522123894,
    "CPH": 0.008849557522123894,
    "CRL": 0.008849557522123894,
    "DIY": 0.008849557522123894,
    "DME": 0.008849557522123894,
    "DNZ": 0.008849557522123894,
    "DOH": 0.008849557522123894,
    "DOK": 0.008849557522123894,
    "EBU": 0.008849557522123894,
    "ERC": 0.008849557522123894,
    "ERZ": 0.008849557522123894,
    "EZS": 0.008849557522123894,
    "FCO": 0.008849557522123894,
    "FRU": 0.008849557522123894,
    "GZP": 0.008849557522123894,
    "HRK": 0.008849557522123894,
    "HTY": 0.008849557522123894,
    "KCM": 0.008849557522123894,
    "KRR": 0.008849557522123894,
    "LWO": 0.008849557522123894,
    "MAD": 0.008849557522123894,
    "MLX": 0.008849557522123894,
    "MQM": 0.008849557522123894,
    "MRS": 0.008849557522123894,
    "MSR": 0.008849557522123894,
    "MZH": 0.008849557522123894,
    "OMS": 0.008849557522123894,
    "OTP": 0.008849557522123894,
    "PRN": 0.008849557522123894,
    "SKP": 0.008849557522123894,
    "STN": 0.008849557522123894,
    "TIA": 0.008849557522123894,
    "TZX": 0.008849557522123894,
    "VAN": 0.008849557522123894,
    "VAS": 0.008849557522123894,
    "ZRH": 0.008849557522123894,
    "ASF": 0.008849557522123894,
    "BRU": 0.008849557522123894,
    "CDG": 0.008849557522123894,
    "LGW": 0.008849557522123894,
    "MXP": 0.008849557522123894,
    "STW": 0.008849557522123894,
    "BUD": 0.008849557522123894,
    "JED": 0.008849557522123894,
    "MED": 0.008849557522123894,
    "RUH": 0.008849557522123894
  },
  "domestic_ratio": 0.137,
  "fleet_mix": {
    "3O": {
      "A320": 1.0
    },
    "GWI": {
      "A319": 0.8571428571428571,
      "A320": 0.14285714285714285
    },
    "BER": {
      "B738": 0.7333333333333333,
      "A320": 0.26666666666666666
    },
    "FDB": {
      "B738": 1.0
    },
    "ABY": {
      "A320": 1.0
    },
    "TRA": {
      "B738": 1.0
    },
    "AHY": {
      "A319": 1.0
    },
    "JZR": {
      "A320": 1.0
    },
    "AMC": {
      "A320": 1.0
    },
    "KAC": {
      "B738": 1.0
    },
    "PGT": {
      "B738": 0.635593220338983,
      "A320": 0.3644067796610169
    },
    "AUI": {
      "B738": 1.0
    },
    "THY": {
      "B738": 0.9130434782608695,
      "A320": 0.08695652173913043
    },
    "TVF": {
      "B738": 1.0
    },
    "WZZ": {
      "A320": 1.0
    },
    "SXS": {
      "B738": 1.0
    },
    "KNE": {
      "A320": 1.0
    }
  },
  "hourly_profile": [],
  "delay_rate": 0.0,
  "delay_distribution": {},
  "mean_delay_minutes": 0.0,
  "data_source": "openflights",
  "region": "",
  "profile_date": "2026-03-21",
  "sample_size": 262
}