{
  "icao_code": "SBGR",
  "iata_code": "GRU",
  "airline_shares": {
    "TAM": 0.2618384401114206,
    "SEH": 0.22284122562674094,
    "AZU": 0.08356545961002786,
    "ONE": 0.06685236768802229,
    "CGN": 0.033426183844011144,
    "AAL": 0.033426183844011144,
    "UAL": 0.027855153203342618,
    "USA": 0.027855153203342618,
    "LAP": 0.022284122562674095,
    "DAL": 0.016713091922005572,
    "GEC": 0.011142061281337047,
    "QTR": 0.011142061281337047,
    "THY": 0.011142061281337047,
    "TAP": 0.011142061281337047,
    "MRS": 0.011142061281337047,
    "ASZ": 0.008356545961002786,
    "5Q": 0.005571030640668524,
    "ACA": 0.005571030640668524,
    "AFR": 0.005571030640668524,
    "AMX": 0.005571030640668524,
    "ARG": 0.005571030640668524,
    "RAM": 0.005571030640668524,
    "AVA": 0.005571030640668524,
    "AZA": 0.005571030640668524,
    "BAW": 0.005571030640668524,
    "CCA": 0.005571030640668524,
    "CMP": 0.005571030640668524,
    "DTA": 0.005571030640668524,
    "UAE": 0.005571030640668524,
    "TAE": 0.005571030640668524,
    "ETH": 0.005571030640668524,
    "ETD": 0.005571030640668524,
    "SKU": 0.005571030640668524,
    "IBE": 0.005571030640668524,
    "KAL": 0.005571030640668524,
    "KLM": 0.005571030640668524,
    "LAN": 0.005571030640668524,
    "SWR": 0.005571030640668524,
    "SAA": 0.005571030640668524,
    "SQC": 0.005571030640668524,
    "AEA": 0.005571030640668524
  },
  "domestic_route_shares": {
    "GIG": 0.0743801652892562,
    "BSB": 0.06611570247933884,
    "CGB": 0.06611570247933884,
    "POA": 0.06611570247933884,
    "REC": 0.06611570247933884,
    "SSA": 0.06611570247933884,
    "CNF": 0.049586776859504134,
    "CWB": 0.049586776859504134,
    "GYN": 0.049586776859504134,
    "FLN": 0.049586776859504134,
    "FOR": 0.049586776859504134,
    "MCZ": 0.049586776859504134,
    "NVT": 0.03305785123966942,
    "SDU": 0.03305785123966942,
    "BEL": 0.03305785123966942,
    "BPS": 0.03305785123966942,
    "IGU": 0.03305785123966942,
    "JPA": 0.03305785123966942,
    "MAO": 0.03305785123966942,
    "SLZ": 0.03305785123966942,
    "VIX": 0.03305785123966942
  },
  "international_route_shares": {
    "JFK": 0.04201680672268908,
    "EZE": 0.04201680672268908,
    "MVD": 0.03361344537815126,
    "MAD": 0.03361344537815126,
    "RAO": 0.025210084033613446,
    "UDI": 0.025210084033613446,
    "DFW": 0.025210084033613446,
    "LAX": 0.025210084033613446,
    "MIA": 0.025210084033613446,
    "CGR": 0.025210084033613446,
    "AEP": 0.025210084033613446,
    "ASU": 0.025210084033613446,
    "NAT": 0.025210084033613446,
    "SCL": 0.025210084033613446,
    "CLT": 0.01680672268907563,
    "MCO": 0.01680672268907563,
    "CDG": 0.01680672268907563,
    "MEX": 0.01680672268907563,
    "BOG": 0.01680672268907563,
    "LHR": 0.01680672268907563,
    "DTW": 0.01680672268907563,
    "AJU": 0.01680672268907563,
    "CCS": 0.01680672268907563,
    "LDB": 0.01680672268907563,
    "ROS": 0.01680672268907563,
    "THE": 0.01680672268907563,
    "VVI": 0.01680672268907563,
    "FRA": 0.01680672268907563,
    "JNB": 0.01680672268907563,
    "CAC": 0.008403361344537815,
    "DOU": 0.008403361344537815,
    "UBA": 0.008403361344537815,
    "VDC": 0.008403361344537815,
    "YYZ": 0.008403361344537815,
    "ARU": 0.008403361344537815,
    "IOS": 0.008403361344537815,
    "IPN": 0.008403361344537815,
    "PLU": 0.008403361344537815,
    "CMN": 0.008403361344537815,
    "FCO": 0.008403361344537815,
    "PTY": 0.008403361344537815,
    "ATL": 0.008403361344537815,
    "LAD": 0.008403361344537815,
    "DXB": 0.008403361344537815,
    "UIO": 0.008403361344537815,
    "AUH": 0.008403361344537815,
    "BGI": 0.008403361344537815,
    "COR": 0.008403361344537815,
    "MGF": 0.008403361344537815,
    "SDQ": 0.008403361344537815,
    "JOI": 0.008403361344537815,
    "LIM": 0.008403361344537815,
    "MXP": 0.008403361344537815,
    "SJP": 0.008403361344537815,
    "AMS": 0.008403361344537815,
    "MUC": 0.008403361344537815,
    "ZRH": 0.008403361344537815,
    "JDO": 0.008403361344537815,
    "PFB": 0.008403361344537815,
    "AGT": 0.008403361344537815,
    "DOH": 0.008403361344537815,
    "BCN": 0.008403361344537815,
    "IST": 0.008403361344537815,
    "LIS": 0.008403361344537815,
    "OPO": 0.008403361344537815,
    "EWR": 0.008403361344537815,
    "IAD": 0.008403361344537815,
    "IAH": 0.008403361344537815,
    "ORD": 0.008403361344537815,
    "LFW": 0.004201680672268907,
    "CBB": 0.004201680672268907
  },
  "domestic_ratio": 0.337,
  "fleet_mix": {
    "CGN": {
      "AT76": 1.0
    },
    "5Q": {
      "AT76": 0.5,
      "A319": 0.5
    },
    "AAL": {
      "B777": 0.7777777777777778,
      "A330": 0.1111111111111111,
      "A320": 0.1111111111111111
    },
    "ACA": {
      "B767": 1.0
    },
    "AZU": {
      "E190": 0.8536585365853658,
      "AT76": 0.14634146341463414
    },
    "AFR": {
      "B777": 1.0
    },
    "AMX": {
      "B777": 1.0
    },
    "ARG": {
      "B737": 1.0
    },
    "RAM": {
      "B767": 1.0
    },
    "AVA": {
      "A319": 1.0
    },
    "AZA": {
      "B777": 1.0
    },
    "BAW": {
      "B744": 1.0
    },
    "CMP": {
      "B738": 1.0
    },
    "DAL": {
      "B767": 1.0
    },
    "DTA": {
      "B777": 1.0
    },
    "UAE": {
      "B777": 1.0
    },
    "TAE": {
      "E175": 1.0
    },
    "ETH": {
      "B787": 1.0
    },
    "SEH": {
      "B738": 0.6396396396396397,
      "B737": 0.34234234234234234,
      "B767": 0.018018018018018018
    },
    "SKU": {
      "A319": 1.0
    },
    "TAM": {
      "A320": 0.5546218487394958,
      "B777": 0.16806722689075632,
      "A321": 0.15126050420168066,
      "A319": 0.09243697478991597,
      "B767": 0.01680672268907563,
      "A330": 0.01680672268907563
    },
    "KAL": {
      "B777": 1.0
    },
    "KLM": {
      "B777": 1.0
    },
    "LAN": {
      "A319": 0.3333333333333333,
      "B767": 0.3333333333333333,
      "A320": 0.3333333333333333
    },
    "ONE": {
      "A318": 0.6129032258064516,
      "A320": 0.3870967741935484
    },
    "LAP": {
      "A320": 1.0
    },
    "QTR": {
      "B777": 1.0
    },
    "SAA": {
      "A330": 1.0
    },
    "SQC": {
      "B777": 1.0
    },
    "TAP": {
      "A330": 1.0
    },
    "UAL": {
      "B777": 0.6,
      "B767": 0.4
    },
    "USA": {
      "B777": 0.8333333333333334,
      "A330": 0.16666666666666666
    },
    "AEA": {
      "A330": 1.0
    }
  },
  "hourly_profile": [
    0.008,
    0.005,
    0.003,
    0.003,
    0.005,
    0.015,
    0.055,
    0.065,
    0.07,
    0.06,
    0.05,
    0.045,
    0.042,
    0.045,
    0.05,
    0.055,
    0.062,
    0.068,
    0.065,
    0.058,
    0.045,
    0.035,
    0.02,
    0.01
  ],
  "taxi_out_mean_min": 0.0,
  "taxi_out_p95_min": 0.0,
  "taxi_in_mean_min": 0.0,
  "taxi_in_p95_min": 0.0,
  "turnaround_median_min": 0.0,
  "turnaround_p75_min": 0.0,
  "turnaround_p95_min": 0.0,
  "delay_rate": 0.22,
  "delay_distribution": {
    "71": 0.2,
    "68": 0.18,
    "81": 0.16,
    "72": 0.14,
    "62": 0.1,
    "63": 0.08,
    "67": 0.06,
    "61": 0.04,
    "41": 0.04
  },
  "mean_delay_minutes": 28.0,
  "data_source": "openflights+known_stats",
  "region": "",
  "profile_date": "2026-03-22",
  "sample_size": 359
}