{
  "icao_code": "SCL",
  "iata_code": "SCL",
  "airline_shares": {
    "LAN": 0.475,
    "SKU": 0.16666666666666666,
    "AAL": 0.03333333333333333,
    "ACA": 0.03333333333333333,
    "AVA": 0.03333333333333333,
    "USA": 0.03333333333333333,
    "5P": 0.025,
    "5Q": 0.016666666666666666,
    "AFR": 0.016666666666666666,
    "AMX": 0.016666666666666666,
    "ARG": 0.016666666666666666,
    "CMP": 0.016666666666666666,
    "DAL": 0.016666666666666666,
    "IBE": 0.016666666666666666,
    "TAM": 0.016666666666666666,
    "KLM": 0.016666666666666666,
    "LAP": 0.016666666666666666,
    "QFA": 0.016666666666666666,
    "AEA": 0.016666666666666666
  },
  "domestic_route_shares": {
    "CCP": 0.18518518518518517,
    "IQQ": 0.18518518518518517,
    "ANF": 0.18518518518518517,
    "PMC": 0.14814814814814814,
    "ZCO": 0.14814814814814814,
    "IPC": 0.07407407407407407,
    "PUQ": 0.07407407407407407
  },
  "international_route_shares": {
    "EZE": 0.08602150537634409,
    "MIA": 0.06451612903225806,
    "GRU": 0.06451612903225806,
    "MVD": 0.043010752688172046,
    "DFW": 0.043010752688172046,
    "MEX": 0.043010752688172046,
    "AEP": 0.043010752688172046,
    "LIM": 0.043010752688172046,
    "CJC": 0.043010752688172046,
    "CPO": 0.043010752688172046,
    "MAD": 0.043010752688172046,
    "YYZ": 0.021505376344086023,
    "CDG": 0.021505376344086023,
    "BOG": 0.021505376344086023,
    "PTY": 0.021505376344086023,
    "ATL": 0.021505376344086023,
    "LSC": 0.021505376344086023,
    "AKL": 0.021505376344086023,
    "ARI": 0.021505376344086023,
    "CCS": 0.021505376344086023,
    "COR": 0.021505376344086023,
    "CUN": 0.021505376344086023,
    "GIG": 0.021505376344086023,
    "GYE": 0.021505376344086023,
    "JFK": 0.021505376344086023,
    "MDZ": 0.021505376344086023,
    "PUJ": 0.021505376344086023,
    "ASU": 0.021505376344086023,
    "SYD": 0.021505376344086023,
    "SSA": 0.021505376344086023,
    "UIO": 0.010752688172043012,
    "ZOS": 0.010752688172043012,
    "ZAL": 0.010752688172043012
  },
  "domestic_ratio": 0.225,
  "fleet_mix": {
    "5P": {
      "B737": 1.0
    },
    "5Q": {
      "A319": 1.0
    },
    "AAL": {
      "B767": 1.0
    },
    "ACA": {
      "B767": 1.0
    },
    "AFR": {
      "B777": 1.0
    },
    "AMX": {
      "B767": 1.0
    },
    "ARG": {
      "B737": 1.0
    },
    "AVA": {
      "A319": 0.5,
      "A321": 0.5
    },
    "CMP": {
      "B738": 1.0
    },
    "SKU": {
      "A319": 0.5882352941176471,
      "A320": 0.4117647058823529
    },
    "TAM": {
      "B777": 0.5,
      "A320": 0.5
    },
    "KLM": {
      "B777": 1.0
    },
    "LAN": {
      "A320": 0.3855421686746988,
      "A319": 0.27710843373493976,
      "B767": 0.26506024096385544,
      "B787": 0.07228915662650602
    },
    "LAP": {
      "A320": 1.0
    },
    "QFA": {
      "B744": 1.0
    },
    "USA": {
      "B767": 1.0
    },
    "AEA": {
      "A330": 1.0
    }
  },
  "hourly_profile": [],
  "delay_rate": 0.0,
  "delay_distribution": {},
  "mean_delay_minutes": 0.0,
  "data_source": "openflights",
  "region": "",
  "profile_date": "2026-03-21",
  "sample_size": 120
}