{
  "icao_code": "SCO",
  "iata_code": "SCO",
  "airline_shares": {
    "VSV": 0.7142857142857143,
    "KZR": 0.19047619047619047,
    "AHY": 0.047619047619047616,
    "TSO": 0.047619047619047616
  },
  "domestic_route_shares": {
    "ALA": 0.25,
    "GUW": 0.25,
    "AKX": 0.125,
    "CIT": 0.125,
    "KZO": 0.125,
    "URA": 0.125
  },
  "international_route_shares": {
    "GYD": 0.15384615384615385,
    "TSE": 0.15384615384615385,
    "ASF": 0.07692307692307693,
    "DME": 0.07692307692307693,
    "EVN": 0.07692307692307693,
    "KRR": 0.07692307692307693,
    "MCX": 0.07692307692307693,
    "MRV": 0.07692307692307693,
    "TBS": 0.07692307692307693,
    "IST": 0.07692307692307693,
    "VKO": 0.07692307692307693
  },
  "domestic_ratio": 0.381,
  "fleet_mix": {
    "VSV": {
      "CRJ9": 1.0
    },
    "AHY": {
      "E175": 0.5,
      "E190": 0.5
    },
    "KZR": {
      "A320": 0.6,
      "A321": 0.2,
      "E190": 0.2
    },
    "TSO": {
      "B737": 1.0
    }
  },
  "hourly_profile": [],
  "delay_rate": 0.0,
  "delay_distribution": {},
  "mean_delay_minutes": 0.0,
  "data_source": "openflights",
  "region": "",
  "profile_date": "2026-03-21",
  "sample_size": 42
}