{
  "icao_code": "SCQ",
  "iata_code": "SCQ",
  "airline_shares": {
    "RYR": 0.48148148148148145,
    "AEA": 0.14814814814814814,
    "VLG": 0.14814814814814814,
    "EZY": 0.1111111111111111,
    "EIN": 0.037037037037037035,
    "IBE": 0.037037037037037035,
    "THY": 0.037037037037037035
  },
  "domestic_route_shares": {
    "ACE": 0.11764705882352941,
    "AGP": 0.11764705882352941,
    "BCN": 0.11764705882352941,
    "LPA": 0.11764705882352941,
    "TFS": 0.11764705882352941,
    "PMI": 0.08823529411764706,
    "ALC": 0.058823529411764705,
    "MAD": 0.058823529411764705,
    "SVQ": 0.058823529411764705,
    "VLC": 0.058823529411764705,
    "BIO": 0.058823529411764705,
    "IBZ": 0.029411764705882353
  },
  "international_route_shares": {
    "BRU": 0.2,
    "DUB": 0.1,
    "BGY": 0.1,
    "HHN": 0.1,
    "STN": 0.1,
    "BSL": 0.1,
    "GVA": 0.1,
    "LGW": 0.1,
    "CDG": 0.1
  },
  "domestic_ratio": 0.63,
  "fleet_mix": {
    "EIN": {
      "A320": 1.0
    },
    "RYR": {
      "B738": 1.0
    },
    "IBE": {
      "A320": 1.0
    },
    "THY": {
      "A320": 1.0
    },
    "EZY": {
      "A319": 0.6,
      "A320": 0.4
    },
    "AEA": {
      "B738": 1.0
    },
    "VLG": {
      "A320": 1.0
    }
  },
  "hourly_profile": [],
  "delay_rate": 0.0,
  "delay_distribution": {},
  "mean_delay_minutes": 0.0,
  "data_source": "openflights",
  "region": "",
  "profile_date": "2026-03-21",
  "sample_size": 54
}