{
  "icao_code": "SDF",
  "iata_code": "SDF",
  "airline_shares": {
    "SWA": 0.38095238095238093,
    "USA": 0.2857142857142857,
    "DAL": 0.19047619047619047,
    "AAL": 0.09523809523809523,
    "TRS": 0.047619047619047616
  },
  "domestic_route_shares": {
    "ATL": 0.14285714285714285,
    "CLT": 0.09523809523809523,
    "DFW": 0.09523809523809523,
    "LGA": 0.09523809523809523,
    "DTW": 0.047619047619047616,
    "DCA": 0.047619047619047616,
    "MIA": 0.047619047619047616,
    "ORD": 0.047619047619047616,
    "BWI": 0.047619047619047616,
    "DEN": 0.047619047619047616,
    "LAS": 0.047619047619047616,
    "MCO": 0.047619047619047616,
    "MDW": 0.047619047619047616,
    "PHX": 0.047619047619047616,
    "TPA": 0.047619047619047616,
    "JFK": 0.023809523809523808,
    "MSP": 0.023809523809523808
  },
  "international_route_shares": {},
  "domestic_ratio": 1.0,
  "fleet_mix": {
    "AAL": {
      "A319": 0.5,
      "CRJ9": 0.3333333333333333,
      "CRJ7": 0.16666666666666666
    },
    "DAL": {
      "CRJ9": 1.0
    },
    "USA": {
      "CRJ9": 0.36363636363636365,
      "A319": 0.2727272727272727,
      "CRJ7": 0.18181818181818182,
      "E175": 0.18181818181818182
    }
  },
  "hourly_profile": [],
  "delay_rate": 0.0,
  "delay_distribution": {},
  "mean_delay_minutes": 0.0,
  "data_source": "openflights",
  "region": "",
  "profile_date": "2026-03-21",
  "sample_size": 42
}