{
  "icao_code": "SDJ",
  "iata_code": "SDJ",
  "airline_shares": {
    "IBX": 0.2727272727272727,
    "ANA": 0.2727272727272727,
    "SKY": 0.13636363636363635,
    "EVA": 0.045454545454545456,
    "CCA": 0.045454545454545456,
    "HAL": 0.045454545454545456,
    "ADO": 0.045454545454545456,
    "MM": 0.045454545454545456,
    "OZR": 0.045454545454545456,
    "UAL": 0.045454545454545456
  },
  "domestic_route_shares": {
    "CTS": 0.2571428571428571,
    "FUK": 0.17142857142857143,
    "ITM": 0.11428571428571428,
    "NGO": 0.11428571428571428,
    "UKB": 0.05714285714285714,
    "HIJ": 0.05714285714285714,
    "KMQ": 0.05714285714285714,
    "KIX": 0.05714285714285714,
    "NRT": 0.05714285714285714,
    "OKA": 0.05714285714285714
  },
  "international_route_shares": {
    "TPE": 0.2222222222222222,
    "PVG": 0.2222222222222222,
    "ICN": 0.2222222222222222,
    "GUM": 0.2222222222222222,
    "HNL": 0.1111111111111111
  },
  "domestic_ratio": 0.795,
  "fleet_mix": {
    "SKY": {
      "B737": 1.0
    },
    "EVA": {
      "A321": 1.0
    },
    "CCA": {
      "B738": 1.0
    },
    "IBX": {
      "CRJ9": 1.0
    },
    "HAL": {
      "B767": 1.0
    },
    "MM": {
      "A320": 1.0
    },
    "ANA": {
      "B767": 0.4444444444444444,
      "B737": 0.3333333333333333,
      "A320": 0.2222222222222222
    },
    "OZR": {
      "A321": 0.5,
      "B767": 0.5
    },
    "UAL": {
      "B737": 1.0
    }
  },
  "hourly_profile": [],
  "delay_rate": 0.0,
  "delay_distribution": {},
  "mean_delay_minutes": 0.0,
  "data_source": "openflights",
  "region": "",
  "profile_date": "2026-03-21",
  "sample_size": 44
}