{
  "icao_code": "SDQ",
  "iata_code": "SDQ",
  "airline_shares": {
    "JBU": 0.12048192771084337,
    "SEH": 0.0963855421686747,
    "3S": 0.07228915662650602,
    "CFG": 0.07228915662650602,
    "AFR": 0.060240963855421686,
    "7I": 0.04819277108433735,
    "AAL": 0.04819277108433735,
    "AVA": 0.04819277108433735,
    "CUB": 0.04819277108433735,
    "DAL": 0.04819277108433735,
    "AXZ": 0.04819277108433735,
    "FWI": 0.04819277108433735,
    "USA": 0.04819277108433735,
    "WM": 0.04819277108433735,
    "SBS": 0.024096385542168676,
    "CMP": 0.024096385542168676,
    "LIA": 0.024096385542168676,
    "NKS": 0.024096385542168676,
    "UAL": 0.024096385542168676,
    "AEA": 0.024096385542168676
  },
  "domestic_route_shares": {
    "PUJ": 1.0
  },
  "international_route_shares": {
    "PTP": 0.07317073170731707,
    "SXM": 0.07317073170731707,
    "MIA": 0.07317073170731707,
    "CUR": 0.06097560975609756,
    "PHL": 0.04878048780487805,
    "FLL": 0.04878048780487805,
    "JFK": 0.04878048780487805,
    "MCO": 0.04878048780487805,
    "SJU": 0.04878048780487805,
    "PTY": 0.04878048780487805,
    "FDF": 0.024390243902439025,
    "BOG": 0.024390243902439025,
    "LIM": 0.024390243902439025,
    "BOS": 0.024390243902439025,
    "HAV": 0.024390243902439025,
    "SCU": 0.024390243902439025,
    "FRA": 0.024390243902439025,
    "SJO": 0.024390243902439025,
    "ATL": 0.024390243902439025,
    "GIG": 0.024390243902439025,
    "GRU": 0.024390243902439025,
    "KIN": 0.024390243902439025,
    "PLS": 0.024390243902439025,
    "ANU": 0.024390243902439025,
    "EWR": 0.024390243902439025,
    "MAD": 0.024390243902439025,
    "CDG": 0.012195121951219513,
    "PAP": 0.012195121951219513,
    "ORY": 0.012195121951219513
  },
  "domestic_ratio": 0.012,
  "fleet_mix": {
    "3S": {
      "AT76": 1.0
    },
    "AAL": {
      "B767": 0.5,
      "A320": 0.5
    },
    "AFR": {
      "AT76": 0.6,
      "B744": 0.4
    },
    "AVA": {
      "A319": 0.6666666666666666,
      "A320": 0.3333333333333333
    },
    "JBU": {
      "A320": 0.5714285714285714,
      "E190": 0.2857142857142857,
      "A321": 0.14285714285714285
    },
    "CMP": {
      "B738": 0.3333333333333333,
      "B737": 0.3333333333333333,
      "E190": 0.3333333333333333
    },
    "CUB": {
      "A319": 1.0
    },
    "CFG": {
      "B767": 1.0
    },
    "DAL": {
      "B738": 1.0
    },
    "SEH": {
      "B738": 1.0
    },
    "NKS": {
      "A319": 1.0
    },
    "FWI": {
      "A330": 0.5,
      "AT76": 0.5
    },
    "UAL": {
      "B739": 1.0
    },
    "USA": {
      "B767": 0.5,
      "A320": 0.5
    },
    "AEA": {
      "A330": 1.0
    }
  },
  "hourly_profile": [],
  "delay_rate": 0.0,
  "delay_distribution": {},
  "mean_delay_minutes": 0.0,
  "data_source": "openflights",
  "region": "",
  "profile_date": "2026-03-21",
  "sample_size": 83
}