{
  "icao_code": "SDU",
  "iata_code": "SDU",
  "airline_shares": {
    "AZU": 0.39344262295081966,
    "TAM": 0.19672131147540983,
    "SEH": 0.16393442622950818,
    "LIL": 0.11475409836065574,
    "ONE": 0.09836065573770492,
    "MRS": 0.03278688524590164
  },
  "domestic_route_shares": {
    "CGH": 0.19047619047619047,
    "CNF": 0.14285714285714285,
    "VIX": 0.14285714285714285,
    "BSB": 0.14285714285714285,
    "GRU": 0.09523809523809523,
    "BPS": 0.047619047619047616,
    "CWB": 0.047619047619047616,
    "GYN": 0.047619047619047616,
    "POA": 0.047619047619047616,
    "VCP": 0.047619047619047616,
    "SSA": 0.047619047619047616
  },
  "international_route_shares": {
    "MEA": 0.21052631578947367,
    "SJK": 0.21052631578947367,
    "CAW": 0.15789473684210525,
    "AJU": 0.10526315789473684,
    "IOS": 0.10526315789473684,
    "CFB": 0.10526315789473684,
    "RAO": 0.10526315789473684
  },
  "domestic_ratio": 0.689,
  "fleet_mix": {
    "AZU": {
      "E190": 0.875,
      "AT76": 0.125
    },
    "SEH": {
      "B738": 0.5555555555555556,
      "B737": 0.4444444444444444
    },
    "TAM": {
      "A319": 1.0
    },
    "ONE": {
      "A319": 0.75,
      "A318": 0.25
    }
  },
  "hourly_profile": [],
  "delay_rate": 0.0,
  "delay_distribution": {},
  "mean_delay_minutes": 0.0,
  "data_source": "openflights",
  "region": "",
  "profile_date": "2026-03-21",
  "sample_size": 61
}