{
  "icao_code": "SFB",
  "iata_code": "SFB",
  "airline_shares": {
    "AAY": 0.9587628865979382,
    "ICE": 0.020618556701030927,
    "TFL": 0.020618556701030927
  },
  "domestic_route_shares": {
    "CVG": 0.13333333333333333,
    "DSM": 0.13333333333333333,
    "GRR": 0.13333333333333333,
    "GSO": 0.13333333333333333,
    "OKC": 0.13333333333333333,
    "TUL": 0.13333333333333333,
    "TYS": 0.13333333333333333,
    "MIA": 0.06666666666666667
  },
  "international_route_shares": {
    "KEF": 0.024390243902439025,
    "ABE": 0.024390243902439025,
    "ATW": 0.024390243902439025,
    "AVL": 0.024390243902439025,
    "AVP": 0.024390243902439025,
    "BGR": 0.024390243902439025,
    "BIS": 0.024390243902439025,
    "BLV": 0.024390243902439025,
    "BMI": 0.024390243902439025,
    "BTV": 0.024390243902439025,
    "CHA": 0.024390243902439025,
    "CID": 0.024390243902439025,
    "CKB": 0.024390243902439025,
    "ELM": 0.024390243902439025,
    "FAR": 0.024390243902439025,
    "FSD": 0.024390243902439025,
    "FWA": 0.024390243902439025,
    "GFK": 0.024390243902439025,
    "GSP": 0.024390243902439025,
    "HGR": 0.024390243902439025,
    "HTS": 0.024390243902439025,
    "IAG": 0.024390243902439025,
    "LAN": 0.024390243902439025,
    "LCK": 0.024390243902439025,
    "LEX": 0.024390243902439025,
    "LIT": 0.024390243902439025,
    "MDT": 0.024390243902439025,
    "MLI": 0.024390243902439025,
    "OWB": 0.024390243902439025,
    "PBG": 0.024390243902439025,
    "PHF": 0.024390243902439025,
    "PSM": 0.024390243902439025,
    "RFD": 0.024390243902439025,
    "ROA": 0.024390243902439025,
    "SBN": 0.024390243902439025,
    "SGF": 0.024390243902439025,
    "TOL": 0.024390243902439025,
    "TRI": 0.024390243902439025,
    "XNA": 0.024390243902439025,
    "YNG": 0.024390243902439025,
    "SPI": 0.012195121951219513,
    "AMS": 0.012195121951219513
  },
  "domestic_ratio": 0.155,
  "fleet_mix": {
    "AAY": {
      "A320": 1.0
    },
    "TFL": {
      "B767": 1.0
    }
  },
  "hourly_profile": [],
  "delay_rate": 0.0,
  "delay_distribution": {},
  "mean_delay_minutes": 0.0,
  "data_source": "openflights",
  "region": "",
  "profile_date": "2026-03-21",
  "sample_size": 97
}