{
  "icao_code": "SGC",
  "iata_code": "SGC",
  "airline_shares": {
    "UR": 0.2857142857142857,
    "7J": 0.14285714285714285,
    "YK": 0.14285714285714285,
    "MLD": 0.07142857142857142,
    "CWK": 0.07142857142857142,
    "LYN": 0.07142857142857142,
    "SBI": 0.07142857142857142,
    "AFL": 0.07142857142857142,
    "Y7": 0.07142857142857142
  },
  "domestic_route_shares": {
    "DME": 0.14285714285714285,
    "SVO": 0.14285714285714285,
    "OVB": 0.14285714285714285,
    "SVX": 0.14285714285714285,
    "TJM": 0.14285714285714285,
    "UFA": 0.14285714285714285,
    "TOF": 0.14285714285714285
  },
  "international_route_shares": {
    "FRU": 0.2857142857142857,
    "OSS": 0.2857142857142857,
    "DYU": 0.14285714285714285,
    "LBD": 0.14285714285714285,
    "KIV": 0.14285714285714285
  },
  "domestic_ratio": 0.5,
  "fleet_mix": {
    "MLD": {
      "E190": 1.0
    },
    "CWK": {
      "A320": 1.0
    },
    "AFL": {
      "A320": 0.5,
      "A319": 0.5
    },
    "UR": {
      "AT76": 1.0
    },
    "Y7": {
      "AT76": 1.0
    },
    "YK": {
      "B737": 1.0
    }
  },
  "hourly_profile": [],
  "delay_rate": 0.0,
  "delay_distribution": {},
  "mean_delay_minutes": 0.0,
  "data_source": "openflights",
  "region": "",
  "profile_date": "2026-03-21",
  "sample_size": 28
}