{
  "icao_code": "SGN",
  "iata_code": "SGN",
  "airline_shares": {
    "HVN": 0.40425531914893614,
    "RAC": 0.11702127659574468,
    "PIC": 0.07446808510638298,
    "JAL": 0.02127659574468085,
    "BRV": 0.02127659574468085,
    "QTR": 0.02127659574468085,
    "JSA": 0.010638297872340425,
    "CSC": 0.010638297872340425,
    "CEB": 0.010638297872340425,
    "AAL": 0.010638297872340425,
    "MDA": 0.010638297872340425,
    "AFR": 0.010638297872340425,
    "AXM": 0.010638297872340425,
    "UIA": 0.010638297872340425,
    "EVA": 0.010638297872340425,
    "CCA": 0.010638297872340425,
    "CAL": 0.010638297872340425,
    "CPA": 0.010638297872340425,
    "CSN": 0.010638297872340425,
    "UAE": 0.010638297872340425,
    "ETD": 0.010638297872340425,
    "AIQ": 0.010638297872340425,
    "CRK": 0.010638297872340425,
    "LNI": 0.010638297872340425,
    "KZR": 0.010638297872340425,
    "KAL": 0.010638297872340425,
    "MAS": 0.010638297872340425,
    "CES": 0.010638297872340425,
    "OZR": 0.010638297872340425,
    "PAL": 0.010638297872340425,
    "LAO": 0.010638297872340425,
    "SQC": 0.010638297872340425,
    "AFL": 0.010638297872340425,
    "THA": 0.010638297872340425,
    "THY": 0.010638297872340425,
    "TGW": 0.010638297872340425,
    "UAL": 0.010638297872340425,
    "TSO": 0.010638297872340425
  },
  "domestic_route_shares": {
    "CXR": 0.2,
    "DAD": 0.2,
    "HAN": 0.2,
    "HPH": 0.2,
    "PQC": 0.2
  },
  "international_route_shares": {
    "SIN": 0.06329113924050633,
    "HKG": 0.05063291139240506,
    "BKK": 0.05063291139240506,
    "NRT": 0.0379746835443038,
    "KUL": 0.0379746835443038,
    "BMV": 0.0379746835443038,
    "VII": 0.0379746835443038,
    "TPE": 0.0379746835443038,
    "PNH": 0.0379746835443038,
    "ICN": 0.0379746835443038,
    "MNL": 0.02531645569620253,
    "CDG": 0.02531645569620253,
    "KHH": 0.02531645569620253,
    "CAN": 0.02531645569620253,
    "REP": 0.02531645569620253,
    "PVG": 0.02531645569620253,
    "DME": 0.02531645569620253,
    "DLI": 0.02531645569620253,
    "HUI": 0.02531645569620253,
    "UIH": 0.02531645569620253,
    "NNG": 0.012658227848101266,
    "RMQ": 0.012658227848101266,
    "PEK": 0.012658227848101266,
    "DXB": 0.012658227848101266,
    "AUH": 0.012658227848101266,
    "DMK": 0.012658227848101266,
    "HND": 0.012658227848101266,
    "ALA": 0.012658227848101266,
    "DOH": 0.012658227848101266,
    "PKZ": 0.012658227848101266,
    "SVO": 0.012658227848101266,
    "CGK": 0.012658227848101266,
    "FOC": 0.012658227848101266,
    "FRA": 0.012658227848101266,
    "FUK": 0.012658227848101266,
    "KIX": 0.012658227848101266,
    "MEL": 0.012658227848101266,
    "NGO": 0.012658227848101266,
    "PUS": 0.012658227848101266,
    "PXU": 0.012658227848101266,
    "RGN": 0.012658227848101266,
    "SYD": 0.012658227848101266,
    "THD": 0.012658227848101266,
    "VDH": 0.012658227848101266,
    "VKG": 0.012658227848101266
  },
  "domestic_ratio": 0.16,
  "fleet_mix": {
    "JSA": {
      "A320": 1.0
    },
    "CSC": {
      "A320": 1.0
    },
    "CEB": {
      "A320": 1.0
    },
    "AAL": {
      "B767": 1.0
    },
    "MDA": {
      "E190": 1.0
    },
    "AFR": {
      "B777": 1.0
    },
    "AXM": {
      "A320": 1.0
    },
    "PIC": {
      "A320": 1.0
    },
    "EVA": {
      "B777": 0.5,
      "A330": 0.5
    },
    "CCA": {
      "B737": 1.0
    },
    "CAL": {
      "A330": 1.0
    },
    "CPA": {
      "B777": 0.4,
      "A330": 0.4,
      "A321": 0.2
    },
    "CSN": {
      "B738": 1.0
    },
    "UAE": {
      "B777": 1.0
    },
    "ETD": {
      "A330": 1.0
    },
    "AIQ": {
      "A320": 1.0
    },
    "CRK": {
      "A320": 1.0
    },
    "JAL": {
      "B767": 1.0
    },
    "LNI": {
      "B739": 1.0
    },
    "BRV": {
      "AT76": 0.6666666666666666,
      "A321": 0.3333333333333333
    },
    "KAL": {
      "B738": 0.25,
      "A321": 0.25,
      "A330": 0.25,
      "B744": 0.25
    },
    "MAS": {
      "B738": 1.0
    },
    "CES": {
      "B738": 1.0
    },
    "OZR": {
      "B777": 0.6666666666666666,
      "A321": 0.3333333333333333
    },
    "PAL": {
      "A321": 1.0
    },
    "QTR": {
      "A330": 1.0
    },
    "LAO": {
      "AT76": 1.0
    },
    "SQC": {
      "B777": 0.5,
      "A330": 0.5
    },
    "AFL": {
      "A330": 1.0
    },
    "THA": {
      "B777": 1.0
    },
    "THY": {
      "B777": 1.0
    },
    "TGW": {
      "A320": 1.0
    },
    "UAL": {
      "B738": 0.5,
      "B737": 0.5
    },
    "TSO": {
      "B767": 1.0
    },
    "RAC": {
      "A320": 1.0
    },
    "HVN": {
      "A321": 0.7011494252873564,
      "A330": 0.11494252873563218,
      "AT76": 0.09195402298850575,
      "B777": 0.09195402298850575
    }
  },
  "hourly_profile": [],
  "delay_rate": 0.0,
  "delay_distribution": {},
  "mean_delay_minutes": 0.0,
  "data_source": "openflights",
  "region": "",
  "profile_date": "2026-03-21",
  "sample_size": 188
}