{
  "icao_code": "SHA",
  "iata_code": "SHA",
  "airline_shares": {
    "CES": 0.23098591549295774,
    "CSH": 0.22535211267605634,
    "DKH": 0.1352112676056338,
    "9C": 0.11549295774647887,
    "CSN": 0.07887323943661972,
    "CCA": 0.04507042253521127,
    "CHH": 0.022535211267605635,
    "CXA": 0.016901408450704224,
    "CDG": 0.016901408450704224,
    "KN": 0.011267605633802818,
    "VEX": 0.011267605633802818,
    "CSZ": 0.011267605633802818,
    "RHC": 0.005633802816901409,
    "EVA": 0.005633802816901409,
    "CAL": 0.005633802816901409,
    "CPA": 0.005633802816901409,
    "TNA": 0.005633802816901409,
    "GUN": 0.005633802816901409,
    "CRK": 0.005633802816901409,
    "JAL": 0.005633802816901409,
    "HDA": 0.005633802816901409,
    "KAL": 0.005633802816901409,
    "ANA": 0.005633802816901409,
    "NS": 0.005633802816901409,
    "AMU": 0.005633802816901409,
    "OZR": 0.005633802816901409
  },
  "domestic_route_shares": {
    "CAN": 0.04580152671755725,
    "CKG": 0.04580152671755725,
    "CTU": 0.04580152671755725,
    "KWE": 0.04580152671755725,
    "SZX": 0.04580152671755725,
    "URC": 0.04580152671755725,
    "PEK": 0.04580152671755725,
    "TSN": 0.04580152671755725,
    "CSX": 0.03816793893129771,
    "KMG": 0.03816793893129771,
    "TAO": 0.03816793893129771,
    "XIY": 0.03816793893129771,
    "XMN": 0.03816793893129771,
    "NNG": 0.03435114503816794,
    "SJW": 0.030534351145038167,
    "SWA": 0.030534351145038167,
    "ZUH": 0.030534351145038167,
    "WUH": 0.030534351145038167,
    "TYN": 0.030534351145038167,
    "SYX": 0.022900763358778626,
    "CGO": 0.022900763358778626,
    "YNT": 0.022900763358778626,
    "LHW": 0.019083969465648856,
    "JJN": 0.015267175572519083,
    "FOC": 0.015267175572519083,
    "HET": 0.015267175572519083,
    "KHN": 0.015267175572519083,
    "WNZ": 0.015267175572519083,
    "TNA": 0.015267175572519083,
    "BAV": 0.007633587786259542,
    "KWL": 0.007633587786259542,
    "LYG": 0.007633587786259542,
    "SHE": 0.007633587786259542,
    "TXN": 0.007633587786259542,
    "HIA": 0.007633587786259542,
    "LJG": 0.007633587786259542,
    "LYA": 0.007633587786259542,
    "YNZ": 0.007633587786259542,
    "HAK": 0.003816793893129771,
    "INC": 0.003816793893129771
  },
  "international_route_shares": {
    "TSA": 0.12903225806451613,
    "HKG": 0.10752688172043011,
    "GMP": 0.08602150537634409,
    "HND": 0.08602150537634409,
    "MFM": 0.06451612903225806,
    "LYI": 0.043010752688172046,
    "YIC": 0.021505376344086023,
    "CGD": 0.021505376344086023,
    "JIQ": 0.021505376344086023,
    "ZYI": 0.021505376344086023,
    "NNY": 0.021505376344086023,
    "FUG": 0.021505376344086023,
    "JGS": 0.021505376344086023,
    "JNG": 0.021505376344086023,
    "YIH": 0.021505376344086023,
    "BFJ": 0.021505376344086023,
    "CIH": 0.021505376344086023,
    "JUH": 0.021505376344086023,
    "LCX": 0.021505376344086023,
    "NAY": 0.021505376344086023,
    "AQG": 0.021505376344086023,
    "HDG": 0.021505376344086023,
    "JIU": 0.021505376344086023,
    "KOW": 0.021505376344086023,
    "LZH": 0.021505376344086023,
    "WUS": 0.021505376344086023,
    "XUZ": 0.021505376344086023,
    "JDZ": 0.021505376344086023,
    "MIG": 0.010752688172043012
  },
  "domestic_ratio": 0.738,
  "fleet_mix": {
    "RHC": {
      "B738": 1.0
    },
    "9C": {
      "A320": 1.0
    },
    "EVA": {
      "A330": 1.0
    },
    "CCA": {
      "B738": 0.26666666666666666,
      "A330": 0.2,
      "A320": 0.2,
      "B737": 0.06666666666666667,
      "A321": 0.06666666666666667,
      "A319": 0.06666666666666667,
      "B777": 0.06666666666666667,
      "B744": 0.06666666666666667
    },
    "CAL": {
      "A330": 1.0
    },
    "CPA": {
      "A330": 1.0
    },
    "CSN": {
      "A321": 0.25333333333333335,
      "A320": 0.21333333333333335,
      "B738": 0.16,
      "B737": 0.10666666666666667,
      "B777": 0.08,
      "A330": 0.08,
      "B767": 0.05333333333333334,
      "E190": 0.02666666666666667,
      "B752": 0.02666666666666667
    },
    "CSH": {
      "B738": 0.49019607843137253,
      "B737": 0.39215686274509803,
      "A330": 0.11764705882352941
    },
    "TNA": {
      "A321": 1.0
    },
    "GUN": {
      "A321": 1.0
    },
    "DKH": {
      "A320": 0.8518518518518519,
      "A321": 0.14814814814814814
    },
    "CHH": {
      "B738": 1.0
    },
    "CRK": {
      "A330": 1.0
    },
    "JAL": {
      "B767": 0.5,
      "B777": 0.5
    },
    "HDA": {
      "A330": 1.0
    },
    "KAL": {
      "B777": 1.0
    },
    "KN": {
      "B737": 1.0
    },
    "CXA": {
      "B737": 1.0
    },
    "CES": {
      "A320": 0.3484848484848485,
      "A321": 0.25757575757575757,
      "B737": 0.13636363636363635,
      "B738": 0.12121212121212122,
      "A330": 0.07575757575757576,
      "B767": 0.045454545454545456,
      "B752": 0.015151515151515152
    },
    "ANA": {
      "B777": 1.0
    },
    "NS": {
      "E190": 1.0
    },
    "AMU": {
      "A321": 0.3333333333333333,
      "A320": 0.3333333333333333,
      "A319": 0.3333333333333333
    },
    "OZR": {
      "A330": 1.0
    },
    "CDG": {
      "B738": 1.0
    },
    "VEX": {
      "A319": 1.0
    },
    "CSZ": {
      "A320": 0.5,
      "B738": 0.5
    }
  },
  "hourly_profile": [],
  "delay_rate": 0.0,
  "delay_distribution": {},
  "mean_delay_minutes": 0.0,
  "data_source": "openflights",
  "region": "",
  "profile_date": "2026-03-21",
  "sample_size": 355
}