{
  "icao_code": "SHE",
  "iata_code": "SHE",
  "airline_shares": {
    "CSN": 0.2897196261682243,
    "CSZ": 0.14018691588785046,
    "9C": 0.07476635514018691,
    "CSC": 0.06542056074766354,
    "CCA": 0.056074766355140186,
    "GUN": 0.056074766355140186,
    "CHH": 0.056074766355140186,
    "CXA": 0.04672897196261682,
    "CES": 0.028037383177570093,
    "PDC": 0.018691588785046728,
    "EEA": 0.018691588785046728,
    "CSH": 0.018691588785046728,
    "GEC": 0.018691588785046728,
    "CDG": 0.018691588785046728,
    "DKH": 0.009345794392523364,
    "JAS": 0.009345794392523364,
    "KOR": 0.009345794392523364,
    "KAL": 0.009345794392523364,
    "ANA": 0.009345794392523364,
    "AMU": 0.009345794392523364,
    "OZR": 0.009345794392523364,
    "CHB": 0.009345794392523364,
    "SCO": 0.009345794392523364,
    "ESR": 0.009345794392523364
  },
  "domestic_route_shares": {
    "TAO": 0.1095890410958904,
    "HGH": 0.0684931506849315,
    "NKG": 0.0684931506849315,
    "PVG": 0.0684931506849315,
    "XIY": 0.0547945205479452,
    "TYN": 0.0410958904109589,
    "SJW": 0.0410958904109589,
    "CGO": 0.0410958904109589,
    "TNA": 0.0410958904109589,
    "CTU": 0.0273972602739726,
    "SZX": 0.0273972602739726,
    "PEK": 0.0273972602739726,
    "WNZ": 0.0273972602739726,
    "CAN": 0.0273972602739726,
    "HET": 0.0273972602739726,
    "WUH": 0.0273972602739726,
    "XMN": 0.0273972602739726,
    "CSX": 0.0136986301369863,
    "DSN": 0.0136986301369863,
    "NGB": 0.0136986301369863,
    "LYA": 0.0136986301369863,
    "BAV": 0.0136986301369863,
    "CKG": 0.0136986301369863,
    "KWL": 0.0136986301369863,
    "LHW": 0.0136986301369863,
    "YIW": 0.0136986301369863,
    "YNT": 0.0136986301369863,
    "YNZ": 0.0136986301369863,
    "LYG": 0.0136986301369863,
    "SHA": 0.0136986301369863,
    "DAT": 0.0136986301369863,
    "TSN": 0.0136986301369863,
    "KHN": 0.0136986301369863,
    "HFE": 0.0136986301369863,
    "WUX": 0.0136986301369863
  },
  "international_route_shares": {
    "LYI": 0.058823529411764705,
    "MFM": 0.058823529411764705,
    "CZX": 0.058823529411764705,
    "ICN": 0.058823529411764705,
    "NRT": 0.058823529411764705,
    "PUS": 0.058823529411764705,
    "TPE": 0.058823529411764705,
    "XUZ": 0.029411764705882353,
    "YVR": 0.029411764705882353,
    "MIG": 0.029411764705882353,
    "CJU": 0.029411764705882353,
    "FUK": 0.029411764705882353,
    "HKG": 0.029411764705882353,
    "JXA": 0.029411764705882353,
    "KIX": 0.029411764705882353,
    "NBS": 0.029411764705882353,
    "NGO": 0.029411764705882353,
    "JNG": 0.029411764705882353,
    "CIF": 0.029411764705882353,
    "HLH": 0.029411764705882353,
    "JMU": 0.029411764705882353,
    "MDG": 0.029411764705882353,
    "WEF": 0.029411764705882353,
    "FNJ": 0.029411764705882353,
    "FRA": 0.029411764705882353,
    "CJJ": 0.029411764705882353,
    "NTG": 0.029411764705882353
  },
  "domestic_ratio": 0.682,
  "fleet_mix": {
    "CSC": {
      "A320": 0.4,
      "A321": 0.4,
      "A319": 0.2
    },
    "9C": {
      "A320": 1.0
    },
    "PDC": {
      "B738": 1.0
    },
    "CCA": {
      "A320": 0.5,
      "A321": 0.25,
      "A319": 0.125,
      "B738": 0.125
    },
    "CSN": {
      "A320": 0.4583333333333333,
      "A321": 0.20833333333333334,
      "A319": 0.20833333333333334,
      "B738": 0.08333333333333333,
      "B737": 0.041666666666666664
    },
    "EEA": {
      "A319": 1.0
    },
    "CSH": {
      "B738": 0.6666666666666666,
      "B737": 0.3333333333333333
    },
    "GUN": {
      "E190": 1.0
    },
    "DKH": {
      "A320": 1.0
    },
    "CHH": {
      "B738": 1.0
    },
    "JAS": {
      "A319": 1.0
    },
    "KAL": {
      "B777": 0.25,
      "A330": 0.25,
      "B738": 0.25,
      "B744": 0.25
    },
    "CXA": {
      "B737": 1.0
    },
    "CES": {
      "A320": 1.0
    },
    "ANA": {
      "B737": 1.0
    },
    "AMU": {
      "A319": 1.0
    },
    "OZR": {
      "A320": 1.0
    },
    "CHB": {
      "A320": 1.0
    },
    "CDG": {
      "B738": 1.0
    },
    "SCO": {
      "B777": 1.0
    },
    "ESR": {
      "B738": 1.0
    },
    "CSZ": {
      "A320": 0.7647058823529411,
      "B738": 0.23529411764705882
    }
  },
  "hourly_profile": [],
  "delay_rate": 0.0,
  "delay_distribution": {},
  "mean_delay_minutes": 0.0,
  "data_source": "openflights",
  "region": "",
  "profile_date": "2026-03-21",
  "sample_size": 214
}