{
  "icao_code": "SHJ",
  "iata_code": "SHJ",
  "airline_shares": {
    "ABY": 0.6666666666666666,
    "PIA": 0.08205128205128205,
    "AXB": 0.06153846153846154,
    "AIC": 0.05128205128205128,
    "SAI": 0.020512820512820513,
    "ATM": 0.015384615384615385,
    "7J": 0.010256410256410256,
    "JAI": 0.010256410256410256,
    "UZB": 0.010256410256410256,
    "LPR": 0.010256410256410256,
    "MSR": 0.010256410256410256,
    "QTR": 0.010256410256410256,
    "SUD": 0.010256410256410256,
    "SEJ": 0.010256410256410256,
    "ALK": 0.010256410256410256,
    "XU": 0.010256410256410256
  },
  "domestic_route_shares": {
    "AUH": 1.0
  },
  "international_route_shares": {
    "COK": 0.041237113402061855,
    "CCJ": 0.030927835051546393,
    "TRV": 0.030927835051546393,
    "CMB": 0.030927835051546393,
    "PEW": 0.030927835051546393,
    "HYD": 0.020618556701030927,
    "MAA": 0.020618556701030927,
    "CAI": 0.020618556701030927,
    "DOH": 0.020618556701030927,
    "JAI": 0.020618556701030927,
    "KHI": 0.020618556701030927,
    "SKT": 0.020618556701030927,
    "PNQ": 0.020618556701030927,
    "KRT": 0.015463917525773196,
    "DYU": 0.010309278350515464,
    "ADE": 0.010309278350515464,
    "AHB": 0.010309278350515464,
    "ALA": 0.010309278350515464,
    "AMD": 0.010309278350515464,
    "AMM": 0.010309278350515464,
    "ATZ": 0.010309278350515464,
    "BAH": 0.010309278350515464,
    "BEY": 0.010309278350515464,
    "BGW": 0.010309278350515464,
    "BLR": 0.010309278350515464,
    "BOM": 0.010309278350515464,
    "BSR": 0.010309278350515464,
    "CGP": 0.010309278350515464,
    "CIT": 0.010309278350515464,
    "CJB": 0.010309278350515464,
    "DAC": 0.010309278350515464,
    "DEL": 0.010309278350515464,
    "DME": 0.010309278350515464,
    "DMM": 0.010309278350515464,
    "DOK": 0.010309278350515464,
    "EBL": 0.010309278350515464,
    "ELQ": 0.010309278350515464,
    "EVN": 0.010309278350515464,
    "GOI": 0.010309278350515464,
    "HAS": 0.010309278350515464,
    "HBE": 0.010309278350515464,
    "HMB": 0.010309278350515464,
    "HOF": 0.010309278350515464,
    "HRK": 0.010309278350515464,
    "IKA": 0.010309278350515464,
    "JED": 0.010309278350515464,
    "KBP": 0.010309278350515464,
    "KTM": 0.010309278350515464,
    "KWI": 0.010309278350515464,
    "KZN": 0.010309278350515464,
    "LRR": 0.010309278350515464,
    "MCT": 0.010309278350515464,
    "MED": 0.010309278350515464,
    "MHD": 0.010309278350515464,
    "NAG": 0.010309278350515464,
    "NBO": 0.010309278350515464,
    "NJF": 0.010309278350515464,
    "ODS": 0.010309278350515464,
    "ROV": 0.010309278350515464,
    "RUH": 0.010309278350515464,
    "SAW": 0.010309278350515464,
    "SLL": 0.010309278350515464,
    "SVX": 0.010309278350515464,
    "SYZ": 0.010309278350515464,
    "TIF": 0.010309278350515464,
    "TSE": 0.010309278350515464,
    "UFA": 0.010309278350515464,
    "YNB": 0.010309278350515464,
    "TAS": 0.010309278350515464,
    "IXE": 0.010309278350515464,
    "DEA": 0.010309278350515464,
    "ISB": 0.010309278350515464,
    "LHE": 0.010309278350515464,
    "MUX": 0.010309278350515464,
    "TUK": 0.010309278350515464,
    "UET": 0.010309278350515464,
    "RIY": 0.005154639175257732,
    "BBO": 0.005154639175257732,
    "HGA": 0.005154639175257732
  },
  "domestic_ratio": 0.005,
  "fleet_mix": {
    "JAI": {
      "B738": 1.0
    },
    "AIC": {
      "A321": 0.6,
      "A320": 0.4
    },
    "ATM": {
      "CRJ7": 1.0
    },
    "ABY": {
      "A320": 1.0
    },
    "UZB": {
      "B767": 1.0
    },
    "AXB": {
      "B738": 1.0
    },
    "LPR": {
      "A321": 1.0
    },
    "MSR": {
      "B738": 0.5,
      "A320": 0.5
    },
    "PIA": {
      "B737": 0.5,
      "B738": 0.3,
      "A320": 0.2
    },
    "QTR": {
      "A320": 0.3333333333333333,
      "A319": 0.3333333333333333,
      "A321": 0.3333333333333333
    },
    "SEJ": {
      "B737": 1.0
    },
    "ALK": {
      "A320": 1.0
    }
  },
  "hourly_profile": [],
  "delay_rate": 0.0,
  "delay_distribution": {},
  "mean_delay_minutes": 0.0,
  "data_source": "openflights",
  "region": "",
  "profile_date": "2026-03-21",
  "sample_size": 195
}