{
  "icao_code": "SID",
  "iata_code": "SID",
  "airline_shares": {
    "TCV": 0.34285714285714286,
    "HLX": 0.17142857142857143,
    "TVF": 0.11428571428571428,
    "TOM": 0.11428571428571428,
    "SEU": 0.08571428571428572,
    "TRA": 0.05714285714285714,
    "LGL": 0.05714285714285714,
    "TAP": 0.05714285714285714
  },
  "domestic_route_shares": {
    "BVC": 0.5555555555555556,
    "RAI": 0.2222222222222222,
    "VXE": 0.2222222222222222
  },
  "international_route_shares": {
    "LGW": 0.15384615384615385,
    "MAN": 0.15384615384615385,
    "LIS": 0.15384615384615385,
    "CDG": 0.11538461538461539,
    "AMS": 0.07692307692307693,
    "SNE": 0.07692307692307693,
    "FAO": 0.038461538461538464,
    "LUX": 0.038461538461538464,
    "CGN": 0.038461538461538464,
    "FRA": 0.038461538461538464,
    "HAJ": 0.038461538461538464,
    "MUC": 0.038461538461538464,
    "STR": 0.038461538461538464
  },
  "domestic_ratio": 0.257,
  "fleet_mix": {
    "TRA": {
      "B738": 1.0
    },
    "SEU": {
      "B738": 1.0
    },
    "TAP": {
      "A320": 1.0
    },
    "TCV": {
      "AT76": 0.47058823529411764,
      "B752": 0.35294117647058826,
      "B738": 0.17647058823529413
    },
    "HLX": {
      "B738": 1.0
    }
  },
  "hourly_profile": [],
  "delay_rate": 0.0,
  "delay_distribution": {},
  "mean_delay_minutes": 0.0,
  "data_source": "openflights",
  "region": "",
  "profile_date": "2026-03-21",
  "sample_size": 35
}