{
  "icao_code": "SJC",
  "iata_code": "SJC",
  "airline_shares": {
    "SWA": 0.3157894736842105,
    "ASA": 0.21052631578947367,
    "USA": 0.10526315789473684,
    "AAL": 0.07894736842105263,
    "DAL": 0.07894736842105263,
    "JBU": 0.05263157894736842,
    "UAL": 0.05263157894736842,
    "HAL": 0.02631578947368421,
    "ANA": 0.02631578947368421,
    "VRD": 0.02631578947368421,
    "VOI": 0.02631578947368421
  },
  "domestic_route_shares": {
    "PHX": 0.08823529411764706,
    "LAX": 0.08823529411764706,
    "DFW": 0.058823529411764705,
    "ORD": 0.058823529411764705,
    "OGG": 0.058823529411764705,
    "PDX": 0.058823529411764705,
    "SEA": 0.058823529411764705,
    "DEN": 0.058823529411764705,
    "HNL": 0.029411764705882353,
    "KOA": 0.029411764705882353,
    "LIH": 0.029411764705882353,
    "BOS": 0.029411764705882353,
    "JFK": 0.029411764705882353,
    "ATL": 0.029411764705882353,
    "MSP": 0.029411764705882353,
    "SLC": 0.029411764705882353,
    "IAH": 0.029411764705882353,
    "AUS": 0.029411764705882353,
    "BUR": 0.029411764705882353,
    "LAS": 0.029411764705882353,
    "MDW": 0.029411764705882353,
    "ONT": 0.029411764705882353,
    "SAN": 0.029411764705882353,
    "SNA": 0.029411764705882353
  },
  "international_route_shares": {
    "GDL": 0.5,
    "SJD": 0.25,
    "NRT": 0.25
  },
  "domestic_ratio": 0.895,
  "fleet_mix": {
    "AAL": {
      "B738": 0.3333333333333333,
      "A319": 0.3333333333333333,
      "A320": 0.3333333333333333
    },
    "ASA": {
      "B738": 0.7,
      "B739": 0.2,
      "B737": 0.1
    },
    "JBU": {
      "A320": 1.0
    },
    "DAL": {
      "B738": 0.75,
      "A320": 0.25
    },
    "HAL": {
      "B767": 1.0
    },
    "ANA": {
      "B787": 1.0
    },
    "UAL": {
      "A319": 0.25,
      "B738": 0.25,
      "B752": 0.125,
      "B737": 0.125,
      "A320": 0.125,
      "B739": 0.125
    },
    "USA": {
      "CRJ7": 0.25,
      "B738": 0.25,
      "A319": 0.25,
      "A320": 0.25
    },
    "VRD": {
      "A320": 1.0
    },
    "SWA": {
      "B738": 1.0
    },
    "VOI": {
      "A320": 1.0
    }
  },
  "hourly_profile": [],
  "delay_rate": 0.0,
  "delay_distribution": {},
  "mean_delay_minutes": 0.0,
  "data_source": "openflights",
  "region": "",
  "profile_date": "2026-03-21",
  "sample_size": 76
}