{
  "icao_code": "SJD",
  "iata_code": "SJD",
  "airline_shares": {
    "UAL": 0.1411764705882353,
    "AAL": 0.11764705882352941,
    "USA": 0.11764705882352941,
    "ASA": 0.09411764705882353,
    "VOI": 0.09411764705882353,
    "4O": 0.07058823529411765,
    "VB": 0.07058823529411765,
    "FFT": 0.047058823529411764,
    "TRS": 0.047058823529411764,
    "NKS": 0.047058823529411764,
    "WJA": 0.047058823529411764,
    "AMX": 0.03529411764705882,
    "ACA": 0.023529411764705882,
    "DAL": 0.023529411764705882,
    "VRD": 0.023529411764705882
  },
  "domestic_route_shares": {
    "GDL": 0.2727272727272727,
    "MEX": 0.2727272727272727,
    "MTY": 0.18181818181818182,
    "TLC": 0.09090909090909091,
    "CUL": 0.09090909090909091,
    "TIJ": 0.09090909090909091
  },
  "international_route_shares": {
    "LAX": 0.14285714285714285,
    "ORD": 0.12698412698412698,
    "DFW": 0.09523809523809523,
    "SFO": 0.09523809523809523,
    "DEN": 0.09523809523809523,
    "CLT": 0.06349206349206349,
    "PHX": 0.06349206349206349,
    "YYC": 0.06349206349206349,
    "SAN": 0.06349206349206349,
    "SJC": 0.031746031746031744,
    "ATL": 0.031746031746031744,
    "SNA": 0.031746031746031744,
    "EWR": 0.031746031746031744,
    "IAH": 0.031746031746031744,
    "YVR": 0.031746031746031744
  },
  "domestic_ratio": 0.259,
  "fleet_mix": {
    "4O": {
      "A320": 1.0
    },
    "AAL": {
      "A320": 0.3333333333333333,
      "B738": 0.3333333333333333,
      "A319": 0.16666666666666666,
      "A321": 0.16666666666666666
    },
    "ACA": {
      "A319": 1.0
    },
    "AMX": {
      "B738": 0.5,
      "B737": 0.5
    },
    "ASA": {
      "B739": 0.5,
      "B738": 0.5
    },
    "DAL": {
      "B738": 1.0
    },
    "FFT": {
      "A320": 1.0
    },
    "TRS": {
      "B737": 1.0
    },
    "NKS": {
      "A319": 0.6666666666666666,
      "A320": 0.3333333333333333
    },
    "UAL": {
      "B739": 0.38461538461538464,
      "A320": 0.38461538461538464,
      "B738": 0.23076923076923078
    },
    "USA": {
      "A320": 0.2857142857142857,
      "B738": 0.2857142857142857,
      "A319": 0.14285714285714285,
      "B752": 0.14285714285714285,
      "A321": 0.14285714285714285
    },
    "VRD": {
      "A320": 1.0
    },
    "WJA": {
      "B738": 1.0
    },
    "VOI": {
      "A320": 0.75,
      "A319": 0.25
    }
  },
  "hourly_profile": [],
  "delay_rate": 0.0,
  "delay_distribution": {},
  "mean_delay_minutes": 0.0,
  "data_source": "openflights",
  "region": "",
  "profile_date": "2026-03-21",
  "sample_size": 85
}