{
  "icao_code": "SJJ",
  "iata_code": "SJJ",
  "airline_shares": {
    "BON": 0.26666666666666666,
    "GWI": 0.2,
    "THY": 0.13333333333333333,
    "NAX": 0.06666666666666667,
    "ADR": 0.06666666666666667,
    "ASL": 0.06666666666666667,
    "GEC": 0.06666666666666667,
    "CTN": 0.06666666666666667,
    "PGT": 0.06666666666666667
  },
  "domestic_route_shares": {
    "BNX": 1.0
  },
  "international_route_shares": {
    "BEG": 0.14285714285714285,
    "IST": 0.14285714285714285,
    "SAW": 0.14285714285714285,
    "CGN": 0.07142857142857142,
    "STR": 0.07142857142857142,
    "TXL": 0.07142857142857142,
    "ARN": 0.07142857142857142,
    "CPH": 0.07142857142857142,
    "LJU": 0.07142857142857142,
    "MUC": 0.07142857142857142,
    "ZAG": 0.07142857142857142
  },
  "domestic_ratio": 0.067,
  "fleet_mix": {
    "GWI": {
      "A319": 1.0
    },
    "NAX": {
      "B738": 1.0
    },
    "BON": {
      "AT76": 1.0
    },
    "ASL": {
      "AT76": 1.0
    },
    "GEC": {
      "A319": 0.5,
      "E190": 0.5
    },
    "CTN": {
      "DH8D": 1.0
    },
    "PGT": {
      "B738": 0.5,
      "A320": 0.5
    },
    "THY": {
      "B738": 0.5,
      "A320": 0.25,
      "A321": 0.25
    }
  },
  "hourly_profile": [],
  "delay_rate": 0.0,
  "delay_distribution": {},
  "mean_delay_minutes": 0.0,
  "data_source": "openflights",
  "region": "",
  "profile_date": "2026-03-21",
  "sample_size": 30
}