{
  "icao_code": "SJO",
  "iata_code": "SJO",
  "airline_shares": {
    "ICL": 0.1810344827586207,
    "AVA": 0.15517241379310345,
    "RZ": 0.14655172413793102,
    "CMP": 0.08620689655172414,
    "AAL": 0.07758620689655173,
    "UAL": 0.06896551724137931,
    "DAL": 0.05172413793103448,
    "USA": 0.05172413793103448,
    "JBU": 0.034482758620689655,
    "4O": 0.017241379310344827,
    "BTV": 0.017241379310344827,
    "ACA": 0.017241379310344827,
    "AMX": 0.017241379310344827,
    "CFG": 0.017241379310344827,
    "FFT": 0.017241379310344827,
    "IBE": 0.017241379310344827,
    "NKS": 0.017241379310344827,
    "LRC": 0.008620689655172414
  },
  "domestic_route_shares": {
    "LIR": 1.0
  },
  "international_route_shares": {
    "MEX": 0.05357142857142857,
    "CLT": 0.05357142857142857,
    "TMU": 0.044642857142857144,
    "JFK": 0.044642857142857144,
    "DRK": 0.03571428571428571,
    "MGA": 0.03571428571428571,
    "PJM": 0.03571428571428571,
    "TNO": 0.03571428571428571,
    "XQP": 0.03571428571428571,
    "MIA": 0.03571428571428571,
    "GUA": 0.03571428571428571,
    "PTY": 0.03571428571428571,
    "SAP": 0.03571428571428571,
    "TGU": 0.03571428571428571,
    "FLL": 0.03571428571428571,
    "PMZ": 0.026785714285714284,
    "GLF": 0.026785714285714284,
    "DFW": 0.026785714285714284,
    "BOC": 0.017857142857142856,
    "FON": 0.017857142857142856,
    "TTQ": 0.017857142857142856,
    "DAV": 0.017857142857142856,
    "YYZ": 0.017857142857142856,
    "BOG": 0.017857142857142856,
    "LIM": 0.017857142857142856,
    "SAL": 0.017857142857142856,
    "MCO": 0.017857142857142856,
    "SDQ": 0.017857142857142856,
    "ATL": 0.017857142857142856,
    "LAX": 0.017857142857142856,
    "DEN": 0.017857142857142856,
    "MAD": 0.017857142857142856,
    "EWR": 0.017857142857142856,
    "IAD": 0.017857142857142856,
    "IAH": 0.017857142857142856,
    "ORD": 0.017857142857142856,
    "NOB": 0.008928571428571428
  },
  "domestic_ratio": 0.034,
  "fleet_mix": {
    "4O": {
      "A320": 1.0
    },
    "AAL": {
      "B738": 0.6666666666666666,
      "A319": 0.3333333333333333
    },
    "ACA": {
      "A319": 1.0
    },
    "AMX": {
      "B738": 1.0
    },
    "AVA": {
      "A319": 0.45454545454545453,
      "A320": 0.2727272727272727,
      "E190": 0.18181818181818182,
      "A321": 0.09090909090909091
    },
    "JBU": {
      "A320": 1.0
    },
    "CMP": {
      "B737": 0.3333333333333333,
      "E190": 0.3333333333333333,
      "B738": 0.3333333333333333
    },
    "CFG": {
      "B767": 1.0
    },
    "DAL": {
      "B738": 1.0
    },
    "FFT": {
      "A319": 1.0
    },
    "NKS": {
      "A320": 1.0
    },
    "UAL": {
      "B738": 1.0
    },
    "USA": {
      "B738": 0.6,
      "A319": 0.4
    }
  },
  "hourly_profile": [],
  "delay_rate": 0.0,
  "delay_distribution": {},
  "mean_delay_minutes": 0.0,
  "data_source": "openflights",
  "region": "",
  "profile_date": "2026-03-21",
  "sample_size": 116
}