{
  "icao_code": "SJU",
  "iata_code": "SJU",
  "airline_shares": {
    "JBU": 0.18681318681318682,
    "SBS": 0.15384615384615385,
    "AAL": 0.13736263736263737,
    "KAP": 0.0989010989010989,
    "USA": 0.06593406593406594,
    "SWA": 0.054945054945054944,
    "YI": 0.054945054945054944,
    "UAL": 0.04395604395604396,
    "DAL": 0.03296703296703297,
    "AXZ": 0.03296703296703297,
    "TJA": 0.03296703296703297,
    "LIA": 0.02197802197802198,
    "NKS": 0.02197802197802198,
    "AVA": 0.01098901098901099,
    "CMP": 0.01098901098901099,
    "CFG": 0.01098901098901099,
    "REK": 0.01098901098901099,
    "WJA": 0.01098901098901099,
    "FIN": 0.005494505494505495
  },
  "domestic_route_shares": {},
  "international_route_shares": {
    "VQS": 0.054945054945054944,
    "JFK": 0.04945054945054945,
    "STT": 0.04395604395604396,
    "DOM": 0.04395604395604396,
    "ORD": 0.04395604395604396,
    "EIS": 0.03296703296703297,
    "NEV": 0.03296703296703297,
    "STX": 0.03296703296703297,
    "VIJ": 0.03296703296703297,
    "FLL": 0.03296703296703297,
    "MCO": 0.03296703296703297,
    "SXM": 0.03296703296703297,
    "AXA": 0.02197802197802198,
    "CLT": 0.02197802197802198,
    "DFW": 0.02197802197802198,
    "MIA": 0.02197802197802198,
    "PHL": 0.02197802197802198,
    "PTP": 0.02197802197802198,
    "EWR": 0.02197802197802198,
    "PUJ": 0.02197802197802198,
    "SDQ": 0.02197802197802198,
    "STI": 0.02197802197802198,
    "TPA": 0.02197802197802198,
    "ATL": 0.02197802197802198,
    "FDF": 0.016483516483516484,
    "CPX": 0.01098901098901099,
    "MAZ": 0.01098901098901099,
    "CCS": 0.01098901098901099,
    "BOG": 0.01098901098901099,
    "BDL": 0.01098901098901099,
    "BOS": 0.01098901098901099,
    "DCA": 0.01098901098901099,
    "JAX": 0.01098901098901099,
    "PBI": 0.01098901098901099,
    "LRM": 0.01098901098901099,
    "SKB": 0.01098901098901099,
    "PTY": 0.01098901098901099,
    "FRA": 0.01098901098901099,
    "DTW": 0.01098901098901099,
    "AZS": 0.01098901098901099,
    "PLS": 0.01098901098901099,
    "POP": 0.01098901098901099,
    "ANU": 0.01098901098901099,
    "SBH": 0.01098901098901099,
    "IAD": 0.01098901098901099,
    "IAH": 0.01098901098901099,
    "BWI": 0.01098901098901099,
    "YYZ": 0.01098901098901099
  },
  "domestic_ratio": 0.0,
  "fleet_mix": {
    "AAL": {
      "B738": 0.5,
      "A321": 0.16666666666666666,
      "B767": 0.16666666666666666,
      "A320": 0.16666666666666666
    },
    "AVA": {
      "A319": 1.0
    },
    "JBU": {
      "A320": 0.55,
      "E190": 0.45
    },
    "CMP": {
      "E190": 0.5,
      "B737": 0.5
    },
    "CFG": {
      "B767": 1.0
    },
    "DAL": {
      "B752": 0.4,
      "B738": 0.4,
      "A320": 0.2
    },
    "LIA": {
      "AT76": 1.0
    },
    "NKS": {
      "A321": 0.5,
      "A320": 0.5
    },
    "UAL": {
      "B738": 0.4666666666666667,
      "B739": 0.4,
      "B752": 0.13333333333333333
    },
    "USA": {
      "B738": 0.4,
      "A321": 0.2,
      "B752": 0.2,
      "A320": 0.2
    },
    "SWA": {
      "B738": 1.0
    }
  },
  "hourly_profile": [],
  "delay_rate": 0.0,
  "delay_distribution": {},
  "mean_delay_minutes": 0.0,
  "data_source": "openflights",
  "region": "",
  "profile_date": "2026-03-21",
  "sample_size": 182
}