{
  "icao_code": "SJW",
  "iata_code": "SJW",
  "airline_shares": {
    "9C": 0.18055555555555555,
    "NS": 0.18055555555555555,
    "CSN": 0.125,
    "JAS": 0.1111111111111111,
    "CES": 0.1111111111111111,
    "KN": 0.06944444444444445,
    "CDG": 0.05555555555555555,
    "CSC": 0.041666666666666664,
    "GUN": 0.041666666666666664,
    "G5": 0.027777777777777776,
    "WCP": 0.013888888888888888,
    "CSH": 0.013888888888888888,
    "CHH": 0.013888888888888888,
    "CXA": 0.013888888888888888
  },
  "domestic_route_shares": {
    "HGH": 0.08064516129032258,
    "SHA": 0.06451612903225806,
    "SZX": 0.06451612903225806,
    "CTU": 0.04838709677419355,
    "HRB": 0.04838709677419355,
    "CAN": 0.04838709677419355,
    "CKG": 0.04838709677419355,
    "KMG": 0.04838709677419355,
    "SHE": 0.04838709677419355,
    "TAO": 0.04838709677419355,
    "XIY": 0.04838709677419355,
    "KWL": 0.03225806451612903,
    "DLC": 0.03225806451612903,
    "HET": 0.03225806451612903,
    "BAV": 0.03225806451612903,
    "URC": 0.03225806451612903,
    "NKG": 0.03225806451612903,
    "XMN": 0.016129032258064516,
    "CSX": 0.016129032258064516,
    "DSN": 0.016129032258064516,
    "KHN": 0.016129032258064516,
    "CGQ": 0.016129032258064516,
    "LJG": 0.016129032258064516,
    "SYX": 0.016129032258064516,
    "LHW": 0.016129032258064516,
    "PVG": 0.016129032258064516,
    "NGB": 0.016129032258064516,
    "WNZ": 0.016129032258064516,
    "INC": 0.016129032258064516,
    "YNT": 0.016129032258064516
  },
  "international_route_shares": {
    "TPE": 0.3,
    "SHP": 0.3,
    "ZQZ": 0.2,
    "BHY": 0.1,
    "TVS": 0.1
  },
  "domestic_ratio": 0.861,
  "fleet_mix": {
    "CSC": {
      "A321": 0.6666666666666666,
      "A320": 0.3333333333333333
    },
    "9C": {
      "A320": 1.0
    },
    "CSN": {
      "A320": 0.4166666666666667,
      "A319": 0.3333333333333333,
      "A321": 0.16666666666666666,
      "E190": 0.08333333333333333
    },
    "CSH": {
      "B738": 0.5,
      "B737": 0.5
    },
    "G5": {
      "CRJ9": 1.0
    },
    "CHH": {
      "B738": 1.0
    },
    "JAS": {
      "A320": 0.75,
      "A319": 0.25
    },
    "KN": {
      "B737": 1.0
    },
    "CXA": {
      "B737": 1.0
    },
    "CES": {
      "A320": 0.7,
      "A319": 0.2,
      "B737": 0.1
    },
    "NS": {
      "E190": 0.5333333333333333,
      "B737": 0.4,
      "B738": 0.06666666666666667
    },
    "CDG": {
      "B738": 1.0
    }
  },
  "hourly_profile": [],
  "delay_rate": 0.0,
  "delay_distribution": {},
  "mean_delay_minutes": 0.0,
  "data_source": "openflights",
  "region": "",
  "profile_date": "2026-03-21",
  "sample_size": 144
}