{
  "icao_code": "SKD",
  "iata_code": "SKD",
  "airline_shares": {
    "UZB": 0.5333333333333333,
    "SVR": 0.2,
    "GAI": 0.13333333333333333,
    "AFL": 0.13333333333333333
  },
  "domestic_route_shares": {
    "TAS": 1.0
  },
  "international_route_shares": {
    "DME": 0.3076923076923077,
    "LED": 0.3076923076923077,
    "KZN": 0.15384615384615385,
    "KJA": 0.15384615384615385,
    "SVX": 0.07692307692307693
  },
  "domestic_ratio": 0.133,
  "fleet_mix": {
    "UZB": {
      "A320": 1.0
    },
    "AFL": {
      "B767": 0.5,
      "A320": 0.5
    },
    "SVR": {
      "A320": 1.0
    }
  },
  "hourly_profile": [],
  "delay_rate": 0.0,
  "delay_distribution": {},
  "mean_delay_minutes": 0.0,
  "data_source": "openflights",
  "region": "",
  "profile_date": "2026-03-21",
  "sample_size": 15
}