{
  "icao_code": "SKG",
  "iata_code": "SKG",
  "airline_shares": {
    "RYR": 0.21476510067114093,
    "AEE": 0.20134228187919462,
    "BER": 0.09395973154362416,
    "GWI": 0.06711409395973154,
    "EZY": 0.06711409395973154,
    "AL2": 0.053691275167785234,
    "ANK": 0.040268456375838924,
    "BSY": 0.026845637583892617,
    "OAL": 0.026845637583892617,
    "SBI": 0.026845637583892617,
    "SAS": 0.026845637583892617,
    "AZA": 0.013422818791946308,
    "BAW": 0.013422818791946308,
    "CYP": 0.013422818791946308,
    "NLY": 0.013422818791946308,
    "TRA": 0.013422818791946308,
    "ASL": 0.013422818791946308,
    "ROT": 0.013422818791946308,
    "AFL": 0.013422818791946308,
    "THY": 0.013422818791946308,
    "SVR": 0.013422818791946308,
    "WZZ": 0.013422818791946308,
    "TVF": 0.006711409395973154
  },
  "domestic_route_shares": {
    "ATH": 0.29411764705882354,
    "CHQ": 0.23529411764705882,
    "HER": 0.23529411764705882,
    "CFU": 0.11764705882352941,
    "RHO": 0.11764705882352941
  },
  "international_route_shares": {
    "DUS": 0.045454545454545456,
    "STR": 0.045454545454545456,
    "DME": 0.045454545454545456,
    "LGW": 0.03787878787878788,
    "HAJ": 0.030303030303030304,
    "HAM": 0.030303030303030304,
    "LCA": 0.030303030303030304,
    "LED": 0.030303030303030304,
    "MJT": 0.030303030303030304,
    "MUC": 0.030303030303030304,
    "NUE": 0.030303030303030304,
    "VIE": 0.030303030303030304,
    "FCO": 0.030303030303030304,
    "CGN": 0.015151515151515152,
    "JKH": 0.015151515151515152,
    "KLX": 0.015151515151515152,
    "SMI": 0.015151515151515152,
    "CDG": 0.015151515151515152,
    "FRA": 0.015151515151515152,
    "TXL": 0.015151515151515152,
    "DOK": 0.015151515151515152,
    "ROV": 0.015151515151515152,
    "BGY": 0.015151515151515152,
    "BRE": 0.015151515151515152,
    "CIA": 0.015151515151515152,
    "CRL": 0.015151515151515152,
    "FKB": 0.015151515151515152,
    "GRO": 0.015151515151515152,
    "HHN": 0.015151515151515152,
    "NRN": 0.015151515151515152,
    "NYO": 0.015151515151515152,
    "PFO": 0.015151515151515152,
    "PSA": 0.015151515151515152,
    "RYG": 0.015151515151515152,
    "STN": 0.015151515151515152,
    "WMI": 0.015151515151515152,
    "LXS": 0.015151515151515152,
    "SKU": 0.015151515151515152,
    "AMS": 0.015151515151515152,
    "BEG": 0.015151515151515152,
    "OTP": 0.015151515151515152,
    "ARN": 0.015151515151515152,
    "CPH": 0.015151515151515152,
    "SVO": 0.015151515151515152,
    "IST": 0.015151515151515152,
    "BSL": 0.015151515151515152,
    "MAN": 0.015151515151515152,
    "SXF": 0.015151515151515152,
    "BUD": 0.015151515151515152,
    "KRR": 0.007575757575757576
  },
  "domestic_ratio": 0.114,
  "fleet_mix": {
    "GWI": {
      "A319": 0.625,
      "A320": 0.375
    },
    "AEE": {
      "A320": 0.7647058823529411,
      "A321": 0.17647058823529413,
      "DH8D": 0.058823529411764705
    },
    "BER": {
      "B738": 0.42857142857142855,
      "A321": 0.14285714285714285,
      "A320": 0.14285714285714285,
      "A319": 0.14285714285714285,
      "E190": 0.14285714285714285
    },
    "AZA": {
      "E175": 0.5,
      "E190": 0.5
    },
    "CYP": {
      "A320": 1.0
    },
    "RYR": {
      "B738": 1.0
    },
    "NLY": {
      "E190": 1.0
    },
    "TRA": {
      "B738": 1.0
    },
    "ASL": {
      "A319": 1.0
    },
    "OAL": {
      "A320": 1.0
    },
    "ROT": {
      "AT76": 1.0
    },
    "SBI": {
      "A320": 1.0
    },
    "SAS": {
      "A320": 1.0
    },
    "AFL": {
      "A321": 1.0
    },
    "THY": {
      "B738": 1.0
    },
    "TVF": {
      "B738": 1.0
    },
    "EZY": {
      "A320": 0.5,
      "A319": 0.5
    },
    "SVR": {
      "A320": 1.0
    },
    "WZZ": {
      "A320": 1.0
    }
  },
  "hourly_profile": [],
  "delay_rate": 0.0,
  "delay_distribution": {},
  "mean_delay_minutes": 0.0,
  "data_source": "openflights",
  "region": "",
  "profile_date": "2026-03-21",
  "sample_size": 149
}