{
  "icao_code": "SKP",
  "iata_code": "SKP",
  "airline_shares": {
    "WZZ": 0.5909090909090909,
    "BHP": 0.045454545454545456,
    "AZA": 0.045454545454545456,
    "FDB": 0.045454545454545456,
    "ADR": 0.045454545454545456,
    "ASL": 0.045454545454545456,
    "CTN": 0.045454545454545456,
    "PGT": 0.045454545454545456,
    "GMI": 0.045454545454545456,
    "THY": 0.045454545454545456
  },
  "domestic_route_shares": {},
  "international_route_shares": {
    "ZRH": 0.045454545454545456,
    "FCO": 0.045454545454545456,
    "DXB": 0.045454545454545456,
    "LJU": 0.045454545454545456,
    "BEG": 0.045454545454545456,
    "ZAG": 0.045454545454545456,
    "SAW": 0.045454545454545456,
    "SXF": 0.045454545454545456,
    "IST": 0.045454545454545456,
    "BGY": 0.045454545454545456,
    "CGN": 0.045454545454545456,
    "CRL": 0.045454545454545456,
    "DTM": 0.045454545454545456,
    "EIN": 0.045454545454545456,
    "FMM": 0.045454545454545456,
    "GSE": 0.045454545454545456,
    "HHN": 0.045454545454545456,
    "LTN": 0.045454545454545456,
    "MLH": 0.045454545454545456,
    "MMX": 0.045454545454545456,
    "NYO": 0.045454545454545456,
    "TSF": 0.045454545454545456
  },
  "domestic_ratio": 0.0,
  "fleet_mix": {
    "BHP": {
      "A320": 1.0
    },
    "AZA": {
      "E175": 1.0
    },
    "FDB": {
      "B738": 1.0
    },
    "ADR": {
      "CRJ9": 1.0
    },
    "ASL": {
      "A319": 0.5,
      "A320": 0.5
    },
    "CTN": {
      "A319": 0.5,
      "DH8D": 0.5
    },
    "PGT": {
      "A320": 0.5,
      "B738": 0.5
    },
    "GMI": {
      "B737": 1.0
    },
    "THY": {
      "A319": 1.0
    },
    "WZZ": {
      "A320": 1.0
    }
  },
  "hourly_profile": [],
  "delay_rate": 0.0,
  "delay_distribution": {},
  "mean_delay_minutes": 0.0,
  "data_source": "openflights",
  "region": "",
  "profile_date": "2026-03-21",
  "sample_size": 44
}