{
  "icao_code": "SLC",
  "iata_code": "SLC",
  "airline_shares": {
    "DAL": 0.6515151515151515,
    "SWA": 0.13636363636363635,
    "USA": 0.07575757575757576,
    "AAL": 0.06060606060606061,
    "JBU": 0.030303030303030304,
    "ASA": 0.015151515151515152,
    "FFT": 0.015151515151515152,
    "UAL": 0.015151515151515152
  },
  "domestic_route_shares": {
    "PHX": 0.06349206349206349,
    "CLT": 0.047619047619047616,
    "DFW": 0.047619047619047616,
    "PHL": 0.047619047619047616,
    "SEA": 0.047619047619047616,
    "DEN": 0.047619047619047616,
    "LAX": 0.047619047619047616,
    "JFK": 0.031746031746031744,
    "BWI": 0.031746031746031744,
    "LAS": 0.031746031746031744,
    "OAK": 0.031746031746031744,
    "PDX": 0.031746031746031744,
    "SFO": 0.031746031746031744,
    "LGB": 0.015873015873015872,
    "ANC": 0.015873015873015872,
    "ATL": 0.015873015873015872,
    "AUS": 0.015873015873015872,
    "BOI": 0.015873015873015872,
    "BOS": 0.015873015873015872,
    "CVG": 0.015873015873015872,
    "DCA": 0.015873015873015872,
    "DTW": 0.015873015873015872,
    "EWR": 0.015873015873015872,
    "GEG": 0.015873015873015872,
    "HNL": 0.015873015873015872,
    "IAH": 0.015873015873015872,
    "IND": 0.015873015873015872,
    "MCI": 0.015873015873015872,
    "MCO": 0.015873015873015872,
    "MEM": 0.015873015873015872,
    "MSP": 0.015873015873015872,
    "MSY": 0.015873015873015872,
    "ONT": 0.015873015873015872,
    "RDU": 0.015873015873015872,
    "RNO": 0.015873015873015872,
    "SAN": 0.015873015873015872,
    "SAT": 0.015873015873015872,
    "SJC": 0.015873015873015872,
    "SMF": 0.015873015873015872,
    "SNA": 0.015873015873015872,
    "STL": 0.015873015873015872,
    "MDW": 0.015873015873015872
  },
  "international_route_shares": {
    "CDG": 0.3333333333333333,
    "CUN": 0.3333333333333333,
    "EKO": 0.3333333333333333
  },
  "domestic_ratio": 0.955,
  "fleet_mix": {
    "AAL": {
      "A320": 0.6,
      "A319": 0.2,
      "A321": 0.2
    },
    "ASA": {
      "B739": 0.3333333333333333,
      "B738": 0.3333333333333333,
      "B737": 0.3333333333333333
    },
    "JBU": {
      "A320": 1.0
    },
    "DAL": {
      "A320": 0.3716216216216216,
      "B738": 0.35135135135135137,
      "A319": 0.1891891891891892,
      "B739": 0.033783783783783786,
      "B767": 0.02702702702702703,
      "A330": 0.013513513513513514,
      "B752": 0.013513513513513514
    },
    "FFT": {
      "A319": 0.5,
      "A320": 0.5
    },
    "UAL": {
      "B738": 0.3333333333333333,
      "A320": 0.3333333333333333,
      "A319": 0.3333333333333333
    },
    "USA": {
      "A320": 0.5,
      "CRJ7": 0.16666666666666666,
      "A319": 0.16666666666666666,
      "A321": 0.16666666666666666
    },
    "SWA": {
      "B738": 1.0
    }
  },
  "hourly_profile": [],
  "delay_rate": 0.0,
  "delay_distribution": {},
  "mean_delay_minutes": 0.0,
  "data_source": "openflights",
  "region": "",
  "profile_date": "2026-03-21",
  "sample_size": 132
}