{
  "icao_code": "SLL",
  "iata_code": "SLL",
  "airline_shares": {
    "OMA": 0.42857142857142855,
    "FDB": 0.14285714285714285,
    "ABY": 0.14285714285714285,
    "AXB": 0.14285714285714285,
    "QTR": 0.14285714285714285
  },
  "domestic_route_shares": {
    "MCT": 1.0
  },
  "international_route_shares": {
    "DXB": 0.3333333333333333,
    "SHJ": 0.16666666666666666,
    "CCJ": 0.16666666666666666,
    "DOH": 0.16666666666666666,
    "JED": 0.16666666666666666
  },
  "domestic_ratio": 0.143,
  "fleet_mix": {
    "FDB": {
      "B738": 1.0
    },
    "ABY": {
      "A320": 1.0
    },
    "AXB": {
      "B738": 1.0
    },
    "QTR": {
      "A320": 1.0
    },
    "OMA": {
      "E175": 0.6,
      "B738": 0.2,
      "B737": 0.2
    }
  },
  "hourly_profile": [],
  "delay_rate": 0.0,
  "delay_distribution": {},
  "mean_delay_minutes": 0.0,
  "data_source": "openflights",
  "region": "",
  "profile_date": "2026-03-21",
  "sample_size": 14
}