{
  "icao_code": "SLZ",
  "iata_code": "SLZ",
  "airline_shares": {
    "SEH": 0.4,
    "TAM": 0.4,
    "AZU": 0.2
  },
  "domestic_route_shares": {
    "FOR": 0.25,
    "BEL": 0.16666666666666666,
    "BSB": 0.16666666666666666,
    "GIG": 0.16666666666666666,
    "GRU": 0.16666666666666666,
    "CNF": 0.08333333333333333
  },
  "international_route_shares": {
    "IMP": 0.6666666666666666,
    "THE": 0.3333333333333333
  },
  "domestic_ratio": 0.8,
  "fleet_mix": {
    "AZU": {
      "E190": 1.0
    },
    "SEH": {
      "B738": 0.8333333333333334,
      "B737": 0.16666666666666666
    },
    "TAM": {
      "A320": 0.75,
      "A319": 0.25
    }
  },
  "hourly_profile": [],
  "delay_rate": 0.0,
  "delay_distribution": {},
  "mean_delay_minutes": 0.0,
  "data_source": "openflights",
  "region": "",
  "profile_date": "2026-03-21",
  "sample_size": 30
}