{
  "icao_code": "SMF",
  "iata_code": "SMF",
  "airline_shares": {
    "SWA": 0.3548387096774194,
    "UAL": 0.12903225806451613,
    "AAL": 0.0967741935483871,
    "DAL": 0.0967741935483871,
    "USA": 0.0967741935483871,
    "ASA": 0.06451612903225806,
    "JBU": 0.06451612903225806,
    "AMX": 0.03225806451612903,
    "HAL": 0.03225806451612903,
    "VOI": 0.03225806451612903
  },
  "domestic_route_shares": {
    "PHX": 0.10344827586206896,
    "CLT": 0.06896551724137931,
    "DFW": 0.06896551724137931,
    "SEA": 0.06896551724137931,
    "DEN": 0.06896551724137931,
    "OGG": 0.034482758620689655,
    "JFK": 0.034482758620689655,
    "LGB": 0.034482758620689655,
    "ATL": 0.034482758620689655,
    "MSP": 0.034482758620689655,
    "SLC": 0.034482758620689655,
    "HNL": 0.034482758620689655,
    "IAD": 0.034482758620689655,
    "IAH": 0.034482758620689655,
    "ORD": 0.034482758620689655,
    "BUR": 0.034482758620689655,
    "LAS": 0.034482758620689655,
    "LAX": 0.034482758620689655,
    "MDW": 0.034482758620689655,
    "ONT": 0.034482758620689655,
    "PDX": 0.034482758620689655,
    "SAN": 0.034482758620689655,
    "SNA": 0.034482758620689655
  },
  "international_route_shares": {
    "GDL": 1.0
  },
  "domestic_ratio": 0.935,
  "fleet_mix": {
    "AAL": {
      "A321": 0.5,
      "A319": 0.25,
      "A320": 0.25
    },
    "AMX": {
      "B738": 1.0
    },
    "ASA": {
      "B738": 1.0
    },
    "JBU": {
      "A320": 1.0
    },
    "DAL": {
      "A320": 0.5,
      "B738": 0.5
    },
    "HAL": {
      "B767": 1.0
    },
    "UAL": {
      "A320": 0.4444444444444444,
      "B739": 0.3333333333333333,
      "B738": 0.1111111111111111,
      "A319": 0.1111111111111111
    },
    "USA": {
      "A321": 0.5,
      "A319": 0.25,
      "A320": 0.25
    },
    "SWA": {
      "B738": 1.0
    },
    "VOI": {
      "A319": 0.5,
      "A320": 0.5
    }
  },
  "hourly_profile": [],
  "delay_rate": 0.0,
  "delay_distribution": {},
  "mean_delay_minutes": 0.0,
  "data_source": "openflights",
  "region": "",
  "profile_date": "2026-03-21",
  "sample_size": 62
}