{
  "icao_code": "SNA",
  "iata_code": "SNA",
  "airline_shares": {
    "SWA": 0.25806451612903225,
    "UAL": 0.16129032258064516,
    "AAL": 0.0967741935483871,
    "DAL": 0.0967741935483871,
    "TRS": 0.0967741935483871,
    "USA": 0.0967741935483871,
    "4O": 0.06451612903225806,
    "ASA": 0.06451612903225806,
    "FFT": 0.03225806451612903,
    "WJA": 0.03225806451612903
  },
  "domestic_route_shares": {
    "ORD": 0.11538461538461539,
    "PHX": 0.11538461538461539,
    "DEN": 0.11538461538461539,
    "DFW": 0.07692307692307693,
    "LAS": 0.07692307692307693,
    "SFO": 0.07692307692307693,
    "PDX": 0.038461538461538464,
    "SEA": 0.038461538461538464,
    "ATL": 0.038461538461538464,
    "MSP": 0.038461538461538464,
    "SLC": 0.038461538461538464,
    "EWR": 0.038461538461538464,
    "IAH": 0.038461538461538464,
    "HOU": 0.038461538461538464,
    "OAK": 0.038461538461538464,
    "SJC": 0.038461538461538464,
    "SMF": 0.038461538461538464
  },
  "international_route_shares": {
    "MEX": 0.4,
    "GDL": 0.2,
    "SJD": 0.2,
    "YVR": 0.2
  },
  "domestic_ratio": 0.839,
  "fleet_mix": {
    "4O": {
      "A320": 1.0
    },
    "AAL": {
      "B738": 0.4,
      "A319": 0.2,
      "A320": 0.2,
      "A321": 0.2
    },
    "ASA": {
      "B737": 0.5714285714285714,
      "B738": 0.42857142857142855
    },
    "DAL": {
      "A319": 1.0
    },
    "FFT": {
      "A319": 1.0
    },
    "TRS": {
      "B737": 1.0
    },
    "UAL": {
      "B737": 0.3,
      "B738": 0.23333333333333334,
      "A320": 0.2,
      "A319": 0.16666666666666666,
      "B752": 0.1
    },
    "USA": {
      "B738": 0.4,
      "A319": 0.2,
      "A320": 0.2,
      "A321": 0.2
    },
    "SWA": {
      "B738": 1.0
    }
  },
  "hourly_profile": [],
  "delay_rate": 0.0,
  "delay_distribution": {},
  "mean_delay_minutes": 0.0,
  "data_source": "openflights",
  "region": "",
  "profile_date": "2026-03-21",
  "sample_size": 62
}