{
  "icao_code": "SNN",
  "iata_code": "SNN",
  "airline_shares": {
    "RYR": 0.75,
    "EIN": 0.20833333333333334,
    "UAL": 0.041666666666666664
  },
  "domestic_route_shares": {},
  "international_route_shares": {
    "AGP": 0.08333333333333333,
    "FAO": 0.08333333333333333,
    "BOS": 0.041666666666666664,
    "JFK": 0.041666666666666664,
    "LHR": 0.041666666666666664,
    "ACE": 0.041666666666666664,
    "ALC": 0.041666666666666664,
    "BVA": 0.041666666666666664,
    "FMM": 0.041666666666666664,
    "FUE": 0.041666666666666664,
    "KRK": 0.041666666666666664,
    "LGW": 0.041666666666666664,
    "LPL": 0.041666666666666664,
    "NCE": 0.041666666666666664,
    "PIS": 0.041666666666666664,
    "PMI": 0.041666666666666664,
    "STN": 0.041666666666666664,
    "SXF": 0.041666666666666664,
    "TFS": 0.041666666666666664,
    "WMI": 0.041666666666666664,
    "WRO": 0.041666666666666664,
    "EWR": 0.041666666666666664
  },
  "domestic_ratio": 0.0,
  "fleet_mix": {
    "EIN": {
      "A320": 1.0
    },
    "RYR": {
      "B738": 1.0
    },
    "UAL": {
      "B752": 1.0
    }
  },
  "hourly_profile": [],
  "delay_rate": 0.0,
  "delay_distribution": {},
  "mean_delay_minutes": 0.0,
  "data_source": "openflights",
  "region": "",
  "profile_date": "2026-03-21",
  "sample_size": 48
}