{
  "icao_code": "SOF",
  "iata_code": "SOF",
  "airline_shares": {
    "LZB": 0.4067796610169492,
    "WZZ": 0.23728813559322035,
    "EZY": 0.06779661016949153,
    "GEC": 0.03389830508474576,
    "AEE": 0.01694915254237288,
    "BER": 0.01694915254237288,
    "AFR": 0.01694915254237288,
    "AZA": 0.01694915254237288,
    "BAW": 0.01694915254237288,
    "CYP": 0.01694915254237288,
    "ASL": 0.01694915254237288,
    "AMC": 0.01694915254237288,
    "LOT": 0.01694915254237288,
    "ELY": 0.01694915254237288,
    "OAL": 0.01694915254237288,
    "QTR": 0.01694915254237288,
    "ROT": 0.01694915254237288,
    "AFL": 0.01694915254237288,
    "THY": 0.01694915254237288
  },
  "domestic_route_shares": {
    "BOJ": 0.5,
    "VAR": 0.5
  },
  "international_route_shares": {
    "ATH": 0.07017543859649122,
    "FCO": 0.05263157894736842,
    "LCA": 0.05263157894736842,
    "OTP": 0.05263157894736842,
    "TXL": 0.03508771929824561,
    "CDG": 0.03508771929824561,
    "LHR": 0.03508771929824561,
    "BCN": 0.03508771929824561,
    "FRA": 0.03508771929824561,
    "MAD": 0.03508771929824561,
    "SVO": 0.03508771929824561,
    "TLV": 0.03508771929824561,
    "WAW": 0.03508771929824561,
    "AGP": 0.017543859649122806,
    "AMS": 0.017543859649122806,
    "BRU": 0.017543859649122806,
    "MXP": 0.017543859649122806,
    "PFO": 0.017543859649122806,
    "PMI": 0.017543859649122806,
    "PRG": 0.017543859649122806,
    "VIE": 0.017543859649122806,
    "ZRH": 0.017543859649122806,
    "BEG": 0.017543859649122806,
    "MUC": 0.017543859649122806,
    "IST": 0.017543859649122806,
    "LGW": 0.017543859649122806,
    "MAN": 0.017543859649122806,
    "STN": 0.017543859649122806,
    "SXF": 0.017543859649122806,
    "BGY": 0.017543859649122806,
    "BLQ": 0.017543859649122806,
    "BVA": 0.017543859649122806,
    "CRL": 0.017543859649122806,
    "DTM": 0.017543859649122806,
    "DWC": 0.017543859649122806,
    "EIN": 0.017543859649122806,
    "HHN": 0.017543859649122806,
    "LTN": 0.017543859649122806,
    "VLC": 0.017543859649122806
  },
  "domestic_ratio": 0.034,
  "fleet_mix": {
    "AEE": {
      "DH8D": 1.0
    },
    "BER": {
      "B737": 1.0
    },
    "AFR": {
      "A321": 0.5,
      "A320": 0.5
    },
    "AZA": {
      "A321": 0.5,
      "A319": 0.5
    },
    "BAW": {
      "A320": 1.0
    },
    "CYP": {
      "A320": 1.0
    },
    "LZB": {
      "E190": 0.4,
      "A319": 0.35555555555555557,
      "A320": 0.2,
      "AT76": 0.022222222222222223,
      "E175": 0.022222222222222223
    },
    "ASL": {
      "AT76": 1.0
    },
    "AMC": {
      "A320": 1.0
    },
    "GEC": {
      "A320": 0.4,
      "A321": 0.4,
      "A319": 0.2
    },
    "LOT": {
      "E175": 1.0
    },
    "ELY": {
      "B738": 1.0
    },
    "OAL": {
      "DH8D": 1.0
    },
    "QTR": {
      "A320": 0.5,
      "A321": 0.5
    },
    "ROT": {
      "AT76": 1.0
    },
    "AFL": {
      "A319": 1.0
    },
    "THY": {
      "B738": 0.5,
      "A320": 0.5
    },
    "EZY": {
      "A319": 0.6666666666666666,
      "A320": 0.3333333333333333
    },
    "WZZ": {
      "A320": 1.0
    }
  },
  "hourly_profile": [],
  "delay_rate": 0.0,
  "delay_distribution": {},
  "mean_delay_minutes": 0.0,
  "data_source": "openflights",
  "region": "",
  "profile_date": "2026-03-21",
  "sample_size": 118
}