{
  "icao_code": "SPU",
  "iata_code": "SPU",
  "airline_shares": {
    "CTN": 0.3595505617977528,
    "GWI": 0.15730337078651685,
    "NAX": 0.11235955056179775,
    "SAS": 0.06741573033707865,
    "EZY": 0.06741573033707865,
    "BER": 0.02247191011235955,
    "CFG": 0.02247191011235955,
    "HMY": 0.02247191011235955,
    "TRA": 0.02247191011235955,
    "ELO": 0.02247191011235955,
    "GEC": 0.02247191011235955,
    "EXS": 0.02247191011235955,
    "ELL": 0.02247191011235955,
    "TVS": 0.02247191011235955,
    "MON": 0.02247191011235955,
    "CSA": 0.011235955056179775
  },
  "domestic_route_shares": {
    "ZAG": 0.5,
    "RJK": 0.25,
    "DBV": 0.25
  },
  "international_route_shares": {
    "FRA": 0.07058823529411765,
    "LGW": 0.07058823529411765,
    "DUS": 0.047058823529411764,
    "TXL": 0.047058823529411764,
    "ARN": 0.047058823529411764,
    "CPH": 0.047058823529411764,
    "PRG": 0.03529411764705882,
    "CGN": 0.023529411764705882,
    "DTM": 0.023529411764705882,
    "HAJ": 0.023529411764705882,
    "HAM": 0.023529411764705882,
    "STR": 0.023529411764705882,
    "NUE": 0.023529411764705882,
    "HEL": 0.023529411764705882,
    "OSL": 0.023529411764705882,
    "LIL": 0.023529411764705882,
    "RTM": 0.023529411764705882,
    "WAW": 0.023529411764705882,
    "MAN": 0.023529411764705882,
    "ATH": 0.023529411764705882,
    "BEG": 0.023529411764705882,
    "CDG": 0.023529411764705882,
    "FCO": 0.023529411764705882,
    "LHR": 0.023529411764705882,
    "LYS": 0.023529411764705882,
    "MUC": 0.023529411764705882,
    "OSI": 0.023529411764705882,
    "VIE": 0.023529411764705882,
    "ZRH": 0.023529411764705882,
    "TLL": 0.023529411764705882,
    "GOT": 0.023529411764705882,
    "BSL": 0.023529411764705882,
    "GVA": 0.023529411764705882,
    "BHX": 0.023529411764705882
  },
  "domestic_ratio": 0.045,
  "fleet_mix": {
    "GWI": {
      "A319": 0.875,
      "A320": 0.125
    },
    "BER": {
      "DH8D": 1.0
    },
    "NAX": {
      "B738": 1.0
    },
    "HMY": {
      "A320": 1.0
    },
    "ELO": {
      "DH8D": 1.0
    },
    "GEC": {
      "A319": 1.0
    },
    "CSA": {
      "B738": 1.0
    },
    "CTN": {
      "DH8D": 0.4,
      "A319": 0.325,
      "A320": 0.275
    },
    "ELL": {
      "CRJ9": 1.0
    },
    "TVS": {
      "B738": 1.0
    },
    "SAS": {
      "B738": 0.6666666666666666,
      "A320": 0.3333333333333333
    },
    "EZY": {
      "A319": 0.75,
      "A320": 0.25
    },
    "MON": {
      "A320": 1.0
    }
  },
  "hourly_profile": [],
  "delay_rate": 0.0,
  "delay_distribution": {},
  "mean_delay_minutes": 0.0,
  "data_source": "openflights",
  "region": "",
  "profile_date": "2026-03-21",
  "sample_size": 89
}