{
  "icao_code": "SRG",
  "iata_code": "SRG",
  "airline_shares": {
    "GIA": 0.2857142857142857,
    "LNI": 0.2857142857142857,
    "SJY": 0.14285714285714285,
    "AXM": 0.07142857142857142,
    "ILY": 0.07142857142857142,
    "SLK": 0.07142857142857142,
    "AWQ": 0.07142857142857142
  },
  "domestic_route_shares": {
    "CGK": 0.3333333333333333,
    "SUB": 0.2222222222222222,
    "DPS": 0.1111111111111111,
    "BDJ": 0.1111111111111111,
    "BPN": 0.1111111111111111,
    "BTH": 0.1111111111111111
  },
  "international_route_shares": {
    "SIN": 0.6,
    "KUL": 0.2,
    "PKN": 0.2
  },
  "domestic_ratio": 0.643,
  "fleet_mix": {
    "AXM": {
      "A320": 1.0
    },
    "GIA": {
      "B738": 0.5,
      "A319": 0.5
    },
    "ILY": {
      "B737": 0.6666666666666666,
      "AT76": 0.3333333333333333
    },
    "LNI": {
      "B739": 0.5,
      "B738": 0.5
    },
    "SLK": {
      "A319": 1.0
    },
    "AWQ": {
      "A320": 1.0
    }
  },
  "hourly_profile": [],
  "delay_rate": 0.0,
  "delay_distribution": {},
  "mean_delay_minutes": 0.0,
  "data_source": "openflights",
  "region": "",
  "profile_date": "2026-03-21",
  "sample_size": 28
}