{
  "icao_code": "SSA",
  "iata_code": "SSA",
  "airline_shares": {
    "SEH": 0.2413793103448276,
    "AZU": 0.22413793103448276,
    "TAM": 0.1724137931034483,
    "ONE": 0.1724137931034483,
    "CGN": 0.034482758620689655,
    "AEA": 0.034482758620689655,
    "MRS": 0.034482758620689655,
    "AAL": 0.017241379310344827,
    "ABJ": 0.017241379310344827,
    "CFG": 0.017241379310344827,
    "TAP": 0.017241379310344827,
    "USA": 0.017241379310344827
  },
  "domestic_route_shares": {
    "GRU": 0.125,
    "REC": 0.125,
    "CNF": 0.09375,
    "BSB": 0.09375,
    "CGH": 0.09375,
    "GIG": 0.09375,
    "BPS": 0.0625,
    "VIX": 0.0625,
    "FOR": 0.0625,
    "MCZ": 0.0625,
    "JPA": 0.03125,
    "VCP": 0.03125,
    "CWB": 0.03125,
    "SDU": 0.03125
  },
  "international_route_shares": {
    "AJU": 0.15384615384615385,
    "BRA": 0.11538461538461539,
    "VDC": 0.11538461538461539,
    "MIA": 0.11538461538461539,
    "IOS": 0.11538461538461539,
    "LEC": 0.038461538461538464,
    "PAV": 0.038461538461538464,
    "FRA": 0.038461538461538464,
    "CPV": 0.038461538461538464,
    "NAT": 0.038461538461538464,
    "PNZ": 0.038461538461538464,
    "LIS": 0.038461538461538464,
    "MAD": 0.038461538461538464,
    "SCL": 0.038461538461538464,
    "GNM": 0.019230769230769232,
    "LAZ": 0.019230769230769232
  },
  "domestic_ratio": 0.552,
  "fleet_mix": {
    "CGN": {
      "AT76": 1.0
    },
    "AZU": {
      "AT76": 0.5294117647058824,
      "E190": 0.47058823529411764
    },
    "CFG": {
      "B767": 1.0
    },
    "SEH": {
      "B738": 0.6666666666666666,
      "B737": 0.3333333333333333
    },
    "TAM": {
      "A320": 0.6153846153846154,
      "A319": 0.23076923076923078,
      "A321": 0.15384615384615385
    },
    "ONE": {
      "A320": 0.47619047619047616,
      "A318": 0.38095238095238093,
      "A319": 0.14285714285714285
    },
    "TAP": {
      "A330": 1.0
    },
    "AEA": {
      "A330": 1.0
    }
  },
  "hourly_profile": [],
  "delay_rate": 0.0,
  "delay_distribution": {},
  "mean_delay_minutes": 0.0,
  "data_source": "openflights",
  "region": "",
  "profile_date": "2026-03-21",
  "sample_size": 116
}