{
  "icao_code": "SSH",
  "iata_code": "SSH",
  "airline_shares": {
    "MSR": 0.15584415584415584,
    "TVF": 0.12987012987012986,
    "EZY": 0.12987012987012986,
    "TSO": 0.1038961038961039,
    "MON": 0.1038961038961039,
    "TCX": 0.09090909090909091,
    "TOM": 0.07792207792207792,
    "1QA": 0.06493506493506493,
    "SVA": 0.05194805194805195,
    "RJA": 0.025974025974025976,
    "THY": 0.025974025974025976,
    "KNE": 0.025974025974025976,
    "ISS": 0.012987012987012988
  },
  "domestic_route_shares": {
    "CAI": 0.4444444444444444,
    "HBE": 0.4444444444444444,
    "HRG": 0.1111111111111111
  },
  "international_route_shares": {
    "LGW": 0.14705882352941177,
    "MAN": 0.14705882352941177,
    "BHX": 0.10294117647058823,
    "RUH": 0.08823529411764706,
    "LTN": 0.08823529411764706,
    "IST": 0.058823529411764705,
    "JED": 0.058823529411764705,
    "STN": 0.058823529411764705,
    "MXP": 0.04411764705882353,
    "KWI": 0.029411764705882353,
    "AMM": 0.029411764705882353,
    "NCL": 0.029411764705882353,
    "DME": 0.029411764705882353,
    "SVO": 0.029411764705882353,
    "SVX": 0.029411764705882353,
    "VKO": 0.029411764705882353
  },
  "domestic_ratio": 0.117,
  "fleet_mix": {
    "ISS": {
      "B737": 1.0
    },
    "1QA": {
      "DH8D": 1.0
    },
    "MSR": {
      "E175": 0.5555555555555556,
      "B738": 0.2222222222222222,
      "A321": 0.1111111111111111,
      "A319": 0.1111111111111111
    },
    "RJA": {
      "A320": 1.0
    },
    "SVA": {
      "E175": 1.0
    },
    "TCX": {
      "B752": 0.7142857142857143,
      "B767": 0.2857142857142857
    },
    "THY": {
      "B738": 0.5,
      "A319": 0.5
    },
    "TVF": {
      "B738": 1.0
    },
    "TOM": {
      "B738": 1.0
    },
    "EZY": {
      "A320": 1.0
    },
    "TSO": {
      "B738": 0.5,
      "B777": 0.25,
      "B744": 0.25
    },
    "KNE": {
      "A320": 1.0
    },
    "MON": {
      "A321": 0.6666666666666666,
      "A330": 0.3333333333333333
    }
  },
  "hourly_profile": [],
  "delay_rate": 0.0,
  "delay_distribution": {},
  "mean_delay_minutes": 0.0,
  "data_source": "openflights",
  "region": "",
  "profile_date": "2026-03-21",
  "sample_size": 77
}