{
  "icao_code": "STI",
  "iata_code": "STI",
  "airline_shares": {
    "JBU": 0.38095238095238093,
    "AAL": 0.09523809523809523,
    "SBS": 0.09523809523809523,
    "CMP": 0.09523809523809523,
    "DAL": 0.09523809523809523,
    "AXZ": 0.09523809523809523,
    "NKS": 0.09523809523809523,
    "USA": 0.047619047619047616
  },
  "domestic_route_shares": {},
  "international_route_shares": {
    "JFK": 0.19047619047619047,
    "SJU": 0.19047619047619047,
    "MIA": 0.14285714285714285,
    "BOS": 0.09523809523809523,
    "EWR": 0.09523809523809523,
    "PTY": 0.09523809523809523,
    "PLS": 0.09523809523809523,
    "FLL": 0.09523809523809523
  },
  "domestic_ratio": 0.0,
  "fleet_mix": {
    "AAL": {
      "B738": 1.0
    },
    "JBU": {
      "A320": 0.6,
      "A321": 0.2,
      "E190": 0.2
    },
    "CMP": {
      "E190": 1.0
    },
    "DAL": {
      "B738": 1.0
    },
    "NKS": {
      "A319": 1.0
    },
    "USA": {
      "B738": 1.0
    }
  },
  "hourly_profile": [],
  "delay_rate": 0.0,
  "delay_distribution": {},
  "mean_delay_minutes": 0.0,
  "data_source": "openflights",
  "region": "",
  "profile_date": "2026-03-21",
  "sample_size": 21
}