{
  "icao_code": "STL",
  "iata_code": "STL",
  "airline_shares": {
    "SWA": 0.4782608695652174,
    "AAL": 0.09420289855072464,
    "USA": 0.09420289855072464,
    "KAP": 0.08695652173913043,
    "DAL": 0.08695652173913043,
    "FFT": 0.07246376811594203,
    "3E": 0.043478260869565216,
    "ASA": 0.014492753623188406,
    "TRS": 0.014492753623188406,
    "UAL": 0.014492753623188406
  },
  "domestic_route_shares": {
    "LAX": 0.05454545454545454,
    "PHX": 0.05454545454545454,
    "ATL": 0.05454545454545454,
    "CLT": 0.03636363636363636,
    "DFW": 0.03636363636363636,
    "MIA": 0.03636363636363636,
    "ORD": 0.03636363636363636,
    "PHL": 0.03636363636363636,
    "DTW": 0.03636363636363636,
    "LGA": 0.03636363636363636,
    "MSP": 0.03636363636363636,
    "DEN": 0.03636363636363636,
    "SEA": 0.01818181818181818,
    "SLC": 0.01818181818181818,
    "SFO": 0.01818181818181818,
    "BNA": 0.01818181818181818,
    "BOS": 0.01818181818181818,
    "BWI": 0.01818181818181818,
    "CMH": 0.01818181818181818,
    "DAL": 0.01818181818181818,
    "DCA": 0.01818181818181818,
    "EWR": 0.01818181818181818,
    "FLL": 0.01818181818181818,
    "GRR": 0.01818181818181818,
    "HOU": 0.01818181818181818,
    "LAS": 0.01818181818181818,
    "MCI": 0.01818181818181818,
    "MCO": 0.01818181818181818,
    "MDW": 0.01818181818181818,
    "MKE": 0.01818181818181818,
    "MSY": 0.01818181818181818,
    "OKC": 0.01818181818181818,
    "OMA": 0.01818181818181818,
    "RDU": 0.01818181818181818,
    "RSW": 0.01818181818181818,
    "SAN": 0.01818181818181818,
    "SAT": 0.01818181818181818,
    "TPA": 0.01818181818181818,
    "TUL": 0.01818181818181818,
    "JFK": 0.00909090909090909,
    "CVG": 0.00909090909090909
  },
  "international_route_shares": {
    "BRL": 0.07142857142857142,
    "DEC": 0.07142857142857142,
    "JBR": 0.07142857142857142,
    "CGI": 0.07142857142857142,
    "IRK": 0.07142857142857142,
    "MWA": 0.07142857142857142,
    "OWB": 0.07142857142857142,
    "TBN": 0.07142857142857142,
    "UIN": 0.07142857142857142,
    "CUN": 0.07142857142857142,
    "MBJ": 0.07142857142857142,
    "PUJ": 0.07142857142857142,
    "PVR": 0.07142857142857142,
    "ECP": 0.07142857142857142
  },
  "domestic_ratio": 0.797,
  "fleet_mix": {
    "AAL": {
      "B738": 0.5454545454545454,
      "A319": 0.36363636363636365,
      "CRJ9": 0.09090909090909091
    },
    "ASA": {
      "B738": 0.5,
      "B739": 0.5
    },
    "DAL": {
      "A320": 0.375,
      "CRJ7": 0.3125,
      "A319": 0.25,
      "CRJ9": 0.0625
    },
    "FFT": {
      "A319": 0.6666666666666666,
      "A320": 0.3333333333333333
    },
    "UAL": {
      "A320": 0.5,
      "A319": 0.5
    },
    "USA": {
      "B738": 0.5454545454545454,
      "A319": 0.36363636363636365,
      "CRJ9": 0.09090909090909091
    },
    "SWA": {
      "B738": 1.0
    }
  },
  "hourly_profile": [],
  "delay_rate": 0.0,
  "delay_distribution": {},
  "mean_delay_minutes": 0.0,
  "data_source": "openflights",
  "region": "",
  "profile_date": "2026-03-21",
  "sample_size": 138
}