{
  "icao_code": "STR",
  "iata_code": "STR",
  "airline_shares": {
    "GWI": 0.38626609442060084,
    "BER": 0.1630901287553648,
    "HLX": 0.14163090128755365,
    "CFG": 0.10300429184549356,
    "PGT": 0.02575107296137339,
    "SXS": 0.017167381974248927,
    "AEE": 0.008583690987124463,
    "AFR": 0.008583690987124463,
    "ADH": 0.008583690987124463,
    "AZA": 0.008583690987124463,
    "BAW": 0.008583690987124463,
    "BEE": 0.008583690987124463,
    "DAL": 0.008583690987124463,
    "EIN": 0.008583690987124463,
    "BBO": 0.008583690987124463,
    "CHH": 0.008583690987124463,
    "ASL": 0.008583690987124463,
    "GEC": 0.008583690987124463,
    "SWR": 0.008583690987124463,
    "SAS": 0.008583690987124463,
    "AFL": 0.008583690987124463,
    "THY": 0.008583690987124463,
    "UAL": 0.008583690987124463,
    "VLG": 0.008583690987124463,
    "CWA": 0.008583690987124463
  },
  "domestic_route_shares": {
    "HAJ": 0.19047619047619047,
    "HAM": 0.19047619047619047,
    "BRE": 0.09523809523809523,
    "DRS": 0.09523809523809523,
    "LEJ": 0.09523809523809523,
    "DUS": 0.09523809523809523,
    "FRA": 0.09523809523809523,
    "FMO": 0.09523809523809523,
    "MUC": 0.047619047619047616
  },
  "international_route_shares": {
    "CTA": 0.03773584905660377,
    "PMI": 0.03773584905660377,
    "AYT": 0.03773584905660377,
    "BEG": 0.02830188679245283,
    "HER": 0.02830188679245283,
    "SAW": 0.02830188679245283,
    "SKG": 0.02830188679245283,
    "TXL": 0.02830188679245283,
    "AGP": 0.018867924528301886,
    "BCN": 0.018867924528301886,
    "CFU": 0.018867924528301886,
    "FAO": 0.018867924528301886,
    "IBZ": 0.018867924528301886,
    "LHR": 0.018867924528301886,
    "NAP": 0.018867924528301886,
    "OLB": 0.018867924528301886,
    "ACE": 0.018867924528301886,
    "DLM": 0.018867924528301886,
    "FNC": 0.018867924528301886,
    "FUE": 0.018867924528301886,
    "KGS": 0.018867924528301886,
    "LPA": 0.018867924528301886,
    "RHO": 0.018867924528301886,
    "TFS": 0.018867924528301886,
    "XRY": 0.018867924528301886,
    "ADB": 0.018867924528301886,
    "ATH": 0.009433962264150943,
    "BDS": 0.009433962264150943,
    "BIA": 0.009433962264150943,
    "BIO": 0.009433962264150943,
    "BRI": 0.009433962264150943,
    "BRU": 0.009433962264150943,
    "BUD": 0.009433962264150943,
    "CAG": 0.009433962264150943,
    "DBV": 0.009433962264150943,
    "FCO": 0.009433962264150943,
    "HDF": 0.009433962264150943,
    "KRK": 0.009433962264150943,
    "KVA": 0.009433962264150943,
    "LIS": 0.009433962264150943,
    "MXP": 0.009433962264150943,
    "PRN": 0.009433962264150943,
    "RJK": 0.009433962264150943,
    "RLG": 0.009433962264150943,
    "SJJ": 0.009433962264150943,
    "SPU": 0.009433962264150943,
    "STN": 0.009433962264150943,
    "SUF": 0.009433962264150943,
    "VIE": 0.009433962264150943,
    "ZAD": 0.009433962264150943,
    "ZAG": 0.009433962264150943,
    "ALC": 0.009433962264150943,
    "FLR": 0.009433962264150943,
    "GWT": 0.009433962264150943,
    "JER": 0.009433962264150943,
    "VCE": 0.009433962264150943,
    "CDG": 0.009433962264150943,
    "BHX": 0.009433962264150943,
    "ATL": 0.009433962264150943,
    "DUB": 0.009433962264150943,
    "GVA": 0.009433962264150943,
    "ZRH": 0.009433962264150943,
    "ESB": 0.009433962264150943,
    "CPH": 0.009433962264150943,
    "SVO": 0.009433962264150943,
    "IST": 0.009433962264150943,
    "EWR": 0.009433962264150943,
    "MAH": 0.009433962264150943,
    "SID": 0.0047169811320754715,
    "BVC": 0.0047169811320754715
  },
  "domestic_ratio": 0.09,
  "fleet_mix": {
    "GWI": {
      "A319": 0.671875,
      "CRJ9": 0.1875,
      "A320": 0.140625
    },
    "AEE": {
      "A320": 1.0
    },
    "BER": {
      "A320": 0.3116883116883117,
      "B738": 0.2987012987012987,
      "DH8D": 0.15584415584415584,
      "B737": 0.1038961038961039,
      "A319": 0.05194805194805195,
      "A321": 0.05194805194805195,
      "A330": 0.025974025974025976
    },
    "ADH": {
      "A320": 1.0
    },
    "AZA": {
      "A320": 1.0
    },
    "BAW": {
      "A319": 0.3333333333333333,
      "A321": 0.3333333333333333,
      "A320": 0.3333333333333333
    },
    "BEE": {
      "E175": 0.5,
      "DH8D": 0.5
    },
    "EIN": {
      "A320": 1.0
    },
    "CHH": {
      "A320": 0.3333333333333333,
      "B738": 0.16666666666666666,
      "B737": 0.16666666666666666,
      "DH8D": 0.16666666666666666,
      "A319": 0.16666666666666666
    },
    "ASL": {
      "A319": 1.0
    },
    "GEC": {
      "A319": 0.5,
      "A320": 0.5
    },
    "PGT": {
      "B738": 0.75,
      "A320": 0.25
    },
    "SAS": {
      "CRJ9": 1.0
    },
    "AFL": {
      "A320": 1.0
    },
    "THY": {
      "A320": 0.5,
      "A321": 0.5
    },
    "UAL": {
      "B752": 1.0
    },
    "VLG": {
      "A320": 1.0
    },
    "HLX": {
      "B738": 1.0
    },
    "SXS": {
      "B738": 1.0
    }
  },
  "hourly_profile": [],
  "delay_rate": 0.0,
  "delay_distribution": {},
  "mean_delay_minutes": 0.0,
  "data_source": "openflights",
  "region": "",
  "profile_date": "2026-03-21",
  "sample_size": 233
}