{
  "icao_code": "STT",
  "iata_code": "STT",
  "airline_shares": {
    "YI": 0.2033898305084746,
    "AAL": 0.13559322033898305,
    "USA": 0.13559322033898305,
    "KAP": 0.1016949152542373,
    "UAL": 0.1016949152542373,
    "SBS": 0.06779661016949153,
    "DAL": 0.06779661016949153,
    "LIA": 0.06779661016949153,
    "JBU": 0.05084745762711865,
    "NKS": 0.03389830508474576,
    "TJA": 0.03389830508474576
  },
  "domestic_route_shares": {},
  "international_route_shares": {
    "SJU": 0.13559322033898305,
    "JFK": 0.1016949152542373,
    "EIS": 0.06779661016949153,
    "STX": 0.06779661016949153,
    "CLT": 0.06779661016949153,
    "MIA": 0.06779661016949153,
    "PHL": 0.06779661016949153,
    "SXM": 0.06779661016949153,
    "ATL": 0.03389830508474576,
    "AXA": 0.03389830508474576,
    "FLL": 0.03389830508474576,
    "SBH": 0.03389830508474576,
    "EWR": 0.03389830508474576,
    "IAD": 0.03389830508474576,
    "ORD": 0.03389830508474576,
    "DOM": 0.03389830508474576,
    "NEV": 0.03389830508474576,
    "VIJ": 0.03389830508474576,
    "BOS": 0.01694915254237288
  },
  "domestic_ratio": 0.0,
  "fleet_mix": {
    "AAL": {
      "B767": 1.0
    },
    "JBU": {
      "E190": 0.6666666666666666,
      "A320": 0.3333333333333333
    },
    "LIA": {
      "AT76": 1.0
    },
    "NKS": {
      "A319": 1.0
    },
    "UAL": {
      "B737": 1.0
    },
    "USA": {
      "B752": 1.0
    }
  },
  "hourly_profile": [],
  "delay_rate": 0.0,
  "delay_distribution": {},
  "mean_delay_minutes": 0.0,
  "data_source": "openflights",
  "region": "",
  "profile_date": "2026-03-21",
  "sample_size": 59
}