{
  "icao_code": "SUB",
  "iata_code": "SUB",
  "airline_shares": {
    "LNI": 0.2032520325203252,
    "GIA": 0.17886178861788618,
    "QG": 0.16260162601626016,
    "AWQ": 0.14634146341463414,
    "SJY": 0.11382113821138211,
    "ILY": 0.024390243902439025,
    "AXM": 0.016260162601626018,
    "RBA": 0.016260162601626018,
    "EVA": 0.016260162601626018,
    "CAL": 0.016260162601626018,
    "CPA": 0.016260162601626018,
    "ITK": 0.016260162601626018,
    "SLK": 0.016260162601626018,
    "SQC": 0.016260162601626018,
    "TGW": 0.016260162601626018,
    "VLU": 0.016260162601626018,
    "QFA": 0.008130081300813009
  },
  "domestic_route_shares": {
    "CGK": 0.1791044776119403,
    "BPN": 0.11940298507462686,
    "UPG": 0.11940298507462686,
    "BDJ": 0.1044776119402985,
    "DPS": 0.08955223880597014,
    "LOP": 0.08955223880597014,
    "MDC": 0.08955223880597014,
    "AMQ": 0.05970149253731343,
    "SRG": 0.05970149253731343,
    "BTH": 0.05970149253731343,
    "JOG": 0.029850746268656716
  },
  "international_route_shares": {
    "SIN": 0.26785714285714285,
    "KUL": 0.10714285714285714,
    "BDO": 0.10714285714285714,
    "KOE": 0.10714285714285714,
    "JHB": 0.07142857142857142,
    "BWN": 0.03571428571428571,
    "TPE": 0.03571428571428571,
    "HKG": 0.03571428571428571,
    "JED": 0.03571428571428571,
    "PKN": 0.03571428571428571,
    "PKY": 0.03571428571428571,
    "TRK": 0.03571428571428571,
    "DMK": 0.03571428571428571,
    "PEN": 0.03571428571428571,
    "PLW": 0.017857142857142856
  },
  "domestic_ratio": 0.545,
  "fleet_mix": {
    "AXM": {
      "A320": 1.0
    },
    "RBA": {
      "A320": 0.6666666666666666,
      "A319": 0.3333333333333333
    },
    "EVA": {
      "A330": 1.0
    },
    "CAL": {
      "A330": 1.0
    },
    "CPA": {
      "A330": 0.5,
      "B777": 0.5
    },
    "GIA": {
      "B738": 0.7142857142857143,
      "A330": 0.14285714285714285,
      "B744": 0.14285714285714285
    },
    "ITK": {
      "B739": 1.0
    },
    "ILY": {
      "B737": 0.6666666666666666,
      "AT76": 0.3333333333333333
    },
    "LNI": {
      "B739": 0.6451612903225806,
      "B738": 0.3548387096774194
    },
    "SLK": {
      "A330": 0.3333333333333333,
      "A320": 0.3333333333333333,
      "A319": 0.3333333333333333
    },
    "QFA": {
      "A320": 1.0
    },
    "QG": {
      "A320": 1.0
    },
    "AWQ": {
      "A320": 1.0
    },
    "SQC": {
      "A330": 1.0
    },
    "TGW": {
      "A320": 1.0
    },
    "VLU": {
      "A320": 1.0
    }
  },
  "hourly_profile": [],
  "delay_rate": 0.0,
  "delay_distribution": {},
  "mean_delay_minutes": 0.0,
  "data_source": "openflights",
  "region": "",
  "profile_date": "2026-03-21",
  "sample_size": 123
}