{
  "icao_code": "SUF",
  "iata_code": "SUF",
  "airline_shares": {
    "RYR": 0.42857142857142855,
    "GWI": 0.19047619047619047,
    "AZA": 0.14285714285714285,
    "ADH": 0.09523809523809523,
    "BER": 0.047619047619047616,
    "TRA": 0.047619047619047616,
    "EZY": 0.047619047619047616
  },
  "domestic_route_shares": {
    "TRN": 0.17391304347826086,
    "FCO": 0.17391304347826086,
    "VCE": 0.08695652173913043,
    "LIN": 0.08695652173913043,
    "BGY": 0.08695652173913043,
    "BLQ": 0.08695652173913043,
    "PSA": 0.08695652173913043,
    "TSF": 0.08695652173913043,
    "MXP": 0.08695652173913043,
    "CTA": 0.043478260869565216
  },
  "international_route_shares": {
    "CGN": 0.10526315789473684,
    "DUS": 0.10526315789473684,
    "HAJ": 0.10526315789473684,
    "STR": 0.10526315789473684,
    "ZRH": 0.10526315789473684,
    "CRL": 0.10526315789473684,
    "HHN": 0.10526315789473684,
    "NRN": 0.10526315789473684,
    "STN": 0.10526315789473684,
    "AMS": 0.05263157894736842
  },
  "domestic_ratio": 0.548,
  "fleet_mix": {
    "GWI": {
      "A319": 0.75,
      "CRJ9": 0.25
    },
    "BER": {
      "A320": 1.0
    },
    "ADH": {
      "A320": 1.0
    },
    "AZA": {
      "A320": 0.3333333333333333,
      "A319": 0.3333333333333333,
      "A321": 0.16666666666666666,
      "E175": 0.16666666666666666
    },
    "RYR": {
      "B738": 1.0
    },
    "TRA": {
      "B738": 1.0
    },
    "EZY": {
      "A319": 0.5,
      "A320": 0.5
    }
  },
  "hourly_profile": [],
  "delay_rate": 0.0,
  "delay_distribution": {},
  "mean_delay_minutes": 0.0,
  "data_source": "openflights",
  "region": "",
  "profile_date": "2026-03-21",
  "sample_size": 42
}