{
  "icao_code": "SVG",
  "iata_code": "SVG",
  "airline_shares": {
    "NAX": 0.2,
    "SAS": 0.2,
    "WIF": 0.14444444444444443,
    "WZZ": 0.08888888888888889,
    "BYE": 0.06666666666666667,
    "DTR": 0.06666666666666667,
    "EZE": 0.044444444444444446,
    "FLI": 0.03333333333333333,
    "AFR": 0.022222222222222223,
    "BAW": 0.022222222222222223,
    "BTI": 0.022222222222222223,
    "ICE": 0.022222222222222223,
    "KLM": 0.022222222222222223,
    "GEC": 0.022222222222222223,
    "VLG": 0.022222222222222223
  },
  "domestic_route_shares": {
    "BGO": 0.36363636363636365,
    "OSL": 0.18181818181818182,
    "EVE": 0.09090909090909091,
    "TOS": 0.09090909090909091,
    "TRD": 0.09090909090909091,
    "KRS": 0.09090909090909091,
    "TRF": 0.09090909090909091
  },
  "international_route_shares": {
    "ABZ": 0.08823529411764706,
    "LHR": 0.058823529411764705,
    "KSU": 0.058823529411764705,
    "ALC": 0.058823529411764705,
    "NCL": 0.058823529411764705,
    "CDG": 0.029411764705882353,
    "GOT": 0.029411764705882353,
    "RIX": 0.029411764705882353,
    "AAL": 0.029411764705882353,
    "BLL": 0.029411764705882353,
    "SRP": 0.029411764705882353,
    "AGP": 0.029411764705882353,
    "KRK": 0.029411764705882353,
    "LGW": 0.029411764705882353,
    "MAN": 0.029411764705882353,
    "SXF": 0.029411764705882353,
    "WAW": 0.029411764705882353,
    "AMS": 0.029411764705882353,
    "FRA": 0.029411764705882353,
    "FAE": 0.029411764705882353,
    "CPH": 0.029411764705882353,
    "EDI": 0.029411764705882353,
    "BCN": 0.029411764705882353,
    "GDN": 0.029411764705882353,
    "KTW": 0.029411764705882353,
    "SZZ": 0.029411764705882353,
    "VNO": 0.029411764705882353,
    "KEF": 0.014705882352941176,
    "FRO": 0.014705882352941176
  },
  "domestic_ratio": 0.244,
  "fleet_mix": {
    "AFR": {
      "E175": 1.0
    },
    "BAW": {
      "A319": 1.0
    },
    "BTI": {
      "DH8D": 1.0
    },
    "DTR": {
      "AT76": 1.0
    },
    "NAX": {
      "B738": 1.0
    },
    "KLM": {
      "B737": 1.0
    },
    "GEC": {
      "A319": 1.0
    },
    "FLI": {
      "A319": 1.0
    },
    "SAS": {
      "B738": 0.5294117647058824,
      "B737": 0.23529411764705882,
      "CRJ9": 0.058823529411764705,
      "A319": 0.058823529411764705,
      "A321": 0.058823529411764705,
      "A320": 0.058823529411764705
    },
    "VLG": {
      "A320": 1.0
    },
    "WZZ": {
      "A320": 1.0
    },
    "WIF": {
      "DH8D": 1.0
    }
  },
  "hourly_profile": [],
  "delay_rate": 0.0,
  "delay_distribution": {},
  "mean_delay_minutes": 0.0,
  "data_source": "openflights",
  "region": "",
  "profile_date": "2026-03-21",
  "sample_size": 90
}