{
  "icao_code": "SVO",
  "iata_code": "SVO",
  "airline_shares": {
    "AFL": 0.6829268292682927,
    "AZA": 0.02710027100271003,
    "TSO": 0.02710027100271003,
    "DAL": 0.02168021680216802,
    "AUL": 0.016260162601626018,
    "ADH": 0.016260162601626018,
    "LZB": 0.016260162601626018,
    "AFR": 0.01084010840108401,
    "CSN": 0.01084010840108401,
    "KZR": 0.01084010840108401,
    "CSA": 0.01084010840108401,
    "MGL": 0.01084010840108401,
    "SAS": 0.01084010840108401,
    "LMU": 0.01084010840108401,
    "OHY": 0.005420054200542005,
    "DAH": 0.005420054200542005,
    "RAM": 0.005420054200542005,
    "FIN": 0.005420054200542005,
    "BTI": 0.005420054200542005,
    "CCA": 0.005420054200542005,
    "CYP": 0.005420054200542005,
    "AFG": 0.005420054200542005,
    "CHH": 0.005420054200542005,
    "ADR": 0.005420054200542005,
    "ASL": 0.005420054200542005,
    "KAL": 0.005420054200542005,
    "KLM": 0.005420054200542005,
    "AMC": 0.005420054200542005,
    "LOT": 0.005420054200542005,
    "MEA": 0.005420054200542005,
    "CES": 0.005420054200542005,
    "ELL": 0.005420054200542005,
    "ROT": 0.005420054200542005,
    "SBI": 0.005420054200542005,
    "AEA": 0.005420054200542005,
    "IRA": 0.0027100271002710027
  },
  "domestic_route_shares": {
    "MMK": 0.029411764705882353,
    "ABA": 0.029411764705882353,
    "AER": 0.029411764705882353,
    "ASF": 0.029411764705882353,
    "BAX": 0.029411764705882353,
    "CEK": 0.029411764705882353,
    "GOJ": 0.029411764705882353,
    "HTA": 0.029411764705882353,
    "IKT": 0.029411764705882353,
    "KEJ": 0.029411764705882353,
    "KGD": 0.029411764705882353,
    "KJA": 0.029411764705882353,
    "KRR": 0.029411764705882353,
    "KUF": 0.029411764705882353,
    "KZN": 0.029411764705882353,
    "LED": 0.029411764705882353,
    "MQF": 0.029411764705882353,
    "MRV": 0.029411764705882353,
    "NJC": 0.029411764705882353,
    "OMS": 0.029411764705882353,
    "OVB": 0.029411764705882353,
    "PEE": 0.029411764705882353,
    "PKC": 0.029411764705882353,
    "ROV": 0.029411764705882353,
    "SGC": 0.029411764705882353,
    "SVX": 0.029411764705882353,
    "TJM": 0.029411764705882353,
    "TOF": 0.029411764705882353,
    "UFA": 0.029411764705882353,
    "UUD": 0.029411764705882353,
    "UUS": 0.029411764705882353,
    "VOG": 0.029411764705882353,
    "VVO": 0.029411764705882353,
    "YKS": 0.029411764705882353
  },
  "international_route_shares": {
    "PEK": 0.026578073089700997,
    "AYT": 0.013289036544850499,
    "CDG": 0.013289036544850499,
    "CTA": 0.013289036544850499,
    "CMN": 0.013289036544850499,
    "HEL": 0.013289036544850499,
    "FCO": 0.013289036544850499,
    "FRU": 0.013289036544850499,
    "MXP": 0.013289036544850499,
    "TAS": 0.013289036544850499,
    "RIX": 0.013289036544850499,
    "LCA": 0.013289036544850499,
    "CAN": 0.013289036544850499,
    "IAD": 0.013289036544850499,
    "JFK": 0.013289036544850499,
    "LAX": 0.013289036544850499,
    "MIA": 0.013289036544850499,
    "SOF": 0.013289036544850499,
    "GYD": 0.013289036544850499,
    "LJU": 0.013289036544850499,
    "BEG": 0.013289036544850499,
    "ICN": 0.013289036544850499,
    "AMS": 0.013289036544850499,
    "MLA": 0.013289036544850499,
    "WAW": 0.013289036544850499,
    "BEY": 0.013289036544850499,
    "PVG": 0.013289036544850499,
    "KLV": 0.013289036544850499,
    "PRG": 0.013289036544850499,
    "ULN": 0.013289036544850499,
    "TLL": 0.013289036544850499,
    "OTP": 0.013289036544850499,
    "ARN": 0.013289036544850499,
    "CPH": 0.013289036544850499,
    "BCN": 0.013289036544850499,
    "KBP": 0.013289036544850499,
    "ODS": 0.013289036544850499,
    "PUJ": 0.013289036544850499,
    "IKA": 0.009966777408637873,
    "ARH": 0.006644518272425249,
    "SCW": 0.006644518272425249,
    "MRS": 0.006644518272425249,
    "ALG": 0.006644518272425249,
    "PMO": 0.006644518272425249,
    "PSA": 0.006644518272425249,
    "URC": 0.006644518272425249,
    "BOJ": 0.006644518272425249,
    "VAR": 0.006644518272425249,
    "ALA": 0.006644518272425249,
    "TSE": 0.006644518272425249,
    "TXL": 0.006644518272425249,
    "AAQ": 0.006644518272425249,
    "AGP": 0.006644518272425249,
    "ATH": 0.006644518272425249,
    "BKK": 0.006644518272425249,
    "BLQ": 0.006644518272425249,
    "BRU": 0.006644518272425249,
    "BUD": 0.006644518272425249,
    "CAI": 0.006644518272425249,
    "DEL": 0.006644518272425249,
    "DNK": 0.006644518272425249,
    "DOK": 0.006644518272425249,
    "DRS": 0.006644518272425249,
    "DUS": 0.006644518272425249,
    "DXB": 0.006644518272425249,
    "EVN": 0.006644518272425249,
    "FRA": 0.006644518272425249,
    "GDZ": 0.006644518272425249,
    "GVA": 0.006644518272425249,
    "HAJ": 0.006644518272425249,
    "HAM": 0.006644518272425249,
    "HAN": 0.006644518272425249,
    "HAV": 0.006644518272425249,
    "HER": 0.006644518272425249,
    "HKG": 0.006644518272425249,
    "HRK": 0.006644518272425249,
    "IST": 0.006644518272425249,
    "KGF": 0.006644518272425249,
    "KHV": 0.006644518272425249,
    "KRK": 0.006644518272425249,
    "LHR": 0.006644518272425249,
    "MAD": 0.006644518272425249,
    "MLE": 0.006644518272425249,
    "MSQ": 0.006644518272425249,
    "MUC": 0.006644518272425249,
    "NBC": 0.006644518272425249,
    "NCE": 0.006644518272425249,
    "NOZ": 0.006644518272425249,
    "NRT": 0.006644518272425249,
    "NUX": 0.006644518272425249,
    "OSL": 0.006644518272425249,
    "REN": 0.006644518272425249,
    "SGN": 0.006644518272425249,
    "SIP": 0.006644518272425249,
    "SKG": 0.006644518272425249,
    "STR": 0.006644518272425249,
    "STW": 0.006644518272425249,
    "SXF": 0.006644518272425249,
    "TFS": 0.006644518272425249,
    "TLV": 0.006644518272425249,
    "VCE": 0.006644518272425249,
    "VIE": 0.006644518272425249,
    "VNO": 0.006644518272425249,
    "YYZ": 0.006644518272425249,
    "ZAG": 0.006644518272425249,
    "ZRH": 0.006644518272425249,
    "HRG": 0.006644518272425249,
    "NBE": 0.006644518272425249,
    "RHO": 0.006644518272425249,
    "SSH": 0.006644518272425249
  },
  "domestic_ratio": 0.184,
  "fleet_mix": {
    "OHY": {
      "A321": 1.0
    },
    "AFR": {
      "A320": 0.5,
      "A319": 0.25,
      "A321": 0.25
    },
    "ADH": {
      "A320": 1.0
    },
    "RAM": {
      "B738": 0.5,
      "B737": 0.5
    },
    "FIN": {
      "A319": 0.5,
      "A320": 0.5
    },
    "AZA": {
      "A319": 0.46153846153846156,
      "A321": 0.38461538461538464,
      "A320": 0.15384615384615385
    },
    "CCA": {
      "B777": 1.0
    },
    "CYP": {
      "A320": 1.0
    },
    "CSN": {
      "A330": 0.6666666666666666,
      "B738": 0.3333333333333333
    },
    "DAL": {
      "A330": 0.6,
      "B767": 0.2,
      "B777": 0.2
    },
    "LZB": {
      "A320": 0.6666666666666666,
      "A319": 0.3333333333333333
    },
    "CHH": {
      "A330": 1.0
    },
    "ADR": {
      "A319": 0.5,
      "CRJ9": 0.5
    },
    "ASL": {
      "A320": 0.5,
      "A319": 0.5
    },
    "KZR": {
      "A320": 0.6666666666666666,
      "A321": 0.3333333333333333
    },
    "KAL": {
      "B777": 1.0
    },
    "KLM": {
      "B737": 1.0
    },
    "AMC": {
      "A319": 1.0
    },
    "LOT": {
      "E190": 0.5,
      "E175": 0.5
    },
    "MEA": {
      "A320": 0.5,
      "A319": 0.5
    },
    "CES": {
      "A330": 0.3333333333333333,
      "B777": 0.3333333333333333,
      "B767": 0.3333333333333333
    },
    "CSA": {
      "A320": 0.6666666666666666,
      "A319": 0.3333333333333333
    },
    "MGL": {
      "B767": 0.5,
      "B737": 0.5
    },
    "ELL": {
      "CRJ9": 0.5,
      "E175": 0.5
    },
    "ROT": {
      "B737": 1.0
    },
    "SBI": {
      "A330": 1.0
    },
    "SAS": {
      "B738": 0.3333333333333333,
      "A320": 0.3333333333333333,
      "CRJ9": 0.3333333333333333
    },
    "AFL": {
      "A320": 0.390625,
      "A321": 0.1875,
      "A319": 0.16666666666666666,
      "A330": 0.13541666666666666,
      "B738": 0.0625,