{
  "icao_code": "SVQ",
  "iata_code": "SVQ",
  "airline_shares": {
    "RYR": 0.43137254901960786,
    "VLG": 0.21568627450980393,
    "IBE": 0.0784313725490196,
    "AEA": 0.06862745098039216,
    "TVF": 0.058823529411764705,
    "EZY": 0.058823529411764705,
    "TRA": 0.029411764705882353,
    "BER": 0.0196078431372549,
    "AFR": 0.0196078431372549,
    "DAT": 0.0196078431372549
  },
  "domestic_route_shares": {
    "PMI": 0.2571428571428571,
    "LPA": 0.17142857142857143,
    "BCN": 0.11428571428571428,
    "OVD": 0.11428571428571428,
    "TFN": 0.11428571428571428,
    "ACE": 0.05714285714285714,
    "SCQ": 0.05714285714285714,
    "TFS": 0.05714285714285714,
    "BIO": 0.05714285714285714
  },
  "international_route_shares": {
    "LYS": 0.08955223880597014,
    "NTE": 0.08955223880597014,
    "LGW": 0.05970149253731343,
    "AMS": 0.05970149253731343,
    "ORY": 0.05970149253731343,
    "LEI": 0.04477611940298507,
    "TLS": 0.029850746268656716,
    "BGY": 0.029850746268656716,
    "BLQ": 0.029850746268656716,
    "BOD": 0.029850746268656716,
    "BRI": 0.029850746268656716,
    "BVA": 0.029850746268656716,
    "CIA": 0.029850746268656716,
    "CRL": 0.029850746268656716,
    "DUB": 0.029850746268656716,
    "EIN": 0.029850746268656716,
    "MRS": 0.029850746268656716,
    "PMO": 0.029850746268656716,
    "PSA": 0.029850746268656716,
    "RAK": 0.029850746268656716,
    "SDR": 0.029850746268656716,
    "STN": 0.029850746268656716,
    "BRU": 0.029850746268656716,
    "BSL": 0.029850746268656716,
    "GVA": 0.029850746268656716,
    "LCG": 0.029850746268656716
  },
  "domestic_ratio": 0.343,
  "fleet_mix": {
    "BER": {
      "B738": 1.0
    },
    "AFR": {
      "A319": 1.0
    },
    "RYR": {
      "B738": 1.0
    },
    "TRA": {
      "B738": 1.0
    },
    "IBE": {
      "A320": 1.0
    },
    "DAT": {
      "A319": 1.0
    },
    "TVF": {
      "B738": 1.0
    },
    "EZY": {
      "A319": 0.75,
      "A320": 0.25
    },
    "AEA": {
      "B738": 1.0
    },
    "VLG": {
      "A320": 1.0
    }
  },
  "hourly_profile": [],
  "delay_rate": 0.0,
  "delay_distribution": {},
  "mean_delay_minutes": 0.0,
  "data_source": "openflights",
  "region": "",
  "profile_date": "2026-03-21",
  "sample_size": 102
}