{
  "icao_code": "SVX",
  "iata_code": "SVX",
  "airline_shares": {
    "SVR": 0.2814070351758794,
    "SJM": 0.09045226130653267,
    "YCC": 0.07035175879396985,
    "TSO": 0.06532663316582915,
    "AFL": 0.06030150753768844,
    "UR": 0.06030150753768844,
    "ARD": 0.05025125628140704,
    "SBI": 0.04020100502512563,
    "Y7": 0.03015075376884422,
    "JAA": 0.020100502512562814,
    "UZB": 0.020100502512562814,
    "CWK": 0.020100502512562814,
    "SZ": 0.020100502512562814,
    "YK": 0.020100502512562814,
    "GZP": 0.010050251256281407,
    "SOV": 0.010050251256281407,
    "7J": 0.010050251256281407,
    "FIN": 0.010050251256281407,
    "BRU": 0.010050251256281407,
    "FDB": 0.010050251256281407,
    "ABY": 0.010050251256281407,
    "I8": 0.010050251256281407,
    "AHY": 0.010050251256281407,
    "KZR": 0.010050251256281407,
    "CSA": 0.010050251256281407,
    "AUI": 0.010050251256281407,
    "LYN": 0.010050251256281407,
    "ARR": 0.010050251256281407,
    "THY": 0.010050251256281407
  },
  "domestic_route_shares": {
    "OVB": 0.14705882352941177,
    "DME": 0.08823529411764706,
    "MRV": 0.08823529411764706,
    "NJC": 0.058823529411764705,
    "KUF": 0.058823529411764705,
    "AER": 0.058823529411764705,
    "KRR": 0.058823529411764705,
    "LED": 0.058823529411764705,
    "KJA": 0.058823529411764705,
    "NSK": 0.058823529411764705,
    "KZN": 0.029411764705882353,
    "MQF": 0.029411764705882353,
    "UFA": 0.029411764705882353,
    "ULV": 0.029411764705882353,
    "ROV": 0.029411764705882353,
    "SVO": 0.029411764705882353,
    "VKO": 0.029411764705882353,
    "GOJ": 0.029411764705882353,
    "SGC": 0.029411764705882353
  },
  "international_route_shares": {
    "FRU": 0.061068702290076333,
    "DYU": 0.04580152671755725,
    "OSS": 0.04580152671755725,
    "DWC": 0.03816793893129771,
    "NUX": 0.030534351145038167,
    "HEL": 0.030534351145038167,
    "NMA": 0.030534351145038167,
    "TAS": 0.030534351145038167,
    "GYD": 0.030534351145038167,
    "PRG": 0.030534351145038167,
    "KBP": 0.030534351145038167,
    "EVN": 0.030534351145038167,
    "PEK": 0.030534351145038167,
    "LBD": 0.030534351145038167,
    "TJU": 0.022900763358778626,
    "NBC": 0.015267175572519083,
    "OVS": 0.015267175572519083,
    "RTW": 0.015267175572519083,
    "KRO": 0.015267175572519083,
    "SCW": 0.015267175572519083,
    "URJ": 0.015267175572519083,
    "MSQ": 0.015267175572519083,
    "SHJ": 0.015267175572519083,
    "IJK": 0.015267175572519083,
    "TSE": 0.015267175572519083,
    "IST": 0.015267175572519083,
    "CDG": 0.015267175572519083,
    "DXB": 0.015267175572519083,
    "FCO": 0.015267175572519083,
    "HRB": 0.015267175572519083,
    "KLV": 0.015267175572519083,
    "LCA": 0.015267175572519083,
    "MUC": 0.015267175572519083,
    "TLV": 0.015267175572519083,
    "BKK": 0.015267175572519083,
    "HKT": 0.015267175572519083,
    "HRG": 0.015267175572519083,
    "SSH": 0.015267175572519083,
    "EYK": 0.015267175572519083,
    "HMA": 0.015267175572519083,
    "KGP": 0.015267175572519083,
    "NOJ": 0.015267175572519083,
    "NYA": 0.015267175572519083,
    "NYM": 0.015267175572519083,
    "SLY": 0.015267175572519083,
    "DMB": 0.007633587786259542,
    "KQT": 0.007633587786259542,
    "SKD": 0.007633587786259542
  },
  "domestic_ratio": 0.342,
  "fleet_mix": {
    "FIN": {
      "A319": 1.0
    },
    "BRU": {
      "CRJ9": 1.0
    },
    "JAA": {
      "A320": 1.0
    },
    "FDB": {
      "B738": 1.0
    },
    "ABY": {
      "A320": 1.0
    },
    "UZB": {
      "A320": 1.0
    },
    "AHY": {
      "A320": 1.0
    },
    "KZR": {
      "E190": 1.0
    },
    "CWK": {
      "A320": 1.0
    },
    "CSA": {
      "A320": 1.0
    },
    "AUI": {
      "B737": 1.0
    },
    "SBI": {
      "A319": 0.6666666666666666,
      "A320": 0.3333333333333333
    },
    "AFL": {
      "A319": 0.625,
      "A320": 0.25,
      "A321": 0.125
    },
    "SZ": {
      "B737": 1.0
    },
    "THY": {
      "A321": 1.0
    },
    "SVR": {
      "A320": 0.9655172413793104,
      "A321": 0.034482758620689655
    },
    "TSO": {
      "B738": 0.5,
      "B767": 0.3333333333333333,
      "B737": 0.16666666666666666
    },
    "UR": {
      "AT76": 1.0
    },
    "Y7": {
      "B738": 0.6666666666666666,
      "AT76": 0.3333333333333333
    }
  },
  "hourly_profile": [],
  "delay_rate": 0.0,
  "delay_distribution": {},
  "mean_delay_minutes": 0.0,
  "data_source": "openflights",
  "region": "",
  "profile_date": "2026-03-21",
  "sample_size": 199
}