{
  "icao_code": "SWA",
  "iata_code": "SWA",
  "airline_shares": {
    "CSN": 0.47761194029850745,
    "GUN": 0.26865671641791045,
    "CCA": 0.05970149253731343,
    "CES": 0.05970149253731343,
    "CSH": 0.04477611940298507,
    "JSA": 0.029850746268656716,
    "CSC": 0.029850746268656716,
    "9C": 0.029850746268656716
  },
  "domestic_route_shares": {
    "SHA": 0.13114754098360656,
    "CTU": 0.06557377049180328,
    "PEK": 0.06557377049180328,
    "CSX": 0.06557377049180328,
    "NGB": 0.06557377049180328,
    "NKG": 0.06557377049180328,
    "YIW": 0.06557377049180328,
    "HGH": 0.06557377049180328,
    "CKG": 0.03278688524590164,
    "CAN": 0.03278688524590164,
    "KWE": 0.03278688524590164,
    "KWL": 0.03278688524590164,
    "NNG": 0.03278688524590164,
    "SYX": 0.03278688524590164,
    "WUH": 0.03278688524590164,
    "ZUH": 0.03278688524590164,
    "CGO": 0.03278688524590164,
    "HAK": 0.03278688524590164,
    "HFE": 0.03278688524590164,
    "ZHA": 0.03278688524590164,
    "PVG": 0.01639344262295082
  },
  "international_route_shares": {
    "SIN": 0.3333333333333333,
    "BKK": 0.3333333333333333,
    "HKG": 0.3333333333333333
  },
  "domestic_ratio": 0.91,
  "fleet_mix": {
    "JSA": {
      "A320": 1.0
    },
    "CSC": {
      "A319": 1.0
    },
    "9C": {
      "A320": 1.0
    },
    "CCA": {
      "A319": 0.5,
      "B738": 0.5
    },
    "CSN": {
      "B738": 0.9411764705882353,
      "A321": 0.058823529411764705
    },
    "CSH": {
      "B738": 1.0
    },
    "GUN": {
      "E190": 1.0
    },
    "CES": {
      "A320": 0.5,
      "A321": 0.5
    }
  },
  "hourly_profile": [],
  "delay_rate": 0.0,
  "delay_distribution": {},
  "mean_delay_minutes": 0.0,
  "data_source": "openflights",
  "region": "",
  "profile_date": "2026-03-21",
  "sample_size": 67
}