{
  "icao_code": "SXB",
  "iata_code": "SXB",
  "airline_shares": {
    "RLA": 0.25806451612903225,
    "VOE": 0.22580645161290322,
    "AFR": 0.12903225806451613,
    "RYR": 0.06451612903225806,
    "TAR": 0.06451612903225806,
    "RAM": 0.03225806451612903,
    "AZA": 0.03225806451612903,
    "CSA": 0.03225806451612903,
    "TVS": 0.03225806451612903,
    "DAT": 0.03225806451612903,
    "TVF": 0.03225806451612903,
    "EZY": 0.03225806451612903,
    "SXS": 0.03225806451612903
  },
  "domestic_route_shares": {
    "BOD": 0.18181818181818182,
    "MPL": 0.18181818181818182,
    "LIL": 0.09090909090909091,
    "LYS": 0.09090909090909091,
    "MRS": 0.09090909090909091,
    "NCE": 0.09090909090909091,
    "ORY": 0.09090909090909091,
    "TLS": 0.09090909090909091,
    "BIA": 0.09090909090909091
  },
  "international_route_shares": {
    "AMS": 0.1,
    "FCO": 0.1,
    "NTE": 0.1,
    "PRG": 0.1,
    "CMN": 0.05,
    "OPO": 0.05,
    "STN": 0.05,
    "BRU": 0.05,
    "RAK": 0.05,
    "DJE": 0.05,
    "TUN": 0.05,
    "LGW": 0.05,
    "AJA": 0.05,
    "BIQ": 0.05,
    "PMO": 0.05,
    "ADB": 0.05
  },
  "domestic_ratio": 0.355,
  "fleet_mix": {
    "RLA": {
      "CRJ7": 0.4444444444444444,
      "E175": 0.4444444444444444,
      "CRJ9": 0.1111111111111111
    },
    "AFR": {
      "A320": 0.2857142857142857,
      "A319": 0.2857142857142857,
      "CRJ7": 0.14285714285714285,
      "E175": 0.14285714285714285,
      "AT76": 0.14285714285714285
    },
    "RAM": {
      "B737": 1.0
    },
    "AZA": {
      "CRJ7": 1.0
    },
    "RYR": {
      "B738": 1.0
    },
    "DAT": {
      "DH8D": 1.0
    },
    "TVF": {
      "B738": 1.0
    },
    "TAR": {
      "A319": 1.0
    },
    "EZY": {
      "A319": 1.0
    },
    "SXS": {
      "B738": 1.0
    }
  },
  "hourly_profile": [],
  "delay_rate": 0.0,
  "delay_distribution": {},
  "mean_delay_minutes": 0.0,
  "data_source": "openflights",
  "region": "",
  "profile_date": "2026-03-21",
  "sample_size": 62
}