{
  "icao_code": "SXM",
  "iata_code": "SXM",
  "airline_shares": {
    "WM": 0.16363636363636364,
    "LIA": 0.10909090909090909,
    "AAL": 0.07272727272727272,
    "USA": 0.07272727272727272,
    "YI": 0.07272727272727272,
    "3S": 0.05454545454545454,
    "7I": 0.05454545454545454,
    "JBU": 0.05454545454545454,
    "UAL": 0.05454545454545454,
    "BWA": 0.03636363636363636,
    "DAL": 0.03636363636363636,
    "FWI": 0.03636363636363636,
    "XV": 0.03636363636363636,
    "AFR": 0.01818181818181818,
    "SBS": 0.01818181818181818,
    "CMP": 0.01818181818181818,
    "KLM": 0.01818181818181818,
    "NKS": 0.01818181818181818,
    "PNR": 0.01818181818181818,
    "QER": 0.01818181818181818,
    "WJA": 0.01818181818181818
  },
  "domestic_route_shares": {},
  "international_route_shares": {
    "DOM": 0.08181818181818182,
    "JFK": 0.07272727272727272,
    "EIS": 0.07272727272727272,
    "SDQ": 0.05454545454545454,
    "SJU": 0.05454545454545454,
    "SBH": 0.05454545454545454,
    "CLT": 0.03636363636363636,
    "MIA": 0.03636363636363636,
    "PHL": 0.03636363636363636,
    "SKB": 0.03636363636363636,
    "STT": 0.03636363636363636,
    "AXA": 0.03636363636363636,
    "CUR": 0.02727272727272727,
    "PTP": 0.01818181818181818,
    "PAP": 0.01818181818181818,
    "CDG": 0.01818181818181818,
    "BOS": 0.01818181818181818,
    "BGI": 0.01818181818181818,
    "KIN": 0.01818181818181818,
    "PTY": 0.01818181818181818,
    "ATL": 0.01818181818181818,
    "ANU": 0.01818181818181818,
    "STX": 0.01818181818181818,
    "FLL": 0.01818181818181818,
    "ORY": 0.01818181818181818,
    "EWR": 0.01818181818181818,
    "IAD": 0.01818181818181818,
    "ORD": 0.01818181818181818,
    "EUX": 0.01818181818181818,
    "NEV": 0.01818181818181818,
    "SAB": 0.01818181818181818,
    "YYZ": 0.01818181818181818,
    "AMS": 0.00909090909090909,
    "SLU": 0.00909090909090909
  },
  "domestic_ratio": 0.0,
  "fleet_mix": {
    "3S": {
      "AT76": 1.0
    },
    "AAL": {
      "A319": 0.3333333333333333,
      "B738": 0.3333333333333333,
      "A330": 0.3333333333333333
    },
    "JBU": {
      "A320": 0.6666666666666666,
      "E190": 0.3333333333333333
    },
    "BWA": {
      "B738": 1.0
    },
    "CMP": {
      "E190": 0.5,
      "B737": 0.5
    },
    "DAL": {
      "B752": 1.0
    },
    "LIA": {
      "AT76": 1.0
    },
    "NKS": {
      "A320": 1.0
    },
    "FWI": {
      "A330": 1.0
    },
    "UAL": {
      "B737": 1.0
    },
    "USA": {
      "B752": 0.25,
      "A319": 0.25,
      "B738": 0.25,
      "A330": 0.25
    }
  },
  "hourly_profile": [],
  "delay_rate": 0.0,
  "delay_distribution": {},
  "mean_delay_minutes": 0.0,
  "data_source": "openflights",
  "region": "",
  "profile_date": "2026-03-21",
  "sample_size": 110
}