{
  "icao_code": "SYR",
  "iata_code": "SYR",
  "airline_shares": {
    "DAL": 0.2962962962962963,
    "AAL": 0.2222222222222222,
    "JBU": 0.14814814814814814,
    "USA": 0.14814814814814814,
    "FLG": 0.07407407407407407,
    "AAY": 0.07407407407407407,
    "UAL": 0.037037037037037035
  },
  "domestic_route_shares": {
    "ATL": 0.14814814814814814,
    "CLT": 0.14814814814814814,
    "JFK": 0.14814814814814814,
    "BOS": 0.07407407407407407,
    "PHL": 0.07407407407407407,
    "MCO": 0.07407407407407407,
    "DTW": 0.07407407407407407,
    "LGA": 0.07407407407407407,
    "PIE": 0.07407407407407407,
    "ORD": 0.07407407407407407,
    "CLE": 0.037037037037037035
  },
  "international_route_shares": {},
  "domestic_ratio": 1.0,
  "fleet_mix": {
    "FLG": {
      "CRJ9": 1.0
    },
    "AAL": {
      "A319": 0.4,
      "A320": 0.4,
      "CRJ9": 0.2
    },
    "JBU": {
      "E190": 0.6666666666666666,
      "A320": 0.3333333333333333
    },
    "DAL": {
      "CRJ7": 1.0
    },
    "AAY": {
      "A320": 1.0
    },
    "USA": {
      "A319": 0.3333333333333333,
      "A320": 0.3333333333333333,
      "CRJ7": 0.3333333333333333
    }
  },
  "hourly_profile": [],
  "delay_rate": 0.0,
  "delay_distribution": {},
  "mean_delay_minutes": 0.0,
  "data_source": "openflights",
  "region": "",
  "profile_date": "2026-03-21",
  "sample_size": 27
}