{
  "icao_code": "SYX",
  "iata_code": "SYX",
  "airline_shares": {
    "JAS": 0.17,
    "CSN": 0.16,
    "CHH": 0.11,
    "CSC": 0.1,
    "CES": 0.07,
    "CSZ": 0.06,
    "CCA": 0.04,
    "GUN": 0.04,
    "9C": 0.03,
    "PDC": 0.03,
    "EEA": 0.03,
    "CXA": 0.03,
    "DKH": 0.02,
    "CHB": 0.02,
    "RHC": 0.01,
    "CAL": 0.01,
    "CPA": 0.01,
    "CSH": 0.01,
    "CRK": 0.01,
    "HDA": 0.01,
    "NS": 0.01,
    "CDG": 0.01,
    "TSO": 0.01
  },
  "domestic_route_shares": {
    "HGH": 0.07865168539325842,
    "CKG": 0.056179775280898875,
    "PVG": 0.056179775280898875,
    "CSX": 0.056179775280898875,
    "CGO": 0.056179775280898875,
    "CTU": 0.0449438202247191,
    "KWE": 0.0449438202247191,
    "WUH": 0.0449438202247191,
    "NKG": 0.033707865168539325,
    "WNZ": 0.033707865168539325,
    "KMG": 0.033707865168539325,
    "SHA": 0.033707865168539325,
    "PEK": 0.033707865168539325,
    "CAN": 0.033707865168539325,
    "SZX": 0.033707865168539325,
    "XIY": 0.033707865168539325,
    "NNG": 0.033707865168539325,
    "XMN": 0.033707865168539325,
    "NGB": 0.02247191011235955,
    "TNA": 0.02247191011235955,
    "ZUH": 0.02247191011235955,
    "TYN": 0.02247191011235955,
    "TSN": 0.02247191011235955,
    "FOC": 0.02247191011235955,
    "KWL": 0.011235955056179775,
    "SWA": 0.011235955056179775,
    "YCU": 0.011235955056179775,
    "ZHA": 0.011235955056179775,
    "HFE": 0.011235955056179775,
    "KHN": 0.011235955056179775,
    "SJW": 0.011235955056179775,
    "WUX": 0.011235955056179775
  },
  "international_route_shares": {
    "HKG": 0.2727272727272727,
    "MIG": 0.09090909090909091,
    "YBP": 0.09090909090909091,
    "TPE": 0.09090909090909091,
    "YTY": 0.09090909090909091,
    "ZYI": 0.09090909090909091,
    "YIH": 0.09090909090909091,
    "LZH": 0.09090909090909091,
    "DME": 0.09090909090909091
  },
  "domestic_ratio": 0.89,
  "fleet_mix": {
    "CSC": {
      "A321": 0.5,
      "A320": 0.4,
      "A319": 0.1
    },
    "RHC": {
      "B737": 0.5,
      "A321": 0.25,
      "B738": 0.25
    },
    "9C": {
      "A320": 1.0
    },
    "PDC": {
      "B738": 1.0
    },
    "CCA": {
      "A320": 0.4,
      "A319": 0.2,
      "A321": 0.2,
      "B738": 0.2
    },
    "CAL": {
      "B738": 1.0
    },
    "CPA": {
      "A320": 0.5,
      "A321": 0.5
    },
    "CSN": {
      "A320": 0.5,
      "A321": 0.2777777777777778,
      "B738": 0.16666666666666666,
      "E190": 0.05555555555555555
    },
    "EEA": {
      "A319": 1.0
    },
    "GUN": {
      "A321": 0.75,
      "E190": 0.25
    },
    "DKH": {
      "A320": 0.6666666666666666,
      "A321": 0.3333333333333333
    },
    "CHH": {
      "B738": 1.0
    },
    "CRK": {
      "A320": 1.0
    },
    "JAS": {
      "A320": 0.7222222222222222,
      "A319": 0.2777777777777778
    },
    "HDA": {
      "A320": 0.5,
      "A321": 0.5
    },
    "CXA": {
      "B737": 1.0
    },
    "CES": {
      "B738": 0.3333333333333333,
      "A320": 0.3333333333333333,
      "A321": 0.16666666666666666,
      "A319": 0.16666666666666666
    },
    "NS": {
      "E190": 1.0
    },
    "CHB": {
      "A320": 1.0
    },
    "TSO": {
      "B777": 1.0
    },
    "CSZ": {
      "A320": 1.0
    }
  },
  "hourly_profile": [],
  "delay_rate": 0.0,
  "delay_distribution": {},
  "mean_delay_minutes": 0.0,
  "data_source": "openflights",
  "region": "",
  "profile_date": "2026-03-21",
  "sample_size": 200
}