{
  "icao_code": "SYZ",
  "iata_code": "SYZ",
  "airline_shares": {
    "IRC": 0.46153846153846156,
    "IRA": 0.2564102564102564,
    "BGD": 0.10256410256410256,
    "GFG": 0.07692307692307693,
    "ABY": 0.02564102564102564,
    "QTR": 0.02564102564102564,
    "SVA": 0.02564102564102564,
    "THY": 0.02564102564102564
  },
  "domestic_route_shares": {
    "KIH": 0.19047619047619047,
    "AWZ": 0.14285714285714285,
    "MHD": 0.14285714285714285,
    "THR": 0.14285714285714285,
    "BND": 0.09523809523809523,
    "GSM": 0.09523809523809523,
    "ABD": 0.047619047619047616,
    "KER": 0.047619047619047616,
    "ZAH": 0.047619047619047616,
    "IFN": 0.047619047619047616
  },
  "international_route_shares": {
    "KWI": 0.1111111111111111,
    "DOH": 0.1111111111111111,
    "DXB": 0.05555555555555555,
    "LFM": 0.05555555555555555,
    "LRR": 0.05555555555555555,
    "MCT": 0.05555555555555555,
    "PGU": 0.05555555555555555,
    "RAS": 0.05555555555555555,
    "SRY": 0.05555555555555555,
    "TBZ": 0.05555555555555555,
    "SHJ": 0.05555555555555555,
    "BDH": 0.05555555555555555,
    "BUZ": 0.05555555555555555,
    "SXI": 0.05555555555555555,
    "IST": 0.05555555555555555,
    "JED": 0.027777777777777776,
    "MED": 0.027777777777777776
  },
  "domestic_ratio": 0.538,
  "fleet_mix": {
    "IRC": {
      "AT76": 1.0
    },
    "ABY": {
      "A320": 1.0
    },
    "IRA": {
      "A320": 1.0
    },
    "QTR": {
      "A320": 0.5,
      "A321": 0.5
    },
    "THY": {
      "A320": 0.5,
      "A319": 0.5
    }
  },
  "hourly_profile": [],
  "delay_rate": 0.0,
  "delay_distribution": {},
  "mean_delay_minutes": 0.0,
  "data_source": "openflights",
  "region": "",
  "profile_date": "2026-03-21",
  "sample_size": 78
}