{
  "icao_code": "SZG",
  "iata_code": "SZG",
  "airline_shares": {
    "BER": 0.35294117647058826,
    "NLY": 0.35294117647058826,
    "SXS": 0.058823529411764705,
    "ISK": 0.0392156862745098,
    "GWI": 0.0392156862745098,
    "BAW": 0.0392156862745098,
    "RYR": 0.0392156862745098,
    "THY": 0.0392156862745098,
    "EZY": 0.0392156862745098
  },
  "domestic_route_shares": {
    "VIE": 0.8,
    "LNZ": 0.2
  },
  "international_route_shares": {
    "CLY": 0.08695652173913043,
    "HER": 0.08695652173913043,
    "LPA": 0.08695652173913043,
    "TFS": 0.08695652173913043,
    "AYT": 0.08695652173913043,
    "ZRH": 0.043478260869565216,
    "CGN": 0.043478260869565216,
    "DUS": 0.043478260869565216,
    "FUE": 0.043478260869565216,
    "HAM": 0.043478260869565216,
    "ACE": 0.043478260869565216,
    "TXL": 0.043478260869565216,
    "LGW": 0.043478260869565216,
    "STN": 0.043478260869565216,
    "HRG": 0.043478260869565216,
    "PMI": 0.043478260869565216,
    "IST": 0.043478260869565216,
    "SXF": 0.043478260869565216
  },
  "domestic_ratio": 0.098,
  "fleet_mix": {
    "GWI": {
      "A319": 1.0
    },
    "BER": {
      "A320": 0.6,
      "A319": 0.2,
      "DH8D": 0.1,
      "A321": 0.1
    },
    "RYR": {
      "B738": 1.0
    },
    "NLY": {
      "A320": 0.7,
      "A321": 0.3
    },
    "THY": {
      "A320": 1.0
    },
    "EZY": {
      "A319": 1.0
    },
    "SXS": {
      "B738": 1.0
    }
  },
  "hourly_profile": [],
  "delay_rate": 0.0,
  "delay_distribution": {},
  "mean_delay_minutes": 0.0,
  "data_source": "openflights",
  "region": "",
  "profile_date": "2026-03-21",
  "sample_size": 51
}