{
  "icao_code": "SZX",
  "iata_code": "SZX",
  "airline_shares": {
    "CSZ": 0.25773195876288657,
    "CSN": 0.23711340206185566,
    "CHH": 0.11855670103092783,
    "CCA": 0.08247422680412371,
    "CES": 0.06701030927835051,
    "CXA": 0.03608247422680412,
    "9C": 0.02577319587628866,
    "DKH": 0.020618556701030927,
    "CDG": 0.020618556701030927,
    "CSC": 0.015463917525773196,
    "AXM": 0.010309278350515464,
    "PDC": 0.010309278350515464,
    "CAL": 0.010309278350515464,
    "EEA": 0.010309278350515464,
    "RHC": 0.005154639175257732,
    "UIA": 0.005154639175257732,
    "DZ": 0.005154639175257732,
    "AIQ": 0.005154639175257732,
    "CSH": 0.005154639175257732,
    "KAL": 0.005154639175257732,
    "KN": 0.005154639175257732,
    "KSY": 0.005154639175257732,
    "SLK": 0.005154639175257732,
    "NS": 0.005154639175257732,
    "OZR": 0.005154639175257732,
    "CHB": 0.005154639175257732,
    "SQC": 0.005154639175257732,
    "TGW": 0.005154639175257732,
    "VEX": 0.005154639175257732
  },
  "domestic_route_shares": {
    "CTU": 0.051094890510948905,
    "CKG": 0.043795620437956206,
    "HGH": 0.043795620437956206,
    "SHA": 0.043795620437956206,
    "TSN": 0.0364963503649635,
    "KWE": 0.0364963503649635,
    "NKG": 0.0364963503649635,
    "PVG": 0.0364963503649635,
    "KMG": 0.0364963503649635,
    "SJW": 0.029197080291970802,
    "NNG": 0.029197080291970802,
    "PEK": 0.029197080291970802,
    "TYN": 0.029197080291970802,
    "WUH": 0.029197080291970802,
    "WUX": 0.029197080291970802,
    "KHN": 0.029197080291970802,
    "NGB": 0.029197080291970802,
    "XIY": 0.029197080291970802,
    "JJN": 0.021897810218978103,
    "CGO": 0.021897810218978103,
    "FOC": 0.021897810218978103,
    "HAK": 0.021897810218978103,
    "HFE": 0.021897810218978103,
    "SYX": 0.021897810218978103,
    "TAO": 0.021897810218978103,
    "WNZ": 0.021897810218978103,
    "XMN": 0.021897810218978103,
    "TNA": 0.021897810218978103,
    "SHE": 0.014598540145985401,
    "CSX": 0.014598540145985401,
    "DLC": 0.014598540145985401,
    "HRB": 0.014598540145985401,
    "KWL": 0.014598540145985401,
    "LJG": 0.0072992700729927005,
    "HIA": 0.0072992700729927005,
    "DYG": 0.0072992700729927005,
    "HSN": 0.0072992700729927005,
    "TXN": 0.0072992700729927005,
    "LHW": 0.0072992700729927005,
    "URC": 0.0072992700729927005,
    "YNT": 0.0072992700729927005,
    "CGQ": 0.0072992700729927005,
    "YCU": 0.0072992700729927005,
    "ZHA": 0.0072992700729927005
  },
  "international_route_shares": {
    "SIN": 0.07017543859649122,
    "TPE": 0.05263157894736842,
    "CZX": 0.05263157894736842,
    "ICN": 0.05263157894736842,
    "BKI": 0.03508771929824561,
    "GYS": 0.03508771929824561,
    "HYN": 0.03508771929824561,
    "YBP": 0.03508771929824561,
    "XFN": 0.03508771929824561,
    "YIH": 0.03508771929824561,
    "WXN": 0.017543859649122806,
    "KUL": 0.017543859649122806,
    "RMQ": 0.017543859649122806,
    "DAX": 0.017543859649122806,
    "KHH": 0.017543859649122806,
    "BFJ": 0.017543859649122806,
    "CGD": 0.017543859649122806,
    "CJU": 0.017543859649122806,
    "DPS": 0.017543859649122806,
    "HKT": 0.017543859649122806,
    "KOW": 0.017543859649122806,
    "LZO": 0.017543859649122806,
    "MXZ": 0.017543859649122806,
    "NAO": 0.017543859649122806,
    "NNY": 0.017543859649122806,
    "TEN": 0.017543859649122806,
    "ZYI": 0.017543859649122806,
    "LZH": 0.017543859649122806,
    "DMK": 0.017543859649122806,
    "BHY": 0.017543859649122806,
    "LYI": 0.017543859649122806,
    "XUZ": 0.017543859649122806,
    "NAY": 0.017543859649122806,
    "JGS": 0.017543859649122806,
    "LLF": 0.017543859649122806,
    "BKK": 0.017543859649122806,
    "JDZ": 0.017543859649122806,
    "JUZ": 0.017543859649122806,
    "MIG": 0.017543859649122806,
    "NTG": 0.017543859649122806,
    "YIC": 0.017543859649122806,
    "YTY": 0.017543859649122806
  },
  "domestic_ratio": 0.706,
  "fleet_mix": {
    "CSC": {
      "A320": 0.5,
      "A321": 0.25,
      "A319": 0.25
    },
    "RHC": {
      "A321": 1.0
    },
    "9C": {
      "A320": 1.0
    },
    "AXM": {
      "A320": 1.0
    },
    "PDC": {
      "B738": 1.0
    },
    "CCA": {
      "B738": 0.2916666666666667,
      "A319": 0.20833333333333334,
      "A321": 0.16666666666666666,
      "A320": 0.16666666666666666,
      "B777": 0.08333333333333333,
      "B737": 0.041666666666666664,
      "A330": 0.041666666666666664
    },
    "CAL": {
      "A330": 0.5,
      "B744": 0.5
    },
    "CSN": {
      "A320": 0.3698630136986301,
      "A321": 0.2602739726027397,
      "A319": 0.1643835616438356,
      "B738": 0.0821917808219178,
      "A330": 0.0547945205479452,
      "B737": 0.0273972602739726,
      "B752": 0.0136986301369863,
      "E190": 0.0136986301369863,
      "B767": 0.0136986301369863
    },
    "DZ": {
      "B738": 1.0
    },
    "EEA": {
      "A319": 1.0
    },
    "AIQ": {
      "A320": 1.0
    },
    "CSH": {
      "A330": 0.5,
      "B738": 0.5
    },
    "DKH": {
      "A320": 1.0
    },
    "CHH": {
      "B738": 0.8846153846153846,
      "A330": 0.11538461538461539
    },
    "KAL": {
      "B739": 1.0
    },
    "KN": {
      "B737": 1.0
    },
    "KSY": {
      "B737": 0.5,
      "B738": 0.5
    },
    "CXA": {
      "B737": 1.0
    },
    "SLK": {
      "A320": 0.3333333333333333,
      "B738": 0.3333333333333333,
      "A319": 0.3333333333333333
    },
    "CES": {
      "A320": 0.5263157894736842,
      "B737": 0.15789473684210525,
      "A321": 0.15789473684210525,
      "A319": 0.05263157894736842,
      "B767": 0.05263157894736842,
      "A330": 0.05263157894736842
    },
    "NS": {
      "B737": 1.0
    },
    "OZR": {
      "B767": 0.3333333333333333,
      "A330": 0.3333333333333333,
      "B738": 0.3333333333333333
    },
    "CHB": {
      "A320": 1.0
    },
    "CDG": {
      "B738": 1.0
    },
    "SQC": {
      "B738": 1.0
    },
    "TGW": {
      "A320": 1.0
    },
    "VEX": {
      "A319": 1.0
    },
    "CSZ": {
      "B738": 0.42424242424242425,
      "A320": 0.3939393939393939,
      "A319": 0.12121212121212122,
      "B739": 0.045454545454545456,
      "B737": 0.015151515151515152
    }
  },
  "hourly_profile": [],
  "delay_rate": 0.0,
  "delay_distribution": {},
  "mean_delay_minutes": 0.0,
  "data_source": "openflights",
  "region": "",
  "profile_date": "2026-03-21",
  "sample_size": 388
}