{
  "icao_code": "TAE",
  "iata_code": "TAE",
  "airline_shares": {
    "KAL": 0.3333333333333333,
    "CCA": 0.16666666666666666,
    "CES": 0.16666666666666666,
    "OZR": 0.16666666666666666,
    "TWB": 0.16666666666666666
  },
  "domestic_route_shares": {
    "CJU": 0.75,
    "ICN": 0.25
  },
  "international_route_shares": {
    "PEK": 0.5,
    "PVG": 0.5
  },
  "domestic_ratio": 0.667,
  "fleet_mix": {
    "CCA": {
      "B738": 1.0
    },
    "KAL": {
      "B739": 0.5,
      "B738": 0.5
    },
    "CES": {
      "A321": 0.5,
      "A320": 0.5
    },
    "OZR": {
      "A320": 0.5,
      "A321": 0.5
    },
    "TWB": {
      "B737": 1.0
    }
  },
  "hourly_profile": [],
  "delay_rate": 0.0,
  "delay_distribution": {},
  "mean_delay_minutes": 0.0,
  "data_source": "openflights",
  "region": "",
  "profile_date": "2026-03-21",
  "sample_size": 12
}