{
  "icao_code": "TAK",
  "iata_code": "TAK",
  "airline_shares": {
    "9C": 0.16666666666666666,
    "CAL": 0.16666666666666666,
    "GK": 0.16666666666666666,
    "JAL": 0.16666666666666666,
    "ANA": 0.16666666666666666,
    "OZR": 0.16666666666666666
  },
  "domestic_route_shares": {
    "HND": 0.6666666666666666,
    "NRT": 0.3333333333333333
  },
  "international_route_shares": {
    "PVG": 0.3333333333333333,
    "TPE": 0.3333333333333333,
    "ICN": 0.3333333333333333
  },
  "domestic_ratio": 0.5,
  "fleet_mix": {
    "9C": {
      "A320": 1.0
    },
    "CAL": {
      "B738": 1.0
    },
    "GK": {
      "A320": 1.0
    },
    "JAL": {
      "B738": 1.0
    },
    "ANA": {
      "B787": 0.3333333333333333,
      "B767": 0.3333333333333333,
      "A320": 0.3333333333333333
    },
    "OZR": {
      "A321": 0.5,
      "A320": 0.5
    }
  },
  "hourly_profile": [],
  "delay_rate": 0.0,
  "delay_distribution": {},
  "mean_delay_minutes": 0.0,
  "data_source": "openflights",
  "region": "",
  "profile_date": "2026-03-21",
  "sample_size": 12
}