{
  "icao_code": "TAO",
  "iata_code": "TAO",
  "airline_shares": {
    "CDG": 0.22614840989399293,
    "CES": 0.19081272084805653,
    "CSN": 0.13427561837455831,
    "CXA": 0.05653710247349823,
    "GUN": 0.04240282685512368,
    "CHH": 0.04240282685512368,
    "CCA": 0.0353356890459364,
    "CSH": 0.0353356890459364,
    "DKH": 0.02120141342756184,
    "JAS": 0.02120141342756184,
    "CSZ": 0.02120141342756184,
    "CSC": 0.014134275618374558,
    "PDC": 0.014134275618374558,
    "KAL": 0.014134275618374558,
    "ANA": 0.014134275618374558,
    "CHB": 0.014134275618374558,
    "SCO": 0.014134275618374558,
    "9C": 0.01060070671378092,
    "JJA": 0.007067137809187279,
    "RHC": 0.007067137809187279,
    "UIA": 0.007067137809187279,
    "ABL": 0.007067137809187279,
    "CAL": 0.007067137809187279,
    "CPA": 0.007067137809187279,
    "EEA": 0.007067137809187279,
    "HDA": 0.007067137809187279,
    "GEC": 0.007067137809187279,
    "NS": 0.007067137809187279,
    "OZR": 0.007067137809187279
  },
  "domestic_route_shares": {
    "SHE": 0.07373271889400922,
    "HGH": 0.06451612903225806,
    "XIY": 0.055299539170506916,
    "WUH": 0.04608294930875576,
    "SHA": 0.04608294930875576,
    "HRB": 0.04608294930875576,
    "PVG": 0.041474654377880185,
    "CTU": 0.03686635944700461,
    "CSX": 0.03686635944700461,
    "CGQ": 0.03686635944700461,
    "PEK": 0.03686635944700461,
    "CAN": 0.03686635944700461,
    "CGO": 0.03686635944700461,
    "NGB": 0.03686635944700461,
    "KMG": 0.027649769585253458,
    "SZX": 0.027649769585253458,
    "TYN": 0.027649769585253458,
    "XMN": 0.027649769585253458,
    "HFE": 0.027649769585253458,
    "SJW": 0.027649769585253458,
    "WNZ": 0.027649769585253458,
    "DLC": 0.027649769585253458,
    "FOC": 0.018433179723502304,
    "TSN": 0.018433179723502304,
    "NKG": 0.018433179723502304,
    "CKG": 0.018433179723502304,
    "KHN": 0.018433179723502304,
    "HET": 0.009216589861751152,
    "KWE": 0.009216589861751152,
    "TXN": 0.009216589861751152,
    "NDG": 0.009216589861751152,
    "WUX": 0.009216589861751152,
    "YCU": 0.009216589861751152
  },
  "international_route_shares": {
    "ICN": 0.18181818181818182,
    "TPE": 0.09090909090909091,
    "PUS": 0.06060606060606061,
    "HKG": 0.06060606060606061,
    "DQA": 0.06060606060606061,
    "KIX": 0.06060606060606061,
    "YNJ": 0.06060606060606061,
    "KHH": 0.030303030303030304,
    "DDG": 0.030303030303030304,
    "JMU": 0.030303030303030304,
    "JXA": 0.030303030303030304,
    "FUK": 0.030303030303030304,
    "MDG": 0.030303030303030304,
    "NGO": 0.030303030303030304,
    "NRT": 0.030303030303030304,
    "SHP": 0.030303030303030304,
    "BKK": 0.030303030303030304,
    "JNZ": 0.030303030303030304,
    "RMQ": 0.030303030303030304,
    "WUS": 0.030303030303030304,
    "SIN": 0.030303030303030304
  },
  "domestic_ratio": 0.767,
  "fleet_mix": {
    "CSC": {
      "A321": 0.5,
      "A320": 0.5
    },
    "JJA": {
      "B737": 1.0
    },
    "RHC": {
      "A320": 0.5,
      "A321": 0.5
    },
    "9C": {
      "A320": 1.0
    },
    "PDC": {
      "B738": 1.0
    },
    "CCA": {
      "A321": 0.375,
      "A319": 0.25,
      "B738": 0.25,
      "A320": 0.125
    },
    "CAL": {
      "B744": 1.0
    },
    "CPA": {
      "A330": 0.5,
      "A320": 0.5
    },
    "CSN": {
      "B738": 0.2903225806451613,
      "A320": 0.2903225806451613,
      "A321": 0.16129032258064516,
      "A319": 0.16129032258064516,
      "B737": 0.0967741935483871
    },
    "EEA": {
      "A319": 1.0
    },
    "CSH": {
      "B737": 1.0
    },
    "GUN": {
      "E190": 1.0
    },
    "DKH": {
      "A320": 1.0
    },
    "CHH": {
      "B738": 1.0
    },
    "JAS": {
      "A319": 1.0
    },
    "HDA": {
      "A330": 0.5,
      "A320": 0.5
    },
    "KAL": {
      "B739": 0.25,
      "A330": 0.25,
      "B744": 0.25,
      "B738": 0.25
    },
    "CXA": {
      "B737": 1.0
    },
    "CES": {
      "A320": 0.6567164179104478,
      "A321": 0.14925373134328357,
      "B738": 0.05970149253731343,
      "A319": 0.05970149253731343,
      "B737": 0.05970149253731343,
      "A330": 0.014925373134328358
    },
    "ANA": {
      "B767": 1.0
    },
    "NS": {
      "E190": 1.0
    },
    "OZR": {
      "A320": 0.5,
      "A321": 0.5
    },
    "CHB": {
      "A320": 0.6666666666666666,
      "A319": 0.3333333333333333
    },
    "CDG": {
      "B738": 0.8055555555555556,
      "B737": 0.1111111111111111,
      "CRJ7": 0.05555555555555555,
      "A321": 0.027777777777777776
    },
    "SCO": {
      "B777": 1.0
    },
    "CSZ": {
      "A320": 0.6666666666666666,
      "B738": 0.3333333333333333
    }
  },
  "hourly_profile": [],
  "delay_rate": 0.0,
  "delay_distribution": {},
  "mean_delay_minutes": 0.0,
  "data_source": "openflights",
  "region": "",
  "profile_date": "2026-03-21",
  "sample_size": 283
}