{
  "icao_code": "TAS",
  "iata_code": "TAS",
  "airline_shares": {
    "UZB": 0.6339869281045751,
    "SVR": 0.0915032679738562,
    "AFL": 0.06535947712418301,
    "CSN": 0.026143790849673203,
    "KZR": 0.026143790849673203,
    "SYL": 0.026143790849673203,
    "AZA": 0.013071895424836602,
    "IOS": 0.013071895424836602,
    "IRA": 0.013071895424836602,
    "KAL": 0.013071895424836602,
    "CSA": 0.013071895424836602,
    "OZR": 0.013071895424836602,
    "LYN": 0.013071895424836602,
    "SBI": 0.013071895424836602,
    "THY": 0.013071895424836602,
    "TSO": 0.013071895424836602
  },
  "domestic_route_shares": {
    "AZN": 0.14285714285714285,
    "BHK": 0.14285714285714285,
    "NCU": 0.14285714285714285,
    "NMA": 0.14285714285714285,
    "NVI": 0.14285714285714285,
    "SKD": 0.14285714285714285,
    "UGC": 0.14285714285714285
  },
  "international_route_shares": {
    "ICN": 0.04316546762589928,
    "KRR": 0.04316546762589928,
    "SVO": 0.02877697841726619,
    "PEK": 0.02877697841726619,
    "URC": 0.02877697841726619,
    "AER": 0.02877697841726619,
    "ALA": 0.02877697841726619,
    "FRU": 0.02877697841726619,
    "IST": 0.02877697841726619,
    "KGD": 0.02877697841726619,
    "KJA": 0.02877697841726619,
    "KUF": 0.02877697841726619,
    "LED": 0.02877697841726619,
    "MRV": 0.02877697841726619,
    "OVB": 0.02877697841726619,
    "ROV": 0.02877697841726619,
    "SVX": 0.02877697841726619,
    "TSE": 0.02877697841726619,
    "ATQ": 0.014388489208633094,
    "BKK": 0.014388489208633094,
    "CDG": 0.014388489208633094,
    "DEL": 0.014388489208633094,
    "DME": 0.014388489208633094,
    "DXB": 0.014388489208633094,
    "FCO": 0.014388489208633094,
    "FEG": 0.014388489208633094,
    "FRA": 0.014388489208633094,
    "GYD": 0.014388489208633094,
    "KBP": 0.014388489208633094,
    "KSQ": 0.014388489208633094,
    "KUL": 0.014388489208633094,
    "KZN": 0.014388489208633094,
    "LHR": 0.014388489208633094,
    "NRT": 0.014388489208633094,
    "RIX": 0.014388489208633094,
    "SHJ": 0.014388489208633094,
    "SIN": 0.014388489208633094,
    "TJM": 0.014388489208633094,
    "TLV": 0.014388489208633094,
    "TMJ": 0.014388489208633094,
    "UFA": 0.014388489208633094,
    "VOG": 0.014388489208633094,
    "OMS": 0.014388489208633094,
    "IKA": 0.014388489208633094,
    "PRG": 0.014388489208633094,
    "IKT": 0.014388489208633094,
    "CEK": 0.014388489208633094,
    "GOJ": 0.014388489208633094,
    "VKO": 0.014388489208633094,
    "MXP": 0.007194244604316547
  },
  "domestic_ratio": 0.092,
  "fleet_mix": {
    "AZA": {
      "A321": 1.0
    },
    "CSN": {
      "B752": 1.0
    },
    "UZB": {
      "B767": 0.5263157894736842,
      "A320": 0.40350877192982454,
      "B752": 0.07017543859649122
    },
    "IRA": {
      "A320": 1.0
    },
    "KZR": {
      "E190": 0.5,
      "A320": 0.25,
      "A319": 0.25
    },
    "KAL": {
      "A330": 0.5,
      "B767": 0.25,
      "B752": 0.25
    },
    "CSA": {
      "A319": 1.0
    },
    "OZR": {
      "A330": 1.0
    },
    "SYL": {
      "B738": 1.0
    },
    "SBI": {
      "A320": 1.0
    },
    "AFL": {
      "A319": 0.5,
      "B767": 0.16666666666666666,
      "A320": 0.16666666666666666,
      "A321": 0.16666666666666666
    },
    "THY": {
      "A321": 1.0
    },
    "SVR": {
      "A320": 1.0
    },
    "TSO": {
      "B777": 1.0
    }
  },
  "hourly_profile": [],
  "delay_rate": 0.0,
  "delay_distribution": {},
  "mean_delay_minutes": 0.0,
  "data_source": "openflights",
  "region": "",
  "profile_date": "2026-03-21",
  "sample_size": 153
}