{
  "icao_code": "TBS",
  "iata_code": "TBS",
  "airline_shares": {
    "TGZ": 0.2542372881355932,
    "THY": 0.06779661016949153,
    "UYC": 0.06779661016949153,
    "ISR": 0.03389830508474576,
    "AEE": 0.03389830508474576,
    "AZA": 0.03389830508474576,
    "BRU": 0.03389830508474576,
    "BTI": 0.03389830508474576,
    "CSN": 0.03389830508474576,
    "VSV": 0.03389830508474576,
    "FDB": 0.03389830508474576,
    "AIZ": 0.03389830508474576,
    "AHY": 0.03389830508474576,
    "KZR": 0.03389830508474576,
    "KKK": 0.03389830508474576,
    "GEC": 0.03389830508474576,
    "LOT": 0.03389830508474576,
    "PGT": 0.03389830508474576,
    "AUI": 0.03389830508474576,
    "QTR": 0.03389830508474576,
    "SBI": 0.03389830508474576
  },
  "domestic_route_shares": {
    "BUS": 0.6666666666666666,
    "KUT": 0.3333333333333333
  },
  "international_route_shares": {
    "TLV": 0.10714285714285714,
    "RIX": 0.07142857142857142,
    "GYD": 0.07142857142857142,
    "IST": 0.07142857142857142,
    "SAW": 0.07142857142857142,
    "ATH": 0.03571428571428571,
    "AMS": 0.03571428571428571,
    "CDG": 0.03571428571428571,
    "VIE": 0.03571428571428571,
    "VKO": 0.03571428571428571,
    "FCO": 0.03571428571428571,
    "MSQ": 0.03571428571428571,
    "URC": 0.03571428571428571,
    "SCO": 0.03571428571428571,
    "DXB": 0.03571428571428571,
    "ALA": 0.03571428571428571,
    "MUC": 0.03571428571428571,
    "WAW": 0.03571428571428571,
    "KBP": 0.03571428571428571,
    "DME": 0.03571428571428571,
    "BGW": 0.03571428571428571,
    "EBL": 0.03571428571428571
  },
  "domestic_ratio": 0.051,
  "fleet_mix": {
    "ISR": {
      "A320": 1.0
    },
    "AEE": {
      "A320": 1.0
    },
    "TGZ": {
      "B737": 0.5714285714285714,
      "CRJ9": 0.42857142857142855
    },
    "AZA": {
      "E190": 1.0
    },
    "CSN": {
      "B737": 1.0
    },
    "VSV": {
      "CRJ9": 1.0
    },
    "FDB": {
      "B738": 1.0
    },
    "AIZ": {
      "E190": 1.0
    },
    "AHY": {
      "E175": 0.5,
      "E190": 0.5
    },
    "KZR": {
      "E190": 1.0
    },
    "KKK": {
      "A320": 1.0
    },
    "GEC": {
      "A319": 1.0
    },
    "LOT": {
      "E190": 1.0
    },
    "PGT": {
      "B738": 1.0
    },
    "AUI": {
      "B737": 1.0
    },
    "QTR": {
      "A320": 1.0
    },
    "SBI": {
      "A320": 1.0
    },
    "THY": {
      "B738": 0.5,
      "A319": 0.25,
      "A320": 0.25
    }
  },
  "hourly_profile": [],
  "delay_rate": 0.0,
  "delay_distribution": {},
  "mean_delay_minutes": 0.0,
  "data_source": "openflights",
  "region": "",
  "profile_date": "2026-03-21",
  "sample_size": 59
}