{
  "icao_code": "TFN",
  "iata_code": "TFN",
  "airline_shares": {
    "IBB": 0.2553191489361702,
    "AEA": 0.2127659574468085,
    "VLG": 0.1702127659574468,
    "RYR": 0.0851063829787234,
    "TOS": 0.0851063829787234,
    "RAM": 0.06382978723404255,
    "IBE": 0.0425531914893617,
    "CSA": 0.0425531914893617,
    "BBR": 0.0425531914893617
  },
  "domestic_route_shares": {
    "BCN": 0.18181818181818182,
    "MAD": 0.18181818181818182,
    "LPA": 0.15151515151515152,
    "AGP": 0.12121212121212122,
    "BIO": 0.12121212121212122,
    "SVQ": 0.12121212121212122,
    "ACE": 0.06060606060606061,
    "FUE": 0.06060606060606061
  },
  "international_route_shares": {
    "SPC": 0.2857142857142857,
    "CMN": 0.14285714285714285,
    "ORY": 0.14285714285714285,
    "DKR": 0.14285714285714285,
    "VDE": 0.14285714285714285,
    "CCS": 0.14285714285714285
  },
  "domestic_ratio": 0.702,
  "fleet_mix": {
    "RAM": {
      "AT76": 1.0
    },
    "RYR": {
      "B738": 1.0
    },
    "IBE": {
      "A321": 1.0
    },
    "IBB": {
      "AT76": 0.7692307692307693,
      "CRJ9": 0.23076923076923078
    },
    "CSA": {
      "B738": 1.0
    },
    "BBR": {
      "B767": 1.0
    },
    "AEA": {
      "B738": 0.8333333333333334,
      "A330": 0.16666666666666666
    },
    "VLG": {
      "A320": 1.0
    }
  },
  "hourly_profile": [],
  "delay_rate": 0.0,
  "delay_distribution": {},
  "mean_delay_minutes": 0.0,
  "data_source": "openflights",
  "region": "",
  "profile_date": "2026-03-21",
  "sample_size": 47
}