{
  "icao_code": "TFS",
  "iata_code": "TFS",
  "airline_shares": {
    "RYR": 0.22875816993464052,
    "BER": 0.08496732026143791,
    "TVF": 0.08496732026143791,
    "TOM": 0.058823529411764705,
    "HLX": 0.058823529411764705,
    "CFG": 0.05555555555555555,
    "TCX": 0.05228758169934641,
    "EZY": 0.05228758169934641,
    "EXS": 0.0457516339869281,
    "NAX": 0.0392156862745098,
    "MON": 0.0392156862745098,
    "NLY": 0.0196078431372549,
    "AEA": 0.0196078431372549,
    "ISS": 0.016339869281045753,
    "HMY": 0.013071895424836602,
    "IBE": 0.013071895424836602,
    "IBB": 0.013071895424836602,
    "GMI": 0.013071895424836602,
    "AFL": 0.013071895424836602,
    "VOE": 0.013071895424836602,
    "TRA": 0.00980392156862745,
    "6Y": 0.006535947712418301,
    "BAW": 0.006535947712418301,
    "EIN": 0.006535947712418301,
    "LGL": 0.006535947712418301,
    "AUI": 0.006535947712418301,
    "TVS": 0.006535947712418301,
    "TSO": 0.006535947712418301,
    "VLG": 0.006535947712418301,
    "OAW": 0.0032679738562091504
  },
  "domestic_route_shares": {
    "BCN": 0.17391304347826086,
    "SCQ": 0.17391304347826086,
    "LPA": 0.13043478260869565,
    "MAD": 0.08695652173913043,
    "SVQ": 0.08695652173913043,
    "VLC": 0.08695652173913043,
    "FUE": 0.08695652173913043,
    "ALC": 0.08695652173913043,
    "OVD": 0.08695652173913043
  },
  "international_route_shares": {
    "MAN": 0.053003533568904596,
    "LGW": 0.04946996466431095,
    "EMA": 0.04240282685512368,
    "BHX": 0.0353356890459364,
    "BRS": 0.0353356890459364,
    "CGN": 0.028268551236749116,
    "MUC": 0.028268551236749116,
    "LBA": 0.028268551236749116,
    "GLA": 0.028268551236749116,
    "NCL": 0.028268551236749116,
    "BSL": 0.02120141342756184,
    "DUS": 0.02120141342756184,
    "HAM": 0.02120141342756184,
    "SXF": 0.02120141342756184,
    "EDI": 0.02120141342756184,
    "LTN": 0.02120141342756184,
    "STN": 0.02120141342756184,
    "GRZ": 0.014134275618374558,
    "LEJ": 0.014134275618374558,
    "NUE": 0.014134275618374558,
    "SZG": 0.014134275618374558,
    "VIE": 0.014134275618374558,
    "FRA": 0.014134275618374558,
    "STR": 0.014134275618374558,
    "DUB": 0.014134275618374558,
    "BOH": 0.014134275618374558,
    "BRE": 0.014134275618374558,
    "BFS": 0.014134275618374558,
    "CWL": 0.014134275618374558,
    "GVA": 0.01060070671378092,
    "RIX": 0.007067137809187279,
    "DRS": 0.007067137809187279,
    "TXL": 0.007067137809187279,
    "ZRH": 0.007067137809187279,
    "PAD": 0.007067137809187279,
    "OSL": 0.007067137809187279,
    "BGY": 0.007067137809187279,
    "BLL": 0.007067137809187279,
    "BLQ": 0.007067137809187279,
    "BVA": 0.007067137809187279,
    "CRL": 0.007067137809187279,
    "FKB": 0.007067137809187279,
    "FMM": 0.007067137809187279,
    "HHN": 0.007067137809187279,
    "LPL": 0.007067137809187279,
    "MST": 0.007067137809187279,
    "NOC": 0.007067137809187279,
    "NRN": 0.007067137809187279,
    "OPO": 0.007067137809187279,
    "ORK": 0.007067137809187279,
    "PIK": 0.007067137809187279,
    "PSA": 0.007067137809187279,
    "SDR": 0.007067137809187279,
    "SNN": 0.007067137809187279,
    "BRU": 0.007067137809187279,
    "AMS": 0.007067137809187279,
    "ORY": 0.007067137809187279,
    "VGO": 0.007067137809187279,
    "MXP": 0.007067137809187279,
    "LUX": 0.007067137809187279,
    "BLK": 0.007067137809187279,
    "VDE": 0.007067137809187279,
    "KBP": 0.007067137809187279,
    "PRG": 0.007067137809187279,
    "ERF": 0.007067137809187279,
    "LED": 0.007067137809187279,
    "SVO": 0.007067137809187279,
    "CDG": 0.007067137809187279,
    "DME": 0.007067137809187279,
    "BOD": 0.007067137809187279,
    "NTE": 0.007067137809187279,
    "HAJ": 0.007067137809187279,
    "ZQW": 0.007067137809187279,
    "LIL": 0.0035335689045936395,
    "FCO": 0.0035335689045936395,
    "VRN": 0.0035335689045936395
  },
  "domestic_ratio": 0.075,
  "fleet_mix": {
    "OAW": {
      "A319": 1.0
    },
    "6Y": {
      "A320": 1.0
    },
    "BER": {
      "A320": 0.4,
      "B738": 0.4,
      "A321": 0.13333333333333333,
      "A330": 0.06666666666666667
    },
    "BAW": {
      "A320": 1.0
    },
    "CFG": {
      "A321": 0.6666666666666666,
      "B738": 0.3333333333333333
    },
    "NAX": {
      "B738": 1.0
    },
    "EIN": {
      "A320": 1.0
    },
    "RYR": {
      "B738": 1.0
    },
    "NLY": {
      "A320": 1.0
    },
    "HMY": {
      "A320": 1.0
    },
    "TRA": {
      "B738": 1.0
    },
    "IBE": {
      "A321": 1.0
    },
    "ISS": {
      "A320": 1.0
    },
    "LGL": {
      "B738": 1.0
    },
    "EXS": {
      "B738": 0.7142857142857143,
      "B752": 0.2857142857142857
    },
    "IBB": {
      "AT76": 1.0
    },
    "AUI": {
      "B737": 1.0
    },
    "TVS": {
      "B738": 1.0
    },
    "GMI": {
      "A319": 0.5,
      "B737": 0.5
    },
    "AFL": {
      "B767": 0.5,
      "A330": 0.5
    },
    "TCX": {
      "B752": 0.5263157894736842,
      "A321": 0.3684210526315789,
      "A320": 0.10526315789473684
    },
    "TVF": {
      "B738": 1.0
    },
    "TOM": {
      "B738": 1.0
    },
    "EZY": {
      "A320": 0.8888888888888888,
      "A319": 0.1111111111111111
    },
    "TSO": {
      "B777": 0.5,
      "B767": 0.5
    },
    "AEA": {
      "B738": 1.0
    },
    "VLG": {
      "A320": 1.0
    },
    "HLX": {
      "B738": 1.0
    },
    "MON": {
      "A321": 0.4166666666666667,
      "A320": 0.3333333333333333,
      "A330": 0.16666666666666666,
      "B752": 0.08333333333333333
    }
  },
  "hourly_profile": [],
  "delay_rate": 0.0,
  "delay_distribution": {},
  "mean_delay_minutes": 0.0,
  "data_source": "openflights",
  "region": "",
  "profile_date": "2026-03-21",
  "sample_size": 306
}