{
  "icao_code": "TGD",
  "iata_code": "TGD",
  "airline_shares": {
    "MGX": 0.6,
    "RYR": 0.13333333333333333,
    "AZA": 0.06666666666666667,
    "ADR": 0.06666666666666667,
    "ASL": 0.06666666666666667,
    "THY": 0.06666666666666667
  },
  "domestic_route_shares": {},
  "international_route_shares": {
    "FCO": 0.13333333333333333,
    "LJU": 0.13333333333333333,
    "BEG": 0.13333333333333333,
    "CRL": 0.06666666666666667,
    "STN": 0.06666666666666667,
    "IST": 0.06666666666666667,
    "CDG": 0.06666666666666667,
    "DME": 0.06666666666666667,
    "DUS": 0.06666666666666667,
    "FRA": 0.06666666666666667,
    "VIE": 0.06666666666666667,
    "ZRH": 0.06666666666666667
  },
  "domestic_ratio": 0.0,
  "fleet_mix": {
    "AZA": {
      "E175": 1.0
    },
    "RYR": {
      "B738": 1.0
    },
    "ADR": {
      "CRJ9": 1.0
    },
    "ASL": {
      "AT76": 0.5,
      "A319": 0.5
    },
    "THY": {
      "A319": 1.0
    },
    "MGX": {
      "E190": 0.5,
      "E175": 0.5
    }
  },
  "hourly_profile": [],
  "delay_rate": 0.0,
  "delay_distribution": {},
  "mean_delay_minutes": 0.0,
  "data_source": "openflights",
  "region": "",
  "profile_date": "2026-03-21",
  "sample_size": 30
}