{
  "icao_code": "THR",
  "iata_code": "THR",
  "airline_shares": {
    "IRC": 0.464,
    "IRA": 0.344,
    "BGD": 0.096,
    "IRK": 0.08,
    "SVA": 0.016
  },
  "domestic_route_shares": {
    "AWZ": 0.16,
    "MHD": 0.16,
    "ABD": 0.12,
    "SYZ": 0.12,
    "BND": 0.08,
    "IFN": 0.08,
    "ZAH": 0.08,
    "KIH": 0.08,
    "GSM": 0.04,
    "KER": 0.04,
    "XBJ": 0.04
  },
  "international_route_shares": {
    "TBZ": 0.10666666666666667,
    "KSH": 0.08,
    "ADU": 0.05333333333333334,
    "AZD": 0.05333333333333334,
    "BUZ": 0.05333333333333334,
    "GBT": 0.05333333333333334,
    "OMH": 0.05333333333333334,
    "RAS": 0.05333333333333334,
    "ZBR": 0.04,
    "AFZ": 0.02666666666666667,
    "BJB": 0.02666666666666667,
    "BXR": 0.02666666666666667,
    "DEF": 0.02666666666666667,
    "GCH": 0.02666666666666667,
    "IIL": 0.02666666666666667,
    "KHY": 0.02666666666666667,
    "NSH": 0.02666666666666667,
    "PFQ": 0.02666666666666667,
    "PGU": 0.02666666666666667,
    "RZR": 0.02666666666666667,
    "SDG": 0.02666666666666667,
    "YES": 0.02666666666666667,
    "KHD": 0.02666666666666667,
    "LRR": 0.02666666666666667,
    "MRX": 0.02666666666666667,
    "JED": 0.013333333333333334,
    "MED": 0.013333333333333334
  },
  "domestic_ratio": 0.4,
  "fleet_mix": {
    "IRC": {
      "AT76": 1.0
    },
    "IRA": {
      "A320": 1.0
    }
  },
  "hourly_profile": [],
  "delay_rate": 0.0,
  "delay_distribution": {},
  "mean_delay_minutes": 0.0,
  "data_source": "openflights",
  "region": "",
  "profile_date": "2026-03-21",
  "sample_size": 125
}