{
  "icao_code": "TIA",
  "iata_code": "TIA",
  "airline_shares": {
    "BPA": 0.25,
    "ADH": 0.21428571428571427,
    "AZA": 0.10714285714285714,
    "XLA": 0.10714285714285714,
    "ISS": 0.07142857142857142,
    "ADR": 0.07142857142857142,
    "AEE": 0.03571428571428571,
    "BAW": 0.03571428571428571,
    "OAL": 0.03571428571428571,
    "PGT": 0.03571428571428571,
    "THY": 0.03571428571428571
  },
  "domestic_route_shares": {},
  "international_route_shares": {
    "MXP": 0.14285714285714285,
    "VRN": 0.14285714285714285,
    "BLQ": 0.10714285714285714,
    "ATH": 0.07142857142857142,
    "PSA": 0.07142857142857142,
    "VCE": 0.07142857142857142,
    "FCO": 0.07142857142857142,
    "GOA": 0.03571428571428571,
    "BRI": 0.03571428571428571,
    "TRN": 0.03571428571428571,
    "LGW": 0.03571428571428571,
    "BGY": 0.03571428571428571,
    "FRA": 0.03571428571428571,
    "LJU": 0.03571428571428571,
    "SAW": 0.03571428571428571,
    "IST": 0.03571428571428571
  },
  "domestic_ratio": 0.0,
  "fleet_mix": {
    "AEE": {
      "DH8D": 1.0
    },
    "ADH": {
      "A320": 1.0
    },
    "AZA": {
      "A319": 0.45454545454545453,
      "E190": 0.18181818181818182,
      "E175": 0.18181818181818182,
      "A320": 0.18181818181818182
    },
    "BPA": {
      "B737": 1.0
    },
    "ISS": {
      "A320": 1.0
    },
    "XLA": {
      "A320": 1.0
    },
    "ADR": {
      "A319": 0.5,
      "CRJ9": 0.5
    },
    "OAL": {
      "DH8D": 1.0
    },
    "PGT": {
      "A320": 0.5,
      "B738": 0.5
    },
    "THY": {
      "A319": 1.0
    }
  },
  "hourly_profile": [],
  "delay_rate": 0.0,
  "delay_distribution": {},
  "mean_delay_minutes": 0.0,
  "data_source": "openflights",
  "region": "",
  "profile_date": "2026-03-21",
  "sample_size": 56
}