{
  "icao_code": "TIF",
  "iata_code": "TIF",
  "airline_shares": {
    "SVA": 0.23076923076923078,
    "KNE": 0.23076923076923078,
    "ALX": 0.07692307692307693,
    "FDB": 0.07692307692307693,
    "ABY": 0.07692307692307693,
    "NIA": 0.07692307692307693,
    "QTR": 0.07692307692307693,
    "THY": 0.07692307692307693,
    "LMU": 0.07692307692307693
  },
  "domestic_route_shares": {
    "DMM": 0.4,
    "RUH": 0.4,
    "AHB": 0.2
  },
  "international_route_shares": {
    "CAI": 0.375,
    "DXB": 0.125,
    "SHJ": 0.125,
    "DOH": 0.125,
    "IST": 0.125,
    "KWI": 0.125
  },
  "domestic_ratio": 0.385,
  "fleet_mix": {
    "ALX": {
      "A320": 1.0
    },
    "FDB": {
      "B738": 1.0
    },
    "ABY": {
      "A320": 1.0
    },
    "NIA": {
      "A320": 1.0
    },
    "QTR": {
      "A321": 0.5,
      "A320": 0.5
    },
    "SVA": {
      "A320": 1.0
    },
    "THY": {
      "A319": 1.0
    },
    "LMU": {
      "A320": 1.0
    },
    "KNE": {
      "A320": 1.0
    }
  },
  "hourly_profile": [],
  "delay_rate": 0.0,
  "delay_distribution": {},
  "mean_delay_minutes": 0.0,
  "data_source": "openflights",
  "region": "",
  "profile_date": "2026-03-21",
  "sample_size": 26
}