{
  "icao_code": "TIJ",
  "iata_code": "TIJ",
  "airline_shares": {
    "VOI": 0.7733333333333333,
    "AMX": 0.14666666666666667,
    "4O": 0.05333333333333334,
    "VB": 0.02666666666666667
  },
  "domestic_route_shares": {
    "GDL": 0.11538461538461539,
    "MEX": 0.11538461538461539,
    "CUL": 0.11538461538461539,
    "BJX": 0.07692307692307693,
    "ACA": 0.038461538461538464,
    "AGU": 0.038461538461538464,
    "CJS": 0.038461538461538464,
    "CUN": 0.038461538461538464,
    "CUU": 0.038461538461538464,
    "HMO": 0.038461538461538464,
    "MLM": 0.038461538461538464,
    "MTY": 0.038461538461538464,
    "MZT": 0.038461538461538464,
    "OAX": 0.038461538461538464,
    "PBC": 0.038461538461538464,
    "PVR": 0.038461538461538464,
    "QRO": 0.038461538461538464,
    "SJD": 0.038461538461538464,
    "VER": 0.038461538461538464
  },
  "international_route_shares": {
    "PVG": 0.08695652173913043,
    "CEN": 0.08695652173913043,
    "CLQ": 0.08695652173913043,
    "LAP": 0.08695652173913043,
    "LMM": 0.08695652173913043,
    "SLP": 0.08695652173913043,
    "TGZ": 0.08695652173913043,
    "TPQ": 0.08695652173913043,
    "UPN": 0.08695652173913043,
    "ZCL": 0.08695652173913043,
    "ZLO": 0.08695652173913043,
    "NRT": 0.043478260869565216
  },
  "domestic_ratio": 0.693,
  "fleet_mix": {
    "4O": {
      "A320": 1.0
    },
    "AMX": {
      "B738": 0.3076923076923077,
      "B777": 0.3076923076923077,
      "B787": 0.23076923076923078,
      "B737": 0.15384615384615385
    },
    "VOI": {
      "A319": 0.5128205128205128,
      "A320": 0.48717948717948717
    }
  },
  "hourly_profile": [],
  "delay_rate": 0.0,
  "delay_distribution": {},
  "mean_delay_minutes": 0.0,
  "data_source": "openflights",
  "region": "",
  "profile_date": "2026-03-21",
  "sample_size": 75
}