{
  "icao_code": "TJM",
  "iata_code": "TJM",
  "airline_shares": {
    "YCC": 0.4,
    "UR": 0.3111111111111111,
    "AFL": 0.08888888888888889,
    "GZP": 0.044444444444444446,
    "UZB": 0.044444444444444446,
    "SBI": 0.044444444444444446,
    "SZ": 0.044444444444444446,
    "TSO": 0.022222222222222223
  },
  "domestic_route_shares": {
    "DME": 0.2222222222222222,
    "LED": 0.2222222222222222,
    "SVO": 0.1111111111111111,
    "NJC": 0.1111111111111111,
    "SGC": 0.1111111111111111,
    "UFA": 0.1111111111111111,
    "OVB": 0.1111111111111111
  },
  "international_route_shares": {
    "NUX": 0.14814814814814814,
    "NYA": 0.14814814814814814,
    "TAS": 0.07407407407407407,
    "LBD": 0.07407407407407407,
    "HMA": 0.07407407407407407,
    "OVS": 0.07407407407407407,
    "URJ": 0.07407407407407407,
    "EVN": 0.07407407407407407,
    "NOJ": 0.07407407407407407,
    "NYM": 0.07407407407407407,
    "SLY": 0.07407407407407407,
    "DWC": 0.037037037037037035
  },
  "domestic_ratio": 0.4,
  "fleet_mix": {
    "UZB": {
      "B752": 1.0
    },
    "SBI": {
      "A319": 1.0
    },
    "AFL": {
      "A319": 0.5,
      "A320": 0.5
    },
    "SZ": {
      "B737": 1.0
    },
    "TSO": {
      "B738": 1.0
    },
    "UR": {
      "AT76": 1.0
    },
    "YCC": {
      "A320": 1.0
    }
  },
  "hourly_profile": [],
  "delay_rate": 0.0,
  "delay_distribution": {},
  "mean_delay_minutes": 0.0,
  "data_source": "openflights",
  "region": "",
  "profile_date": "2026-03-21",
  "sample_size": 45
}