{
  "icao_code": "TLC",
  "iata_code": "TLC",
  "airline_shares": {
    "4O": 0.7619047619047619,
    "VOI": 0.14285714285714285,
    "NKS": 0.09523809523809523
  },
  "domestic_route_shares": {
    "CUN": 0.26666666666666666,
    "ACA": 0.13333333333333333,
    "MTY": 0.13333333333333333,
    "PVR": 0.13333333333333333,
    "SJD": 0.13333333333333333,
    "ZIH": 0.13333333333333333,
    "GDL": 0.06666666666666667
  },
  "international_route_shares": {
    "LAS": 0.3333333333333333,
    "SAT": 0.3333333333333333,
    "FLL": 0.3333333333333333
  },
  "domestic_ratio": 0.714,
  "fleet_mix": {
    "4O": {
      "A320": 1.0
    },
    "NKS": {
      "A319": 1.0
    },
    "VOI": {
      "A320": 1.0
    }
  },
  "hourly_profile": [],
  "delay_rate": 0.0,
  "delay_distribution": {},
  "mean_delay_minutes": 0.0,
  "data_source": "openflights",
  "region": "",
  "profile_date": "2026-03-21",
  "sample_size": 21
}