{
  "icao_code": "TLL",
  "iata_code": "TLL",
  "airline_shares": {
    "ELL": 0.4444444444444444,
    "RYR": 0.2222222222222222,
    "THY": 0.07407407407407407,
    "BTI": 0.037037037037037035,
    "NAX": 0.037037037037037035,
    "GEC": 0.037037037037037035,
    "LOT": 0.037037037037037035,
    "LTU": 0.037037037037037035,
    "AFL": 0.037037037037037035,
    "EZY": 0.037037037037037035
  },
  "domestic_route_shares": {},
  "international_route_shares": {
    "VNO": 0.1111111111111111,
    "OSL": 0.07407407407407407,
    "SVO": 0.07407407407407407,
    "RIX": 0.037037037037037035,
    "BGY": 0.037037037037037035,
    "BRE": 0.037037037037037035,
    "GRO": 0.037037037037037035,
    "MAN": 0.037037037037037035,
    "RYG": 0.037037037037037035,
    "STN": 0.037037037037037035,
    "FRA": 0.037037037037037035,
    "WAW": 0.037037037037037035,
    "AMS": 0.037037037037037035,
    "ARN": 0.037037037037037035,
    "BRU": 0.037037037037037035,
    "CPH": 0.037037037037037035,
    "KBP": 0.037037037037037035,
    "LED": 0.037037037037037035,
    "NCE": 0.037037037037037035,
    "SPU": 0.037037037037037035,
    "TRD": 0.037037037037037035,
    "IST": 0.037037037037037035,
    "LGW": 0.037037037037037035
  },
  "domestic_ratio": 0.0,
  "fleet_mix": {
    "BTI": {
      "DH8D": 1.0
    },
    "NAX": {
      "B738": 1.0
    },
    "RYR": {
      "B738": 1.0
    },
    "GEC": {
      "A321": 0.5,
      "A320": 0.5
    },
    "LOT": {
      "E175": 1.0
    },
    "LTU": {
      "E175": 1.0
    },
    "ELL": {
      "CRJ9": 0.6111111111111112,
      "E175": 0.3888888888888889
    },
    "AFL": {
      "A320": 0.5,
      "A319": 0.5
    },
    "THY": {
      "A319": 1.0
    },
    "EZY": {
      "A319": 0.5,
      "A320": 0.5
    }
  },
  "hourly_profile": [],
  "delay_rate": 0.0,
  "delay_distribution": {},
  "mean_delay_minutes": 0.0,
  "data_source": "openflights",
  "region": "",
  "profile_date": "2026-03-21",
  "sample_size": 54
}