{
  "icao_code": "TLS",
  "iata_code": "TLS",
  "airline_shares": {
    "EZY": 0.22580645161290322,
    "AFR": 0.1935483870967742,
    "RLA": 0.08064516129032258,
    "GMI": 0.04838709677419355,
    "VLG": 0.04838709677419355,
    "DAH": 0.03225806451612903,
    "RAM": 0.03225806451612903,
    "TJT": 0.03225806451612903,
    "VOE": 0.03225806451612903,
    "AAF": 0.03225806451612903,
    "3O": 0.016129032258064516,
    "GWI": 0.016129032258064516,
    "AZA": 0.016129032258064516,
    "BAW": 0.016129032258064516,
    "BYE": 0.016129032258064516,
    "EIN": 0.016129032258064516,
    "BBO": 0.016129032258064516,
    "GEC": 0.016129032258064516,
    "EXS": 0.016129032258064516,
    "SEU": 0.016129032258064516,
    "DAT": 0.016129032258064516,
    "THY": 0.016129032258064516,
    "TSC": 0.016129032258064516,
    "TAR": 0.016129032258064516,
    "CCM": 0.016129032258064516
  },
  "domestic_route_shares": {
    "CDG": 0.16129032258064516,
    "LIL": 0.12903225806451613,
    "NCE": 0.12903225806451613,
    "LYS": 0.12903225806451613,
    "ORY": 0.12903225806451613,
    "BIA": 0.12903225806451613,
    "MRS": 0.06451612903225806,
    "SXB": 0.06451612903225806,
    "BSL": 0.06451612903225806
  },
  "international_route_shares": {
    "CMN": 0.06451612903225806,
    "FCO": 0.06451612903225806,
    "RAK": 0.06451612903225806,
    "HAM": 0.043010752688172046,
    "NTE": 0.043010752688172046,
    "ALG": 0.043010752688172046,
    "ORN": 0.043010752688172046,
    "GVA": 0.043010752688172046,
    "BRU": 0.043010752688172046,
    "BRS": 0.043010752688172046,
    "AJA": 0.043010752688172046,
    "RNS": 0.021505376344086023,
    "ATH": 0.021505376344086023,
    "MLA": 0.021505376344086023,
    "SVQ": 0.021505376344086023,
    "VCE": 0.021505376344086023,
    "LHR": 0.021505376344086023,
    "BRE": 0.021505376344086023,
    "DUB": 0.021505376344086023,
    "FRA": 0.021505376344086023,
    "MAN": 0.021505376344086023,
    "CEG": 0.021505376344086023,
    "XFW": 0.021505376344086023,
    "ETZ": 0.021505376344086023,
    "MXP": 0.021505376344086023,
    "IST": 0.021505376344086023,
    "YUL": 0.021505376344086023,
    "TUN": 0.021505376344086023,
    "LGW": 0.021505376344086023,
    "AGP": 0.021505376344086023,
    "BCN": 0.021505376344086023,
    "PMI": 0.021505376344086023,
    "PUJ": 0.010752688172043012
  },
  "domestic_ratio": 0.25,
  "fleet_mix": {
    "3O": {
      "A320": 1.0
    },
    "GWI": {
      "CRJ9": 1.0
    },
    "RLA": {
      "AT76": 0.3333333333333333,
      "CRJ7": 0.3333333333333333,
      "E175": 0.16666666666666666,
      "CRJ9": 0.16666666666666666
    },
    "AFR": {
      "A319": 0.4782608695652174,
      "A320": 0.43478260869565216,
      "A321": 0.08695652173913043
    },
    "RAM": {
      "B738": 0.6666666666666666,
      "B737": 0.3333333333333333
    },
    "AZA": {
      "E175": 1.0
    },
    "BAW": {
      "A319": 0.3333333333333333,
      "A320": 0.3333333333333333,
      "A321": 0.3333333333333333
    },
    "EIN": {
      "A320": 1.0
    },
    "BBO": {
      "AT76": 1.0
    },
    "GEC": {
      "A319": 0.6666666666666666,
      "A321": 0.3333333333333333
    },
    "SEU": {
      "A330": 1.0
    },
    "GMI": {
      "A319": 1.0
    },
    "THY": {
      "A320": 0.5,
      "A321": 0.5
    },
    "EZY": {
      "A319": 0.7368421052631579,
      "A320": 0.2631578947368421
    },
    "VLG": {
      "A320": 1.0
    },
    "CCM": {
      "A320": 1.0
    },
    "AAF": {
      "A320": 0.5,
      "A319": 0.5
    }
  },
  "hourly_profile": [],
  "delay_rate": 0.0,
  "delay_distribution": {},
  "mean_delay_minutes": 0.0,
  "data_source": "openflights",
  "region": "",
  "profile_date": "2026-03-21",
  "sample_size": 124
}