{
  "icao_code": "TLV",
  "iata_code": "TLV",
  "airline_shares": {
    "ELY": 0.2748091603053435,
    "EZY": 0.061068702290076333,
    "AIZ": 0.05343511450381679,
    "WZZ": 0.05343511450381679,
    "ISR": 0.03816793893129771,
    "AUI": 0.030534351145038167,
    "BER": 0.022900763358778626,
    "AFR": 0.022900763358778626,
    "GEC": 0.022900763358778626,
    "AFL": 0.022900763358778626,
    "AEE": 0.015267175572519083,
    "NAX": 0.015267175572519083,
    "SYL": 0.015267175572519083,
    "ROT": 0.015267175572519083,
    "THY": 0.015267175572519083,
    "TSO": 0.015267175572519083,
    "ACA": 0.011450381679389313,
    "IBE": 0.011450381679389313,
    "ASD": 0.007633587786259542,
    "GWI": 0.007633587786259542,
    "TGZ": 0.007633587786259542,
    "AAL": 0.007633587786259542,
    "FIN": 0.007633587786259542,
    "AZA": 0.007633587786259542,
    "BRU": 0.007633587786259542,
    "BAW": 0.007633587786259542,
    "BTI": 0.007633587786259542,
    "CYP": 0.007633587786259542,
    "DAL": 0.007633587786259542,
    "ETH": 0.007633587786259542,
    "LZB": 0.007633587786259542,
    "NLY": 0.007633587786259542,
    "TRA": 0.007633587786259542,
    "UZB": 0.007633587786259542,
    "ISS": 0.007633587786259542,
    "AHY": 0.007633587786259542,
    "ASL": 0.007633587786259542,
    "KAL": 0.007633587786259542,
    "KLM": 0.007633587786259542,
    "LOT": 0.007633587786259542,
    "SWR": 0.007633587786259542,
    "CSA": 0.007633587786259542,
    "PGT": 0.007633587786259542,
    "TVS": 0.007633587786259542,
    "RJA": 0.007633587786259542,
    "SAS": 0.007633587786259542,
    "DAT": 0.007633587786259542,
    "THA": 0.007633587786259542,
    "TVF": 0.007633587786259542,
    "SVR": 0.007633587786259542,
    "UAL": 0.007633587786259542,
    "USA": 0.007633587786259542,
    "VLG": 0.007633587786259542,
    "CWA": 0.007633587786259542,
    "WAU": 0.007633587786259542
  },
  "domestic_route_shares": {},
  "international_route_shares": {
    "FCO": 0.030534351145038167,
    "AMS": 0.030534351145038167,
    "PRG": 0.030534351145038167,
    "BCN": 0.026717557251908396,
    "SXF": 0.022900763358778626,
    "TBS": 0.022900763358778626,
    "MUC": 0.022900763358778626,
    "CDG": 0.022900763358778626,
    "LCA": 0.022900763358778626,
    "WAW": 0.022900763358778626,
    "OTP": 0.022900763358778626,
    "ETH": 0.015267175572519083,
    "NCE": 0.015267175572519083,
    "ATH": 0.015267175572519083,
    "PHL": 0.015267175572519083,
    "TXL": 0.015267175572519083,
    "YYZ": 0.015267175572519083,
    "MRS": 0.015267175572519083,
    "LHR": 0.015267175572519083,
    "JFK": 0.015267175572519083,
    "CPH": 0.015267175572519083,
    "SOF": 0.015267175572519083,
    "VIE": 0.015267175572519083,
    "MAD": 0.015267175572519083,
    "AMM": 0.015267175572519083,
    "FRA": 0.015267175572519083,
    "ZRH": 0.015267175572519083,
    "BKK": 0.015267175572519083,
    "BRU": 0.015267175572519083,
    "BUD": 0.015267175572519083,
    "DME": 0.015267175572519083,
    "EWR": 0.015267175572519083,
    "GVA": 0.015267175572519083,
    "KBP": 0.015267175572519083,
    "LED": 0.015267175572519083,
    "LTN": 0.015267175572519083,
    "MXP": 0.015267175572519083,
    "SAW": 0.015267175572519083,
    "CAI": 0.007633587786259542,
    "CGN": 0.007633587786259542,
    "HER": 0.007633587786259542,
    "DUS": 0.007633587786259542,
    "HEL": 0.007633587786259542,
    "MSQ": 0.007633587786259542,
    "RIX": 0.007633587786259542,
    "ARN": 0.007633587786259542,
    "ADD": 0.007633587786259542,
    "TAS": 0.007633587786259542,
    "NAP": 0.007633587786259542,
    "GYD": 0.007633587786259542,
    "BEG": 0.007633587786259542,
    "ICN": 0.007633587786259542,
    "BOM": 0.007633587786259542,
    "HKG": 0.007633587786259542,
    "JNB": 0.007633587786259542,
    "LAX": 0.007633587786259542,
    "PEK": 0.007633587786259542,
    "VCE": 0.007633587786259542,
    "DNK": 0.007633587786259542,
    "DOK": 0.007633587786259542,
    "ODS": 0.007633587786259542,
    "KRR": 0.007633587786259542,
    "MRV": 0.007633587786259542,
    "IAS": 0.007633587786259542,
    "ROV": 0.007633587786259542,
    "SVO": 0.007633587786259542,
    "IST": 0.007633587786259542,
    "ORY": 0.007633587786259542,
    "BSL": 0.007633587786259542,
    "LGW": 0.007633587786259542,
    "MAN": 0.007633587786259542,
    "SVX": 0.007633587786259542,
    "VKO": 0.007633587786259542,
    "VIN": 0.007633587786259542,
    "CLJ": 0.007633587786259542,
    "KTW": 0.007633587786259542,
    "VNO": 0.007633587786259542,
    "LWO": 0.007633587786259542,
    "YUL": 0.003816793893129771
  },
  "domestic_ratio": 0.0,
  "fleet_mix": {
    "ASD": {
      "E175": 1.0
    },
    "GWI": {
      "A319": 0.5,
      "A320": 0.5
    },
    "ISR": {
      "A320": 1.0
    },
    "AEE": {
      "A320": 1.0
    },
    "TGZ": {
      "B737": 1.0
    },
    "AAL": {
      "A330": 1.0
    },
    "BER": {
      "A321": 0.3333333333333333,
      "B738": 0.3333333333333333,
      "A320": 0.3333333333333333
    },
    "ACA": {
      "B767": 1.0
    },
    "AFR": {
      "A320": 1.0
    },
    "FIN": {
      "A320": 1.0
    },
    "AZA": {
      "A321": 0.6666666666666666,
      "A320": 0.3333333333333333
    },
    "BAW": {
      "B777": 0.5,
      "A321": 0.5
    },
    "CYP": {
      "A320": 1.0
    },
    "DAL": {
      "B744": 1.0
    },
    "NAX": {
      "B738": 1.0
    },
    "ETH": {
      "B767": 1.0
    },
    "LZB": {
      "A319": 1.0
    },
    "NLY": {
      "A321": 0.5,
      "A320": 0.5
    },
    "TRA": {
      "B738": 1.0
    },
    "UZB": {
      "B767": 1.0
    },
    "IBE": {
      "A319": 0.6666666666666666,
      "B738": 0.3333333333333333
    },
    "ISS": {
      "B737": 1.0
    },
    "AIZ": {
      "B752": 0.4,
      "AT76": 0.3,
      "E190": 0.3
    },
    "AHY": {
      "A320": 1.0
    },
    "ASL": {
      "A319": 1.0
    },
    "KAL": {
      "B777": 1.0
    },
    "KLM": {
      "B737": 1.0
    },
    "GEC": {
      "A321": 0.6666666666666666,
      "A320": 0.3333333333333333
    },
    "LOT": {
      "E190": 1.0
    },
    "SWR": {
      "A330": 1.0
    },
    "ELY": {
      "B738": 0.4,
      "B767": 0.2,
      "B739": 0.12307692307692308,
      "B737": 0.12307692307692308,
      "B777": 0.09230769230769231,
      "B744": 0.06153846153846154
    },
    "CSA": {
      "A320": 0.5,
      "B738": 0.5
    },
    "PGT": {
      "B738": 1.0
    },
    "AUI": {
      "B738": 0.75,
      "B737": 0.25
    },
    "TVS": {
      "A320": 0.5,
      "B738": 0.5
    },
    "RJA": {
      "E175": 0.25,
      "E190": 0.25,
      "A320": 0.25,
      "A319": 0.25
    },
    "SAS": {
      "A321": 0.5,
      "A320": 0.5
    },
    "DAT": {
      "A319": 0.5,
      "A320": 0.5
    },
    "AFL": {
      "A330": 0.4,
      "B767": 0.2,
      "A320": 0.2,
      "A319": 0.2
    },
    "THA": {
      "B767": 0.6,
      "B744": 0.4
    },
    "THY": {
      "B738": 0.2857142857142857,
      "A321": 0.14285714285714285,
      "A320": 0.14285714285714285,
      "A330": 0.14285714285714285,
      "B739": 0.14285714285714285,
      "A319": 0.14285714285714285
    },
    "TVF": {
      "B738": 1.0
    },
    "EZY": {
      "A320": 0.875,
      "A319": 0.125
    },
    "SVR": {
      "A320": 1.0
    },
    "UAL": {
      "B777": 1.0
    },
    "TSO": {
      "B738": 0.6666666666666666,
      "B737": 0.3333333333333333
    },
    "USA": {
      "A330": 1.0
    },
    "VLG": {
      "A320": 1.0
    },
    "CWA": {
      "A320": 1.0
    },
    "WZZ": {
      "A320": 1.0
    },
    "WAU": {
      "A320": 1.0
    }
  },
  "hourly_profile": [],
  "delay_rate": 0.0,
  "delay_distribution": {},
  "mean_delay_minutes": 0.0,
  "data_source": "openflights",
  "region": "",
  "profile_date": "2026-03-21",
  "sample_size": 262
}