{
  "icao_code": "TMP",
  "iata_code": "TMP",
  "airline_shares": {
    "RYR": 0.8888888888888888,
    "CCA": 0.1111111111111111
  },
  "domestic_route_shares": {},
  "international_route_shares": {
    "ARN": 0.1111111111111111,
    "AGP": 0.1111111111111111,
    "ALC": 0.1111111111111111,
    "BGY": 0.1111111111111111,
    "BRE": 0.1111111111111111,
    "BUD": 0.1111111111111111,
    "GRO": 0.1111111111111111,
    "HHN": 0.1111111111111111,
    "STN": 0.1111111111111111
  },
  "domestic_ratio": 0.0,
  "fleet_mix": {
    "RYR": {
      "B738": 1.0
    }
  },
  "hourly_profile": [],
  "delay_rate": 0.0,
  "delay_distribution": {},
  "mean_delay_minutes": 0.0,
  "data_source": "openflights",
  "region": "",
  "profile_date": "2026-03-21",
  "sample_size": 18
}