{
  "icao_code": "TNA",
  "iata_code": "TNA",
  "airline_shares": {
    "CDG": 0.3541666666666667,
    "CSN": 0.11458333333333333,
    "CSC": 0.08333333333333333,
    "CXA": 0.08333333333333333,
    "CES": 0.08333333333333333,
    "CHH": 0.0625,
    "JAS": 0.041666666666666664,
    "CSZ": 0.041666666666666664,
    "EEA": 0.020833333333333332,
    "KSY": 0.020833333333333332,
    "RHC": 0.010416666666666666,
    "EVA": 0.010416666666666666,
    "CCA": 0.010416666666666666,
    "GUN": 0.010416666666666666,
    "KAL": 0.010416666666666666,
    "OZR": 0.010416666666666666,
    "CHB": 0.010416666666666666,
    "TWB": 0.010416666666666666,
    "ESR": 0.010416666666666666
  },
  "domestic_route_shares": {
    "CTU": 0.07317073170731707,
    "XIY": 0.07317073170731707,
    "DLC": 0.06097560975609756,
    "HRB": 0.06097560975609756,
    "CGQ": 0.04878048780487805,
    "CKG": 0.04878048780487805,
    "KMG": 0.04878048780487805,
    "CAN": 0.04878048780487805,
    "CSX": 0.036585365853658534,
    "LHW": 0.036585365853658534,
    "URC": 0.036585365853658534,
    "WUH": 0.036585365853658534,
    "SHE": 0.036585365853658534,
    "SZX": 0.036585365853658534,
    "FOC": 0.036585365853658534,
    "SYX": 0.024390243902439025,
    "KWL": 0.024390243902439025,
    "KHN": 0.024390243902439025,
    "HET": 0.024390243902439025,
    "HGH": 0.024390243902439025,
    "XMN": 0.024390243902439025,
    "SHA": 0.024390243902439025,
    "LJG": 0.012195121951219513,
    "PVG": 0.012195121951219513,
    "CGO": 0.012195121951219513,
    "INC": 0.012195121951219513,
    "KWE": 0.012195121951219513,
    "PEK": 0.012195121951219513,
    "TYN": 0.012195121951219513,
    "WNZ": 0.012195121951219513,
    "YNT": 0.012195121951219513
  },
  "international_route_shares": {
    "ICN": 0.35714285714285715,
    "TPE": 0.14285714285714285,
    "TGO": 0.07142857142857142,
    "HKG": 0.07142857142857142,
    "BKK": 0.07142857142857142,
    "HUN": 0.07142857142857142,
    "KIX": 0.07142857142857142,
    "RMQ": 0.07142857142857142,
    "WUS": 0.07142857142857142
  },
  "domestic_ratio": 0.854,
  "fleet_mix": {
    "CSC": {
      "A321": 0.6666666666666666,
      "A320": 0.3333333333333333
    },
    "RHC": {
      "B738": 1.0
    },
    "CCA": {
      "A320": 1.0
    },
    "CSN": {
      "A320": 0.5294117647058824,
      "B738": 0.17647058823529413,
      "A319": 0.11764705882352941,
      "B737": 0.11764705882352941,
      "B752": 0.058823529411764705
    },
    "EEA": {
      "A319": 1.0
    },
    "CHH": {
      "B738": 1.0
    },
    "JAS": {
      "A320": 0.75,
      "A319": 0.25
    },
    "KAL": {
      "B739": 1.0
    },
    "KSY": {
      "B737": 1.0
    },
    "CXA": {
      "B737": 1.0
    },
    "CES": {
      "A320": 0.625,
      "A319": 0.25,
      "A321": 0.125
    },
    "OZR": {
      "A321": 1.0
    },
    "CHB": {
      "A320": 1.0
    },
    "CDG": {
      "B738": 0.967741935483871,
      "CRJ7": 0.03225806451612903
    },
    "TWB": {
      "B737": 1.0
    },
    "ESR": {
      "B738": 1.0
    },
    "CSZ": {
      "B738": 1.0
    }
  },
  "hourly_profile": [],
  "delay_rate": 0.0,
  "delay_distribution": {},
  "mean_delay_minutes": 0.0,
  "data_source": "openflights",
  "region": "",
  "profile_date": "2026-03-21",
  "sample_size": 192
}