{
  "icao_code": "TNG",
  "iata_code": "TNG",
  "airline_shares": {
    "RAM": 0.42424242424242425,
    "3O": 0.24242424242424243,
    "RYR": 0.24242424242424243,
    "VLG": 0.06060606060606061,
    "TAP": 0.030303030303030304
  },
  "domestic_route_shares": {
    "CMN": 1.0
  },
  "international_route_shares": {
    "BCN": 0.1935483870967742,
    "AMS": 0.12903225806451613,
    "BRU": 0.12903225806451613,
    "MAD": 0.12903225806451613,
    "LGW": 0.06451612903225806,
    "LHR": 0.06451612903225806,
    "ORY": 0.06451612903225806,
    "BVA": 0.06451612903225806,
    "CRL": 0.06451612903225806,
    "MRS": 0.06451612903225806,
    "LIS": 0.03225806451612903
  },
  "domestic_ratio": 0.061,
  "fleet_mix": {
    "3O": {
      "A320": 1.0
    },
    "RAM": {
      "B737": 0.5,
      "B738": 0.3333333333333333,
      "AT76": 0.16666666666666666
    },
    "RYR": {
      "B738": 1.0
    },
    "VLG": {
      "A320": 1.0
    }
  },
  "hourly_profile": [],
  "delay_rate": 0.0,
  "delay_distribution": {},
  "mean_delay_minutes": 0.0,
  "data_source": "openflights",
  "region": "",
  "profile_date": "2026-03-21",
  "sample_size": 33
}