{
  "icao_code": "TNR",
  "iata_code": "TNR",
  "airline_shares": {
    "MDG": 0.7916666666666666,
    "AFR": 0.041666666666666664,
    "KQA": 0.041666666666666664,
    "MAU": 0.041666666666666664,
    "CRL": 0.041666666666666664,
    "REU": 0.041666666666666664
  },
  "domestic_route_shares": {
    "MJN": 0.5,
    "TMM": 0.5
  },
  "international_route_shares": {
    "CDG": 0.09090909090909091,
    "MRU": 0.09090909090909091,
    "RUN": 0.09090909090909091,
    "DZA": 0.06818181818181818,
    "NBO": 0.045454545454545456,
    "ANM": 0.045454545454545456,
    "BKK": 0.045454545454545456,
    "DIE": 0.045454545454545456,
    "FTU": 0.045454545454545456,
    "HAH": 0.045454545454545456,
    "JNB": 0.045454545454545456,
    "MOQ": 0.045454545454545456,
    "MRS": 0.045454545454545456,
    "NOS": 0.045454545454545456,
    "SMS": 0.045454545454545456,
    "SVB": 0.045454545454545456,
    "TLE": 0.045454545454545456,
    "WMN": 0.045454545454545456,
    "ORY": 0.022727272727272728
  },
  "domestic_ratio": 0.083,
  "fleet_mix": {
    "AFR": {
      "B777": 1.0
    },
    "KQA": {
      "E190": 0.5,
      "B738": 0.5
    },
    "MDG": {
      "AT76": 1.0
    },
    "MAU": {
      "A319": 1.0
    },
    "REU": {
      "B738": 0.5,
      "AT76": 0.5
    }
  },
  "hourly_profile": [],
  "delay_rate": 0.0,
  "delay_distribution": {},
  "mean_delay_minutes": 0.0,
  "data_source": "openflights",
  "region": "",
  "profile_date": "2026-03-21",
  "sample_size": 48
}