{
  "icao_code": "TOS",
  "iata_code": "TOS",
  "airline_shares": {
    "WIF": 0.5416666666666666,
    "SAS": 0.25,
    "NAX": 0.20833333333333334
  },
  "domestic_route_shares": {
    "OSL": 0.2222222222222222,
    "TRD": 0.2222222222222222,
    "BOO": 0.2222222222222222,
    "SVG": 0.1111111111111111,
    "BGO": 0.1111111111111111,
    "EVE": 0.1111111111111111
  },
  "international_route_shares": {
    "ALF": 0.2,
    "ALC": 0.06666666666666667,
    "LGW": 0.06666666666666667,
    "ARN": 0.06666666666666667,
    "LYR": 0.06666666666666667,
    "ANX": 0.06666666666666667,
    "HAA": 0.06666666666666667,
    "HFT": 0.06666666666666667,
    "KKN": 0.06666666666666667,
    "LKL": 0.06666666666666667,
    "SKN": 0.06666666666666667,
    "SOJ": 0.06666666666666667,
    "VDS": 0.06666666666666667
  },
  "domestic_ratio": 0.375,
  "fleet_mix": {
    "NAX": {
      "B738": 1.0
    },
    "SAS": {
      "B738": 0.7333333333333333,
      "B737": 0.26666666666666666
    },
    "WIF": {
      "DH8D": 1.0
    }
  },
  "hourly_profile": [],
  "delay_rate": 0.0,
  "delay_distribution": {},
  "mean_delay_minutes": 0.0,
  "data_source": "openflights",
  "region": "",
  "profile_date": "2026-03-21",
  "sample_size": 48
}