{
  "icao_code": "TPA",
  "iata_code": "TPA",
  "airline_shares": {
    "SWA": 0.3541666666666667,
    "JBU": 0.08333333333333333,
    "3M": 0.07291666666666667,
    "AAL": 0.07291666666666667,
    "DAL": 0.07291666666666667,
    "USA": 0.07291666666666667,
    "TRS": 0.0625,
    "UAL": 0.0625,
    "NKS": 0.052083333333333336,
    "FFT": 0.03125,
    "ACA": 0.010416666666666666,
    "FIN": 0.010416666666666666,
    "BAW": 0.010416666666666666,
    "CMP": 0.010416666666666666,
    "CAY": 0.010416666666666666,
    "WJA": 0.010416666666666666
  },
  "domestic_route_shares": {
    "ORD": 0.05333333333333334,
    "FLL": 0.04,
    "DCA": 0.04,
    "DFW": 0.04,
    "PHL": 0.04,
    "PHX": 0.04,
    "ATL": 0.04,
    "DEN": 0.04,
    "CLT": 0.02666666666666667,
    "MIA": 0.02666666666666667,
    "BDL": 0.02666666666666667,
    "EWR": 0.02666666666666667,
    "JFK": 0.02666666666666667,
    "LGA": 0.02666666666666667,
    "DTW": 0.02666666666666667,
    "BWI": 0.02666666666666667,
    "IND": 0.02666666666666667,
    "PIT": 0.02666666666666667,
    "JAX": 0.013333333333333334,
    "PBI": 0.013333333333333334,
    "PNS": 0.013333333333333334,
    "BOS": 0.013333333333333334,
    "CVG": 0.013333333333333334,
    "LAX": 0.013333333333333334,
    "MSP": 0.013333333333333334,
    "CLE": 0.013333333333333334,
    "IAD": 0.013333333333333334,
    "IAH": 0.013333333333333334,
    "ALB": 0.013333333333333334,
    "AUS": 0.013333333333333334,
    "BHM": 0.013333333333333334,
    "BNA": 0.013333333333333334,
    "BUF": 0.013333333333333334,
    "CMH": 0.013333333333333334,
    "GRR": 0.013333333333333334,
    "HOU": 0.013333333333333334,
    "LAS": 0.013333333333333334,
    "MCI": 0.013333333333333334,
    "MDW": 0.013333333333333334,
    "MEM": 0.013333333333333334,
    "MKE": 0.013333333333333334,
    "MSY": 0.013333333333333334,
    "PVD": 0.013333333333333334,
    "RDU": 0.013333333333333334,
    "ROC": 0.013333333333333334,
    "SAT": 0.013333333333333334,
    "SDF": 0.013333333333333334,
    "STL": 0.013333333333333334
  },
  "international_route_shares": {
    "EYW": 0.09523809523809523,
    "YYZ": 0.09523809523809523,
    "LGW": 0.09523809523809523,
    "SJU": 0.09523809523809523,
    "GNV": 0.047619047619047616,
    "TLH": 0.047619047619047616,
    "HPN": 0.047619047619047616,
    "PTY": 0.047619047619047616,
    "ILG": 0.047619047619047616,
    "TTN": 0.047619047619047616,
    "CAK": 0.047619047619047616,
    "DAY": 0.047619047619047616,
    "GCM": 0.047619047619047616,
    "ACY": 0.047619047619047616,
    "FNT": 0.047619047619047616,
    "ISP": 0.047619047619047616,
    "MHT": 0.047619047619047616
  },
  "domestic_ratio": 0.781,
  "fleet_mix": {
    "AAL": {
      "A320": 0.23076923076923078,
      "A319": 0.23076923076923078,
      "B738": 0.23076923076923078,
      "A321": 0.15384615384615385,
      "B737": 0.15384615384615385
    },
    "ACA": {
      "A319": 1.0
    },
    "FIN": {
      "B777": 1.0
    },
    "JBU": {
      "A320": 0.7777777777777778,
      "E190": 0.2222222222222222
    },
    "BAW": {
      "B777": 1.0
    },
    "CMP": {
      "B737": 0.5,
      "B738": 0.5
    },
    "DAL": {
      "B738": 0.5,
      "A320": 0.25,
      "B739": 0.125,
      "A319": 0.125
    },
    "FFT": {
      "A320": 0.5,
      "A319": 0.5
    },
    "NKS": {
      "A319": 0.7272727272727273,
      "A320": 0.18181818181818182,
      "A321": 0.09090909090909091
    },
    "UAL": {
      "A320": 0.2631578947368421,
      "B739": 0.23684210526315788,
      "B738": 0.23684210526315788,
      "B737": 0.21052631578947367,
      "B752": 0.05263157894736842
    },
    "USA": {
      "A320": 0.2727272727272727,
      "A319": 0.2727272727272727,
      "B738": 0.2727272727272727,
      "A321": 0.18181818181818182
    },
    "SWA": {
      "B738": 1.0
    }
  },
  "hourly_profile": [],
  "delay_rate": 0.0,
  "delay_distribution": {},
  "mean_delay_minutes": 0.0,
  "data_source": "openflights",
  "region": "",
  "profile_date": "2026-03-21",
  "sample_size": 192
}