{
  "icao_code": "TPE",
  "iata_code": "TPE",
  "airline_shares": {
    "CAL": 0.22538293216630198,
    "EVA": 0.17943107221006566,
    "TNA": 0.0787746170678337,
    "CSN": 0.06564551422319474,
    "CES": 0.06564551422319474,
    "CCA": 0.030634573304157548,
    "CPA": 0.0262582056892779,
    "CHH": 0.0262582056892779,
    "CXA": 0.02188183807439825,
    "WCP": 0.0175054704595186,
    "CSZ": 0.0175054704595186,
    "UIA": 0.01312910284463895,
    "JAL": 0.01312910284463895,
    "CDG": 0.01312910284463895,
    "SCO": 0.01312910284463895,
    "USA": 0.01312910284463895,
    "JSA": 0.0087527352297593,
    "9C": 0.0087527352297593,
    "KLM": 0.0087527352297593,
    "MAS": 0.0087527352297593,
    "MM": 0.0087527352297593,
    "ANA": 0.0087527352297593,
    "PAL": 0.0087527352297593,
    "THA": 0.0087527352297593,
    "HVN": 0.0087527352297593,
    "CSC": 0.00437636761487965,
    "CEB": 0.00437636761487965,
    "AAL": 0.00437636761487965,
    "MDA": 0.00437636761487965,
    "AXM": 0.00437636761487965,
    "ABL": 0.00437636761487965,
    "XAX": 0.00437636761487965,
    "DAL": 0.00437636761487965,
    "UAE": 0.00437636761487965,
    "GIA": 0.00437636761487965,
    "HAL": 0.00437636761487965,
    "DKH": 0.00437636761487965,
    "CRK": 0.00437636761487965,
    "APW": 0.00437636761487965,
    "HDA": 0.00437636761487965,
    "KAL": 0.00437636761487965,
    "AMU": 0.00437636761487965,
    "OZR": 0.00437636761487965,
    "SQC": 0.00437636761487965,
    "TGW": 0.00437636761487965,
    "UAL": 0.00437636761487965,
    "TSO": 0.00437636761487965,
    "Z2": 0.00437636761487965
  },
  "domestic_route_shares": {},
  "international_route_shares": {
    "NRT": 0.0437636761487965,
    "KIX": 0.0350109409190372,
    "PVG": 0.0350109409190372,
    "ICN": 0.030634573304157548,
    "SIN": 0.0262582056892779,
    "MNL": 0.02188183807439825,
    "BKK": 0.02188183807439825,
    "HKG": 0.02188183807439825,
    "CAN": 0.0175054704595186,
    "KUL": 0.0175054704595186,
    "PEK": 0.0175054704595186,
    "SFO": 0.0175054704595186,
    "SJW": 0.01312910284463895,
    "CGK": 0.01312910284463895,
    "CTS": 0.01312910284463895,
    "CTU": 0.01312910284463895,
    "FUK": 0.01312910284463895,
    "HGH": 0.01312910284463895,
    "LAX": 0.01312910284463895,
    "MFM": 0.01312910284463895,
    "SGN": 0.01312910284463895,
    "DLC": 0.01312910284463895,
    "NGO": 0.01312910284463895,
    "OKA": 0.01312910284463895,
    "SZX": 0.01312910284463895,
    "TAO": 0.01312910284463895,
    "WUH": 0.01312910284463895,
    "XIY": 0.01312910284463895,
    "CSX": 0.01312910284463895,
    "KMG": 0.0087527352297593,
    "BKI": 0.0087527352297593,
    "CKG": 0.0087527352297593,
    "FOC": 0.0087527352297593,
    "YNZ": 0.0087527352297593,
    "AKJ": 0.0087527352297593,
    "BNE": 0.0087527352297593,
    "CGO": 0.0087527352297593,
    "DPS": 0.0087527352297593,
    "GUM": 0.0087527352297593,
    "HET": 0.0087527352297593,
    "HKD": 0.0087527352297593,
    "HRB": 0.0087527352297593,
    "KWL": 0.0087527352297593,
    "PNH": 0.0087527352297593,
    "SEA": 0.0087527352297593,
    "TNA": 0.0087527352297593,
    "YVR": 0.0087527352297593,
    "PUS": 0.0087527352297593,
    "HAK": 0.0087527352297593,
    "HAN": 0.0087527352297593,
    "HNL": 0.0087527352297593,
    "ISG": 0.0087527352297593,
    "KHN": 0.0087527352297593,
    "ROR": 0.0087527352297593,
    "URC": 0.0087527352297593,
    "DYG": 0.0087527352297593,
    "KWE": 0.0087527352297593,
    "NNG": 0.0087527352297593,
    "SHE": 0.0087527352297593,
    "HFE": 0.0087527352297593,
    "INC": 0.0087527352297593,
    "XUZ": 0.0087527352297593,
    "WUX": 0.0087527352297593,
    "KLO": 0.0087527352297593,
    "LJG": 0.00437636761487965,
    "CDG": 0.00437636761487965,
    "JFK": 0.00437636761487965,
    "KMQ": 0.00437636761487965,
    "SDJ": 0.00437636761487965,
    "SUB": 0.00437636761487965,
    "TSN": 0.00437636761487965,
    "TXN": 0.00437636761487965,
    "YYZ": 0.00437636761487965,
    "WNZ": 0.00437636761487965,
    "DEL": 0.00437636761487965,
    "FRA": 0.00437636761487965,
    "FSZ": 0.00437636761487965,
    "HIJ": 0.00437636761487965,
    "KMI": 0.00437636761487965,
    "KOJ": 0.00437636761487965,
    "PEN": 0.00437636761487965,
    "RGN": 0.00437636761487965,
    "SYD": 0.00437636761487965,
    "SYX": 0.00437636761487965,
    "TAK": 0.00437636761487965,
    "TOY": 0.00437636761487965,
    "VIE": 0.00437636761487965,
    "CGQ": 0.00437636761487965,
    "DXB": 0.00437636761487965,
    "CJU": 0.00437636761487965,
    "CNX": 0.00437636761487965,
    "KUH": 0.00437636761487965,
    "REP": 0.00437636761487965,
    "LHW": 0.00437636761487965,
    "AMS": 0.00437636761487965,
    "JJN": 0.00437636761487965,
    "XMN": 0.00437636761487965,
    "NGB": 0.00437636761487965,
    "NKG": 0.00437636761487965,
    "TYN": 0.00437636761487965,
    "YNT": 0.00437636761487965,
    "HND": 0.002188183807439825
  },
  "domestic_ratio": 0.0,
  "fleet_mix": {
    "JSA": {
      "A320": 1.0
    },
    "CSC": {
      "A320": 1.0
    },
    "CEB": {
      "A320": 1.0
    },
    "9C": {
      "A320": 1.0
    },
    "AAL": {
      "B737": 1.0
    },
    "MDA": {
      "B738": 1.0
    },
    "AXM": {
      "A320": 1.0
    },
    "UIA": {
      "A321": 1.0
    },
    "EVA": {
      "A330": 0.48214285714285715,
      "B777": 0.21428571428571427,
      "A321": 0.17857142857142858,
      "B744": 0.125
    },
    "ABL": {
      "A321": 1.0
    },
    "CCA": {
      "A330": 0.25,
      "B744": 0.25,
      "A321": 0.16666666666666666,
      "B777": 0.16666666666666666,
      "B738": 0.08333333333333333,
      "A319": 0.08333333333333333
    },
    "CAL": {
      "A330": 0.4166666666666667,
      "B738": 0.3333333333333333,
      "B744": 0.25
    },
    "CPA": {
      "B777": 0.5333333333333333,
      "A330": 0.2,
      "B744": 0.13333333333333333,
      "A320": 0.06666666666666667,
      "A321": 0.06666666666666667
    },
    "CSN": {
      "A320": 0.3333333333333333,
      "B738": 0.2777777777777778,
      "A321": 0.16666666666666666,
      "A330": 0.1111111111111111,
      "B777": 0.05555555555555555,
      "B752": 0.05555555555555555
    },
    "DAL": {
      "B744": 1.0
    },
    "UAE": {
      "B777": 1.0
    },
    "GIA": {
      "B738": 1.0
    },
    "TNA": {
      "A321": 0.5714285714285714,
      "A320": 0.42857142857142855
    },
    "HAL": {
      "A330": 1.0
    },
    "DKH": {
      "A320": 1.0
    },
    "CHH": {
      "B738": 1.0
    },
    "CRK": {
      "A330": 1.0
    },
    "JAL": {
      "B738": 0.75,
      "B767": 0.25
    },
    "APW": {
      "A320": 1.0
    },
    "HDA": {
      "A330": 0.3333333333333333,
      "A320": 0.3333333333333333,
      "A321": 0.3333333333333333
    },
    "KAL": {
      "A330": 0.5,
      "B738": 0.5
    },
    "KLM": {
      "B777": 1.0
    },
    "CXA": {
      "B738": 1.0
    },
    "MAS": {
      "B738": 1.0
    },
    "MM": {
      "A320": 1.0
    },
    "CES": {
      "A320": 0.5625,
      "B738": 0.1875,
      "A321": 0.125,
      "A330": 0.0625,
      "B737": 0.0625
    },
    "ANA": {
      "A321": 0.5,
      "B767": 0.5
    },
    "AMU": {
      "A319": 0.3333333333333333,
      "A320": 0.3333333333333333,
      "A321": 0.3333333333333333
    },
    "OZR": {
      "A330": 0.3333333333333333,
      "B777": 0.3333333333333333,
      "A321": 0.3333333333333333
    },
    "PAL": {
      "A320": 1.0
    },
    "CDG": {
      "B738": 1.0
    },
    "SQC": {
      "A330": 0.5,
      "B777": 0.5
    },
    "TGW": {
      "A320": 1.0
    },
    "SCO": {
      "B777": 1.0
    },
    "UAL": {
      "B777": 1.0
    },
    "TSO": {
      "A330": 1.0
    },
    "USA": {
      "B777": 0.6666666666666666,
      "B744": 0.3333333333333333
    },
    "HVN": {
      "A321": 1.0
    },
    "Z2": {
      "A320": 1.0
    },
    "CSZ": {
      "B738": 0.75,
      "A320": 0.25
    }
  },
  "hourly_profile": [],
  "delay_rate": 0.0,
  "delay_distribution": {},
  "mean_delay_minutes": 0.0,
  "data_source": "openflights",
  "region": "",