{
  "icao_code": "TRD",
  "iata_code": "TRD",
  "airline_shares": {
    "NAX": 0.39473684210526316,
    "WIF": 0.3157894736842105,
    "SAS": 0.21052631578947367,
    "ICE": 0.02631578947368421,
    "ELL": 0.02631578947368421,
    "WZZ": 0.02631578947368421
  },
  "domestic_route_shares": {
    "BGO": 0.16129032258064516,
    "EVE": 0.12903225806451613,
    "OSL": 0.12903225806451613,
    "TOS": 0.12903225806451613,
    "TRF": 0.12903225806451613,
    "BOO": 0.12903225806451613,
    "AES": 0.06451612903225806,
    "SVG": 0.06451612903225806,
    "KRS": 0.06451612903225806
  },
  "international_route_shares": {
    "ALC": 0.08888888888888889,
    "CPH": 0.08888888888888889,
    "AGP": 0.044444444444444446,
    "AYT": 0.044444444444444446,
    "DBV": 0.044444444444444446,
    "KRK": 0.044444444444444446,
    "LGW": 0.044444444444444446,
    "NCE": 0.044444444444444446,
    "RIX": 0.044444444444444446,
    "SXF": 0.044444444444444446,
    "TLL": 0.044444444444444446,
    "ARN": 0.044444444444444446,
    "GDN": 0.044444444444444446,
    "BNN": 0.044444444444444446,
    "KSU": 0.044444444444444446,
    "MJF": 0.044444444444444446,
    "MQN": 0.044444444444444446,
    "OSY": 0.044444444444444446,
    "RVK": 0.044444444444444446,
    "SSJ": 0.044444444444444446,
    "KEF": 0.022222222222222223
  },
  "domestic_ratio": 0.408,
  "fleet_mix": {
    "NAX": {
      "B738": 1.0
    },
    "ELL": {
      "CRJ9": 0.5,
      "E175": 0.5
    },
    "SAS": {
      "B738": 0.6363636363636364,
      "CRJ9": 0.18181818181818182,
      "B737": 0.18181818181818182
    },
    "WZZ": {
      "A320": 1.0
    },
    "WIF": {
      "DH8D": 1.0
    }
  },
  "hourly_profile": [],
  "delay_rate": 0.0,
  "delay_distribution": {},
  "mean_delay_minutes": 0.0,
  "data_source": "openflights",
  "region": "",
  "profile_date": "2026-03-21",
  "sample_size": 76
}