{
  "icao_code": "TRF",
  "iata_code": "TRF",
  "airline_shares": {
    "NAX": 0.3333333333333333,
    "WZZ": 0.3333333333333333,
    "RYR": 0.18181818181818182,
    "WIF": 0.12121212121212122,
    "NTJ": 0.030303030303030304
  },
  "domestic_route_shares": {
    "BGO": 0.4,
    "TRD": 0.4,
    "SVG": 0.2
  },
  "international_route_shares": {
    "AGP": 0.07142857142857142,
    "ALC": 0.07142857142857142,
    "ARN": 0.03571428571428571,
    "AYT": 0.03571428571428571,
    "BCN": 0.03571428571428571,
    "DBV": 0.03571428571428571,
    "LGW": 0.03571428571428571,
    "LPA": 0.03571428571428571,
    "NCE": 0.03571428571428571,
    "PMI": 0.03571428571428571,
    "AHO": 0.03571428571428571,
    "LPL": 0.03571428571428571,
    "PSA": 0.03571428571428571,
    "STN": 0.03571428571428571,
    "BEG": 0.03571428571428571,
    "GDN": 0.03571428571428571,
    "KTW": 0.03571428571428571,
    "LUZ": 0.03571428571428571,
    "OTP": 0.03571428571428571,
    "POZ": 0.03571428571428571,
    "RIX": 0.03571428571428571,
    "SZZ": 0.03571428571428571,
    "VNO": 0.03571428571428571,
    "WAW": 0.03571428571428571,
    "WRO": 0.03571428571428571,
    "CPH": 0.03571428571428571
  },
  "domestic_ratio": 0.152,
  "fleet_mix": {
    "NAX": {
      "B738": 1.0
    },
    "RYR": {
      "B738": 1.0
    },
    "WZZ": {
      "A320": 1.0
    },
    "WIF": {
      "DH8D": 1.0
    }
  },
  "hourly_profile": [],
  "delay_rate": 0.0,
  "delay_distribution": {},
  "mean_delay_minutes": 0.0,
  "data_source": "openflights",
  "region": "",
  "profile_date": "2026-03-21",
  "sample_size": 66
}