{
  "icao_code": "TRN",
  "iata_code": "TRN",
  "airline_shares": {
    "AZA": 0.2222222222222222,
    "RYR": 0.2222222222222222,
    "ISS": 0.1111111111111111,
    "ADH": 0.08333333333333333,
    "GWI": 0.027777777777777776,
    "AFR": 0.027777777777777776,
    "RAM": 0.027777777777777776,
    "BAW": 0.027777777777777776,
    "BPA": 0.027777777777777776,
    "BBO": 0.027777777777777776,
    "TRA": 0.027777777777777776,
    "GEC": 0.027777777777777776,
    "ROT": 0.027777777777777776,
    "DAT": 0.027777777777777776,
    "THY": 0.027777777777777776,
    "VOE": 0.027777777777777776,
    "VLG": 0.027777777777777776
  },
  "domestic_route_shares": {
    "CTA": 0.1875,
    "PMO": 0.125,
    "SUF": 0.125,
    "BRI": 0.125,
    "FCO": 0.125,
    "NAP": 0.125,
    "BDS": 0.0625,
    "CAG": 0.0625,
    "OLB": 0.0625
  },
  "international_route_shares": {
    "IAS": 0.1,
    "BCN": 0.1,
    "DUS": 0.05,
    "CDG": 0.05,
    "CMN": 0.05,
    "AHO": 0.05,
    "REG": 0.05,
    "TIA": 0.05,
    "LGW": 0.05,
    "ZRH": 0.05,
    "CRL": 0.05,
    "MLA": 0.05,
    "STN": 0.05,
    "TPS": 0.05,
    "AMS": 0.05,
    "FRA": 0.05,
    "BRU": 0.05,
    "IST": 0.05
  },
  "domestic_ratio": 0.444,
  "fleet_mix": {
    "GWI": {
      "CRJ9": 1.0
    },
    "AFR": {
      "E190": 0.5,
      "E175": 0.5
    },
    "ADH": {
      "A320": 1.0
    },
    "RAM": {
      "B737": 0.5,
      "B738": 0.5
    },
    "AZA": {
      "A319": 0.5238095238095238,
      "A320": 0.2857142857142857,
      "E175": 0.19047619047619047
    },
    "BAW": {
      "A319": 0.5,
      "A320": 0.5
    },
    "BPA": {
      "B737": 1.0
    },
    "RYR": {
      "B738": 1.0
    },
    "TRA": {
      "B738": 1.0
    },
    "ISS": {
      "B737": 1.0
    },
    "GEC": {
      "E190": 0.5,
      "CRJ7": 0.5
    },
    "DAT": {
      "DH8D": 1.0
    },
    "THY": {
      "B738": 0.3333333333333333,
      "A319": 0.3333333333333333,
      "A320": 0.3333333333333333
    },
    "VLG": {
      "A320": 1.0
    }
  },
  "hourly_profile": [],
  "delay_rate": 0.0,
  "delay_distribution": {},
  "mean_delay_minutes": 0.0,
  "data_source": "openflights",
  "region": "",
  "profile_date": "2026-03-21",
  "sample_size": 72
}