{
  "icao_code": "TRS",
  "iata_code": "TRS",
  "airline_shares": {
    "RYR": 0.7777777777777778,
    "AZA": 0.2222222222222222
  },
  "domestic_route_shares": {
    "FCO": 0.3333333333333333,
    "NAP": 0.3333333333333333,
    "BRI": 0.3333333333333333
  },
  "international_route_shares": {
    "AHO": 0.16666666666666666,
    "BVA": 0.16666666666666666,
    "CRL": 0.16666666666666666,
    "STN": 0.16666666666666666,
    "TPS": 0.16666666666666666,
    "VLC": 0.16666666666666666
  },
  "domestic_ratio": 0.333,
  "fleet_mix": {
    "AZA": {
      "E175": 0.5,
      "A319": 0.25,
      "A320": 0.25
    },
    "RYR": {
      "B738": 1.0
    }
  },
  "hourly_profile": [],
  "delay_rate": 0.0,
  "delay_distribution": {},
  "mean_delay_minutes": 0.0,
  "data_source": "openflights",
  "region": "",
  "profile_date": "2026-03-21",
  "sample_size": 18
}