{
  "icao_code": "TRV",
  "iata_code": "TRV",
  "airline_shares": {
    "AIC": 0.19444444444444445,
    "AXB": 0.19444444444444445,
    "IGO": 0.1388888888888889,
    "JAI": 0.08333333333333333,
    "Q2": 0.05555555555555555,
    "SEJ": 0.05555555555555555,
    "UAE": 0.027777777777777776,
    "ETD": 0.027777777777777776,
    "ABY": 0.027777777777777776,
    "GBA": 0.027777777777777776,
    "KAC": 0.027777777777777776,
    "SLK": 0.027777777777777776,
    "QTR": 0.027777777777777776,
    "TGW": 0.027777777777777776,
    "ALK": 0.027777777777777776,
    "OMA": 0.027777777777777776
  },
  "domestic_route_shares": {
    "BOM": 0.35714285714285715,
    "MAA": 0.2857142857142857,
    "COK": 0.21428571428571427,
    "BLR": 0.14285714285714285
  },
  "international_route_shares": {
    "DXB": 0.13636363636363635,
    "MCT": 0.13636363636363635,
    "SHJ": 0.13636363636363635,
    "MLE": 0.09090909090909091,
    "AUH": 0.09090909090909091,
    "SIN": 0.09090909090909091,
    "DMM": 0.045454545454545456,
    "RUH": 0.045454545454545456,
    "BAH": 0.045454545454545456,
    "KWI": 0.045454545454545456,
    "HAQ": 0.045454545454545456,
    "DOH": 0.045454545454545456,
    "CMB": 0.045454545454545456
  },
  "domestic_ratio": 0.389,
  "fleet_mix": {
    "IGO": {
      "A320": 1.0
    },
    "JAI": {
      "B738": 1.0
    },
    "AIC": {
      "A320": 0.5714285714285714,
      "A319": 0.14285714285714285,
      "A321": 0.14285714285714285,
      "B777": 0.14285714285714285
    },
    "UAE": {
      "A330": 1.0
    },
    "ETD": {
      "A320": 1.0
    },
    "ABY": {
      "A320": 1.0
    },
    "GBA": {
      "A321": 1.0
    },
    "AXB": {
      "B738": 1.0
    },
    "SLK": {
      "A319": 0.5,
      "A320": 0.5
    },
    "Q2": {
      "A320": 1.0
    },
    "QTR": {
      "A321": 1.0
    },
    "SEJ": {
      "B737": 1.0
    },
    "TGW": {
      "A320": 1.0
    },
    "ALK": {
      "A320": 1.0
    },
    "OMA": {
      "B738": 1.0
    }
  },
  "hourly_profile": [],
  "delay_rate": 0.0,
  "delay_distribution": {},
  "mean_delay_minutes": 0.0,
  "data_source": "openflights",
  "region": "",
  "profile_date": "2026-03-21",
  "sample_size": 72
}