{
  "icao_code": "TRZ",
  "iata_code": "TRZ",
  "airline_shares": {
    "AXB": 0.3076923076923077,
    "AXM": 0.15384615384615385,
    "MXD": 0.15384615384615385,
    "TGW": 0.15384615384615385,
    "ALK": 0.15384615384615385,
    "LPR": 0.07692307692307693
  },
  "domestic_route_shares": {
    "MAA": 1.0
  },
  "international_route_shares": {
    "KUL": 0.36363636363636365,
    "SIN": 0.36363636363636365,
    "CMB": 0.2727272727272727
  },
  "domestic_ratio": 0.154,
  "fleet_mix": {
    "AXM": {
      "A320": 1.0
    },
    "AXB": {
      "B738": 1.0
    },
    "LPR": {
      "A320": 1.0
    },
    "MXD": {
      "B739": 1.0
    },
    "TGW": {
      "A320": 1.0
    },
    "ALK": {
      "A320": 1.0
    }
  },
  "hourly_profile": [],
  "delay_rate": 0.0,
  "delay_distribution": {},
  "mean_delay_minutes": 0.0,
  "data_source": "openflights",
  "region": "",
  "profile_date": "2026-03-21",
  "sample_size": 13
}