{
  "icao_code": "TSA",
  "iata_code": "TSA",
  "airline_shares": {
    "TNA": 0.2894736842105263,
    "MDA": 0.10526315789473684,
    "EVA": 0.07894736842105263,
    "CAL": 0.07894736842105263,
    "WCP": 0.07894736842105263,
    "CSC": 0.05263157894736842,
    "CCA": 0.05263157894736842,
    "CSH": 0.05263157894736842,
    "CXA": 0.05263157894736842,
    "UIA": 0.02631578947368421,
    "JAL": 0.02631578947368421,
    "CES": 0.02631578947368421,
    "ANA": 0.02631578947368421,
    "TWB": 0.02631578947368421,
    "ESR": 0.02631578947368421
  },
  "domestic_route_shares": {
    "MZG": 0.6666666666666666,
    "HUN": 0.3333333333333333
  },
  "international_route_shares": {
    "SHA": 0.17142857142857143,
    "GMP": 0.11428571428571428,
    "HND": 0.11428571428571428,
    "FOC": 0.08571428571428572,
    "PVG": 0.08571428571428572,
    "TSN": 0.08571428571428572,
    "CKG": 0.05714285714285714,
    "KNH": 0.05714285714285714,
    "CTU": 0.02857142857142857,
    "TTT": 0.02857142857142857,
    "NNG": 0.02857142857142857,
    "TYN": 0.02857142857142857,
    "HFE": 0.02857142857142857,
    "HGH": 0.02857142857142857,
    "WUH": 0.02857142857142857,
    "XMN": 0.02857142857142857
  },
  "domestic_ratio": 0.079,
  "fleet_mix": {
    "CSC": {
      "A320": 1.0
    },
    "MDA": {
      "E190": 0.75,
      "B738": 0.25
    },
    "UIA": {
      "A321": 1.0
    },
    "EVA": {
      "A330": 0.6666666666666666,
      "A321": 0.3333333333333333
    },
    "CCA": {
      "B738": 0.6666666666666666,
      "A330": 0.3333333333333333
    },
    "CAL": {
      "A330": 0.6666666666666666,
      "B738": 0.3333333333333333
    },
    "CSH": {
      "B738": 0.5,
      "A330": 0.5
    },
    "TNA": {
      "A321": 0.7272727272727273,
      "AT76": 0.2727272727272727
    },
    "JAL": {
      "B767": 1.0
    },
    "CXA": {
      "B738": 0.6666666666666666,
      "B737": 0.3333333333333333
    },
    "CES": {
      "A330": 1.0
    },
    "ANA": {
      "B787": 0.5,
      "B767": 0.5
    },
    "TWB": {
      "B737": 1.0
    },
    "ESR": {
      "B738": 1.0
    }
  },
  "hourly_profile": [],
  "delay_rate": 0.0,
  "delay_distribution": {},
  "mean_delay_minutes": 0.0,
  "data_source": "openflights",
  "region": "",
  "profile_date": "2026-03-21",
  "sample_size": 76
}