{
  "icao_code": "TSF",
  "iata_code": "TSF",
  "airline_shares": {
    "RYR": 0.7631578947368421,
    "WZZ": 0.15789473684210525,
    "WAU": 0.05263157894736842,
    "3O": 0.02631578947368421
  },
  "domestic_route_shares": {
    "BDS": 0.16666666666666666,
    "BRI": 0.16666666666666666,
    "CAG": 0.16666666666666666,
    "CTA": 0.16666666666666666,
    "PMO": 0.16666666666666666,
    "SUF": 0.16666666666666666
  },
  "international_route_shares": {
    "CMN": 0.03125,
    "AGP": 0.03125,
    "AHO": 0.03125,
    "BCN": 0.03125,
    "BLL": 0.03125,
    "BRE": 0.03125,
    "BRS": 0.03125,
    "BRU": 0.03125,
    "BUD": 0.03125,
    "BVA": 0.03125,
    "CHQ": 0.03125,
    "CRL": 0.03125,
    "DUB": 0.03125,
    "EIN": 0.03125,
    "EMA": 0.03125,
    "HHN": 0.03125,
    "LBA": 0.03125,
    "MLA": 0.03125,
    "NRN": 0.03125,
    "NYO": 0.03125,
    "RYG": 0.03125,
    "STN": 0.03125,
    "TPS": 0.03125,
    "VLC": 0.03125,
    "CLJ": 0.03125,
    "KIV": 0.03125,
    "OTP": 0.03125,
    "PRG": 0.03125,
    "SKP": 0.03125,
    "TSR": 0.03125,
    "IEV": 0.03125,
    "LWO": 0.03125
  },
  "domestic_ratio": 0.158,
  "fleet_mix": {
    "3O": {
      "A320": 1.0
    },
    "RYR": {
      "B738": 1.0
    },
    "WZZ": {
      "A320": 1.0
    },
    "WAU": {
      "A320": 1.0
    }
  },
  "hourly_profile": [],
  "delay_rate": 0.0,
  "delay_distribution": {},
  "mean_delay_minutes": 0.0,
  "data_source": "openflights",
  "region": "",
  "profile_date": "2026-03-21",
  "sample_size": 76
}