{
  "icao_code": "TSN",
  "iata_code": "TSN",
  "airline_shares": {
    "GUN": 0.21774193548387097,
    "PDC": 0.14516129032258066,
    "CCA": 0.13709677419354838,
    "CXA": 0.08064516129032258,
    "CSC": 0.04838709677419355,
    "CSN": 0.04838709677419355,
    "CHH": 0.04838709677419355,
    "CES": 0.04838709677419355,
    "CDG": 0.03225806451612903,
    "JAS": 0.024193548387096774,
    "CSZ": 0.024193548387096774,
    "RHC": 0.016129032258064516,
    "CSH": 0.016129032258064516,
    "DKH": 0.016129032258064516,
    "EVA": 0.008064516129032258,
    "EEA": 0.008064516129032258,
    "WCP": 0.008064516129032258,
    "TNA": 0.008064516129032258,
    "CRK": 0.008064516129032258,
    "JAL": 0.008064516129032258,
    "HDA": 0.008064516129032258,
    "KAL": 0.008064516129032258,
    "NS": 0.008064516129032258,
    "OZR": 0.008064516129032258,
    "CHB": 0.008064516129032258,
    "SCO": 0.008064516129032258
  },
  "domestic_route_shares": {
    "HRB": 0.07,
    "DLC": 0.07,
    "CKG": 0.06,
    "SHA": 0.06,
    "CTU": 0.05,
    "SZX": 0.05,
    "XIY": 0.05,
    "HGH": 0.04,
    "CAN": 0.04,
    "CSX": 0.04,
    "HET": 0.04,
    "WUH": 0.04,
    "XMN": 0.03,
    "PVG": 0.03,
    "CGO": 0.03,
    "CGQ": 0.02,
    "LHW": 0.02,
    "NGB": 0.02,
    "YNT": 0.02,
    "KMG": 0.02,
    "BAV": 0.02,
    "SYX": 0.02,
    "TAO": 0.02,
    "DYG": 0.01,
    "KWL": 0.01,
    "XNN": 0.01,
    "ZUH": 0.01,
    "HAK": 0.01,
    "YCU": 0.01,
    "DSN": 0.01,
    "HIA": 0.01,
    "KHN": 0.01,
    "SHE": 0.01,
    "TXN": 0.01,
    "TYN": 0.01,
    "URC": 0.01,
    "FOC": 0.01
  },
  "international_route_shares": {
    "ICN": 0.16666666666666666,
    "HKG": 0.125,
    "TSA": 0.125,
    "CJU": 0.08333333333333333,
    "NTG": 0.08333333333333333,
    "CIF": 0.08333333333333333,
    "UYN": 0.041666666666666664,
    "TPE": 0.041666666666666664,
    "FUG": 0.041666666666666664,
    "MWX": 0.041666666666666664,
    "CIH": 0.041666666666666664,
    "NGO": 0.041666666666666664,
    "NBS": 0.041666666666666664,
    "SIN": 0.041666666666666664
  },
  "domestic_ratio": 0.806,
  "fleet_mix": {
    "CSC": {
      "A321": 0.42857142857142855,
      "A320": 0.2857142857142857,
      "A319": 0.2857142857142857
    },
    "RHC": {
      "B737": 1.0
    },
    "PDC": {
      "B738": 1.0
    },
    "EVA": {
      "B777": 1.0
    },
    "CCA": {
      "B738": 0.7894736842105263,
      "B737": 0.15789473684210525,
      "A320": 0.05263157894736842
    },
    "CSN": {
      "A320": 0.4444444444444444,
      "B738": 0.2222222222222222,
      "B737": 0.2222222222222222,
      "A319": 0.1111111111111111
    },
    "EEA": {
      "A319": 1.0
    },
    "CSH": {
      "B738": 0.6666666666666666,
      "B737": 0.3333333333333333
    },
    "TNA": {
      "A321": 1.0
    },
    "GUN": {
      "E190": 0.5,
      "A321": 0.3,
      "A320": 0.2
    },
    "DKH": {
      "A320": 1.0
    },
    "CHH": {
      "B738": 1.0
    },
    "CRK": {
      "A320": 1.0
    },
    "JAS": {
      "A319": 0.6666666666666666,
      "A320": 0.3333333333333333
    },
    "JAL": {
      "B738": 1.0
    },
    "HDA": {
      "B738": 1.0
    },
    "KAL": {
      "B738": 0.5,
      "B739": 0.5
    },
    "CXA": {
      "B737": 0.8181818181818182,
      "B738": 0.18181818181818182
    },
    "CES": {
      "A320": 0.42857142857142855,
      "B737": 0.2857142857142857,
      "B738": 0.2857142857142857
    },
    "NS": {
      "B738": 1.0
    },
    "OZR": {
      "A330": 0.6666666666666666,
      "A321": 0.3333333333333333
    },
    "CHB": {
      "A319": 1.0
    },
    "CDG": {
      "B738": 0.6,
      "CRJ7": 0.4
    },
    "SCO": {
      "B777": 1.0
    },
    "CSZ": {
      "B737": 0.3333333333333333,
      "A320": 0.3333333333333333,
      "B738": 0.3333333333333333
    }
  },
  "hourly_profile": [],
  "delay_rate": 0.0,
  "delay_distribution": {},
  "mean_delay_minutes": 0.0,
  "data_source": "openflights",
  "region": "",
  "profile_date": "2026-03-21",
  "sample_size": 248
}