{
  "icao_code": "TUN",
  "iata_code": "TUN",
  "airline_shares": {
    "TAR": 0.5433526011560693,
    "TUI": 0.08670520231213873,
    "LAA": 0.06936416184971098,
    "LBT": 0.046242774566473986,
    "AAW": 0.03468208092485549,
    "STU": 0.028901734104046242,
    "AFR": 0.023121387283236993,
    "AZA": 0.023121387283236993,
    "TVF": 0.023121387283236993,
    "THY": 0.017341040462427744,
    "GWI": 0.011560693641618497,
    "DAH": 0.011560693641618497,
    "RAM": 0.011560693641618497,
    "UAE": 0.011560693641618497,
    "GEC": 0.011560693641618497,
    "MSR": 0.011560693641618497,
    "QTR": 0.011560693641618497,
    "RJA": 0.011560693641618497,
    "SVA": 0.011560693641618497
  },
  "domestic_route_shares": {
    "DJE": 0.5,
    "SFA": 0.5
  },
  "international_route_shares": {
    "TIP": 0.05325443786982249,
    "BEN": 0.03550295857988166,
    "MRA": 0.03550295857988166,
    "CDG": 0.03550295857988166,
    "LYS": 0.03550295857988166,
    "MRS": 0.023668639053254437,
    "ALG": 0.023668639053254437,
    "CMN": 0.023668639053254437,
    "FCO": 0.023668639053254437,
    "MXP": 0.023668639053254437,
    "MIR": 0.023668639053254437,
    "NTE": 0.023668639053254437,
    "DXB": 0.023668639053254437,
    "FRA": 0.023668639053254437,
    "LAQ": 0.023668639053254437,
    "TOB": 0.023668639053254437,
    "CAI": 0.023668639053254437,
    "JED": 0.023668639053254437,
    "IST": 0.023668639053254437,
    "ORY": 0.023668639053254437,
    "CGN": 0.011834319526627219,
    "SRX": 0.011834319526627219,
    "DOH": 0.011834319526627219,
    "AMM": 0.011834319526627219,
    "ABJ": 0.011834319526627219,
    "AMS": 0.011834319526627219,
    "BCN": 0.011834319526627219,
    "BEG": 0.011834319526627219,
    "BEY": 0.011834319526627219,
    "BKO": 0.011834319526627219,
    "BLQ": 0.011834319526627219,
    "BOD": 0.011834319526627219,
    "BRU": 0.011834319526627219,
    "DKR": 0.011834319526627219,
    "DME": 0.011834319526627219,
    "DUS": 0.011834319526627219,
    "GVA": 0.011834319526627219,
    "KWI": 0.011834319526627219,
    "LHR": 0.011834319526627219,
    "LIS": 0.011834319526627219,
    "MAD": 0.011834319526627219,
    "MED": 0.011834319526627219,
    "MUC": 0.011834319526627219,
    "NCE": 0.011834319526627219,
    "NKC": 0.011834319526627219,
    "ORN": 0.011834319526627219,
    "OUA": 0.011834319526627219,
    "PMO": 0.011834319526627219,
    "SXB": 0.011834319526627219,
    "TLS": 0.011834319526627219,
    "VCE": 0.011834319526627219,
    "VIE": 0.011834319526627219,
    "ZRH": 0.011834319526627219,
    "GAE": 0.011834319526627219,
    "MLA": 0.011834319526627219,
    "NAP": 0.011834319526627219,
    "TOE": 0.011834319526627219,
    "YUL": 0.005917159763313609,
    "GAF": 0.005917159763313609
  },
  "domestic_ratio": 0.023,
  "fleet_mix": {
    "GWI": {
      "A319": 1.0
    },
    "AAW": {
      "A319": 0.5,
      "A320": 0.5
    },
    "AFR": {
      "A319": 0.4,
      "A320": 0.4,
      "A321": 0.2
    },
    "DAH": {
      "B738": 1.0
    },
    "RAM": {
      "B738": 0.5,
      "B737": 0.5
    },
    "AZA": {
      "A319": 0.5,
      "E190": 0.25,
      "E175": 0.25
    },
    "LBT": {
      "A320": 1.0
    },
    "UAE": {
      "B777": 1.0
    },
    "STU": {
      "A319": 0.8,
      "A330": 0.2
    },
    "GEC": {
      "A319": 1.0
    },
    "LAA": {
      "CRJ9": 0.5555555555555556,
      "A320": 0.4444444444444444
    },
    "MSR": {
      "B738": 0.5,
      "A320": 0.5
    },
    "QTR": {
      "A320": 1.0
    },
    "RJA": {
      "A319": 0.3333333333333333,
      "E175": 0.3333333333333333,
      "E190": 0.3333333333333333
    },
    "SVA": {
      "A330": 1.0
    },
    "THY": {
      "B739": 0.3333333333333333,
      "A321": 0.3333333333333333,
      "B738": 0.3333333333333333
    },
    "TVF": {
      "B738": 1.0
    },
    "TAR": {
      "A320": 0.6842105263157895,
      "A319": 0.2894736842105263,
      "AT76": 0.02631578947368421
    },
    "TUI": {
      "AT76": 0.7142857142857143,
      "CRJ9": 0.2857142857142857
    }
  },
  "hourly_profile": [],
  "delay_rate": 0.0,
  "delay_distribution": {},
  "mean_delay_minutes": 0.0,
  "data_source": "openflights",
  "region": "",
  "profile_date": "2026-03-21",
  "sample_size": 173
}