{
  "icao_code": "TUS",
  "iata_code": "TUS",
  "airline_shares": {
    "SWA": 0.38461538461538464,
    "USA": 0.23076923076923078,
    "AAL": 0.15384615384615385,
    "DAL": 0.15384615384615385,
    "ASA": 0.07692307692307693
  },
  "domestic_route_shares": {
    "DFW": 0.15384615384615385,
    "ORD": 0.15384615384615385,
    "LAX": 0.15384615384615385,
    "SEA": 0.07692307692307693,
    "ATL": 0.07692307692307693,
    "MSP": 0.07692307692307693,
    "DEN": 0.07692307692307693,
    "LAS": 0.07692307692307693,
    "MDW": 0.07692307692307693,
    "SAN": 0.07692307692307693
  },
  "international_route_shares": {},
  "domestic_ratio": 1.0,
  "fleet_mix": {
    "ASA": {
      "B739": 1.0
    },
    "USA": {
      "CRJ9": 1.0
    },
    "SWA": {
      "B738": 1.0
    }
  },
  "hourly_profile": [],
  "delay_rate": 0.0,
  "delay_distribution": {},
  "mean_delay_minutes": 0.0,
  "data_source": "openflights",
  "region": "",
  "profile_date": "2026-03-21",
  "sample_size": 26
}