{
  "icao_code": "TYN",
  "iata_code": "TYN",
  "airline_shares": {
    "CES": 0.1978021978021978,
    "CSN": 0.14285714285714285,
    "CHH": 0.12087912087912088,
    "CXA": 0.08791208791208792,
    "CDG": 0.07692307692307693,
    "CSC": 0.06593406593406594,
    "CCA": 0.06593406593406594,
    "GUN": 0.054945054945054944,
    "CSZ": 0.054945054945054944,
    "RHC": 0.03296703296703297,
    "ABL": 0.01098901098901099,
    "WCP": 0.01098901098901099,
    "CSH": 0.01098901098901099,
    "DKH": 0.01098901098901099,
    "CRK": 0.01098901098901099,
    "JAS": 0.01098901098901099,
    "AMU": 0.01098901098901099,
    "CHB": 0.01098901098901099,
    "VEX": 0.01098901098901099
  },
  "domestic_route_shares": {
    "CTU": 0.05063291139240506,
    "HGH": 0.05063291139240506,
    "SZX": 0.05063291139240506,
    "SHA": 0.05063291139240506,
    "CKG": 0.0379746835443038,
    "SHE": 0.0379746835443038,
    "KMG": 0.0379746835443038,
    "DLC": 0.0379746835443038,
    "CAN": 0.0379746835443038,
    "CSX": 0.0379746835443038,
    "TAO": 0.0379746835443038,
    "LHW": 0.0379746835443038,
    "DAT": 0.02531645569620253,
    "HET": 0.02531645569620253,
    "PEK": 0.02531645569620253,
    "SYX": 0.02531645569620253,
    "INC": 0.02531645569620253,
    "URC": 0.02531645569620253,
    "WUH": 0.02531645569620253,
    "XIY": 0.02531645569620253,
    "HFE": 0.02531645569620253,
    "KWL": 0.02531645569620253,
    "PVG": 0.02531645569620253,
    "NKG": 0.02531645569620253,
    "LJG": 0.012658227848101266,
    "CGQ": 0.012658227848101266,
    "DYG": 0.012658227848101266,
    "KHN": 0.012658227848101266,
    "KWE": 0.012658227848101266,
    "TSN": 0.012658227848101266,
    "HAK": 0.012658227848101266,
    "FOC": 0.012658227848101266,
    "TXN": 0.012658227848101266,
    "XMN": 0.012658227848101266,
    "YCU": 0.012658227848101266,
    "BAV": 0.012658227848101266,
    "DSN": 0.012658227848101266,
    "TNA": 0.012658227848101266,
    "HRB": 0.012658227848101266
  },
  "international_route_shares": {
    "CIH": 0.25,
    "MFM": 0.16666666666666666,
    "HKG": 0.16666666666666666,
    "TVS": 0.08333333333333333,
    "PUS": 0.08333333333333333,
    "TSA": 0.08333333333333333,
    "CZX": 0.08333333333333333,
    "TPE": 0.08333333333333333
  },
  "domestic_ratio": 0.868,
  "fleet_mix": {
    "CSC": {
      "A319": 0.5,
      "A321": 0.3333333333333333,
      "A320": 0.16666666666666666
    },
    "RHC": {
      "A321": 0.6666666666666666,
      "A319": 0.3333333333333333
    },
    "CCA": {
      "B738": 0.5714285714285714,
      "A321": 0.14285714285714285,
      "A320": 0.14285714285714285,
      "A319": 0.14285714285714285
    },
    "CSN": {
      "A320": 0.4117647058823529,
      "B738": 0.23529411764705882,
      "B737": 0.11764705882352941,
      "A319": 0.11764705882352941,
      "A321": 0.11764705882352941
    },
    "CSH": {
      "B738": 1.0
    },
    "GUN": {
      "E190": 1.0
    },
    "DKH": {
      "A320": 0.5,
      "A321": 0.5
    },
    "CHH": {
      "B738": 1.0
    },
    "CRK": {
      "A320": 1.0
    },
    "JAS": {
      "A320": 1.0
    },
    "CXA": {
      "B737": 1.0
    },
    "CES": {
      "B737": 0.5,
      "B738": 0.36363636363636365,
      "A320": 0.09090909090909091,
      "A321": 0.045454545454545456
    },
    "AMU": {
      "A320": 0.5,
      "A319": 0.5
    },
    "CHB": {
      "A320": 1.0
    },
    "CDG": {
      "B738": 0.6666666666666666,
      "CRJ7": 0.3333333333333333
    },
    "VEX": {
      "A319": 1.0
    },
    "CSZ": {
      "A320": 0.8333333333333334,
      "B738": 0.16666666666666666
    }
  },
  "hourly_profile": [],
  "delay_rate": 0.0,
  "delay_distribution": {},
  "mean_delay_minutes": 0.0,
  "data_source": "openflights",
  "region": "",
  "profile_date": "2026-03-21",
  "sample_size": 182
}