{
  "icao_code": "UFA",
  "iata_code": "UFA",
  "airline_shares": {
    "YCC": 0.17391304347826086,
    "SVR": 0.13043478260869565,
    "UR": 0.13043478260869565,
    "AFL": 0.08695652173913043,
    "Y7": 0.08695652173913043,
    "GZP": 0.043478260869565216,
    "SJM": 0.043478260869565216,
    "FDB": 0.043478260869565216,
    "ABY": 0.043478260869565216,
    "UZB": 0.043478260869565216,
    "CSA": 0.043478260869565216,
    "SBI": 0.043478260869565216,
    "THY": 0.043478260869565216,
    "TSO": 0.043478260869565216
  },
  "domestic_route_shares": {
    "DME": 0.36363636363636365,
    "SVX": 0.09090909090909091,
    "LED": 0.09090909090909091,
    "SVO": 0.09090909090909091,
    "KZN": 0.09090909090909091,
    "SGC": 0.09090909090909091,
    "TJM": 0.09090909090909091,
    "NSK": 0.09090909090909091
  },
  "international_route_shares": {
    "NUX": 0.16666666666666666,
    "DWC": 0.08333333333333333,
    "SHJ": 0.08333333333333333,
    "TAS": 0.08333333333333333,
    "PRG": 0.08333333333333333,
    "IST": 0.08333333333333333,
    "DYU": 0.08333333333333333,
    "LBD": 0.08333333333333333,
    "GYD": 0.08333333333333333,
    "NOJ": 0.08333333333333333,
    "NYM": 0.08333333333333333
  },
  "domestic_ratio": 0.478,
  "fleet_mix": {
    "FDB": {
      "B738": 1.0
    },
    "ABY": {
      "A320": 1.0
    },
    "UZB": {
      "A320": 1.0
    },
    "CSA": {
      "A319": 0.5,
      "A320": 0.5
    },
    "SBI": {
      "A319": 1.0
    },
    "AFL": {
      "A319": 0.6666666666666666,
      "A320": 0.3333333333333333
    },
    "THY": {
      "A319": 1.0
    },
    "SVR": {
      "A320": 1.0
    },
    "UR": {
      "AT76": 1.0
    },
    "Y7": {
      "B738": 1.0
    }
  },
  "hourly_profile": [],
  "delay_rate": 0.0,
  "delay_distribution": {},
  "mean_delay_minutes": 0.0,
  "data_source": "openflights",
  "region": "",
  "profile_date": "2026-03-21",
  "sample_size": 46
}