{
  "icao_code": "UGC",
  "iata_code": "UGC",
  "airline_shares": {
    "UZB": 0.7333333333333333,
    "SBI": 0.13333333333333333,
    "AFL": 0.13333333333333333
  },
  "domestic_route_shares": {
    "TAS": 0.6666666666666666,
    "BHK": 0.3333333333333333
  },
  "international_route_shares": {
    "DME": 0.3333333333333333,
    "LED": 0.3333333333333333,
    "VOG": 0.16666666666666666,
    "CDG": 0.08333333333333333,
    "MXP": 0.08333333333333333
  },
  "domestic_ratio": 0.2,
  "fleet_mix": {
    "UZB": {
      "A320": 0.5625,
      "B767": 0.4375
    },
    "SBI": {
      "B767": 1.0
    },
    "AFL": {
      "A319": 1.0
    }
  },
  "hourly_profile": [],
  "delay_rate": 0.0,
  "delay_distribution": {},
  "mean_delay_minutes": 0.0,
  "data_source": "openflights",
  "region": "",
  "profile_date": "2026-03-21",
  "sample_size": 15
}