{
  "icao_code": "UIO",
  "iata_code": "UIO",
  "airline_shares": {
    "TAE": 0.42857142857142855,
    "GLG": 0.09523809523809523,
    "LNE": 0.09523809523809523,
    "AVA": 0.06349206349206349,
    "LAN": 0.06349206349206349,
    "IBE": 0.047619047619047616,
    "AAL": 0.031746031746031744,
    "AMX": 0.031746031746031744,
    "CMP": 0.031746031746031744,
    "DAL": 0.031746031746031744,
    "KLM": 0.031746031746031744,
    "UAL": 0.031746031746031744,
    "GEC": 0.015873015873015872
  },
  "domestic_route_shares": {
    "GYE": 0.8181818181818182,
    "ESM": 0.18181818181818182
  },
  "international_route_shares": {
    "LIM": 0.1346153846153846,
    "BOG": 0.07692307692307693,
    "OCC": 0.07692307692307693,
    "MIA": 0.07692307692307693,
    "CUE": 0.07692307692307693,
    "MEX": 0.038461538461538464,
    "SAL": 0.038461538461538464,
    "PTY": 0.038461538461538464,
    "ATL": 0.038461538461538464,
    "ETR": 0.038461538461538464,
    "GRU": 0.038461538461538464,
    "HAV": 0.038461538461538464,
    "LGQ": 0.038461538461538464,
    "LOH": 0.038461538461538464,
    "MEC": 0.038461538461538464,
    "MAD": 0.038461538461538464,
    "IAH": 0.038461538461538464,
    "TNW": 0.019230769230769232,
    "TUA": 0.019230769230769232,
    "XMS": 0.019230769230769232,
    "AMS": 0.019230769230769232,
    "SCL": 0.019230769230769232
  },
  "domestic_ratio": 0.175,
  "fleet_mix": {
    "GLG": {
      "A319": 0.6666666666666666,
      "A320": 0.3333333333333333
    },
    "AMX": {
      "B737": 1.0
    },
    "AVA": {
      "A320": 0.6666666666666666,
      "A319": 0.3333333333333333
    },
    "CMP": {
      "B738": 0.5,
      "B737": 0.5
    },
    "TAE": {
      "E175": 0.5,
      "E190": 0.36666666666666664,
      "A320": 0.1,
      "A319": 0.03333333333333333
    },
    "KLM": {
      "B777": 1.0
    },
    "LAN": {
      "A320": 0.5,
      "A319": 0.5
    },
    "UAL": {
      "B737": 0.5,
      "B738": 0.5
    },
    "LNE": {
      "A319": 0.5,
      "A320": 0.25,
      "B767": 0.25
    }
  },
  "hourly_profile": [],
  "delay_rate": 0.0,
  "delay_distribution": {},
  "mean_delay_minutes": 0.0,
  "data_source": "openflights",
  "region": "",
  "profile_date": "2026-03-21",
  "sample_size": 63
}