{
  "icao_code": "ULN",
  "iata_code": "ULN",
  "airline_shares": {
    "OME": 0.36585365853658536,
    "MGL": 0.24390243902439024,
    "EFA": 0.1951219512195122,
    "CCA": 0.04878048780487805,
    "KAL": 0.04878048780487805,
    "AFL": 0.04878048780487805,
    "THY": 0.04878048780487805
  },
  "domestic_route_shares": {},
  "international_route_shares": {
    "PEK": 0.0975609756097561,
    "COQ": 0.0975609756097561,
    "MXV": 0.0975609756097561,
    "ICN": 0.0975609756097561,
    "HKG": 0.0975609756097561,
    "SVO": 0.0975609756097561,
    "ULG": 0.04878048780487805,
    "ULO": 0.04878048780487805,
    "BKK": 0.04878048780487805,
    "BYN": 0.04878048780487805,
    "HVD": 0.04878048780487805,
    "ULZ": 0.04878048780487805,
    "NRT": 0.04878048780487805,
    "FRU": 0.04878048780487805,
    "DLZ": 0.024390243902439025
  },
  "domestic_ratio": 0.0,
  "fleet_mix": {
    "CCA": {
      "B738": 1.0
    },
    "EFA": {
      "DH8D": 1.0
    },
    "KAL": {
      "A330": 1.0
    },
    "OME": {
      "A319": 1.0
    },
    "MGL": {
      "B737": 0.6666666666666666,
      "B767": 0.3333333333333333
    },
    "AFL": {
      "A320": 1.0
    },
    "THY": {
      "B738": 1.0
    }
  },
  "hourly_profile": [],
  "delay_rate": 0.0,
  "delay_distribution": {},
  "mean_delay_minutes": 0.0,
  "data_source": "openflights",
  "region": "",
  "profile_date": "2026-03-21",
  "sample_size": 41
}