{
  "icao_code": "UPG",
  "iata_code": "UPG",
  "airline_shares": {
    "GIA": 0.31683168316831684,
    "LNI": 0.2871287128712871,
    "SJY": 0.27722772277227725,
    "QG": 0.039603960396039604,
    "AWQ": 0.039603960396039604,
    "AXM": 0.019801980198019802,
    "SLK": 0.019801980198019802
  },
  "domestic_route_shares": {
    "BPN": 0.15384615384615385,
    "CGK": 0.15384615384615385,
    "SUB": 0.15384615384615385,
    "AMQ": 0.11538461538461539,
    "DJJ": 0.11538461538461539,
    "DPS": 0.11538461538461539,
    "JOG": 0.07692307692307693,
    "MDC": 0.07692307692307693,
    "LOP": 0.038461538461538464
  },
  "international_route_shares": {
    "GTO": 0.12244897959183673,
    "KDI": 0.12244897959183673,
    "PLW": 0.12244897959183673,
    "TTE": 0.12244897959183673,
    "BIK": 0.08163265306122448,
    "SIN": 0.08163265306122448,
    "SOQ": 0.08163265306122448,
    "LUW": 0.08163265306122448,
    "KUL": 0.04081632653061224,
    "TRK": 0.04081632653061224,
    "MKW": 0.04081632653061224,
    "TIM": 0.04081632653061224,
    "PSJ": 0.02040816326530612
  },
  "domestic_ratio": 0.515,
  "fleet_mix": {
    "AXM": {
      "A320": 1.0
    },
    "GIA": {
      "B738": 0.8181818181818182,
      "A330": 0.09090909090909091,
      "A319": 0.09090909090909091
    },
    "LNI": {
      "B739": 0.7142857142857143,
      "B738": 0.2857142857142857
    },
    "SLK": {
      "A319": 0.5,
      "A320": 0.5
    },
    "QG": {
      "A320": 1.0
    },
    "AWQ": {
      "A320": 1.0
    },
    "SJY": {
      "B738": 1.0
    }
  },
  "hourly_profile": [],
  "delay_rate": 0.0,
  "delay_distribution": {},
  "mean_delay_minutes": 0.0,
  "data_source": "openflights",
  "region": "",
  "profile_date": "2026-03-21",
  "sample_size": 101
}