{
  "icao_code": "URC",
  "iata_code": "URC",
  "airline_shares": {
    "CSN": 0.36764705882352944,
    "GUN": 0.11029411764705882,
    "CHH": 0.10294117647058823,
    "CES": 0.0661764705882353,
    "CCA": 0.051470588235294115,
    "CSC": 0.03676470588235294,
    "CXA": 0.03676470588235294,
    "CDG": 0.03676470588235294,
    "JAS": 0.029411764705882353,
    "CHB": 0.022058823529411766,
    "RHC": 0.014705882352941176,
    "9C": 0.014705882352941176,
    "CSH": 0.014705882352941176,
    "KZR": 0.014705882352941176,
    "LYN": 0.014705882352941176,
    "7J": 0.007352941176470588,
    "PDC": 0.007352941176470588,
    "CAL": 0.007352941176470588,
    "DKH": 0.007352941176470588,
    "UZB": 0.007352941176470588,
    "CWK": 0.007352941176470588,
    "SBI": 0.007352941176470588,
    "SZ": 0.007352941176470588,
    "CSZ": 0.007352941176470588
  },
  "domestic_route_shares": {
    "CGO": 0.0975609756097561,
    "KHG": 0.0975609756097561,
    "XIY": 0.0975609756097561,
    "LHW": 0.08536585365853659,
    "SHA": 0.07317073170731707,
    "CKG": 0.06097560975609756,
    "CTU": 0.04878048780487805,
    "PEK": 0.036585365853658534,
    "INC": 0.036585365853658534,
    "TNA": 0.036585365853658534,
    "WUH": 0.036585365853658534,
    "XNN": 0.024390243902439025,
    "CAN": 0.024390243902439025,
    "CSX": 0.024390243902439025,
    "DNH": 0.024390243902439025,
    "PVG": 0.024390243902439025,
    "SJW": 0.024390243902439025,
    "TYN": 0.024390243902439025,
    "YCU": 0.012195121951219513,
    "BAV": 0.012195121951219513,
    "HET": 0.012195121951219513,
    "HGH": 0.012195121951219513,
    "KWE": 0.012195121951219513,
    "NKG": 0.012195121951219513,
    "YIW": 0.012195121951219513,
    "DSN": 0.012195121951219513,
    "TSN": 0.012195121951219513,
    "SZX": 0.012195121951219513
  },
  "international_route_shares": {
    "HTN": 0.07407407407407407,
    "KRL": 0.07407407407407407,
    "DYU": 0.05555555555555555,
    "AKU": 0.05555555555555555,
    "FRU": 0.05555555555555555,
    "HMI": 0.05555555555555555,
    "OVB": 0.05555555555555555,
    "TPE": 0.037037037037037035,
    "AAT": 0.037037037037037035,
    "ALA": 0.037037037037037035,
    "KCA": 0.037037037037037035,
    "KRY": 0.037037037037037035,
    "NLT": 0.037037037037037035,
    "OSS": 0.037037037037037035,
    "TAS": 0.037037037037037035,
    "TCG": 0.037037037037037035,
    "TSE": 0.037037037037037035,
    "YIN": 0.037037037037037035,
    "ASB": 0.018518518518518517,
    "GYD": 0.018518518518518517,
    "IKA": 0.018518518518518517,
    "ISB": 0.018518518518518517,
    "IST": 0.018518518518518517,
    "LBD": 0.018518518518518517,
    "SVO": 0.018518518518518517,
    "TBS": 0.018518518518518517,
    "BPL": 0.018518518518518517
  },
  "domestic_ratio": 0.603,
  "fleet_mix": {
    "CSC": {
      "A319": 0.6,
      "A320": 0.4
    },
    "7J": {
      "B752": 1.0
    },
    "RHC": {
      "B737": 0.5,
      "B738": 0.5
    },
    "9C": {
      "A320": 1.0
    },
    "PDC": {
      "B738": 1.0
    },
    "CCA": {
      "B738": 0.4,
      "A320": 0.3,
      "B737": 0.1,
      "B777": 0.1,
      "A321": 0.1
    },
    "CAL": {
      "A330": 1.0
    },
    "CSN": {
      "B737": 0.3373493975903614,
      "E190": 0.14457831325301204,
      "B738": 0.14457831325301204,
      "B752": 0.14457831325301204,
      "A320": 0.13253012048192772,
      "A319": 0.04819277108433735,
      "B777": 0.024096385542168676,
      "A321": 0.012048192771084338,
      "A330": 0.012048192771084338
    },
    "CSH": {
      "B738": 1.0
    },
    "GUN": {
      "E190": 0.6470588235294118,
      "A320": 0.29411764705882354,
      "A321": 0.058823529411764705
    },
    "DKH": {
      "A320": 1.0
    },
    "CHH": {
      "B738": 0.9285714285714286,
      "A320": 0.07142857142857142
    },
    "UZB": {
      "B767": 1.0
    },
    "JAS": {
      "A320": 1.0
    },
    "KZR": {
      "E190": 0.5,
      "A320": 0.25,
      "A321": 0.25
    },
    "CWK": {
      "A320": 1.0
    },
    "CXA": {
      "B737": 1.0
    },
    "CES": {
      "A320": 0.6,
      "B737": 0.13333333333333333,
      "E190": 0.06666666666666667,
      "B752": 0.06666666666666667,
      "A321": 0.06666666666666667,
      "B738": 0.06666666666666667
    },
    "CHB": {
      "A320": 1.0
    },
    "SBI": {
      "A320": 1.0
    },
    "CDG": {
      "B738": 1.0
    },
    "SZ": {
      "B737": 1.0
    },
    "CSZ": {
      "A320": 1.0
    }
  },
  "hourly_profile": [],
  "delay_rate": 0.0,
  "delay_distribution": {},
  "mean_delay_minutes": 0.0,
  "data_source": "openflights",
  "region": "",
  "profile_date": "2026-03-21",
  "sample_size": 272
}