{
  "icao_code": "USM",
  "iata_code": "USM",
  "airline_shares": {
    "BKP": 0.6153846153846154,
    "NWR": 0.15384615384615385,
    "CPA": 0.07692307692307693,
    "SLK": 0.07692307692307693,
    "THA": 0.07692307692307693
  },
  "domestic_route_shares": {
    "BKK": 0.3333333333333333,
    "CNX": 0.16666666666666666,
    "HKT": 0.16666666666666666,
    "KBV": 0.16666666666666666,
    "UTP": 0.16666666666666666
  },
  "international_route_shares": {
    "HKG": 0.2857142857142857,
    "SIN": 0.2857142857142857,
    "PEN": 0.14285714285714285,
    "SZB": 0.14285714285714285,
    "KUL": 0.14285714285714285
  },
  "domestic_ratio": 0.462,
  "fleet_mix": {
    "CPA": {
      "A319": 0.6666666666666666,
      "A320": 0.3333333333333333
    },
    "NWR": {
      "AT76": 1.0
    },
    "SLK": {
      "A319": 1.0
    },
    "BKP": {
      "A319": 0.5555555555555556,
      "AT76": 0.4444444444444444
    }
  },
  "hourly_profile": [],
  "delay_rate": 0.0,
  "delay_distribution": {},
  "mean_delay_minutes": 0.0,
  "data_source": "openflights",
  "region": "",
  "profile_date": "2026-03-21",
  "sample_size": 26
}