{
  "icao_code": "UUD",
  "iata_code": "UUD",
  "airline_shares": {
    "IOS": 0.2857142857142857,
    "SBI": 0.23809523809523808,
    "Y7": 0.19047619047619047,
    "SYL": 0.09523809523809523,
    "AFL": 0.09523809523809523,
    "SVR": 0.09523809523809523
  },
  "domestic_route_shares": {
    "DME": 0.26666666666666666,
    "IKT": 0.13333333333333333,
    "YKS": 0.13333333333333333,
    "SVO": 0.13333333333333333,
    "HTA": 0.13333333333333333,
    "KJA": 0.13333333333333333,
    "OVB": 0.06666666666666667
  },
  "international_route_shares": {
    "KHV": 0.3333333333333333,
    "NZH": 0.3333333333333333,
    "PEK": 0.3333333333333333
  },
  "domestic_ratio": 0.714,
  "fleet_mix": {
    "SYL": {
      "DH8D": 1.0
    },
    "SBI": {
      "B738": 0.6,
      "A319": 0.4
    },
    "AFL": {
      "A319": 1.0
    },
    "SVR": {
      "A319": 1.0
    },
    "Y7": {
      "AT76": 1.0
    }
  },
  "hourly_profile": [],
  "delay_rate": 0.0,
  "delay_distribution": {},
  "mean_delay_minutes": 0.0,
  "data_source": "openflights",
  "region": "",
  "profile_date": "2026-03-21",
  "sample_size": 21
}