{
  "icao_code": "VCE",
  "iata_code": "VCE",
  "airline_shares": {
    "EZY": 0.1326530612244898,
    "VOE": 0.11224489795918367,
    "ADH": 0.08163265306122448,
    "TVF": 0.05612244897959184,
    "AFR": 0.04591836734693878,
    "GWI": 0.04081632653061224,
    "EXS": 0.04081632653061224,
    "BER": 0.030612244897959183,
    "AZA": 0.030612244897959183,
    "NAX": 0.030612244897959183,
    "MON": 0.030612244897959183,
    "BAW": 0.02040816326530612,
    "TRA": 0.02040816326530612,
    "IBE": 0.02040816326530612,
    "TSC": 0.02040816326530612,
    "VLG": 0.02040816326530612,
    "MLD": 0.01020408163265306,
    "RLA": 0.01020408163265306,
    "AAL": 0.01020408163265306,
    "BTI": 0.01020408163265306,
    "BPA": 0.01020408163265306,
    "CPA": 0.01020408163265306,
    "DAL": 0.01020408163265306,
    "EIN": 0.01020408163265306,
    "UAE": 0.01020408163265306,
    "DLA": 0.01020408163265306,
    "ISS": 0.01020408163265306,
    "KLM": 0.01020408163265306,
    "GEC": 0.01020408163265306,
    "SWR": 0.01020408163265306,
    "ELY": 0.01020408163265306,
    "CTN": 0.01020408163265306,
    "QTR": 0.01020408163265306,
    "SAS": 0.01020408163265306,
    "DAT": 0.01020408163265306,
    "AFL": 0.01020408163265306,
    "THY": 0.01020408163265306,
    "TAP": 0.01020408163265306,
    "TAR": 0.01020408163265306,
    "TSO": 0.01020408163265306,
    "USA": 0.01020408163265306,
    "KRP": 0.01020408163265306
  },
  "domestic_route_shares": {
    "CTA": 0.19047619047619047,
    "PMO": 0.19047619047619047,
    "NAP": 0.19047619047619047,
    "FCO": 0.14285714285714285,
    "SUF": 0.09523809523809523,
    "BRI": 0.09523809523809523,
    "OLB": 0.09523809523809523
  },
  "international_route_shares": {
    "LGW": 0.045714285714285714,
    "MAN": 0.045714285714285714,
    "CPH": 0.03428571428571429,
    "BRU": 0.03428571428571429,
    "LYS": 0.02857142857142857,
    "DUS": 0.022857142857142857,
    "HAM": 0.022857142857142857,
    "KIV": 0.022857142857142857,
    "PHL": 0.022857142857142857,
    "CDG": 0.022857142857142857,
    "NCE": 0.022857142857142857,
    "TIA": 0.022857142857142857,
    "RIX": 0.022857142857142857,
    "DOH": 0.022857142857142857,
    "AMS": 0.022857142857142857,
    "NTE": 0.022857142857142857,
    "ORY": 0.022857142857142857,
    "CGN": 0.011428571428571429,
    "HAJ": 0.011428571428571429,
    "STR": 0.011428571428571429,
    "TXL": 0.011428571428571429,
    "MRS": 0.011428571428571429,
    "TLS": 0.011428571428571429,
    "ATH": 0.011428571428571429,
    "LED": 0.011428571428571429,
    "PRG": 0.011428571428571429,
    "NRT": 0.011428571428571429,
    "LHR": 0.011428571428571429,
    "JFK": 0.011428571428571429,
    "ARN": 0.011428571428571429,
    "OSL": 0.011428571428571429,
    "DUB": 0.011428571428571429,
    "DXB": 0.011428571428571429,
    "MUC": 0.011428571428571429,
    "EIN": 0.011428571428571429,
    "MAD": 0.011428571428571429,
    "FRA": 0.011428571428571429,
    "EDI": 0.011428571428571429,
    "LBA": 0.011428571428571429,
    "NCL": 0.011428571428571429,
    "ZRH": 0.011428571428571429,
    "TLV": 0.011428571428571429,
    "DBV": 0.011428571428571429,
    "SVO": 0.011428571428571429,
    "IST": 0.011428571428571429,
    "LIL": 0.011428571428571429,
    "LIS": 0.011428571428571429,
    "YUL": 0.011428571428571429,
    "YYZ": 0.011428571428571429,
    "TUN": 0.011428571428571429,
    "BSL": 0.011428571428571429,
    "GVA": 0.011428571428571429,
    "LTN": 0.011428571428571429,
    "SEN": 0.011428571428571429,
    "SXF": 0.011428571428571429,
    "VKO": 0.011428571428571429,
    "BIO": 0.011428571428571429,
    "BOD": 0.011428571428571429,
    "JTR": 0.011428571428571429,
    "LMP": 0.011428571428571429,
    "PNL": 0.011428571428571429,
    "REG": 0.011428571428571429,
    "BCN": 0.011428571428571429,
    "BHX": 0.011428571428571429
  },
  "domestic_ratio": 0.107,
  "fleet_mix": {
    "GWI": {
      "A319": 0.5714285714285714,
      "A320": 0.2857142857142857,
      "CRJ9": 0.14285714285714285
    },
    "MLD": {
      "E190": 1.0
    },
    "AAL": {
      "A330": 1.0
    },
    "BER": {
      "A320": 0.375,
      "B738": 0.25,
      "B737": 0.25,
      "A321": 0.125
    },
    "AFR": {
      "A320": 0.5,
      "A319": 0.375,
      "A318": 0.125
    },
    "ADH": {
      "A320": 1.0
    },
    "AZA": {
      "E190": 0.2,
      "E175": 0.2,
      "A319": 0.2,
      "A320": 0.2,
      "B777": 0.2
    },
    "BAW": {
      "A319": 0.5,
      "A320": 0.5
    },
    "BPA": {
      "B737": 1.0
    },
    "CPA": {
      "A320": 1.0
    },
    "DAL": {
      "B767": 1.0
    },
    "NAX": {
      "B738": 1.0
    },
    "EIN": {
      "A320": 1.0
    },
    "UAE": {
      "B777": 1.0
    },
    "DLA": {
      "E190": 1.0
    },
    "TRA": {
      "B738": 1.0
    },
    "IBE": {
      "A320": 0.5,
      "A321": 0.25,
      "A319": 0.25
    },
    "ISS": {
      "B737": 1.0
    },
    "KLM": {
      "B737": 1.0
    },
    "GEC": {
      "A321": 0.5,
      "A319": 0.5
    },
    "EXS": {
      "B738": 1.0
    },
    "SWR": {
      "A320": 1.0
    },
    "ELY": {
      "B738": 0.5,
      "B737": 0.5
    },
    "CTN": {
      "DH8D": 1.0
    },
    "QTR": {
      "A320": 1.0
    },
    "SAS": {
      "A320": 0.5,
      "A319": 0.5
    },
    "DAT": {
      "A319": 1.0
    },
    "AFL": {
      "A321": 0.5,
      "A320": 0.5
    },
    "THY": {
      "A321": 0.2,
      "B739": 0.2,
      "B738": 0.2,
      "A320": 0.2,
      "A319": 0.2
    },
    "TVF": {
      "B738": 1.0
    },
    "TAP": {
      "A319": 1.0
    },
    "TAR": {
      "A319": 1.0
    },
    "EZY": {
      "A319": 0.631578947368421,
      "A320": 0.3684210526315789
    },
    "TSO": {
      "B738": 1.0
    },
    "USA": {
      "A330": 1.0
    },
    "VLG": {
      "A320": 1.0
    },
    "MON": {
      "A321": 0.6,
      "A320": 0.4
    }
  },
  "hourly_profile": [],
  "delay_rate": 0.0,
  "delay_distribution": {},
  "mean_delay_minutes": 0.0,
  "data_source": "openflights",
  "region": "",
  "profile_date": "2026-03-21",
  "sample_size": 196
}