{
  "icao_code": "VCP",
  "iata_code": "VCP",
  "airline_shares": {
    "AZU": 0.8771929824561403,
    "SEH": 0.07017543859649122,
    "TAM": 0.03508771929824561,
    "TAP": 0.017543859649122806
  },
  "domestic_route_shares": {
    "BSB": 0.12,
    "GIG": 0.12,
    "CNF": 0.08,
    "CWB": 0.08,
    "BPS": 0.04,
    "CGB": 0.04,
    "FLN": 0.04,
    "FOR": 0.04,
    "GYN": 0.04,
    "IGU": 0.04,
    "JPA": 0.04,
    "MAO": 0.04,
    "MCZ": 0.04,
    "NVT": 0.04,
    "POA": 0.04,
    "REC": 0.04,
    "SDU": 0.04,
    "SSA": 0.04,
    "VIX": 0.04
  },
  "international_route_shares": {
    "AJU": 0.03125,
    "AQA": 0.03125,
    "ARU": 0.03125,
    "BYO": 0.03125,
    "CAC": 0.03125,
    "CCM": 0.03125,
    "CFB": 0.03125,
    "CGR": 0.03125,
    "CLV": 0.03125,
    "CXJ": 0.03125,
    "DOU": 0.03125,
    "IOS": 0.03125,
    "IZA": 0.03125,
    "JDO": 0.03125,
    "JOI": 0.03125,
    "JTC": 0.03125,
    "LDB": 0.03125,
    "MEA": 0.03125,
    "MGF": 0.03125,
    "MII": 0.03125,
    "NAT": 0.03125,
    "PFB": 0.03125,
    "PLU": 0.03125,
    "PPB": 0.03125,
    "RAO": 0.03125,
    "RVD": 0.03125,
    "SJP": 0.03125,
    "THE": 0.03125,
    "UBA": 0.03125,
    "UDI": 0.03125,
    "XAP": 0.03125,
    "LIS": 0.03125
  },
  "domestic_ratio": 0.439,
  "fleet_mix": {
    "AZU": {
      "E190": 0.717948717948718,
      "AT76": 0.2692307692307692,
      "E175": 0.01282051282051282
    },
    "SEH": {
      "B738": 0.5,
      "B737": 0.5
    },
    "TAM": {
      "A320": 1.0
    },
    "TAP": {
      "A330": 1.0
    }
  },
  "hourly_profile": [],
  "delay_rate": 0.0,
  "delay_distribution": {},
  "mean_delay_minutes": 0.0,
  "data_source": "openflights",
  "region": "",
  "profile_date": "2026-03-21",
  "sample_size": 114
}