{
  "icao_code": "VHHH",
  "iata_code": "HKG",
  "airline_shares": {
    "CPA": 0.2644757433489828,
    "HDA": 0.14084507042253522,
    "CRK": 0.07668231611893583,
    "CES": 0.0594679186228482,
    "HKE": 0.03129890453834116,
    "CSN": 0.025039123630672927,
    "CCA": 0.018779342723004695,
    "UAL": 0.018779342723004695,
    "CHH": 0.01564945226917058,
    "CEB": 0.012519561815336464,
    "CAL": 0.012519561815336464,
    "CSC": 0.009389671361502348,
    "AIC": 0.009389671361502348,
    "FIN": 0.009389671361502348,
    "AIQ": 0.009389671361502348,
    "CXA": 0.009389671361502348,
    "ANA": 0.009389671361502348,
    "QFA": 0.009389671361502348,
    "SBI": 0.009389671361502348,
    "THA": 0.009389671361502348,
    "JAI": 0.006259780907668232,
    "ACA": 0.006259780907668232,
    "AXM": 0.006259780907668232,
    "UAE": 0.006259780907668232,
    "ETH": 0.006259780907668232,
    "ETD": 0.006259780907668232,
    "CSH": 0.006259780907668232,
    "GIA": 0.006259780907668232,
    "JAL": 0.006259780907668232,
    "KAL": 0.006259780907668232,
    "GEC": 0.006259780907668232,
    "MAS": 0.006259780907668232,
    "BKP": 0.006259780907668232,
    "SQC": 0.006259780907668232,
    "USA": 0.006259780907668232,
    "HVN": 0.006259780907668232,
    "VIR": 0.004694835680751174,
    "JSA": 0.003129890453834116,
    "JJA": 0.003129890453834116,
    "9C": 0.003129890453834116,
    "AAL": 0.003129890453834116,
    "MDA": 0.003129890453834116,
    "AFR": 0.003129890453834116,
    "BAW": 0.003129890453834116,
    "BBC": 0.003129890453834116,
    "RBA": 0.003129890453834116,
    "EVA": 0.003129890453834116,
    "ABL": 0.003129890453834116,
    "SRQ": 0.003129890453834116,
    "DAL": 0.003129890453834116,
    "FJI": 0.003129890453834116,
    "DKH": 0.003129890453834116,
    "KZR": 0.003129890453834116,
    "KLM": 0.003129890453834116,
    "KQA": 0.003129890453834116,
    "JNA": 0.003129890453834116,
    "SWR": 0.003129890453834116,
    "ELY": 0.003129890453834116,
    "MAU": 0.003129890453834116,
    "MM": 0.003129890453834116,
    "OME": 0.003129890453834116,
    "ANZ": 0.003129890453834116,
    "MGL": 0.003129890453834116,
    "OEA": 0.003129890453834116,
    "OZR": 0.003129890453834116,
    "PAL": 0.003129890453834116,
    "ANG": 0.003129890453834116,
    "QTR": 0.003129890453834116,
    "RNA": 0.003129890453834116,
    "MDL": 0.003129890453834116,
    "RJA": 0.003129890453834116,
    "SAA": 0.003129890453834116,
    "AFL": 0.003129890453834116,
    "THY": 0.003129890453834116,
    "TGW": 0.003129890453834116,
    "SCO": 0.003129890453834116,
    "ALK": 0.003129890453834116,
    "TSO": 0.003129890453834116,
    "ESR": 0.003129890453834116,
    "CSZ": 0.003129890453834116
  },
  "domestic_route_shares": {},
  "international_route_shares": {
    "ICN": 0.03129890453834116,
    "BKK": 0.028169014084507043,
    "SIN": 0.02190923317683881,
    "PVG": 0.02190923317683881,
    "CTU": 0.018779342723004695,
    "PEK": 0.018779342723004695,
    "KIX": 0.01564945226917058,
    "BKI": 0.01564945226917058,
    "TPE": 0.01564945226917058,
    "DPS": 0.01564945226917058,
    "HGH": 0.01564945226917058,
    "HKT": 0.01564945226917058,
    "NKG": 0.01564945226917058,
    "SHA": 0.01564945226917058,
    "XMN": 0.01564945226917058,
    "MNL": 0.012519561815336464,
    "DEL": 0.012519561815336464,
    "NRT": 0.012519561815336464,
    "PUS": 0.012519561815336464,
    "CKG": 0.012519561815336464,
    "WUH": 0.012519561815336464,
    "CNX": 0.012519561815336464,
    "FOC": 0.012519561815336464,
    "HAN": 0.012519561815336464,
    "HND": 0.012519561815336464,
    "KMG": 0.012519561815336464,
    "SFO": 0.012519561815336464,
    "SGN": 0.012519561815336464,
    "CRK": 0.009389671361502348,
    "BOM": 0.009389671361502348,
    "RMQ": 0.009389671361502348,
    "KUL": 0.009389671361502348,
    "BNE": 0.009389671361502348,
    "MEL": 0.009389671361502348,
    "LHR": 0.009389671361502348,
    "DAC": 0.009389671361502348,
    "TSN": 0.009389671361502348,
    "CGK": 0.009389671361502348,
    "KHH": 0.009389671361502348,
    "CAN": 0.009389671361502348,
    "CGO": 0.009389671361502348,
    "DME": 0.009389671361502348,
    "FUK": 0.009389671361502348,
    "HAK": 0.009389671361502348,
    "KWL": 0.009389671361502348,
    "NGB": 0.009389671361502348,
    "OKA": 0.009389671361502348,
    "PEN": 0.009389671361502348,
    "SYX": 0.009389671361502348,
    "WNZ": 0.009389671361502348,
    "XIY": 0.009389671361502348,
    "SYD": 0.00782472613458529,
    "CEB": 0.006259780907668232,
    "YVR": 0.006259780907668232,
    "YYZ": 0.006259780907668232,
    "CDG": 0.006259780907668232,
    "AKL": 0.006259780907668232,
    "AMS": 0.006259780907668232,
    "BLR": 0.006259780907668232,
    "CCU": 0.006259780907668232,
    "CJU": 0.006259780907668232,
    "CSX": 0.006259780907668232,
    "DAD": 0.006259780907668232,
    "DOH": 0.006259780907668232,
    "DXB": 0.006259780907668232,
    "EWR": 0.006259780907668232,
    "FRA": 0.006259780907668232,
    "JNB": 0.006259780907668232,
    "KHV": 0.006259780907668232,
    "MLE": 0.006259780907668232,
    "NGO": 0.006259780907668232,
    "ORD": 0.006259780907668232,
    "TAO": 0.006259780907668232,
    "USM": 0.006259780907668232,
    "VVO": 0.006259780907668232,
    "TYN": 0.006259780907668232,
    "JJN": 0.006259780907668232,
    "ULN": 0.006259780907668232,
    "YIH": 0.003129890453834116,
    "ZHA": 0.003129890453834116,
    "ILO": 0.003129890453834116,
    "HEL": 0.003129890453834116,
    "BWN": 0.003129890453834116,
    "DLC": 0.003129890453834116,
    "TNN": 0.003129890453834116,
    "ADL": 0.003129890453834116,
    "CNS": 0.003129890453834116,
    "CTS": 0.003129890453834116,
    "FCO": 0.003129890453834116,
    "HYD": 0.003129890453834116,
    "JFK": 0.003129890453834116,
    "LAX": 0.003129890453834116,
    "MAA": 0.003129890453834116,
    "MXP": 0.003129890453834116,
    "PER": 0.003129890453834116,
    "RUH": 0.003129890453834116,
    "SUB": 0.003129890453834116,
    "MXZ": 0.003129890453834116,
    "SHE": 0.003129890453834116,
    "SWA": 0.003129890453834116,
    "ADD": 0.003129890453834116,
    "DMK": 0.003129890453834116,
    "NAN": 0.003129890453834116,
    "KOJ": 0.003129890453834116,
    "KWE": 0.003129890453834116,
    "NNG": 0.003129890453834116,
    "XUZ": 0.003129890453834116,
    "PNH": 0.003129890453834116,
    "REP": 0.003129890453834116,
    "RGN": 0.003129890453834116,
    "ALA": 0.003129890453834116,
    "MUC": 0.003129890453834116,
    "ZRH": 0.003129890453834116,
    "TLV": 0.003129890453834116,
    "WUS": 0.003129890453834116,
    "MRU": 0.003129890453834116,
    "HFE": 0.003129890453834116,
    "HIA": 0.003129890453834116,
    "INC": 0.003129890453834116,
    "KHN": 0.003129890453834116,
    "LJG": 0.003129890453834116,
    "LYG": 0.003129890453834116,
    "TNA": 0.003129890453834116,
    "WUX": 0.003129890453834116,
    "YNT": 0.003129890453834116,
    "YNZ": 0.003129890453834116,
    "POM": 0.003129890453834116,
    "KTM": 0.003129890453834116,
    "SVO": 0.003129890453834116,
    "IST": 0.003129890453834116,
    "GUM": 0.003129890453834116,
    "AUH": 0.001564945226917058,
    "HRB": 0.001564945226917058
  },
  "domestic_ratio": 0.0,
  "fleet_mix": {
    "JSA": {
      "A320": 1.0
    },
    "CSC": {
      "A320": 0.6666666666666666,
      "A319": 0.3333333333333333
    },
    "CEB": {
      "A320": 0.5,
      "A319": 0.5
    },
    "JJA": {
      "B737": 1.0
    },
    "9C": {
      "A320": 1.0
    },
    "JAI": {
      "B777": 0.6666666666666666,
      "A330": 0.3333333333333333
    },
    "AAL": {
      "B767": 1.0
    },
    "ACA": {
      "B777": 1.0
    },
    "MDA": {
      "B738": 0.5,
      "E190": 0.5
    },
    "AFR": {
      "B777": 1.0
    },
    "AIC": {
      "B787": 1.0
    },
    "AXM": {
      "A320": 1.0
    },
    "FIN": {
      "A330": 1.0
    },
    "BAW": {
      "A380": 0.5,
      "B777": 0.5
    },
    "RBA": {
      "A320": 1.0
    },
    "EVA": {
      "A330": 0.5,
      "A321": 0.25,
      "B777": 0.25
    },