{
  "icao_code": "VIE",
  "iata_code": "VIE",
  "airline_shares": {
    "NLY": 0.26262626262626265,
    "BER": 0.18181818181818182,
    "GWI": 0.03367003367003367,
    "ISS": 0.026936026936026935,
    "AZA": 0.020202020202020204,
    "GEC": 0.020202020202020204,
    "AUA": 0.020202020202020204,
    "PGT": 0.020202020202020204,
    "RJA": 0.020202020202020204,
    "THY": 0.020202020202020204,
    "AEE": 0.013468013468013467,
    "CCA": 0.013468013468013467,
    "CTN": 0.013468013468013467,
    "AUI": 0.013468013468013467,
    "ROT": 0.013468013468013467,
    "AFL": 0.013468013468013467,
    "SXS": 0.013468013468013467,
    "TGZ": 0.006734006734006734,
    "AFR": 0.006734006734006734,
    "DAH": 0.006734006734006734,
    "ADH": 0.006734006734006734,
    "FIN": 0.006734006734006734,
    "BAW": 0.006734006734006734,
    "EVA": 0.006734006734006734,
    "BTI": 0.006734006734006734,
    "CAL": 0.006734006734006734,
    "NAX": 0.006734006734006734,
    "EIN": 0.006734006734006734,
    "UAE": 0.006734006734006734,
    "LZB": 0.006734006734006734,
    "TRA": 0.006734006734006734,
    "IBE": 0.006734006734006734,
    "IRA": 0.006734006734006734,
    "AHY": 0.006734006734006734,
    "ADR": 0.006734006734006734,
    "ASL": 0.006734006734006734,
    "KAL": 0.006734006734006734,
    "KLM": 0.006734006734006734,
    "AMC": 0.006734006734006734,
    "LGL": 0.006734006734006734,
    "LOT": 0.006734006734006734,
    "EXS": 0.006734006734006734,
    "SWR": 0.006734006734006734,
    "ELY": 0.006734006734006734,
    "MSR": 0.006734006734006734,
    "OZR": 0.006734006734006734,
    "AEL": 0.006734006734006734,
    "QTR": 0.006734006734006734,
    "SBI": 0.006734006734006734,
    "DAT": 0.006734006734006734,
    "GMI": 0.006734006734006734,
    "STS": 0.006734006734006734,
    "TAP": 0.006734006734006734,
    "TAR": 0.006734006734006734,
    "EZY": 0.006734006734006734,
    "TSO": 0.006734006734006734,
    "VLG": 0.006734006734006734,
    "MGX": 0.006734006734006734,
    "CHH": 0.003367003367003367
  },
  "domestic_route_shares": {
    "SZG": 1.0
  },
  "international_route_shares": {
    "FCO": 0.027303754266211604,
    "ZRH": 0.023890784982935155,
    "HER": 0.020477815699658702,
    "MAD": 0.020477815699658702,
    "MLA": 0.020477815699658702,
    "OLB": 0.020477815699658702,
    "BCN": 0.020477815699658702,
    "AYT": 0.020477815699658702,
    "MXP": 0.020477815699658702,
    "TXL": 0.017064846416382253,
    "HAJ": 0.013651877133105802,
    "HAM": 0.013651877133105802,
    "CFU": 0.013651877133105802,
    "CHQ": 0.013651877133105802,
    "DUS": 0.013651877133105802,
    "FNC": 0.013651877133105802,
    "JMK": 0.013651877133105802,
    "JTR": 0.013651877133105802,
    "KLX": 0.013651877133105802,
    "LCA": 0.013651877133105802,
    "LPA": 0.013651877133105802,
    "PMI": 0.013651877133105802,
    "PVK": 0.013651877133105802,
    "RHO": 0.013651877133105802,
    "SKG": 0.013651877133105802,
    "TFS": 0.013651877133105802,
    "VOL": 0.013651877133105802,
    "ZTH": 0.013651877133105802,
    "CDG": 0.013651877133105802,
    "CTA": 0.013651877133105802,
    "BKK": 0.013651877133105802,
    "DME": 0.013651877133105802,
    "FLR": 0.013651877133105802,
    "FRA": 0.013651877133105802,
    "MUC": 0.013651877133105802,
    "TLV": 0.013651877133105802,
    "LUX": 0.013651877133105802,
    "IST": 0.013651877133105802,
    "ESB": 0.013651877133105802,
    "SAW": 0.013651877133105802,
    "CGN": 0.006825938566552901,
    "STR": 0.006825938566552901,
    "ATH": 0.006825938566552901,
    "TBS": 0.006825938566552901,
    "FUE": 0.006825938566552901,
    "NUE": 0.006825938566552901,
    "ACE": 0.006825938566552901,
    "ALG": 0.006825938566552901,
    "HEL": 0.006825938566552901,
    "LIN": 0.006825938566552901,
    "LHR": 0.006825938566552901,
    "RIX": 0.006825938566552901,
    "PEK": 0.006825938566552901,
    "TPE": 0.006825938566552901,
    "OSL": 0.006825938566552901,
    "DUB": 0.006825938566552901,
    "DXB": 0.006825938566552901,
    "SOF": 0.006825938566552901,
    "AGP": 0.006825938566552901,
    "ARN": 0.006825938566552901,
    "CPH": 0.006825938566552901,
    "HRG": 0.006825938566552901,
    "NCE": 0.006825938566552901,
    "RMF": 0.006825938566552901,
    "VLC": 0.006825938566552901,
    "RTM": 0.006825938566552901,
    "IKA": 0.006825938566552901,
    "GYD": 0.006825938566552901,
    "LJU": 0.006825938566552901,
    "BEG": 0.006825938566552901,
    "AMS": 0.006825938566552901,
    "WAW": 0.006825938566552901,
    "MAN": 0.006825938566552901,
    "CAI": 0.006825938566552901,
    "NRT": 0.006825938566552901,
    "SPU": 0.006825938566552901,
    "ZAG": 0.006825938566552901,
    "ACH": 0.006825938566552901,
    "KBP": 0.006825938566552901,
    "ODS": 0.006825938566552901,
    "DOH": 0.006825938566552901,
    "AMM": 0.006825938566552901,
    "CLJ": 0.006825938566552901,
    "OTP": 0.006825938566552901,
    "BRU": 0.006825938566552901,
    "BRE": 0.006825938566552901,
    "LED": 0.006825938566552901,
    "SVO": 0.006825938566552901,
    "BRN": 0.006825938566552901,
    "LIS": 0.006825938566552901,
    "TUN": 0.006825938566552901,
    "LGW": 0.006825938566552901,
    "VKO": 0.006825938566552901,
    "ADB": 0.006825938566552901,
    "TGD": 0.006825938566552901,
    "ICN": 0.0034129692832764505
  },
  "domestic_ratio": 0.013,
  "fleet_mix": {
    "GWI": {
      "A319": 0.5,
      "A320": 0.3,
      "CRJ9": 0.2
    },
    "AEE": {
      "A320": 1.0
    },
    "BER": {
      "A320": 0.4444444444444444,
      "E190": 0.26666666666666666,
      "A321": 0.2222222222222222,
      "B738": 0.022222222222222223,
      "A319": 0.022222222222222223,
      "DH8D": 0.022222222222222223
    },
    "AFR": {
      "A320": 0.25,
      "A318": 0.25,
      "A319": 0.25,
      "A321": 0.25
    },
    "ADH": {
      "A320": 1.0
    },
    "FIN": {
      "A320": 0.5,
      "A319": 0.5
    },
    "AZA": {
      "E175": 0.4,
      "A320": 0.2,
      "A319": 0.2,
      "E190": 0.2
    },
    "BAW": {
      "A320": 0.5,
      "A319": 0.5
    },
    "EVA": {
      "A330": 1.0
    },
    "BTI": {
      "DH8D": 1.0
    },
    "CCA": {
      "A330": 1.0
    },
    "EIN": {
      "A320": 1.0
    },
    "UAE": {
      "B777": 1.0
    },
    "LZB": {
      "E190": 0.5,
      "A319": 0.5
    },
    "NLY": {
      "A320": 0.4482758620689655,
      "E190": 0.29310344827586204,
      "A321": 0.2413793103448276,
      "DH8D": 0.017241379310344827
    },
    "CHH": {
      "A321": 0.3333333333333333,
      "A320": 0.3333333333333333,
      "E190": 0.3333333333333333
    },
    "IBE": {
      "A320": 0.3333333333333333,
      "A321": 0.3333333333333333,
      "A319": 0.3333333333333333
    },
    "ISS": {
      "A320": 1.0
    },
    "AHY": {
      "A320": 1.0
    },
    "ADR": {
      "CRJ9": 1.0
    },
    "ASL": {
      "AT76": 1.0
    },
    "KAL": {
      "B777": 1.0
    },
    "KLM": {
      "B737": 1.0
    },
    "AMC": {
      "A319": 0.5,
      "A320": 0.5
    },
    "LGL": {
      "DH8D": 1.0
    },
    "GEC": {
      "A319": 0.3076923076923077,
      "CRJ9": 0.23076923076923078,
      "A320": 0.15384615384615385,
      "A321": 0.15384615384615385,
      "E190": 0.15384615384615385
    },
    "LOT": {
      "E190": 0.5,
      "E175": 0.5
    },
    "SWR": {
      "A320": 0.3333333333333333,
      "A319": 0.3333333333333333,
      "A321": 0.3333333333333333
    },
    "ELY": {
      "B738": 0.5,
      "B737": 0.5
    },
    "MSR": {
      "B738": 0.5,
      "E175": 0.5
    },
    "AUA": {
      "B777": 0.6666666666666666,
      "DH8D": 0.3333333333333333
    },
    "CTN": {
      "DH8D": 1.0
    },
    "OZR": {
      "A321": 1.0
    },
    "PGT": {
      "B738": 0.75,
      "A320": 0.25
    },
    "AEL": {
      "E175": 1.0
    },
    "AUI": {
      "E190": 0.6666666666666666,
      "B737": 0.3333333333333333
    },
    "QTR": {
      "A320": 1.0
    },
    "RJA": {
      "A320": 0.3333333333333333,
      "E190": 0.3333333333333333,
      "A319": 0.2222222222222222,
      "A321": 0.1111111111111111
    },