{
  "icao_code": "VKO",
  "iata_code": "VKO",
  "airline_shares": {
    "TSO": 0.5988023952095808,
    "GZP": 0.0718562874251497,
    "UR": 0.0718562874251497,
    "SYL": 0.059880239520958084,
    "GEC": 0.03592814371257485,
    "THY": 0.03592814371257485,
    "UGX": 0.023952095808383235,
    "TGZ": 0.017964071856287425,
    "BTI": 0.011976047904191617,
    "D2": 0.011976047904191617,
    "MSI": 0.011976047904191617,
    "ARR": 0.011976047904191617,
    "AFL": 0.011976047904191617,
    "WZZ": 0.011976047904191617,
    "AAF": 0.011976047904191617
  },
  "domestic_route_shares": {
    "KRR": 0.13333333333333333,
    "LED": 0.13333333333333333,
    "YKS": 0.06666666666666667,
    "AER": 0.06666666666666667,
    "IKT": 0.06666666666666667,
    "KJA": 0.06666666666666667,
    "KUF": 0.06666666666666667,
    "MRV": 0.06666666666666667,
    "NSK": 0.06666666666666667,
    "OVB": 0.06666666666666667,
    "SVX": 0.06666666666666667,
    "GOJ": 0.06666666666666667,
    "VOZ": 0.06666666666666667
  },
  "international_route_shares": {
    "NUX": 0.029197080291970802,
    "RIX": 0.029197080291970802,
    "FRA": 0.029197080291970802,
    "EVN": 0.029197080291970802,
    "IEV": 0.029197080291970802,
    "AYT": 0.029197080291970802,
    "IST": 0.029197080291970802,
    "ORY": 0.029197080291970802,
    "EYK": 0.014598540145985401,
    "NCU": 0.014598540145985401,
    "NYM": 0.014598540145985401,
    "OVS": 0.014598540145985401,
    "UCT": 0.014598540145985401,
    "TBS": 0.014598540145985401,
    "CEE": 0.014598540145985401,
    "DUS": 0.014598540145985401,
    "TXL": 0.014598540145985401,
    "OZH": 0.014598540145985401,
    "LWO": 0.014598540145985401,
    "BTK": 0.014598540145985401,
    "NER": 0.014598540145985401,
    "PWE": 0.014598540145985401,
    "ESB": 0.014598540145985401,
    "AGP": 0.014598540145985401,
    "ALA": 0.014598540145985401,
    "CIT": 0.014598540145985401,
    "CUN": 0.014598540145985401,
    "DLM": 0.014598540145985401,
    "DWC": 0.014598540145985401,
    "FCO": 0.014598540145985401,
    "GUW": 0.014598540145985401,
    "HER": 0.014598540145985401,
    "HKT": 0.014598540145985401,
    "HRG": 0.014598540145985401,
    "JFK": 0.014598540145985401,
    "KSN": 0.014598540145985401,
    "LAX": 0.014598540145985401,
    "LHR": 0.014598540145985401,
    "MAD": 0.014598540145985401,
    "MIA": 0.014598540145985401,
    "MLE": 0.014598540145985401,
    "MRU": 0.014598540145985401,
    "MXP": 0.014598540145985401,
    "ODS": 0.014598540145985401,
    "PEK": 0.014598540145985401,
    "PFO": 0.014598540145985401,
    "SCO": 0.014598540145985401,
    "SEZ": 0.014598540145985401,
    "SSH": 0.014598540145985401,
    "TAS": 0.014598540145985401,
    "TLV": 0.014598540145985401,
    "TSE": 0.014598540145985401,
    "VCE": 0.014598540145985401,
    "VIE": 0.014598540145985401,
    "YYZ": 0.014598540145985401,
    "KVX": 0.014598540145985401,
    "TBW": 0.014598540145985401,
    "URS": 0.014598540145985401,
    "VNO": 0.014598540145985401,
    "BUD": 0.014598540145985401,
    "KUT": 0.0072992700729927005
  },
  "domestic_ratio": 0.18,
  "fleet_mix": {
    "GZP": {
      "B737": 1.0
    },
    "TGZ": {
      "B737": 0.6666666666666666,
      "CRJ9": 0.3333333333333333
    },
    "BTI": {
      "B737": 1.0
    },
    "GEC": {
      "A320": 0.6666666666666666,
      "A321": 0.3333333333333333
    },
    "ARR": {
      "A320": 1.0
    },
    "SYL": {
      "B752": 0.5,
      "B738": 0.5
    },
    "AFL": {
      "A319": 1.0
    },
    "THY": {
      "A321": 0.5,
      "B738": 0.5
    },
    "TSO": {
      "B738": 0.4330708661417323,
      "B737": 0.33070866141732286,
      "B767": 0.12598425196850394,
      "B777": 0.11023622047244094
    },
    "UR": {
      "AT76": 1.0
    },
    "WZZ": {
      "A320": 1.0
    },
    "AAF": {
      "A320": 1.0
    }
  },
  "hourly_profile": [],
  "delay_rate": 0.0,
  "delay_distribution": {},
  "mean_delay_minutes": 0.0,
  "data_source": "openflights",
  "region": "",
  "profile_date": "2026-03-21",
  "sample_size": 167
}