{
  "icao_code": "VLC",
  "iata_code": "VLC",
  "airline_shares": {
    "RYR": 0.4482758620689655,
    "VLG": 0.08620689655172414,
    "WZZ": 0.06896551724137931,
    "TRA": 0.05172413793103448,
    "GEC": 0.05172413793103448,
    "AEA": 0.034482758620689655,
    "VOE": 0.034482758620689655,
    "WAU": 0.034482758620689655,
    "BER": 0.017241379310344827,
    "RAM": 0.017241379310344827,
    "AZA": 0.017241379310344827,
    "BBO": 0.017241379310344827,
    "NLY": 0.017241379310344827,
    "SWR": 0.017241379310344827,
    "CSA": 0.017241379310344827,
    "TVS": 0.017241379310344827,
    "SBI": 0.017241379310344827,
    "THY": 0.017241379310344827,
    "EZY": 0.017241379310344827
  },
  "domestic_route_shares": {
    "PMI": 0.3,
    "IBZ": 0.2,
    "LPA": 0.1,
    "MAH": 0.1,
    "SCQ": 0.1,
    "TFS": 0.1,
    "OVD": 0.1
  },
  "international_route_shares": {
    "FCO": 0.041666666666666664,
    "BRU": 0.041666666666666664,
    "AMS": 0.041666666666666664,
    "PRG": 0.041666666666666664,
    "CMN": 0.020833333333333332,
    "GVA": 0.020833333333333332,
    "BGY": 0.020833333333333332,
    "BLQ": 0.020833333333333332,
    "BRI": 0.020833333333333332,
    "BRS": 0.020833333333333332,
    "BVA": 0.020833333333333332,
    "CIA": 0.020833333333333332,
    "CRL": 0.020833333333333332,
    "DUB": 0.020833333333333332,
    "EMA": 0.020833333333333332,
    "HHN": 0.020833333333333332,
    "MAN": 0.020833333333333332,
    "MRS": 0.020833333333333332,
    "NRN": 0.020833333333333332,
    "OPO": 0.020833333333333332,
    "PSA": 0.020833333333333332,
    "SDR": 0.020833333333333332,
    "STN": 0.020833333333333332,
    "TRS": 0.020833333333333332,
    "TSF": 0.020833333333333332,
    "VIE": 0.020833333333333332,
    "EIN": 0.020833333333333332,
    "RTM": 0.020833333333333332,
    "DUS": 0.020833333333333332,
    "FRA": 0.020833333333333332,
    "MUC": 0.020833333333333332,
    "ZRH": 0.020833333333333332,
    "DME": 0.020833333333333332,
    "IST": 0.020833333333333332,
    "LGW": 0.020833333333333332,
    "CDG": 0.020833333333333332,
    "NTE": 0.020833333333333332,
    "ORY": 0.020833333333333332,
    "CLJ": 0.020833333333333332,
    "OTP": 0.020833333333333332,
    "SOF": 0.020833333333333332,
    "TSR": 0.020833333333333332,
    "IEV": 0.020833333333333332,
    "LWO": 0.020833333333333332
  },
  "domestic_ratio": 0.172,
  "fleet_mix": {
    "BER": {
      "B738": 0.3333333333333333,
      "A320": 0.3333333333333333,
      "B737": 0.3333333333333333
    },
    "RAM": {
      "AT76": 1.0
    },
    "RYR": {
      "B738": 1.0
    },
    "NLY": {
      "A320": 1.0
    },
    "TRA": {
      "B738": 1.0
    },
    "GEC": {
      "A319": 0.75,
      "A320": 0.25
    },
    "SWR": {
      "A321": 0.5,
      "A320": 0.5
    },
    "CSA": {
      "B738": 1.0
    },
    "TVS": {
      "B738": 1.0
    },
    "SBI": {
      "A319": 1.0
    },
    "THY": {
      "B738": 1.0
    },
    "EZY": {
      "A320": 0.5,
      "A319": 0.5
    },
    "AEA": {
      "B738": 0.5,
      "E190": 0.5
    },
    "VLG": {
      "A320": 1.0
    },
    "WZZ": {
      "A320": 1.0
    },
    "WAU": {
      "A320": 1.0
    }
  },
  "hourly_profile": [],
  "delay_rate": 0.0,
  "delay_distribution": {},
  "mean_delay_minutes": 0.0,
  "data_source": "openflights",
  "region": "",
  "profile_date": "2026-03-21",
  "sample_size": 116
}