{
  "icao_code": "VLI",
  "iata_code": "VLI",
  "airline_shares": {
    "AVN": 0.75,
    "FJI": 0.08333333333333333,
    "SOL": 0.08333333333333333,
    "ANZ": 0.041666666666666664,
    "ACI": 0.041666666666666664
  },
  "domestic_route_shares": {},
  "international_route_shares": {
    "HIR": 0.08333333333333333,
    "NAN": 0.08333333333333333,
    "AKL": 0.08333333333333333,
    "NOU": 0.08333333333333333,
    "BNE": 0.041666666666666664,
    "DLY": 0.041666666666666664,
    "EAE": 0.041666666666666664,
    "IPA": 0.041666666666666664,
    "LNB": 0.041666666666666664,
    "LNE": 0.041666666666666664,
    "LPM": 0.041666666666666664,
    "NUS": 0.041666666666666664,
    "PBJ": 0.041666666666666664,
    "SON": 0.041666666666666664,
    "SWJ": 0.041666666666666664,
    "SYD": 0.041666666666666664,
    "TAH": 0.041666666666666664,
    "TGH": 0.041666666666666664,
    "VLS": 0.041666666666666664,
    "ULB": 0.020833333333333332,
    "CCV": 0.020833333333333332
  },
  "domestic_ratio": 0.0,
  "fleet_mix": {
    "FJI": {
      "AT76": 1.0
    },
    "SOL": {
      "A320": 1.0
    },
    "AVN": {
      "B738": 1.0
    },
    "ANZ": {
      "A320": 1.0
    },
    "ACI": {
      "A320": 1.0
    }
  },
  "hourly_profile": [],
  "delay_rate": 0.0,
  "delay_distribution": {},
  "mean_delay_minutes": 0.0,
  "data_source": "openflights",
  "region": "",
  "profile_date": "2026-03-21",
  "sample_size": 48
}