{
  "icao_code": "VRA",
  "iata_code": "VRA",
  "airline_shares": {
    "ACA": 0.2857142857142857,
    "TSC": 0.14285714285714285,
    "BER": 0.09523809523809523,
    "CUB": 0.09523809523809523,
    "CFG": 0.09523809523809523,
    "TFL": 0.09523809523809523,
    "TSO": 0.09523809523809523,
    "WJA": 0.09523809523809523
  },
  "domestic_route_shares": {},
  "international_route_shares": {
    "YUL": 0.23809523809523808,
    "YYZ": 0.19047619047619047,
    "DUS": 0.09523809523809523,
    "YYC": 0.09523809523809523,
    "FRA": 0.09523809523809523,
    "DME": 0.09523809523809523,
    "CCC": 0.047619047619047616,
    "AMS": 0.047619047619047616,
    "CUN": 0.047619047619047616,
    "YHZ": 0.047619047619047616
  },
  "domestic_ratio": 0.0,
  "fleet_mix": {
    "BER": {
      "A330": 1.0
    },
    "ACA": {
      "A319": 0.6666666666666666,
      "A320": 0.3333333333333333
    },
    "CUB": {
      "A320": 1.0
    },
    "CFG": {
      "B767": 1.0
    },
    "TFL": {
      "B767": 1.0
    },
    "TSC": {
      "B738": 1.0
    },
    "TSO": {
      "B767": 1.0
    },
    "WJA": {
      "B738": 1.0
    }
  },
  "hourly_profile": [],
  "delay_rate": 0.0,
  "delay_distribution": {},
  "mean_delay_minutes": 0.0,
  "data_source": "openflights",
  "region": "",
  "profile_date": "2026-03-21",
  "sample_size": 21
}