{
  "icao_code": "VRN",
  "iata_code": "VRN",
  "airline_shares": {
    "ISS": 0.22727272727272727,
    "GWI": 0.09090909090909091,
    "ADH": 0.09090909090909091,
    "AZA": 0.06060606060606061,
    "DLA": 0.06060606060606061,
    "TVF": 0.06060606060606061,
    "VOE": 0.06060606060606061,
    "MON": 0.06060606060606061,
    "MLD": 0.030303030303030304,
    "AFR": 0.030303030303030304,
    "BAW": 0.030303030303030304,
    "BPA": 0.030303030303030304,
    "EIN": 0.030303030303030304,
    "TRA": 0.030303030303030304,
    "XLA": 0.030303030303030304,
    "EZY": 0.030303030303030304,
    "WZZ": 0.030303030303030304,
    "SBI": 0.015151515151515152
  },
  "domestic_route_shares": {
    "CTA": 0.3,
    "PMO": 0.2,
    "FCO": 0.1,
    "CAG": 0.1,
    "NAP": 0.1,
    "OLB": 0.1,
    "BRI": 0.1
  },
  "international_route_shares": {
    "TIA": 0.17391304347826086,
    "LGW": 0.17391304347826086,
    "KIV": 0.08695652173913043,
    "MAN": 0.08695652173913043,
    "CGN": 0.043478260869565216,
    "HAM": 0.043478260869565216,
    "TXL": 0.043478260869565216,
    "CDG": 0.043478260869565216,
    "DUB": 0.043478260869565216,
    "FRA": 0.043478260869565216,
    "MUC": 0.043478260869565216,
    "AMS": 0.043478260869565216,
    "FUE": 0.043478260869565216,
    "OTP": 0.043478260869565216,
    "TFS": 0.021739130434782608,
    "DME": 0.021739130434782608
  },
  "domestic_ratio": 0.303,
  "fleet_mix": {
    "GWI": {
      "A319": 0.6666666666666666,
      "CRJ9": 0.3333333333333333
    },
    "MLD": {
      "E190": 1.0
    },
    "AFR": {
      "E175": 1.0
    },
    "ADH": {
      "A320": 1.0
    },
    "AZA": {
      "A320": 0.3333333333333333,
      "E175": 0.3333333333333333,
      "A319": 0.3333333333333333
    },
    "BAW": {
      "A319": 0.5,
      "A320": 0.5
    },
    "BPA": {
      "B737": 1.0
    },
    "EIN": {
      "A320": 1.0
    },
    "DLA": {
      "E190": 1.0
    },
    "TRA": {
      "B738": 1.0
    },
    "ISS": {
      "A320": 0.6,
      "B737": 0.4
    },
    "XLA": {
      "A320": 1.0
    },
    "SBI": {
      "A320": 0.5,
      "B738": 0.5
    },
    "TVF": {
      "B738": 1.0
    },
    "EZY": {
      "A319": 1.0
    },
    "WZZ": {
      "A320": 1.0
    },
    "MON": {
      "A321": 0.6666666666666666,
      "B752": 0.3333333333333333
    }
  },
  "hourly_profile": [],
  "delay_rate": 0.0,
  "delay_distribution": {},
  "mean_delay_minutes": 0.0,
  "data_source": "openflights",
  "region": "",
  "profile_date": "2026-03-21",
  "sample_size": 66
}