{
  "icao_code": "VTBS",
  "iata_code": "BKK",
  "airline_shares": {
    "THA": 0.2896825396825397,
    "BKP": 0.09325396825396826,
    "CSN": 0.03571428571428571,
    "EVA": 0.015873015873015872,
    "CAL": 0.015873015873015872,
    "CPA": 0.015873015873015872,
    "CES": 0.015873015873015872,
    "TSO": 0.013888888888888888,
    "BCC": 0.011904761904761904,
    "UAE": 0.011904761904761904,
    "ETH": 0.011904761904761904,
    "JAL": 0.011904761904761904,
    "DRK": 0.011904761904761904,
    "KQA": 0.011904761904761904,
    "ANA": 0.011904761904761904,
    "LAO": 0.011904761904761904,
    "RJA": 0.011904761904761904,
    "SAS": 0.011904761904761904,
    "ALK": 0.011904761904761904,
    "HVN": 0.011904761904761904,
    "IGO": 0.007936507936507936,
    "JJA": 0.007936507936507936,
    "JAI": 0.007936507936507936,
    "AAL": 0.007936507936507936,
    "AIC": 0.007936507936507936,
    "CHH": 0.007936507936507936,
    "BRV": 0.007936507936507936,
    "KAL": 0.007936507936507936,
    "KAC": 0.007936507936507936,
    "MDG": 0.007936507936507936,
    "CXA": 0.007936507936507936,
    "MAS": 0.007936507936507936,
    "MSR": 0.007936507936507936,
    "QTR": 0.007936507936507936,
    "RPO": 0.007936507936507936,
    "SBI": 0.007936507936507936,
    "CDG": 0.007936507936507936,
    "SQC": 0.007936507936507936,
    "THY": 0.007936507936507936,
    "RAC": 0.007936507936507936,
    "OMA": 0.007936507936507936,
    "JSA": 0.003968253968253968,
    "UBD": 0.003968253968253968,
    "CEB": 0.003968253968253968,
    "MMM": 0.003968253968253968,
    "9C": 0.003968253968253968,
    "AFR": 0.003968253968253968,
    "FIN": 0.003968253968253968,
    "AZA": 0.003968253968253968,
    "BAW": 0.003968253968253968,
    "BBC": 0.003968253968253968,
    "RBA": 0.003968253968253968,
    "CCA": 0.003968253968253968,
    "SRQ": 0.003968253968253968,
    "DAL": 0.003968253968253968,
    "ETD": 0.003968253968253968,
    "CSH": 0.003968253968253968,
    "GIA": 0.003968253968253968,
    "TNA": 0.003968253968253968,
    "GBA": 0.003968253968253968,
    "DKH": 0.003968253968253968,
    "CRK": 0.003968253968253968,
    "UZB": 0.003968253968253968,
    "JST": 0.003968253968253968,
    "KZR": 0.003968253968253968,
    "KLM": 0.003968253968253968,
    "NDC": 0.003968253968253968,
    "GEC": 0.003968253968253968,
    "JNA": 0.003968253968253968,
    "SWR": 0.003968253968253968,
    "ELY": 0.003968253968253968,
    "OME": 0.003968253968253968,
    "AMU": 0.003968253968253968,
    "AUA": 0.003968253968253968,
    "OEA": 0.003968253968253968,
    "OZR": 0.003968253968253968,
    "PAL": 0.003968253968253968,
    "AUI": 0.003968253968253968,
    "QFA": 0.003968253968253968,
    "RNA": 0.003968253968253968,
    "MDL": 0.003968253968253968,
    "AFL": 0.003968253968253968,
    "TGW": 0.003968253968253968,
    "TWB": 0.003968253968253968,
    "SCO": 0.003968253968253968,
    "REU": 0.003968253968253968,
    "IRM": 0.003968253968253968,
    "AWA": 0.003968253968253968,
    "ESR": 0.003968253968253968,
    "CSZ": 0.003968253968253968
  },
  "domestic_route_shares": {
    "HKT": 0.21428571428571427,
    "CEI": 0.14285714285714285,
    "CNX": 0.14285714285714285,
    "KBV": 0.14285714285714285,
    "USM": 0.14285714285714285,
    "UTH": 0.14285714285714285,
    "HDY": 0.07142857142857142
  },
  "international_route_shares": {
    "HKG": 0.037815126050420166,
    "ICN": 0.03361344537815126,
    "SIN": 0.029411764705882353,
    "DAC": 0.025210084033613446,
    "KUL": 0.025210084033613446,
    "NRT": 0.025210084033613446,
    "CAN": 0.025210084033613446,
    "PVG": 0.02100840336134454,
    "BOM": 0.02100840336134454,
    "TPE": 0.02100840336134454,
    "MNL": 0.01680672268907563,
    "DEL": 0.01680672268907563,
    "RGN": 0.01680672268907563,
    "HND": 0.01680672268907563,
    "PNH": 0.01680672268907563,
    "VTE": 0.01680672268907563,
    "HAN": 0.01680672268907563,
    "SGN": 0.01680672268907563,
    "PUS": 0.012605042016806723,
    "LHR": 0.012605042016806723,
    "AMS": 0.012605042016806723,
    "PEK": 0.012605042016806723,
    "DME": 0.012605042016806723,
    "CMB": 0.012605042016806723,
    "XMN": 0.012605042016806723,
    "SYD": 0.012605042016806723,
    "CGK": 0.012605042016806723,
    "KIX": 0.012605042016806723,
    "CCU": 0.008403361344537815,
    "CKG": 0.008403361344537815,
    "CDG": 0.008403361344537815,
    "AUH": 0.008403361344537815,
    "VIE": 0.008403361344537815,
    "KHI": 0.008403361344537815,
    "FOC": 0.008403361344537815,
    "NBO": 0.008403361344537815,
    "NNG": 0.008403361344537815,
    "DXB": 0.008403361344537815,
    "ADD": 0.008403361344537815,
    "BAH": 0.008403361344537815,
    "MEL": 0.008403361344537815,
    "REP": 0.008403361344537815,
    "FRA": 0.008403361344537815,
    "ZRH": 0.008403361344537815,
    "TLV": 0.008403361344537815,
    "CAI": 0.008403361344537815,
    "CTU": 0.008403361344537815,
    "KMG": 0.008403361344537815,
    "MFM": 0.008403361344537815,
    "LPQ": 0.008403361344537815,
    "KTM": 0.008403361344537815,
    "ARN": 0.008403361344537815,
    "CPH": 0.008403361344537815,
    "OSL": 0.008403361344537815,
    "MAA": 0.008403361344537815,
    "HEL": 0.004201680672268907,
    "BWN": 0.004201680672268907,
    "KHH": 0.004201680672268907,
    "CGO": 0.004201680672268907,
    "CSX": 0.004201680672268907,
    "SWA": 0.004201680672268907,
    "WUH": 0.004201680672268907,
    "CRK": 0.004201680672268907,
    "TAS": 0.004201680672268907,
    "GAU": 0.004201680672268907,
    "IXB": 0.004201680672268907,
    "ALA": 0.004201680672268907,
    "KWI": 0.004201680672268907,
    "TNR": 0.004201680672268907,
    "ULN": 0.004201680672268907,
    "NGB": 0.004201680672268907,
    "LPT": 0.004201680672268907,
    "MDL": 0.004201680672268907,
    "MLE": 0.004201680672268907,
    "NYT": 0.004201680672268907,
    "TDX": 0.004201680672268907,
    "THS": 0.004201680672268907,
    "KBP": 0.004201680672268907,
    "DOH": 0.004201680672268907,
    "ZVK": 0.004201680672268907,
    "AMM": 0.004201680672268907,
    "CGP": 0.004201680672268907,
    "IKT": 0.004201680672268907,
    "OVB": 0.004201680672268907,
    "TAO": 0.004201680672268907,
    "TNA": 0.004201680672268907,
    "SVO": 0.004201680672268907,
    "AKL": 0.004201680672268907,
    "BLR": 0.004201680672268907,
    "BNE": 0.004201680672268907,
    "BRU": 0.004201680672268907,
    "CTS": 0.004201680672268907,
    "DPS": 0.004201680672268907,
    "FCO": 0.004201680672268907,
    "FUK": 0.004201680672268907,
    "HYD": 0.004201680672268907,
    "ISB": 0.004201680672268907,
    "JNB": 0.004201680672268907,
    "KKC": 0.004201680672268907,
    "LHE": 0.004201680672268907,
    "MAD": 0.004201680672268907,
    "MUC": 0.004201680672268907,
    "MXP": 0.004201680672268907,
    "NGO": 0.004201680672268907,
    "PEN": 0.004201680672268907,
    "PER": 0.004201680672268907,
    "UBP": 0.004201680672268907,
    "URT": 0.004201680672268907,
    "IST": 0.004201680672268907,
    "SVX": 0.004201680672268907,
    "IKA": 0.004201680672268907,
    "MCT": 0.004201680672268907,
    "SZX": 0.004201680672268907,
    "KWL": 0.0021008403361344537,
    "KJA": 0.0021008403361344537
  },
  "domestic_ratio": 0.056,
  "fleet_mix": {
    "JSA": {
      "A320": 1.0
    },
    "UBD": {
      "AT76": 1.0
    },
    "CEB": {
      "A320": 1.0
    },
    "IGO": {
      "A320": 1.0
    },
    "JJA": {
      "B737": 1.0
    },
    "BCC": {
      "B767": 1.0
    },
    "MMM": {
      "A320": 1.0
    },
    "9C": {
      "A320": 1.0
    },
    "JAI": {
      "B738": 0.6666666666666666,
      "B739": 0.3333333333333333
    },
    "AAL": {
      "B737": 0.5,
      "B767": 0.5
    },
    "AFR": {
      "B777": 1.0
    },
    "AIC": {
      "A321": 1.0
    },
    "AZA": {
      "B777": 1.0
    },
    "BAW": {
      "B777": 1.0
    },
    "BBC": {
      "B738": 1.0
    },
    "RBA": {
      "A319": 0.5,
      "A320": 0.5
    },
    "EVA": {
      "B777": 0.6,
      "A330": 0.4
    },
    "CCA": {
      "B738": 1.0
    },
    "CAL": {
      "B777": 0.25,