{
  "icao_code": "VTE",
  "iata_code": "VTE",
  "airline_shares": {
    "LAO": 0.5416666666666666,
    "HVN": 0.125,
    "NDC": 0.08333333333333333,
    "CES": 0.08333333333333333,
    "AXM": 0.041666666666666664,
    "JNA": 0.041666666666666664,
    "BKP": 0.041666666666666664,
    "THA": 0.041666666666666664
  },
  "domestic_route_shares": {
    "LPQ": 0.6666666666666666,
    "PKZ": 0.3333333333333333
  },
  "international_route_shares": {
    "BKK": 0.19047619047619047,
    "ICN": 0.09523809523809523,
    "KMG": 0.09523809523809523,
    "HAN": 0.09523809523809523,
    "KUL": 0.047619047619047616,
    "NNG": 0.047619047619047616,
    "CAN": 0.047619047619047616,
    "HOE": 0.047619047619047616,
    "LXG": 0.047619047619047616,
    "ODY": 0.047619047619047616,
    "SIN": 0.047619047619047616,
    "XKH": 0.047619047619047616,
    "ZVK": 0.047619047619047616,
    "PNH": 0.047619047619047616,
    "VII": 0.047619047619047616
  },
  "domestic_ratio": 0.125,
  "fleet_mix": {
    "AXM": {
      "A320": 1.0
    },
    "NDC": {
      "B737": 1.0
    },
    "JNA": {
      "B738": 1.0
    },
    "CES": {
      "B737": 1.0
    },
    "BKP": {
      "A319": 1.0
    },
    "LAO": {
      "A320": 0.5,
      "AT76": 0.5
    },
    "HVN": {
      "A321": 0.6666666666666666,
      "AT76": 0.3333333333333333
    }
  },
  "hourly_profile": [],
  "delay_rate": 0.0,
  "delay_distribution": {},
  "mean_delay_minutes": 0.0,
  "data_source": "openflights",
  "region": "",
  "profile_date": "2026-03-21",
  "sample_size": 48
}