{
  "icao_code": "VVI",
  "iata_code": "VVI",
  "airline_shares": {
    "ASZ": 0.3111111111111111,
    "AZN": 0.2222222222222222,
    "LAN": 0.08888888888888889,
    "AAL": 0.044444444444444446,
    "ARG": 0.044444444444444446,
    "AVA": 0.044444444444444446,
    "CMP": 0.044444444444444446,
    "SEH": 0.044444444444444446,
    "LAP": 0.044444444444444446,
    "USA": 0.044444444444444446,
    "AEA": 0.044444444444444446,
    "AMX": 0.022222222222222223
  },
  "domestic_route_shares": {
    "LPB": 0.4666666666666667,
    "CBB": 0.26666666666666666,
    "SRE": 0.26666666666666666
  },
  "international_route_shares": {
    "LIM": 0.13333333333333333,
    "EZE": 0.13333333333333333,
    "GRU": 0.13333333333333333,
    "MAD": 0.13333333333333333,
    "TJA": 0.13333333333333333,
    "ASU": 0.13333333333333333,
    "MIA": 0.06666666666666667,
    "PTY": 0.06666666666666667,
    "IQQ": 0.06666666666666667
  },
  "domestic_ratio": 0.333,
  "fleet_mix": {
    "AMX": {
      "A319": 1.0
    },
    "ARG": {
      "B737": 1.0
    },
    "AVA": {
      "A319": 1.0
    },
    "CMP": {
      "B738": 0.5,
      "B737": 0.5
    },
    "SEH": {
      "B738": 1.0
    },
    "LAN": {
      "A320": 0.5,
      "A319": 0.5
    },
    "LAP": {
      "A320": 1.0
    },
    "AEA": {
      "A330": 1.0
    },
    "AZN": {
      "CRJ9": 1.0
    }
  },
  "hourly_profile": [],
  "delay_rate": 0.0,
  "delay_distribution": {},
  "mean_delay_minutes": 0.0,
  "data_source": "openflights",
  "region": "",
  "profile_date": "2026-03-21",
  "sample_size": 45
}