{
  "icao_code": "VVO",
  "iata_code": "VVO",
  "airline_shares": {
    "AFL": 0.3333333333333333,
    "SBI": 0.2916666666666667,
    "CPA": 0.041666666666666664,
    "IOS": 0.041666666666666664,
    "KOR": 0.041666666666666664,
    "KAL": 0.041666666666666664,
    "OZR": 0.041666666666666664,
    "SYL": 0.041666666666666664,
    "THY": 0.041666666666666664,
    "TSO": 0.041666666666666664,
    "Y7": 0.041666666666666664
  },
  "domestic_route_shares": {
    "YKS": 0.18181818181818182,
    "OVB": 0.18181818181818182,
    "PKC": 0.18181818181818182,
    "UUS": 0.18181818181818182,
    "IKT": 0.09090909090909091,
    "SVO": 0.09090909090909091,
    "DME": 0.09090909090909091
  },
  "international_route_shares": {
    "ICN": 0.3076923076923077,
    "HKG": 0.15384615384615385,
    "KHV": 0.15384615384615385,
    "BQS": 0.07692307692307693,
    "FNJ": 0.07692307692307693,
    "NRT": 0.07692307692307693,
    "PEK": 0.07692307692307693,
    "PUS": 0.07692307692307693
  },
  "domestic_ratio": 0.458,
  "fleet_mix": {
    "CPA": {
      "A320": 1.0
    },
    "KAL": {
      "B739": 1.0
    },
    "OZR": {
      "A321": 1.0
    },
    "SBI": {
      "A320": 1.0
    },
    "AFL": {
      "A319": 0.5833333333333334,
      "B737": 0.25,
      "B777": 0.08333333333333333,
      "A330": 0.08333333333333333
    },
    "THY": {
      "A321": 1.0
    },
    "TSO": {
      "B777": 1.0
    },
    "Y7": {
      "B738": 1.0
    }
  },
  "hourly_profile": [],
  "delay_rate": 0.0,
  "delay_distribution": {},
  "mean_delay_minutes": 0.0,
  "data_source": "openflights",
  "region": "",
  "profile_date": "2026-03-21",
  "sample_size": 48
}