{
  "icao_code": "WAW",
  "iata_code": "WAW",
  "airline_shares": {
    "LOT": 0.45714285714285713,
    "WZZ": 0.17142857142857143,
    "NAX": 0.0380952380952381,
    "ELO": 0.02857142857142857,
    "GWI": 0.01904761904761905,
    "AZA": 0.01904761904761905,
    "GEC": 0.01904761904761905,
    "AEE": 0.009523809523809525,
    "BER": 0.009523809523809525,
    "ACA": 0.009523809523809525,
    "AFR": 0.009523809523809525,
    "BRU": 0.009523809523809525,
    "BAW": 0.009523809523809525,
    "BTI": 0.009523809523809525,
    "EIN": 0.009523809523809525,
    "UAE": 0.009523809523809525,
    "LZB": 0.009523809523809525,
    "IBE": 0.009523809523809525,
    "ADR": 0.009523809523809525,
    "ASL": 0.009523809523809525,
    "KLM": 0.009523809523809525,
    "SWR": 0.009523809523809525,
    "ELY": 0.009523809523809525,
    "CSA": 0.009523809523809525,
    "AUI": 0.009523809523809525,
    "QTR": 0.009523809523809525,
    "TVS": 0.009523809523809525,
    "ROT": 0.009523809523809525,
    "SAS": 0.009523809523809525,
    "AFL": 0.009523809523809525,
    "THY": 0.009523809523809525,
    "TAP": 0.009523809523809525,
    "VLG": 0.009523809523809525
  },
  "domestic_route_shares": {
    "GDN": 0.16666666666666666,
    "KRK": 0.16666666666666666,
    "KTW": 0.16666666666666666,
    "POZ": 0.16666666666666666,
    "SZZ": 0.16666666666666666,
    "WRO": 0.16666666666666666
  },
  "international_route_shares": {
    "BCN": 0.050505050505050504,
    "PRG": 0.030303030303030304,
    "TLV": 0.030303030303030304,
    "DUS": 0.020202020202020204,
    "ATH": 0.020202020202020204,
    "YYZ": 0.020202020202020204,
    "CDG": 0.020202020202020204,
    "FCO": 0.020202020202020204,
    "MSQ": 0.020202020202020204,
    "LHR": 0.020202020202020204,
    "RIX": 0.020202020202020204,
    "SOF": 0.020202020202020204,
    "LJU": 0.020202020202020204,
    "BEG": 0.020202020202020204,
    "AMS": 0.020202020202020204,
    "FRA": 0.020202020202020204,
    "MUC": 0.020202020202020204,
    "BUD": 0.020202020202020204,
    "CPH": 0.020202020202020204,
    "IST": 0.020202020202020204,
    "KBP": 0.020202020202020204,
    "OTP": 0.020202020202020204,
    "SVO": 0.020202020202020204,
    "ZRH": 0.020202020202020204,
    "CGN": 0.010101010101010102,
    "TXL": 0.010101010101010102,
    "LIN": 0.010101010101010102,
    "AGP": 0.010101010101010102,
    "OSL": 0.010101010101010102,
    "SVG": 0.010101010101010102,
    "DUB": 0.010101010101010102,
    "DXB": 0.010101010101010102,
    "DBV": 0.010101010101010102,
    "SPU": 0.010101010101010102,
    "ZAD": 0.010101010101010102,
    "ARN": 0.010101010101010102,
    "BRU": 0.010101010101010102,
    "EVN": 0.010101010101010102,
    "GVA": 0.010101010101010102,
    "HAM": 0.010101010101010102,
    "JFK": 0.010101010101010102,
    "LCA": 0.010101010101010102,
    "LED": 0.010101010101010102,
    "LWO": 0.010101010101010102,
    "MAD": 0.010101010101010102,
    "MXP": 0.010101010101010102,
    "NCE": 0.010101010101010102,
    "ODS": 0.010101010101010102,
    "ORD": 0.010101010101010102,
    "PEK": 0.010101010101010102,
    "TBS": 0.010101010101010102,
    "TLL": 0.010101010101010102,
    "VIE": 0.010101010101010102,
    "VNO": 0.010101010101010102,
    "DOH": 0.010101010101010102,
    "LIS": 0.010101010101010102,
    "BGY": 0.010101010101010102,
    "BVA": 0.010101010101010102,
    "CRL": 0.010101010101010102,
    "DSA": 0.010101010101010102,
    "EIN": 0.010101010101010102,
    "GLA": 0.010101010101010102,
    "GSE": 0.010101010101010102,
    "HRK": 0.010101010101010102,
    "KUT": 0.010101010101010102,
    "LPL": 0.010101010101010102,
    "LTN": 0.010101010101010102,
    "MMX": 0.010101010101010102,
    "NYO": 0.010101010101010102,
    "TRF": 0.010101010101010102
  },
  "domestic_ratio": 0.057,
  "fleet_mix": {
    "GWI": {
      "CRJ9": 1.0
    },
    "AEE": {
      "A320": 1.0
    },
    "BER": {
      "DH8D": 0.5,
      "A319": 0.5
    },
    "ACA": {
      "B787": 1.0
    },
    "AFR": {
      "A318": 0.25,
      "A319": 0.25,
      "A320": 0.25,
      "A321": 0.25
    },
    "AZA": {
      "A319": 0.5,
      "E175": 0.5
    },
    "BRU": {
      "CRJ9": 0.5,
      "E175": 0.5
    },
    "BAW": {
      "A320": 1.0
    },
    "BTI": {
      "DH8D": 1.0
    },
    "NAX": {
      "B738": 1.0
    },
    "EIN": {
      "A320": 1.0
    },
    "UAE": {
      "A330": 1.0
    },
    "LZB": {
      "E175": 1.0
    },
    "IBE": {
      "A320": 1.0
    },
    "ASL": {
      "E175": 1.0
    },
    "ELO": {
      "DH8D": 1.0
    },
    "KLM": {
      "B737": 1.0
    },
    "GEC": {
      "A321": 0.25,
      "A320": 0.25,
      "A319": 0.25,
      "E190": 0.25
    },
    "LOT": {
      "E175": 0.6358024691358025,
      "E190": 0.24074074074074073,
      "DH8D": 0.07407407407407407,
      "B787": 0.04938271604938271
    },
    "ELY": {
      "B738": 0.5,
      "B737": 0.5
    },
    "CSA": {
      "AT76": 1.0
    },
    "AUI": {
      "B737": 1.0
    },
    "QTR": {
      "A320": 1.0
    },
    "TVS": {
      "AT76": 1.0
    },
    "ROT": {
      "E175": 1.0
    },
    "SAS": {
      "CRJ9": 0.5,
      "A319": 0.5
    },
    "AFL": {
      "A320": 1.0
    },
    "THY": {
      "A321": 1.0
    },
    "TAP": {
      "A320": 0.5,
      "A319": 0.5
    },
    "VLG": {
      "A320": 1.0
    },
    "WZZ": {
      "A320": 1.0
    }
  },
  "hourly_profile": [],
  "delay_rate": 0.0,
  "delay_distribution": {},
  "mean_delay_minutes": 0.0,
  "data_source": "openflights",
  "region": "",
  "profile_date": "2026-03-21",
  "sample_size": 210
}