{
  "icao_code": "WLG",
  "iata_code": "WLG",
  "airline_shares": {
    "ANZ": 0.4166666666666667,
    "VOZ": 0.25,
    "JST": 0.16666666666666666,
    "QFA": 0.16666666666666666
  },
  "domestic_route_shares": {
    "AKL": 0.5,
    "CHC": 0.5
  },
  "international_route_shares": {
    "MEL": 0.375,
    "SYD": 0.375,
    "DUD": 0.125,
    "BNE": 0.125
  },
  "domestic_ratio": 0.333,
  "fleet_mix": {
    "JST": {
      "A320": 1.0
    },
    "ANZ": {
      "A320": 1.0
    },
    "QFA": {
      "B738": 1.0
    },
    "VOZ": {
      "A320": 0.6666666666666666,
      "B738": 0.3333333333333333
    }
  },
  "hourly_profile": [],
  "delay_rate": 0.0,
  "delay_distribution": {},
  "mean_delay_minutes": 0.0,
  "data_source": "openflights",
  "region": "",
  "profile_date": "2026-03-21",
  "sample_size": 24
}