{
  "icao_code": "WMI",
  "iata_code": "WMI",
  "airline_shares": {
    "RYR": 1.0
  },
  "domestic_route_shares": {
    "GDN": 0.5,
    "WRO": 0.5
  },
  "international_route_shares": {
    "ALC": 0.041666666666666664,
    "BCN": 0.041666666666666664,
    "BGY": 0.041666666666666664,
    "BLQ": 0.041666666666666664,
    "BRS": 0.041666666666666664,
    "BVA": 0.041666666666666664,
    "CHQ": 0.041666666666666664,
    "CIA": 0.041666666666666664,
    "CRL": 0.041666666666666664,
    "DUB": 0.041666666666666664,
    "EIN": 0.041666666666666664,
    "EMA": 0.041666666666666664,
    "LPL": 0.041666666666666664,
    "MAN": 0.041666666666666664,
    "MRS": 0.041666666666666664,
    "NYO": 0.041666666666666664,
    "PIK": 0.041666666666666664,
    "PMI": 0.041666666666666664,
    "PSA": 0.041666666666666664,
    "RYG": 0.041666666666666664,
    "SKG": 0.041666666666666664,
    "SNN": 0.041666666666666664,
    "STN": 0.041666666666666664,
    "TPS": 0.041666666666666664
  },
  "domestic_ratio": 0.077,
  "fleet_mix": {
    "RYR": {
      "B738": 1.0
    }
  },
  "hourly_profile": [],
  "delay_rate": 0.0,
  "delay_distribution": {},
  "mean_delay_minutes": 0.0,
  "data_source": "openflights",
  "region": "",
  "profile_date": "2026-03-21",
  "sample_size": 52
}