{
  "icao_code": "WNZ",
  "iata_code": "WNZ",
  "airline_shares": {
    "CCA": 0.15151515151515152,
    "CES": 0.15151515151515152,
    "CSN": 0.10606060606060606,
    "NS": 0.10606060606060606,
    "GUN": 0.09090909090909091,
    "CSC": 0.07575757575757576,
    "CHH": 0.06060606060606061,
    "CDG": 0.06060606060606061,
    "CSZ": 0.06060606060606061,
    "CSH": 0.030303030303030304,
    "DKH": 0.030303030303030304,
    "CPA": 0.015151515151515152,
    "EEA": 0.015151515151515152,
    "HDA": 0.015151515151515152,
    "KN": 0.015151515151515152,
    "HVN": 0.015151515151515152
  },
  "domestic_route_shares": {
    "CAN": 0.08771929824561403,
    "CSX": 0.07017543859649122,
    "CKG": 0.07017543859649122,
    "XIY": 0.07017543859649122,
    "WUH": 0.07017543859649122,
    "CTU": 0.05263157894736842,
    "SYX": 0.05263157894736842,
    "PEK": 0.05263157894736842,
    "SZX": 0.05263157894736842,
    "TAO": 0.05263157894736842,
    "KWE": 0.03508771929824561,
    "KMG": 0.03508771929824561,
    "PVG": 0.03508771929824561,
    "SHE": 0.03508771929824561,
    "CGO": 0.03508771929824561,
    "SHA": 0.03508771929824561,
    "HRB": 0.017543859649122806,
    "KWL": 0.017543859649122806,
    "HIA": 0.017543859649122806,
    "KHN": 0.017543859649122806,
    "NNG": 0.017543859649122806,
    "HAK": 0.017543859649122806,
    "SJW": 0.017543859649122806,
    "TNA": 0.017543859649122806,
    "ZUH": 0.017543859649122806
  },
  "international_route_shares": {
    "HKG": 0.3333333333333333,
    "TPE": 0.1111111111111111,
    "FUG": 0.1111111111111111,
    "LYI": 0.1111111111111111,
    "NAY": 0.1111111111111111,
    "CJU": 0.1111111111111111,
    "DAD": 0.1111111111111111
  },
  "domestic_ratio": 0.864,
  "fleet_mix": {
    "CSC": {
      "A320": 0.4,
      "A321": 0.4,
      "A319": 0.2
    },
    "CCA": {
      "A320": 0.46153846153846156,
      "A319": 0.38461538461538464,
      "B738": 0.15384615384615385
    },
    "CPA": {
      "A321": 0.5,
      "A320": 0.5
    },
    "CSN": {
      "B738": 0.42857142857142855,
      "A320": 0.14285714285714285,
      "B752": 0.14285714285714285,
      "A321": 0.14285714285714285,
      "B737": 0.14285714285714285
    },
    "EEA": {
      "A319": 1.0
    },
    "CSH": {
      "B738": 0.5,
      "B737": 0.5
    },
    "GUN": {
      "E190": 1.0
    },
    "DKH": {
      "A320": 1.0
    },
    "CHH": {
      "B738": 1.0
    },
    "HDA": {
      "A321": 0.5,
      "A320": 0.5
    },
    "KN": {
      "B737": 1.0
    },
    "CES": {
      "B737": 0.3333333333333333,
      "B738": 0.26666666666666666,
      "A320": 0.26666666666666666,
      "A321": 0.06666666666666667,
      "A330": 0.06666666666666667
    },
    "NS": {
      "B738": 0.7142857142857143,
      "B737": 0.2857142857142857
    },
    "CDG": {
      "B738": 1.0
    },
    "HVN": {
      "A321": 1.0
    },
    "CSZ": {
      "A320": 0.8,
      "B738": 0.2
    }
  },
  "hourly_profile": [],
  "delay_rate": 0.0,
  "delay_distribution": {},
  "mean_delay_minutes": 0.0,
  "data_source": "openflights",
  "region": "",
  "profile_date": "2026-03-21",
  "sample_size": 132
}