{
  "icao_code": "WRO",
  "iata_code": "WRO",
  "airline_shares": {
    "RYR": 0.6,
    "ELO": 0.13333333333333333,
    "WZZ": 0.13333333333333333,
    "GWI": 0.03333333333333333,
    "GEC": 0.03333333333333333,
    "LOT": 0.03333333333333333,
    "SAS": 0.03333333333333333
  },
  "domestic_route_shares": {
    "WMI": 0.3333333333333333,
    "GDN": 0.3333333333333333,
    "WAW": 0.3333333333333333
  },
  "international_route_shares": {
    "DUS": 0.037037037037037035,
    "AGP": 0.037037037037037035,
    "ALC": 0.037037037037037035,
    "BGY": 0.037037037037037035,
    "BLQ": 0.037037037037037035,
    "BRS": 0.037037037037037035,
    "CHQ": 0.037037037037037035,
    "CIA": 0.037037037037037035,
    "DUB": 0.037037037037037035,
    "EMA": 0.037037037037037035,
    "GRO": 0.037037037037037035,
    "LPL": 0.037037037037037035,
    "MLA": 0.037037037037037035,
    "ORK": 0.037037037037037035,
    "PIK": 0.037037037037037035,
    "RYG": 0.037037037037037035,
    "SNN": 0.037037037037037035,
    "STN": 0.037037037037037035,
    "BRU": 0.037037037037037035,
    "CDG": 0.037037037037037035,
    "ZRH": 0.037037037037037035,
    "FRA": 0.037037037037037035,
    "CPH": 0.037037037037037035,
    "BVA": 0.037037037037037035,
    "DSA": 0.037037037037037035,
    "LTN": 0.037037037037037035,
    "TRF": 0.037037037037037035
  },
  "domestic_ratio": 0.1,
  "fleet_mix": {
    "GWI": {
      "CRJ9": 1.0
    },
    "RYR": {
      "B738": 1.0
    },
    "ELO": {
      "DH8D": 1.0
    },
    "GEC": {
      "CRJ7": 1.0
    },
    "LOT": {
      "E175": 0.6666666666666666,
      "E190": 0.3333333333333333
    },
    "WZZ": {
      "A320": 1.0
    }
  },
  "hourly_profile": [],
  "delay_rate": 0.0,
  "delay_distribution": {},
  "mean_delay_minutes": 0.0,
  "data_source": "openflights",
  "region": "",
  "profile_date": "2026-03-21",
  "sample_size": 60
}