{
  "icao_code": "WSSS",
  "iata_code": "SIN",
  "airline_shares": {
    "SQC": 0.17263843648208468,
    "SLK": 0.14332247557003258,
    "TGW": 0.1237785016286645,
    "JSA": 0.05211726384364821,
    "GIA": 0.03257328990228013,
    "SCO": 0.029315960912052116,
    "AXM": 0.026058631921824105,
    "ETH": 0.026058631921824105,
    "QFA": 0.021172638436482084,
    "USA": 0.021172638436482084,
    "AWQ": 0.019543973941368076,
    "CES": 0.014657980456026058,
    "CEB": 0.013029315960912053,
    "JAI": 0.009771986970684038,
    "CAL": 0.009771986970684038,
    "CPA": 0.009771986970684038,
    "UAE": 0.009771986970684038,
    "AIQ": 0.009771986970684038,
    "NWR": 0.009771986970684038,
    "JST": 0.009771986970684038,
    "CXA": 0.009771986970684038,
    "VLU": 0.009771986970684038,
    "AAL": 0.006514657980456026,
    "AIC": 0.006514657980456026,
    "BAW": 0.006514657980456026,
    "CCA": 0.006514657980456026,
    "CSN": 0.006514657980456026,
    "SRQ": 0.006514657980456026,
    "ETD": 0.006514657980456026,
    "UZB": 0.006514657980456026,
    "JAL": 0.006514657980456026,
    "LNI": 0.006514657980456026,
    "KLM": 0.006514657980456026,
    "MAS": 0.006514657980456026,
    "ANA": 0.006514657980456026,
    "QTR": 0.006514657980456026,
    "MDL": 0.006514657980456026,
    "SVA": 0.006514657980456026,
    "THY": 0.006514657980456026,
    "UAL": 0.006514657980456026,
    "HVN": 0.006514657980456026,
    "IGO": 0.003257328990228013,
    "RHC": 0.003257328990228013,
    "MMM": 0.003257328990228013,
    "9C": 0.003257328990228013,
    "AFR": 0.003257328990228013,
    "FIN": 0.003257328990228013,
    "BBC": 0.003257328990228013,
    "RBA": 0.003257328990228013,
    "EVA": 0.003257328990228013,
    "DAL": 0.003257328990228013,
    "CHH": 0.003257328990228013,
    "AXB": 0.003257328990228013,
    "BVT": 0.003257328990228013,
    "DRK": 0.003257328990228013,
    "KAL": 0.003257328990228013,
    "GEC": 0.003257328990228013,
    "SWR": 0.003257328990228013,
    "MAU": 0.003257328990228013,
    "OZR": 0.003257328990228013,
    "BKP": 0.003257328990228013,
    "PAL": 0.003257328990228013,
    "ANG": 0.003257328990228013,
    "LAO": 0.003257328990228013,
    "RPO": 0.003257328990228013,
    "THA": 0.003257328990228013,
    "ALK": 0.003257328990228013,
    "AWA": 0.003257328990228013,
    "CSZ": 0.003257328990228013,
    "VOZ": 0.0016286644951140066
  },
  "domestic_route_shares": {},
  "international_route_shares": {
    "CGK": 0.03257328990228013,
    "DPS": 0.03257328990228013,
    "KUL": 0.029315960912052116,
    "SUB": 0.024429967426710098,
    "BKK": 0.02280130293159609,
    "HKG": 0.02280130293159609,
    "MAA": 0.02280130293159609,
    "NRT": 0.02280130293159609,
    "PER": 0.021172638436482084,
    "RGN": 0.019543973941368076,
    "TPE": 0.019543973941368076,
    "SYD": 0.017915309446254073,
    "MNL": 0.016286644951140065,
    "SGN": 0.016286644951140065,
    "BNE": 0.016286644951140065,
    "MEL": 0.016286644951140065,
    "HKT": 0.013029315960912053,
    "PEN": 0.013029315960912053,
    "DEL": 0.013029315960912053,
    "DAC": 0.013029315960912053,
    "JOG": 0.013029315960912053,
    "ICN": 0.013029315960912053,
    "HAN": 0.013029315960912053,
    "SZX": 0.013029315960912053,
    "HAK": 0.009771986970684038,
    "PNH": 0.009771986970684038,
    "CEB": 0.009771986970684038,
    "CRK": 0.009771986970684038,
    "PVG": 0.009771986970684038,
    "BOM": 0.009771986970684038,
    "KCH": 0.009771986970684038,
    "LGK": 0.009771986970684038,
    "CMB": 0.009771986970684038,
    "CAN": 0.009771986970684038,
    "XMN": 0.009771986970684038,
    "AKL": 0.009771986970684038,
    "SRG": 0.009771986970684038,
    "HND": 0.009771986970684038,
    "CCU": 0.009771986970684038,
    "FRA": 0.009771986970684038,
    "ZRH": 0.009771986970684038,
    "BDO": 0.009771986970684038,
    "BLR": 0.009771986970684038,
    "AMS": 0.008143322475570033,
    "DRW": 0.006514657980456026,
    "REP": 0.006514657980456026,
    "CDG": 0.006514657980456026,
    "BKI": 0.006514657980456026,
    "LHR": 0.006514657980456026,
    "BWN": 0.006514657980456026,
    "CTU": 0.006514657980456026,
    "PEK": 0.006514657980456026,
    "KLO": 0.006514657980456026,
    "DXB": 0.006514657980456026,
    "ADL": 0.006514657980456026,
    "CHC": 0.006514657980456026,
    "KBV": 0.006514657980456026,
    "BPN": 0.006514657980456026,
    "UPG": 0.006514657980456026,
    "TRZ": 0.006514657980456026,
    "CNX": 0.006514657980456026,
    "COK": 0.006514657980456026,
    "HYD": 0.006514657980456026,
    "TRV": 0.006514657980456026,
    "USM": 0.006514657980456026,
    "WUH": 0.006514657980456026,
    "IST": 0.006514657980456026,
    "MLE": 0.006514657980456026,
    "MUC": 0.006514657980456026,
    "RUH": 0.006514657980456026,
    "HGH": 0.003257328990228013,
    "SWA": 0.003257328990228013,
    "ILO": 0.003257328990228013,
    "KWE": 0.003257328990228013,
    "KBR": 0.003257328990228013,
    "MYY": 0.003257328990228013,
    "TGG": 0.003257328990228013,
    "HEL": 0.003257328990228013,
    "KHH": 0.003257328990228013,
    "AUH": 0.003257328990228013,
    "DMK": 0.003257328990228013,
    "IPH": 0.003257328990228013,
    "KUA": 0.003257328990228013,
    "SZB": 0.003257328990228013,
    "TAS": 0.003257328990228013,
    "RDN": 0.003257328990228013,
    "FOC": 0.003257328990228013,
    "CJB": 0.003257328990228013,
    "CKG": 0.003257328990228013,
    "CSX": 0.003257328990228013,
    "DAD": 0.003257328990228013,
    "DIL": 0.003257328990228013,
    "DVO": 0.003257328990228013,
    "KMG": 0.003257328990228013,
    "KTM": 0.003257328990228013,
    "LOP": 0.003257328990228013,
    "MDC": 0.003257328990228013,
    "PKU": 0.003257328990228013,
    "PLM": 0.003257328990228013,
    "SOC": 0.003257328990228013,
    "VTZ": 0.003257328990228013,
    "NNG": 0.003257328990228013,
    "WUX": 0.003257328990228013,
    "POM": 0.003257328990228013,
    "DOH": 0.003257328990228013,
    "VTE": 0.003257328990228013,
    "AMD": 0.003257328990228013,
    "BCN": 0.003257328990228013,
    "CPH": 0.003257328990228013,
    "DME": 0.003257328990228013,
    "FCO": 0.003257328990228013,
    "FUK": 0.003257328990228013,
    "JNB": 0.003257328990228013,
    "KIX": 0.003257328990228013,
    "MXP": 0.003257328990228013,
    "NGO": 0.003257328990228013,
    "JED": 0.003257328990228013,
    "HDY": 0.003257328990228013,
    "LJG": 0.003257328990228013,
    "MFM": 0.003257328990228013,
    "NGB": 0.003257328990228013,
    "NKG": 0.003257328990228013,
    "OOL": 0.003257328990228013,
    "TAO": 0.003257328990228013,
    "TSN": 0.003257328990228013
  },
  "domestic_ratio": 0.0,
  "fleet_mix": {
    "JSA": {
      "A320": 1.0
    },
    "CEB": {
      "A320": 0.5,
      "A319": 0.5
    },
    "IGO": {
      "A320": 1.0
    },
    "RHC": {
      "A321": 1.0
    },
    "MMM": {
      "A320": 1.0
    },
    "9C": {
      "A320": 1.0
    },
    "JAI": {
      "B738": 1.0
    },
    "AAL": {
      "B737": 0.5,
      "B767": 0.5
    },
    "AFR": {
      "B777": 1.0
    },
    "AIC": {
      "B787": 0.5,
      "A330": 0.5
    },
    "AXM": {
      "A320": 1.0
    },
    "BAW": {
      "B777": 0.6666666666666666,
      "B744": 0.3333333333333333
    },
    "BBC": {
      "B738": 1.0
    },
    "RBA": {
      "A320": 1.0
    },
    "EVA": {
      "A330": 0.5,
      "B777": 0.5
    },
    "CCA": {
      "A320": 0.5,
      "A330": 0.5
    },
    "CAL": {
      "B738": 0.5,
      "A330": 0.5
    },
    "CPA": {
      "B777": 0.75,
      "A330": 0.25
    },
    "CSN": {
      "A319": 0.3333333333333333,
      "A320": 0.3333333333333333,
      "B738": 0.3333333333333333
    },
    "SRQ": {
      "A320": 1.0
    },
    "DAL": {
      "B777": 1.0
    },
    "UAE": {
      "B777": 0.75,
      "A380": 0.25
    },
    "ETH": {
      "A330": 0.3333333333333333,
      "B777": 0.3333333333333333,
      "A380": 0.2222222222222222,
      "B767": 0.1111111111111111
    },
    "ETD": {
      "A330": 1.0
    },
    "AIQ": {
      "A320": 1.0
    },
    "NWR": {
      "AT76": 1.0
    },