{
  "icao_code": "WUH",
  "iata_code": "WUH",
  "airline_shares": {
    "CSN": 0.22424242424242424,
    "CES": 0.18181818181818182,
    "CSZ": 0.07878787878787878,
    "CXA": 0.07272727272727272,
    "CCA": 0.06060606060606061,
    "CHH": 0.05454545454545454,
    "CDG": 0.05454545454545454,
    "GUN": 0.04242424242424243,
    "JAS": 0.04242424242424243,
    "CSC": 0.03636363636363636,
    "RHC": 0.024242424242424242,
    "DKH": 0.01818181818181818,
    "EEA": 0.012121212121212121,
    "CSH": 0.012121212121212121,
    "KSY": 0.012121212121212121,
    "CHB": 0.012121212121212121,
    "AFR": 0.006060606060606061,
    "ABL": 0.006060606060606061,
    "CAL": 0.006060606060606061,
    "CPA": 0.006060606060606061,
    "AIQ": 0.006060606060606061,
    "TNA": 0.006060606060606061,
    "HDA": 0.006060606060606061,
    "KAL": 0.006060606060606061,
    "SLK": 0.006060606060606061,
    "NS": 0.006060606060606061
  },
  "domestic_route_shares": {
    "CTU": 0.05263157894736842,
    "KMG": 0.05263157894736842,
    "XMN": 0.05263157894736842,
    "NNG": 0.045112781954887216,
    "CKG": 0.03759398496240601,
    "TAO": 0.03759398496240601,
    "PEK": 0.03759398496240601,
    "HGH": 0.03759398496240601,
    "DLC": 0.03007518796992481,
    "CAN": 0.03007518796992481,
    "SZX": 0.03007518796992481,
    "KWE": 0.03007518796992481,
    "PVG": 0.03007518796992481,
    "SHA": 0.03007518796992481,
    "SYX": 0.03007518796992481,
    "TSN": 0.03007518796992481,
    "WNZ": 0.03007518796992481,
    "LJG": 0.022556390977443608,
    "HET": 0.022556390977443608,
    "YNT": 0.022556390977443608,
    "FOC": 0.022556390977443608,
    "HAK": 0.022556390977443608,
    "TNA": 0.022556390977443608,
    "URC": 0.022556390977443608,
    "XIY": 0.022556390977443608,
    "JJN": 0.015037593984962405,
    "CGQ": 0.015037593984962405,
    "NGB": 0.015037593984962405,
    "SHE": 0.015037593984962405,
    "TYN": 0.015037593984962405,
    "INC": 0.015037593984962405,
    "LHW": 0.015037593984962405,
    "HRB": 0.007518796992481203,
    "BAV": 0.007518796992481203,
    "KWL": 0.007518796992481203,
    "SWA": 0.007518796992481203,
    "YNZ": 0.007518796992481203,
    "ZUH": 0.007518796992481203,
    "DSN": 0.007518796992481203,
    "KHN": 0.007518796992481203,
    "LYG": 0.007518796992481203,
    "YCU": 0.007518796992481203,
    "WUX": 0.007518796992481203,
    "XNN": 0.007518796992481203
  },
  "international_route_shares": {
    "HKG": 0.125,
    "TPE": 0.09375,
    "ENH": 0.09375,
    "ICN": 0.0625,
    "KHH": 0.0625,
    "SIN": 0.0625,
    "NTG": 0.03125,
    "CDG": 0.03125,
    "PUS": 0.03125,
    "CNX": 0.03125,
    "MFM": 0.03125,
    "BKK": 0.03125,
    "HYN": 0.03125,
    "DMK": 0.03125,
    "TSA": 0.03125,
    "LYI": 0.03125,
    "YTY": 0.03125,
    "AQG": 0.03125,
    "CIH": 0.03125,
    "LZH": 0.03125,
    "XFN": 0.03125,
    "ZYI": 0.03125
  },
  "domestic_ratio": 0.806,
  "fleet_mix": {
    "CSC": {
      "A319": 0.6666666666666666,
      "A321": 0.3333333333333333
    },
    "RHC": {
      "B737": 0.3333333333333333,
      "A321": 0.3333333333333333,
      "B738": 0.16666666666666666,
      "A320": 0.16666666666666666
    },
    "AFR": {
      "A330": 1.0
    },
    "CCA": {
      "A320": 0.9,
      "B738": 0.1
    },
    "CAL": {
      "A330": 1.0
    },
    "CPA": {
      "A321": 0.5,
      "A320": 0.5
    },
    "CSN": {
      "B738": 0.5094339622641509,
      "B737": 0.2641509433962264,
      "A320": 0.1509433962264151,
      "A321": 0.07547169811320754
    },
    "EEA": {
      "A319": 1.0
    },
    "AIQ": {
      "A320": 1.0
    },
    "CSH": {
      "B738": 1.0
    },
    "TNA": {
      "A321": 1.0
    },
    "GUN": {
      "E190": 0.5555555555555556,
      "A320": 0.2222222222222222,
      "A321": 0.2222222222222222
    },
    "DKH": {
      "A320": 1.0
    },
    "CHH": {
      "B738": 1.0
    },
    "JAS": {
      "A319": 0.5714285714285714,
      "A320": 0.42857142857142855
    },
    "HDA": {
      "A321": 0.5,
      "A320": 0.5
    },
    "KAL": {
      "B739": 1.0
    },
    "KSY": {
      "B737": 1.0
    },
    "CXA": {
      "B737": 1.0
    },
    "SLK": {
      "A319": 0.5,
      "A320": 0.5
    },
    "CES": {
      "B738": 0.5,
      "A320": 0.3333333333333333,
      "B737": 0.1,
      "A330": 0.03333333333333333,
      "A321": 0.03333333333333333
    },
    "NS": {
      "B737": 1.0
    },
    "CHB": {
      "A320": 1.0
    },
    "CDG": {
      "B738": 1.0
    },
    "CSZ": {
      "A320": 0.5333333333333333,
      "B738": 0.4,
      "B737": 0.06666666666666667
    }
  },
  "hourly_profile": [],
  "delay_rate": 0.0,
  "delay_distribution": {},
  "mean_delay_minutes": 0.0,
  "data_source": "openflights",
  "region": "",
  "profile_date": "2026-03-21",
  "sample_size": 330
}