{
  "icao_code": "WUX",
  "iata_code": "WUX",
  "airline_shares": {
    "CSZ": 0.42105263157894735,
    "CES": 0.3157894736842105,
    "CCA": 0.15789473684210525,
    "CSC": 0.05263157894736842,
    "CSN": 0.05263157894736842
  },
  "domestic_route_shares": {
    "CKG": 0.125,
    "CAN": 0.125,
    "SZX": 0.125,
    "CTU": 0.09375,
    "PEK": 0.09375,
    "XIY": 0.09375,
    "DLC": 0.0625,
    "CSX": 0.0625,
    "XMN": 0.0625,
    "TAO": 0.03125,
    "FOC": 0.03125,
    "SHE": 0.03125,
    "SYX": 0.03125,
    "WUH": 0.03125
  },
  "international_route_shares": {
    "TPE": 0.3333333333333333,
    "HKG": 0.16666666666666666,
    "SIN": 0.16666666666666666,
    "KIX": 0.16666666666666666,
    "MFM": 0.16666666666666666
  },
  "domestic_ratio": 0.842,
  "fleet_mix": {
    "CSC": {
      "A319": 0.5,
      "A320": 0.5
    },
    "CCA": {
      "B738": 1.0
    },
    "CSN": {
      "A321": 0.6666666666666666,
      "E190": 0.3333333333333333
    },
    "CES": {
      "A320": 0.625,
      "A321": 0.3125,
      "E190": 0.0625
    },
    "CSZ": {
      "B738": 0.8823529411764706,
      "A320": 0.11764705882352941
    }
  },
  "hourly_profile": [],
  "delay_rate": 0.0,
  "delay_distribution": {},
  "mean_delay_minutes": 0.0,
  "data_source": "openflights",
  "region": "",
  "profile_date": "2026-03-21",
  "sample_size": 76
}