{
  "icao_code": "XIY",
  "iata_code": "XIY",
  "airline_shares": {
    "CES": 0.2052313883299799,
    "CSN": 0.11871227364185111,
    "GUN": 0.10462776659959759,
    "CHH": 0.10462776659959759,
    "CSZ": 0.06841046277665996,
    "CSC": 0.060362173038229376,
    "CCA": 0.060362173038229376,
    "JAS": 0.056338028169014086,
    "CXA": 0.0482897384305835,
    "CDG": 0.028169014084507043,
    "PDC": 0.01609657947686117,
    "NS": 0.01609657947686117,
    "RHC": 0.012072434607645875,
    "9C": 0.012072434607645875,
    "CSH": 0.012072434607645875,
    "DKH": 0.012072434607645875,
    "EEA": 0.008048289738430584,
    "KN": 0.008048289738430584,
    "KSY": 0.008048289738430584,
    "FIN": 0.004024144869215292,
    "ABL": 0.004024144869215292,
    "CAL": 0.004024144869215292,
    "CPA": 0.004024144869215292,
    "AIQ": 0.004024144869215292,
    "G5": 0.004024144869215292,
    "HDA": 0.004024144869215292,
    "KAL": 0.004024144869215292,
    "OZR": 0.004024144869215292,
    "CHB": 0.004024144869215292
  },
  "domestic_route_shares": {
    "CKG": 0.04411764705882353,
    "XNN": 0.04411764705882353,
    "URC": 0.0392156862745098,
    "KMG": 0.03431372549019608,
    "CSX": 0.03431372549019608,
    "HGH": 0.03431372549019608,
    "KWE": 0.03431372549019608,
    "CTU": 0.029411764705882353,
    "TNA": 0.029411764705882353,
    "INC": 0.029411764705882353,
    "KWL": 0.029411764705882353,
    "PVG": 0.029411764705882353,
    "TAO": 0.029411764705882353,
    "XMN": 0.024509803921568627,
    "LJG": 0.024509803921568627,
    "SHA": 0.024509803921568627,
    "TSN": 0.024509803921568627,
    "DLC": 0.024509803921568627,
    "NKG": 0.024509803921568627,
    "LHW": 0.024509803921568627,
    "FOC": 0.0196078431372549,
    "HRB": 0.0196078431372549,
    "SHE": 0.0196078431372549,
    "NNG": 0.0196078431372549,
    "PEK": 0.0196078431372549,
    "WNZ": 0.0196078431372549,
    "CAN": 0.0196078431372549,
    "HFE": 0.0196078431372549,
    "SZX": 0.0196078431372549,
    "LXA": 0.014705882352941176,
    "WUX": 0.014705882352941176,
    "SYX": 0.014705882352941176,
    "WUH": 0.014705882352941176,
    "DSN": 0.014705882352941176,
    "HET": 0.014705882352941176,
    "KHN": 0.014705882352941176,
    "SJW": 0.014705882352941176,
    "BAV": 0.00980392156862745,
    "DNH": 0.00980392156862745,
    "TYN": 0.00980392156862745,
    "DYG": 0.00980392156862745,
    "DAT": 0.004901960784313725,
    "HIA": 0.004901960784313725,
    "YIW": 0.004901960784313725,
    "HAK": 0.004901960784313725,
    "TXN": 0.004901960784313725,
    "CGQ": 0.004901960784313725,
    "JGN": 0.004901960784313725,
    "KHG": 0.004901960784313725,
    "NGB": 0.004901960784313725,
    "YNZ": 0.004901960784313725,
    "YNT": 0.004901960784313725
  },
  "international_route_shares": {
    "UYN": 0.0898876404494382,
    "TPE": 0.06741573033707865,
    "HKG": 0.06741573033707865,
    "JDZ": 0.0449438202247191,
    "YZY": 0.0449438202247191,
    "ICN": 0.0449438202247191,
    "ENY": 0.033707865168539325,
    "BHY": 0.02247191011235955,
    "GXH": 0.02247191011235955,
    "LYI": 0.02247191011235955,
    "YBP": 0.02247191011235955,
    "HEL": 0.02247191011235955,
    "PUS": 0.02247191011235955,
    "DMK": 0.02247191011235955,
    "JNG": 0.02247191011235955,
    "CGD": 0.02247191011235955,
    "FUG": 0.02247191011235955,
    "HMI": 0.02247191011235955,
    "IQN": 0.02247191011235955,
    "JIC": 0.02247191011235955,
    "LZO": 0.02247191011235955,
    "NAO": 0.02247191011235955,
    "RLK": 0.02247191011235955,
    "YIH": 0.02247191011235955,
    "ZYI": 0.02247191011235955,
    "WUA": 0.02247191011235955,
    "WXN": 0.02247191011235955,
    "CZX": 0.02247191011235955,
    "GOQ": 0.02247191011235955,
    "JGS": 0.02247191011235955,
    "JZH": 0.02247191011235955,
    "MIG": 0.02247191011235955,
    "WUS": 0.02247191011235955,
    "YTY": 0.02247191011235955
  },
  "domestic_ratio": 0.821,
  "fleet_mix": {
    "CSC": {
      "A319": 0.6470588235294118,
      "A320": 0.23529411764705882,
      "A321": 0.11764705882352941
    },
    "RHC": {
      "B738": 0.6666666666666666,
      "A321": 0.3333333333333333
    },
    "9C": {
      "A320": 1.0
    },
    "FIN": {
      "A330": 1.0
    },
    "PDC": {
      "B738": 1.0
    },
    "ABL": {
      "A321": 1.0
    },
    "CCA": {
      "B738": 0.36363636363636365,
      "A320": 0.36363636363636365,
      "B737": 0.09090909090909091,
      "A321": 0.09090909090909091,
      "A319": 0.045454545454545456,
      "A330": 0.045454545454545456
    },
    "CAL": {
      "A330": 1.0
    },
    "CPA": {
      "A320": 0.5,
      "A321": 0.5
    },
    "CSN": {
      "A320": 0.44144144144144143,
      "A321": 0.13513513513513514,
      "B737": 0.13513513513513514,
      "B738": 0.10810810810810811,
      "A319": 0.09009009009009009,
      "E190": 0.036036036036036036,
      "B752": 0.036036036036036036,
      "A330": 0.018018018018018018
    },
    "EEA": {
      "A319": 1.0
    },
    "AIQ": {
      "A320": 1.0
    },
    "CSH": {
      "B737": 0.75,
      "B738": 0.25
    },
    "G5": {
      "CRJ9": 1.0
    },
    "GUN": {
      "E190": 0.6923076923076923,
      "A320": 0.15384615384615385,
      "A321": 0.15384615384615385
    },
    "DKH": {
      "A320": 1.0
    },
    "CHH": {
      "B738": 0.9285714285714286,
      "B787": 0.03571428571428571,
      "A330": 0.03571428571428571
    },
    "JAS": {
      "A319": 0.5625,
      "A320": 0.4375
    },
    "HDA": {
      "A320": 0.5,
      "A321": 0.5
    },
    "KAL": {
      "A330": 1.0
    },
    "KN": {
      "B737": 1.0
    },
    "KSY": {
      "B737": 1.0
    },
    "CXA": {
      "B737": 1.0
    },
    "CES": {
      "A320": 0.6615384615384615,
      "A319": 0.12307692307692308,
      "A321": 0.1076923076923077,
      "B737": 0.06153846153846154,
      "B738": 0.03076923076923077,
      "A330": 0.015384615384615385
    },
    "NS": {
      "E190": 0.75,
      "B737": 0.25
    },
    "OZR": {
      "A321": 0.5,
      "B767": 0.5
    },
    "CHB": {
      "A320": 1.0
    },
    "CDG": {
      "B738": 0.75,
      "B737": 0.25
    },
    "CSZ": {
      "A320": 0.65,
      "B738": 0.35
    }
  },
  "hourly_profile": [],
  "delay_rate": 0.0,
  "delay_distribution": {},
  "mean_delay_minutes": 0.0,
  "data_source": "openflights",
  "region": "",
  "profile_date": "2026-03-21",
  "sample_size": 497
}