{
  "icao_code": "XMN",
  "iata_code": "XMN",
  "airline_shares": {
    "CXA": 0.26136363636363635,
    "CSN": 0.10795454545454546,
    "CDG": 0.10795454545454546,
    "CES": 0.0625,
    "CHH": 0.056818181818181816,
    "CCA": 0.05113636363636364,
    "CSZ": 0.045454545454545456,
    "CSC": 0.03409090909090909,
    "JAS": 0.03409090909090909,
    "GUN": 0.022727272727272728,
    "9C": 0.017045454545454544,
    "CSH": 0.017045454545454544,
    "PDC": 0.011363636363636364,
    "EEA": 0.011363636363636364,
    "TNA": 0.011363636363636364,
    "DKH": 0.011363636363636364,
    "KSY": 0.011363636363636364,
    "CHB": 0.011363636363636364,
    "CEB": 0.005681818181818182,
    "RHC": 0.005681818181818182,
    "MDA": 0.005681818181818182,
    "UIA": 0.005681818181818182,
    "CPA": 0.005681818181818182,
    "G5": 0.005681818181818182,
    "CRK": 0.005681818181818182,
    "HDA": 0.005681818181818182,
    "KAL": 0.005681818181818182,
    "KLM": 0.005681818181818182,
    "KN": 0.005681818181818182,
    "MAS": 0.005681818181818182,
    "SLK": 0.005681818181818182,
    "ANA": 0.005681818181818182,
    "NS": 0.005681818181818182,
    "AMU": 0.005681818181818182,
    "PAL": 0.005681818181818182,
    "THA": 0.005681818181818182,
    "VEX": 0.005681818181818182,
    "HVN": 0.005681818181818182
  },
  "domestic_route_shares": {
    "NKG": 0.06837606837606838,
    "CSX": 0.05982905982905983,
    "WUH": 0.05982905982905983,
    "KMG": 0.05128205128205128,
    "PEK": 0.05128205128205128,
    "HFE": 0.05128205128205128,
    "XIY": 0.042735042735042736,
    "SHA": 0.042735042735042736,
    "CAN": 0.042735042735042736,
    "CTU": 0.03418803418803419,
    "KWL": 0.03418803418803419,
    "PVG": 0.03418803418803419,
    "CGO": 0.03418803418803419,
    "TSN": 0.02564102564102564,
    "CKG": 0.02564102564102564,
    "HAK": 0.02564102564102564,
    "SZX": 0.02564102564102564,
    "TAO": 0.02564102564102564,
    "SYX": 0.02564102564102564,
    "NNG": 0.02564102564102564,
    "HGH": 0.02564102564102564,
    "KHN": 0.017094017094017096,
    "SHE": 0.017094017094017096,
    "TXN": 0.017094017094017096,
    "KWE": 0.017094017094017096,
    "NGB": 0.017094017094017096,
    "TNA": 0.017094017094017096,
    "ZUH": 0.017094017094017096,
    "WUX": 0.017094017094017096,
    "SJW": 0.008547008547008548,
    "YIW": 0.008547008547008548,
    "DLC": 0.008547008547008548,
    "HSN": 0.008547008547008548,
    "TYN": 0.008547008547008548,
    "YNZ": 0.008547008547008548
  },
  "international_route_shares": {
    "HKG": 0.0847457627118644,
    "MFM": 0.06779661016949153,
    "MNL": 0.05084745762711865,
    "KHH": 0.05084745762711865,
    "CGK": 0.05084745762711865,
    "BKK": 0.05084745762711865,
    "SIN": 0.05084745762711865,
    "CZX": 0.03389830508474576,
    "RMQ": 0.03389830508474576,
    "ICN": 0.03389830508474576,
    "KUL": 0.03389830508474576,
    "WUS": 0.03389830508474576,
    "KOW": 0.01694915254237288,
    "XFN": 0.01694915254237288,
    "JGS": 0.01694915254237288,
    "LZH": 0.01694915254237288,
    "AQG": 0.01694915254237288,
    "CGD": 0.01694915254237288,
    "FUG": 0.01694915254237288,
    "ZYI": 0.01694915254237288,
    "CIH": 0.01694915254237288,
    "XUZ": 0.01694915254237288,
    "AMS": 0.01694915254237288,
    "NAY": 0.01694915254237288,
    "CJU": 0.01694915254237288,
    "JUH": 0.01694915254237288,
    "TPE": 0.01694915254237288,
    "TSA": 0.01694915254237288,
    "WXN": 0.01694915254237288,
    "YIH": 0.01694915254237288,
    "NRT": 0.01694915254237288,
    "JDZ": 0.01694915254237288,
    "JIU": 0.01694915254237288,
    "JUZ": 0.01694915254237288,
    "DAD": 0.01694915254237288,
    "NTG": 0.01694915254237288,
    "YTY": 0.01694915254237288
  },
  "domestic_ratio": 0.665,
  "fleet_mix": {
    "CSC": {
      "A320": 0.5,
      "A321": 0.3333333333333333,
      "A319": 0.16666666666666666
    },
    "CEB": {
      "A320": 1.0
    },
    "RHC": {
      "B738": 1.0
    },
    "9C": {
      "A320": 1.0
    },
    "MDA": {
      "E190": 1.0
    },
    "PDC": {
      "B738": 1.0
    },
    "CCA": {
      "B738": 0.45454545454545453,
      "A320": 0.2727272727272727,
      "A321": 0.18181818181818182,
      "A319": 0.09090909090909091
    },
    "CPA": {
      "A330": 0.3333333333333333,
      "A321": 0.3333333333333333,
      "A320": 0.3333333333333333
    },
    "CSN": {
      "B738": 0.45454545454545453,
      "A319": 0.18181818181818182,
      "B737": 0.13636363636363635,
      "A320": 0.09090909090909091,
      "A321": 0.09090909090909091,
      "E190": 0.045454545454545456
    },
    "EEA": {
      "A319": 1.0
    },
    "CSH": {
      "B738": 0.75,
      "B737": 0.25
    },
    "G5": {
      "CRJ9": 1.0
    },
    "TNA": {
      "A320": 0.5,
      "A321": 0.5
    },
    "GUN": {
      "E190": 1.0
    },
    "DKH": {
      "A320": 1.0
    },
    "CHH": {
      "B738": 1.0
    },
    "CRK": {
      "A320": 1.0
    },
    "JAS": {
      "A319": 0.6666666666666666,
      "A320": 0.3333333333333333
    },
    "HDA": {
      "A330": 0.3333333333333333,
      "A321": 0.3333333333333333,
      "A320": 0.3333333333333333
    },
    "KAL": {
      "B738": 0.5,
      "B739": 0.5
    },
    "KLM": {
      "B777": 1.0
    },
    "KN": {
      "B737": 1.0
    },
    "KSY": {
      "B737": 1.0
    },
    "CXA": {
      "B737": 0.6666666666666666,
      "B738": 0.29411764705882354,
      "B739": 0.0196078431372549,
      "E190": 0.0196078431372549
    },
    "MAS": {
      "B738": 1.0
    },
    "SLK": {
      "A320": 1.0
    },
    "CES": {
      "A320": 0.6923076923076923,
      "B737": 0.23076923076923078,
      "A321": 0.07692307692307693
    },
    "ANA": {
      "B767": 1.0
    },
    "NS": {
      "B737": 1.0
    },
    "AMU": {
      "A319": 0.5,
      "A321": 0.5
    },
    "CHB": {
      "A319": 0.6666666666666666,
      "A320": 0.3333333333333333
    },
    "PAL": {
      "A320": 1.0
    },
    "CDG": {
      "B738": 0.8947368421052632,
      "B737": 0.10526315789473684
    },
    "THA": {
      "A330": 1.0
    },
    "VEX": {
      "A319": 1.0
    },
    "HVN": {
      "A321": 1.0
    },
    "CSZ": {
      "A320": 0.5,
      "B738": 0.375,
      "B737": 0.125
    }
  },
  "hourly_profile": [],
  "delay_rate": 0.0,
  "delay_distribution": {},
  "mean_delay_minutes": 0.0,
  "data_source": "openflights",
  "region": "",
  "profile_date": "2026-03-21",
  "sample_size": 352
}