{
  "icao_code": "XNN",
  "iata_code": "XNN",
  "airline_shares": {
    "CES": 0.18604651162790697,
    "CSC": 0.13953488372093023,
    "CSN": 0.11627906976744186,
    "CCA": 0.09302325581395349,
    "VEX": 0.09302325581395349,
    "CHH": 0.06976744186046512,
    "CXA": 0.06976744186046512,
    "RHC": 0.046511627906976744,
    "PDC": 0.046511627906976744,
    "CDG": 0.046511627906976744,
    "CSZ": 0.046511627906976744,
    "G5": 0.023255813953488372,
    "DKH": 0.023255813953488372
  },
  "domestic_route_shares": {
    "XIY": 0.23684210526315788,
    "CKG": 0.15789473684210525,
    "CTU": 0.10526315789473684,
    "PEK": 0.10526315789473684,
    "CGO": 0.07894736842105263,
    "LXA": 0.05263157894736842,
    "URC": 0.05263157894736842,
    "KMG": 0.02631578947368421,
    "TSN": 0.02631578947368421,
    "CSX": 0.02631578947368421,
    "KWE": 0.02631578947368421,
    "PVG": 0.02631578947368421,
    "INC": 0.02631578947368421,
    "NKG": 0.02631578947368421,
    "WUH": 0.02631578947368421
  },
  "international_route_shares": {
    "YUS": 0.4,
    "MIG": 0.2,
    "ZHY": 0.2,
    "GOQ": 0.2
  },
  "domestic_ratio": 0.884,
  "fleet_mix": {
    "CSC": {
      "A320": 0.6666666666666666,
      "A319": 0.3333333333333333
    },
    "RHC": {
      "B738": 1.0
    },
    "PDC": {
      "B738": 1.0
    },
    "CCA": {
      "A320": 0.5,
      "A319": 0.25,
      "B738": 0.25
    },
    "CSN": {
      "A320": 0.8,
      "B738": 0.2
    },
    "G5": {
      "CRJ9": 1.0
    },
    "DKH": {
      "A320": 1.0
    },
    "CHH": {
      "B738": 1.0
    },
    "CXA": {
      "B737": 1.0
    },
    "CES": {
      "A320": 0.5555555555555556,
      "A319": 0.4444444444444444
    },
    "CDG": {
      "B737": 1.0
    },
    "VEX": {
      "A319": 1.0
    },
    "CSZ": {
      "A320": 0.6666666666666666,
      "B738": 0.3333333333333333
    }
  },
  "hourly_profile": [],
  "delay_rate": 0.0,
  "delay_distribution": {},
  "mean_delay_minutes": 0.0,
  "data_source": "openflights",
  "region": "",
  "profile_date": "2026-03-21",
  "sample_size": 86
}