{
  "icao_code": "YCU",
  "iata_code": "YCU",
  "airline_shares": {
    "CCA": 0.3888888888888889,
    "CSN": 0.2222222222222222,
    "CES": 0.16666666666666666,
    "CDG": 0.1111111111111111,
    "CSH": 0.05555555555555555,
    "CSZ": 0.05555555555555555
  },
  "domestic_route_shares": {
    "CAN": 0.05555555555555555,
    "CTU": 0.05555555555555555,
    "HGH": 0.05555555555555555,
    "KMG": 0.05555555555555555,
    "PEK": 0.05555555555555555,
    "TSN": 0.05555555555555555,
    "URC": 0.05555555555555555,
    "CKG": 0.05555555555555555,
    "CSX": 0.05555555555555555,
    "HRB": 0.05555555555555555,
    "SYX": 0.05555555555555555,
    "PVG": 0.05555555555555555,
    "NKG": 0.05555555555555555,
    "TYN": 0.05555555555555555,
    "WUH": 0.05555555555555555,
    "LHW": 0.05555555555555555,
    "TAO": 0.05555555555555555,
    "SZX": 0.05555555555555555
  },
  "international_route_shares": {},
  "domestic_ratio": 1.0,
  "fleet_mix": {
    "CCA": {
      "B737": 0.3333333333333333,
      "B738": 0.3333333333333333,
      "A320": 0.2222222222222222,
      "A319": 0.1111111111111111
    },
    "CSN": {
      "A320": 1.0
    },
    "CSH": {
      "B738": 1.0
    },
    "CES": {
      "A320": 0.6666666666666666,
      "B737": 0.3333333333333333
    },
    "CDG": {
      "B738": 1.0
    },
    "CSZ": {
      "A320": 1.0
    }
  },
  "hourly_profile": [],
  "delay_rate": 0.0,
  "delay_distribution": {},
  "mean_delay_minutes": 0.0,
  "data_source": "openflights",
  "region": "",
  "profile_date": "2026-03-21",
  "sample_size": 36
}