{
  "icao_code": "YEG",
  "iata_code": "YEG",
  "airline_shares": {
    "WJA": 0.46808510638297873,
    "ACA": 0.10638297872340426,
    "9M": 0.0851063829787234,
    "AAL": 0.0851063829787234,
    "PLR": 0.06382978723404255,
    "UAL": 0.06382978723404255,
    "USA": 0.031914893617021274,
    "ANT": 0.02127659574468085,
    "MPE": 0.02127659574468085,
    "FAB": 0.02127659574468085,
    "ICE": 0.02127659574468085,
    "TSC": 0.010638297872340425
  },
  "domestic_route_shares": {
    "YYC": 0.2,
    "YOW": 0.13333333333333333,
    "YUL": 0.13333333333333333,
    "YVR": 0.13333333333333333,
    "YYZ": 0.13333333333333333,
    "YLW": 0.06666666666666667,
    "YWG": 0.06666666666666667,
    "YXE": 0.06666666666666667,
    "YYJ": 0.06666666666666667
  },
  "international_route_shares": {
    "YZF": 0.09375,
    "PHX": 0.09375,
    "LAS": 0.0625,
    "LAX": 0.0625,
    "YMM": 0.0625,
    "DFW": 0.046875,
    "YOJ": 0.03125,
    "YOP": 0.03125,
    "YXJ": 0.03125,
    "LHR": 0.03125,
    "KEF": 0.03125,
    "YHY": 0.03125,
    "YSM": 0.03125,
    "DEN": 0.03125,
    "EWR": 0.03125,
    "IAH": 0.03125,
    "CUN": 0.03125,
    "PSP": 0.03125,
    "PVR": 0.03125,
    "YHM": 0.03125,
    "YQQ": 0.03125,
    "YQR": 0.03125,
    "YQU": 0.03125,
    "YXX": 0.03125,
    "YXY": 0.015625
  },
  "domestic_ratio": 0.319,
  "fleet_mix": {
    "ANT": {
      "B737": 1.0
    },
    "FAB": {
      "B737": 1.0
    },
    "AAL": {
      "B737": 0.5,
      "A319": 0.3333333333333333,
      "A320": 0.16666666666666666
    },
    "ACA": {
      "A320": 0.3888888888888889,
      "E190": 0.3333333333333333,
      "A319": 0.16666666666666666,
      "B767": 0.1111111111111111
    },
    "UAL": {
      "A319": 0.5,
      "B738": 0.16666666666666666,
      "A320": 0.16666666666666666,
      "B737": 0.16666666666666666
    },
    "USA": {
      "A319": 0.6,
      "A320": 0.4
    },
    "WJA": {
      "B738": 0.5,
      "DH8D": 0.5
    }
  },
  "hourly_profile": [],
  "delay_rate": 0.0,
  "delay_distribution": {},
  "mean_delay_minutes": 0.0,
  "data_source": "openflights",
  "region": "",
  "profile_date": "2026-03-21",
  "sample_size": 94
}