{
  "icao_code": "YHZ",
  "iata_code": "YHZ",
  "airline_shares": {
    "ACA": 0.3620689655172414,
    "WJA": 0.3103448275862069,
    "TSC": 0.1206896551724138,
    "POE": 0.10344827586206896,
    "CFG": 0.034482758620689655,
    "PB": 0.034482758620689655,
    "SPM": 0.034482758620689655
  },
  "domestic_route_shares": {
    "YOW": 0.2727272727272727,
    "YYT": 0.2727272727272727,
    "YUL": 0.18181818181818182,
    "YYZ": 0.18181818181818182,
    "YYC": 0.09090909090909091
  },
  "international_route_shares": {
    "MBJ": 0.1111111111111111,
    "CUN": 0.08333333333333333,
    "MCO": 0.08333333333333333,
    "PUJ": 0.08333333333333333,
    "LHR": 0.05555555555555555,
    "YFC": 0.05555555555555555,
    "YQM": 0.05555555555555555,
    "YSJ": 0.05555555555555555,
    "YYG": 0.05555555555555555,
    "FRA": 0.05555555555555555,
    "YCL": 0.05555555555555555,
    "FSP": 0.05555555555555555,
    "YHM": 0.05555555555555555,
    "POP": 0.027777777777777776,
    "SNU": 0.027777777777777776,
    "CCC": 0.027777777777777776,
    "LRM": 0.027777777777777776,
    "VRA": 0.027777777777777776
  },
  "domestic_ratio": 0.379,
  "fleet_mix": {
    "ACA": {
      "E190": 0.32,
      "A319": 0.24,
      "A320": 0.2,
      "B767": 0.16,
      "E175": 0.08
    },
    "CFG": {
      "B767": 1.0
    },
    "POE": {
      "DH8D": 1.0
    }
  },
  "hourly_profile": [],
  "delay_rate": 0.0,
  "delay_distribution": {},
  "mean_delay_minutes": 0.0,
  "data_source": "openflights",
  "region": "",
  "profile_date": "2026-03-21",
  "sample_size": 58
}