{
  "icao_code": "YIW",
  "iata_code": "YIW",
  "airline_shares": {
    "CSN": 0.625,
    "GUN": 0.1875,
    "CCA": 0.125,
    "CHH": 0.0625
  },
  "domestic_route_shares": {
    "PEK": 0.13333333333333333,
    "SWA": 0.13333333333333333,
    "CTU": 0.06666666666666667,
    "CAN": 0.06666666666666667,
    "CGO": 0.06666666666666667,
    "HRB": 0.06666666666666667,
    "KMG": 0.06666666666666667,
    "SHE": 0.06666666666666667,
    "URC": 0.06666666666666667,
    "XMN": 0.06666666666666667,
    "ZUH": 0.06666666666666667,
    "JJN": 0.06666666666666667,
    "XIY": 0.06666666666666667
  },
  "international_route_shares": {
    "LYI": 1.0
  },
  "domestic_ratio": 0.938,
  "fleet_mix": {
    "CCA": {
      "A319": 0.5,
      "B738": 0.5
    },
    "CSN": {
      "B738": 0.8333333333333334,
      "E190": 0.08333333333333333,
      "A319": 0.08333333333333333
    },
    "GUN": {
      "E190": 1.0
    },
    "CHH": {
      "B738": 1.0
    }
  },
  "hourly_profile": [],
  "delay_rate": 0.0,
  "delay_distribution": {},
  "mean_delay_minutes": 0.0,
  "data_source": "openflights",
  "region": "",
  "profile_date": "2026-03-21",
  "sample_size": 32
}