{
  "icao_code": "YKS",
  "iata_code": "YKS",
  "airline_shares": {
    "SYL": 0.5,
    "SUF": 0.19444444444444445,
    "DRU": 0.08333333333333333,
    "SBI": 0.05555555555555555,
    "AFL": 0.05555555555555555,
    "MRR": 0.027777777777777776,
    "IOS": 0.027777777777777776,
    "SVR": 0.027777777777777776,
    "TSO": 0.027777777777777776
  },
  "domestic_route_shares": {
    "IKT": 0.25,
    "VVO": 0.16666666666666666,
    "KJA": 0.08333333333333333,
    "LED": 0.08333333333333333,
    "UUD": 0.08333333333333333,
    "VKO": 0.08333333333333333,
    "SVO": 0.08333333333333333,
    "OVB": 0.08333333333333333,
    "DME": 0.08333333333333333
  },
  "international_route_shares": {
    "ULK": 0.125,
    "MJZ": 0.08333333333333333,
    "PYJ": 0.08333333333333333,
    "CKH": 0.08333333333333333,
    "CYX": 0.08333333333333333,
    "IKS": 0.08333333333333333,
    "MQJ": 0.08333333333333333,
    "NER": 0.08333333333333333,
    "PEK": 0.08333333333333333,
    "GDX": 0.041666666666666664,
    "SUK": 0.041666666666666664,
    "BQS": 0.041666666666666664,
    "HRB": 0.041666666666666664,
    "KHV": 0.041666666666666664
  },
  "domestic_ratio": 0.333,
  "fleet_mix": {
    "SYL": {
      "DH8D": 0.625,
      "B738": 0.375
    },
    "SBI": {
      "B738": 1.0
    },
    "AFL": {
      "B738": 0.5,
      "A319": 0.5
    },
    "SVR": {
      "A320": 1.0
    },
    "TSO": {
      "B767": 1.0
    }
  },
  "hourly_profile": [],
  "delay_rate": 0.0,
  "delay_distribution": {},
  "mean_delay_minutes": 0.0,
  "data_source": "openflights",
  "region": "",
  "profile_date": "2026-03-21",
  "sample_size": 72
}