{
  "icao_code": "YNB",
  "iata_code": "YNB",
  "airline_shares": {
    "SVA": 0.21052631578947367,
    "NIA": 0.15789473684210525,
    "ALX": 0.10526315789473684,
    "FDB": 0.10526315789473684,
    "ABY": 0.10526315789473684,
    "THY": 0.10526315789473684,
    "LMU": 0.10526315789473684,
    "KNE": 0.10526315789473684
  },
  "domestic_route_shares": {
    "JED": 0.3333333333333333,
    "RUH": 0.3333333333333333,
    "DMM": 0.3333333333333333
  },
  "international_route_shares": {
    "CAI": 0.46153846153846156,
    "DXB": 0.15384615384615385,
    "SHJ": 0.15384615384615385,
    "IST": 0.15384615384615385,
    "HBE": 0.07692307692307693
  },
  "domestic_ratio": 0.316,
  "fleet_mix": {
    "ALX": {
      "A320": 1.0
    },
    "FDB": {
      "B738": 1.0
    },
    "ABY": {
      "A320": 1.0
    },
    "NIA": {
      "A320": 1.0
    },
    "SVA": {
      "E175": 0.3333333333333333,
      "A320": 0.3333333333333333,
      "A321": 0.3333333333333333
    },
    "THY": {
      "A320": 0.5,
      "A321": 0.5
    },
    "LMU": {
      "A320": 1.0
    },
    "KNE": {
      "A320": 1.0
    }
  },
  "hourly_profile": [],
  "delay_rate": 0.0,
  "delay_distribution": {},
  "mean_delay_minutes": 0.0,
  "data_source": "openflights",
  "region": "",
  "profile_date": "2026-03-21",
  "sample_size": 19
}