{
  "icao_code": "YNT",
  "iata_code": "YNT",
  "airline_shares": {
    "CDG": 0.35714285714285715,
    "CES": 0.16666666666666666,
    "CCA": 0.11904761904761904,
    "CSN": 0.11904761904761904,
    "CSZ": 0.11904761904761904,
    "PDC": 0.047619047619047616,
    "CSH": 0.023809523809523808,
    "GUN": 0.023809523809523808,
    "OZR": 0.023809523809523808
  },
  "domestic_route_shares": {
    "HRB": 0.11428571428571428,
    "CGQ": 0.08571428571428572,
    "PEK": 0.08571428571428572,
    "WUH": 0.08571428571428572,
    "SHA": 0.08571428571428572,
    "TSN": 0.05714285714285714,
    "CTU": 0.05714285714285714,
    "CAN": 0.05714285714285714,
    "PVG": 0.05714285714285714,
    "NKG": 0.05714285714285714,
    "DLC": 0.02857142857142857,
    "CSX": 0.02857142857142857,
    "SHE": 0.02857142857142857,
    "HFE": 0.02857142857142857,
    "HGH": 0.02857142857142857,
    "SJW": 0.02857142857142857,
    "SZX": 0.02857142857142857,
    "TNA": 0.02857142857142857,
    "XIY": 0.02857142857142857
  },
  "international_route_shares": {
    "ICN": 0.5714285714285714,
    "HKG": 0.14285714285714285,
    "KIX": 0.14285714285714285,
    "TPE": 0.14285714285714285
  },
  "domestic_ratio": 0.833,
  "fleet_mix": {
    "CCA": {
      "A320": 0.4,
      "A319": 0.2,
      "A321": 0.2,
      "B738": 0.2
    },
    "CSN": {
      "A320": 0.5,
      "A319": 0.25,
      "A321": 0.25
    },
    "CSH": {
      "B737": 1.0
    },
    "GUN": {
      "E190": 1.0
    },
    "CES": {
      "A320": 0.875,
      "A321": 0.125
    },
    "OZR": {
      "A321": 0.5,
      "A320": 0.5
    },
    "CDG": {
      "B738": 1.0
    },
    "CSZ": {
      "A320": 0.42857142857142855,
      "B738": 0.2857142857142857,
      "CRJ9": 0.14285714285714285,
      "B737": 0.14285714285714285
    }
  },
  "hourly_profile": [],
  "delay_rate": 0.0,
  "delay_distribution": {},
  "mean_delay_minutes": 0.0,
  "data_source": "openflights",
  "region": "",
  "profile_date": "2026-03-21",
  "sample_size": 84
}