{
  "icao_code": "YNZ",
  "iata_code": "YNZ",
  "airline_shares": {
    "CES": 0.38461538461538464,
    "CSN": 0.3076923076923077,
    "CXA": 0.15384615384615385,
    "UIA": 0.07692307692307693,
    "CCA": 0.07692307692307693
  },
  "domestic_route_shares": {
    "PEK": 0.10526315789473684,
    "DLC": 0.10526315789473684,
    "SHE": 0.10526315789473684,
    "WUH": 0.10526315789473684,
    "HRB": 0.10526315789473684,
    "XMN": 0.10526315789473684,
    "CSX": 0.10526315789473684,
    "SHA": 0.10526315789473684,
    "XIY": 0.10526315789473684,
    "CAN": 0.05263157894736842
  },
  "international_route_shares": {
    "TPE": 0.5714285714285714,
    "HKG": 0.2857142857142857,
    "NTG": 0.14285714285714285
  },
  "domestic_ratio": 0.731,
  "fleet_mix": {
    "UIA": {
      "A321": 1.0
    },
    "CCA": {
      "B737": 1.0
    },
    "CSN": {
      "B738": 0.5714285714285714,
      "B737": 0.42857142857142855
    },
    "CXA": {
      "B737": 1.0
    },
    "CES": {
      "A320": 1.0
    }
  },
  "hourly_profile": [],
  "delay_rate": 0.0,
  "delay_distribution": {},
  "mean_delay_minutes": 0.0,
  "data_source": "openflights",
  "region": "",
  "profile_date": "2026-03-21",
  "sample_size": 26
}