{
  "icao_code": "YOW",
  "iata_code": "YOW",
  "airline_shares": {
    "ACA": 0.4,
    "WJA": 0.3,
    "POE": 0.15,
    "ANT": 0.05,
    "MPE": 0.05,
    "FAB": 0.05
  },
  "domestic_route_shares": {
    "YHZ": 0.23076923076923078,
    "YEG": 0.15384615384615385,
    "YYC": 0.15384615384615385,
    "YYZ": 0.15384615384615385,
    "YUL": 0.07692307692307693,
    "YVR": 0.07692307692307693,
    "YWG": 0.07692307692307693,
    "YYT": 0.07692307692307693
  },
  "international_route_shares": {
    "YFB": 0.2857142857142857,
    "YZF": 0.14285714285714285,
    "FRA": 0.14285714285714285,
    "LHR": 0.14285714285714285,
    "YQM": 0.14285714285714285,
    "YTZ": 0.14285714285714285
  },
  "domestic_ratio": 0.65,
  "fleet_mix": {
    "ANT": {
      "B737": 1.0
    },
    "ACA": {
      "E190": 0.3333333333333333,
      "A320": 0.26666666666666666,
      "B767": 0.2,
      "A330": 0.06666666666666667,
      "A319": 0.06666666666666667,
      "E175": 0.06666666666666667
    },
    "POE": {
      "DH8D": 1.0
    }
  },
  "hourly_profile": [],
  "delay_rate": 0.0,
  "delay_distribution": {},
  "mean_delay_minutes": 0.0,
  "data_source": "openflights",
  "region": "",
  "profile_date": "2026-03-21",
  "sample_size": 40
}