{
  "icao_code": "YQB",
  "iata_code": "YQB",
  "airline_shares": {
    "P6": 0.35135135135135137,
    "TSC": 0.21621621621621623,
    "3H": 0.10810810810810811,
    "PB": 0.10810810810810811,
    "NAK": 0.10810810810810811,
    "POE": 0.05405405405405406,
    "WJA": 0.05405405405405406
  },
  "domestic_route_shares": {
    "YUL": 0.6666666666666666,
    "YYZ": 0.3333333333333333
  },
  "international_route_shares": {
    "YZV": 0.21428571428571427,
    "YBC": 0.14285714285714285,
    "YKL": 0.07142857142857142,
    "YGR": 0.07142857142857142,
    "YHU": 0.07142857142857142,
    "YYY": 0.07142857142857142,
    "YTZ": 0.07142857142857142,
    "CDG": 0.07142857142857142,
    "PUJ": 0.07142857142857142,
    "YBG": 0.03571428571428571,
    "YVB": 0.03571428571428571,
    "YWK": 0.03571428571428571,
    "CUN": 0.03571428571428571
  },
  "domestic_ratio": 0.243,
  "fleet_mix": {
    "POE": {
      "DH8D": 1.0
    }
  },
  "hourly_profile": [],
  "delay_rate": 0.0,
  "delay_distribution": {},
  "mean_delay_minutes": 0.0,
  "data_source": "openflights",
  "region": "",
  "profile_date": "2026-03-21",
  "sample_size": 37
}