{
  "icao_code": "YSSY",
  "iata_code": "SYD",
  "airline_shares": {
    "QFA": 0.22676579925650558,
    "JST": 0.16356877323420074,
    "RXA": 0.12639405204460966,
    "TGW": 0.06691449814126393,
    "ANZ": 0.04460966542750929,
    "VOZ": 0.03717472118959108,
    "UAE": 0.02973977695167286,
    "UAL": 0.022304832713754646,
    "CES": 0.01858736059479554,
    "AIC": 0.01486988847583643,
    "CCA": 0.01486988847583643,
    "CAL": 0.01486988847583643,
    "FJI": 0.01486988847583643,
    "GIA": 0.01486988847583643,
    "CSC": 0.007434944237918215,
    "ACA": 0.007434944237918215,
    "BAW": 0.007434944237918215,
    "CPA": 0.007434944237918215,
    "CSN": 0.007434944237918215,
    "XAX": 0.007434944237918215,
    "DAL": 0.007434944237918215,
    "ETH": 0.007434944237918215,
    "ETD": 0.007434944237918215,
    "HAL": 0.007434944237918215,
    "JAL": 0.007434944237918215,
    "KAL": 0.007434944237918215,
    "LAN": 0.007434944237918215,
    "MAS": 0.007434944237918215,
    "AVN": 0.007434944237918215,
    "OZR": 0.007434944237918215,
    "PAL": 0.007434944237918215,
    "ANG": 0.007434944237918215,
    "CDP": 0.007434944237918215,
    "ACI": 0.007434944237918215,
    "SQC": 0.007434944237918215,
    "THA": 0.007434944237918215,
    "SCO": 0.007434944237918215,
    "HVN": 0.007434944237918215,
    "AAL": 0.0037174721189591076,
    "KLM": 0.0037174721189591076,
    "VIR": 0.0037174721189591076
  },
  "domestic_route_shares": {
    "MEL": 0.19298245614035087,
    "ADL": 0.10526315789473684,
    "BNE": 0.10526315789473684,
    "CNS": 0.10526315789473684,
    "OOL": 0.10526315789473684,
    "PER": 0.10526315789473684,
    "DRW": 0.07017543859649122,
    "HBA": 0.07017543859649122,
    "AVV": 0.03508771929824561,
    "MCY": 0.03508771929824561,
    "BME": 0.03508771929824561,
    "NTL": 0.03508771929824561
  },
  "international_route_shares": {
    "AKL": 0.05660377358490566,
    "SIN": 0.05188679245283019,
    "LAX": 0.03773584905660377,
    "CHC": 0.03773584905660377,
    "PVG": 0.02830188679245283,
    "BKK": 0.02830188679245283,
    "NAN": 0.02830188679245283,
    "HNL": 0.02830188679245283,
    "WLG": 0.02830188679245283,
    "HKG": 0.02358490566037736,
    "CGK": 0.02358490566037736,
    "KUL": 0.018867924528301886,
    "DXB": 0.018867924528301886,
    "AUH": 0.018867924528301886,
    "DPS": 0.018867924528301886,
    "NRT": 0.018867924528301886,
    "BNK": 0.018867924528301886,
    "ZQN": 0.018867924528301886,
    "ICN": 0.018867924528301886,
    "NKG": 0.018867924528301886,
    "MNL": 0.018867924528301886,
    "ASP": 0.018867924528301886,
    "CBR": 0.018867924528301886,
    "NOU": 0.018867924528301886,
    "CKG": 0.009433962264150943,
    "YVR": 0.009433962264150943,
    "DEL": 0.009433962264150943,
    "PEK": 0.009433962264150943,
    "TPE": 0.009433962264150943,
    "CAN": 0.009433962264150943,
    "SUV": 0.009433962264150943,
    "AYQ": 0.009433962264150943,
    "HKT": 0.009433962264150943,
    "HTI": 0.009433962264150943,
    "LST": 0.009433962264150943,
    "TSV": 0.009433962264150943,
    "VLI": 0.009433962264150943,
    "NLK": 0.009433962264150943,
    "PQQ": 0.009433962264150943,
    "RAR": 0.009433962264150943,
    "POM": 0.009433962264150943,
    "TWB": 0.009433962264150943,
    "JNB": 0.009433962264150943,
    "KTA": 0.009433962264150943,
    "SCL": 0.009433962264150943,
    "CFS": 0.009433962264150943,
    "PPP": 0.009433962264150943,
    "SFO": 0.009433962264150943,
    "SGN": 0.009433962264150943,
    "ABX": 0.009433962264150943,
    "ARM": 0.009433962264150943,
    "BHQ": 0.009433962264150943,
    "BHS": 0.009433962264150943,
    "DBO": 0.009433962264150943,
    "GFF": 0.009433962264150943,
    "LSY": 0.009433962264150943,
    "MIM": 0.009433962264150943,
    "MQL": 0.009433962264150943,
    "MYA": 0.009433962264150943,
    "NRA": 0.009433962264150943,
    "OAG": 0.009433962264150943,
    "PKE": 0.009433962264150943,
    "TRO": 0.009433962264150943,
    "WGA": 0.009433962264150943,
    "DFW": 0.0047169811320754715
  },
  "domestic_ratio": 0.212,
  "fleet_mix": {
    "AAL": {
      "B737": 1.0
    },
    "ACA": {
      "B777": 1.0
    },
    "AIC": {
      "B787": 1.0
    },
    "BAW": {
      "B777": 1.0
    },
    "CAL": {
      "A330": 1.0
    },
    "CPA": {
      "A330": 1.0
    },
    "CSN": {
      "A330": 1.0
    },
    "DAL": {
      "B777": 1.0
    },
    "UAE": {
      "A380": 0.5,
      "B777": 0.5
    },
    "ETH": {
      "A380": 1.0
    },
    "ETD": {
      "B777": 1.0
    },
    "FJI": {
      "A330": 0.5,
      "B738": 0.5
    },
    "GIA": {
      "A330": 1.0
    },
    "HAL": {
      "A330": 1.0
    },
    "JAL": {
      "B777": 1.0
    },
    "JST": {
      "A320": 0.6428571428571429,
      "A321": 0.17857142857142858,
      "B787": 0.10714285714285714,
      "A330": 0.07142857142857142
    },
    "KAL": {
      "A330": 1.0
    },
    "MAS": {
      "A330": 1.0
    },
    "CES": {
      "A330": 1.0
    },
    "AVN": {
      "B738": 1.0
    },
    "ANZ": {
      "A320": 0.5,
      "B767": 0.25,
      "B777": 0.125,
      "AT76": 0.125
    },
    "OZR": {
      "B777": 1.0
    },
    "ANG": {
      "B738": 1.0
    },
    "QFA": {
      "B738": 0.38095238095238093,
      "A330": 0.23809523809523808,
      "B744": 0.16666666666666666,
      "B767": 0.14285714285714285,
      "A380": 0.07142857142857142
    },
    "ACI": {
      "A320": 0.5,
      "A330": 0.5
    },
    "SQC": {
      "B777": 0.6666666666666666,
      "A380": 0.3333333333333333
    },
    "TGW": {
      "A320": 1.0
    },
    "SCO": {
      "B777": 1.0
    },
    "UAL": {
      "B777": 1.0
    },
    "VOZ": {
      "B777": 0.4,
      "A320": 0.4,
      "AT76": 0.2
    }
  },
  "hourly_profile": [
    0.0,
    0.0,
    0.0,
    0.0,
    0.0,
    0.008,
    0.06,
    0.072,
    0.078,
    0.068,
    0.055,
    0.048,
    0.045,
    0.048,
    0.055,
    0.062,
    0.068,
    0.072,
    0.065,
    0.055,
    0.042,
    0.03,
    0.015,
    0.002
  ],
  "taxi_out_mean_min": 0.0,
  "taxi_out_p95_min": 0.0,
  "taxi_in_mean_min": 0.0,
  "taxi_in_p95_min": 0.0,
  "turnaround_median_min": 0.0,
  "turnaround_p75_min": 0.0,
  "turnaround_p95_min": 0.0,
  "delay_rate": 0.14,
  "delay_distribution": {
    "71": 0.18,
    "68": 0.18,
    "81": 0.16,
    "72": 0.12,
    "62": 0.12,
    "63": 0.08,
    "67": 0.06,
    "61": 0.05,
    "41": 0.05
  },
  "mean_delay_minutes": 18.0,
  "data_source": "openflights+known_stats",
  "region": "",
  "profile_date": "2026-03-22",
  "sample_size": 269
}