{
  "icao_code": "YUL",
  "iata_code": "YUL",
  "airline_shares": {
    "ACA": 0.3192488262910798,
    "TSC": 0.19718309859154928,
    "WJA": 0.09389671361502347,
    "USA": 0.06572769953051644,
    "CUB": 0.046948356807511735,
    "3H": 0.03755868544600939,
    "PB": 0.028169014084507043,
    "AAL": 0.018779342723004695,
    "DAL": 0.018779342723004695,
    "POE": 0.018779342723004695,
    "RJA": 0.018779342723004695,
    "YN": 0.018779342723004695,
    "FAB": 0.009389671361502348,
    "AFR": 0.009389671361502348,
    "DAH": 0.009389671361502348,
    "AMX": 0.009389671361502348,
    "RAM": 0.009389671361502348,
    "BAW": 0.009389671361502348,
    "KLM": 0.009389671361502348,
    "GEC": 0.009389671361502348,
    "SWR": 0.009389671361502348,
    "SPM": 0.009389671361502348,
    "QTR": 0.009389671361502348,
    "CRL": 0.009389671361502348,
    "STU": 0.004694835680751174
  },
  "domestic_route_shares": {
    "YQB": 0.17647058823529413,
    "YYZ": 0.17647058823529413,
    "YEG": 0.11764705882352941,
    "YHZ": 0.11764705882352941,
    "YVR": 0.11764705882352941,
    "YYC": 0.11764705882352941,
    "YOW": 0.058823529411764705,
    "YYT": 0.058823529411764705,
    "YWG": 0.058823529411764705
  },
  "international_route_shares": {
    "CDG": 0.0335195530726257,
    "CUN": 0.0335195530726257,
    "HOG": 0.0335195530726257,
    "PUJ": 0.0335195530726257,
    "JFK": 0.0335195530726257,
    "LGA": 0.027932960893854747,
    "VRA": 0.027932960893854747,
    "DTW": 0.027932960893854747,
    "DFW": 0.0223463687150838,
    "MIA": 0.0223463687150838,
    "BRU": 0.0223463687150838,
    "FLL": 0.0223463687150838,
    "LAS": 0.0223463687150838,
    "LHR": 0.0223463687150838,
    "MCO": 0.0223463687150838,
    "ORD": 0.0223463687150838,
    "SNU": 0.0223463687150838,
    "ZRH": 0.0223463687150838,
    "AMM": 0.0223463687150838,
    "YGL": 0.0111731843575419,
    "YGW": 0.0111731843575419,
    "YUY": 0.0111731843575419,
    "YVP": 0.0111731843575419,
    "AZS": 0.0111731843575419,
    "CZM": 0.0111731843575419,
    "DEN": 0.0111731843575419,
    "FDF": 0.0111731843575419,
    "FRA": 0.0111731843575419,
    "GVA": 0.0111731843575419,
    "LAX": 0.0111731843575419,
    "MBJ": 0.0111731843575419,
    "PAP": 0.0111731843575419,
    "PTP": 0.0111731843575419,
    "SFO": 0.0111731843575419,
    "CCC": 0.0111731843575419,
    "ALG": 0.0111731843575419,
    "MEX": 0.0111731843575419,
    "CMN": 0.0111731843575419,
    "CMW": 0.0111731843575419,
    "AMS": 0.0111731843575419,
    "MUC": 0.0111731843575419,
    "YWK": 0.0111731843575419,
    "YZV": 0.0111731843575419,
    "YTZ": 0.0111731843575419,
    "FSP": 0.0111731843575419,
    "DOH": 0.0111731843575419,
    "ORY": 0.0111731843575419,
    "AGP": 0.0111731843575419,
    "ATH": 0.0111731843575419,
    "BCN": 0.0111731843575419,
    "BOD": 0.0111731843575419,
    "FCO": 0.0111731843575419,
    "LGW": 0.0111731843575419,
    "LIS": 0.0111731843575419,
    "LYS": 0.0111731843575419,
    "MRS": 0.0111731843575419,
    "NCE": 0.0111731843575419,
    "TLS": 0.0111731843575419,
    "VCE": 0.0111731843575419,
    "YMT": 0.0111731843575419,
    "YVO": 0.0111731843575419,
    "PLS": 0.00558659217877095,
    "TLV": 0.00558659217877095,
    "ZSA": 0.00558659217877095,
    "SCU": 0.00558659217877095,
    "CYO": 0.00558659217877095,
    "TUN": 0.00558659217877095
  },
  "domestic_ratio": 0.16,
  "fleet_mix": {
    "AAL": {
      "B738": 1.0
    },
    "ACA": {
      "A319": 0.3473684210526316,
      "A320": 0.18947368421052632,
      "E190": 0.11578947368421053,
      "A330": 0.10526315789473684,
      "E175": 0.08421052631578947,
      "B767": 0.07368421052631578,
      "B777": 0.042105263157894736,
      "A321": 0.042105263157894736
    },
    "AFR": {
      "B744": 1.0
    },
    "AMX": {
      "B738": 1.0
    },
    "RAM": {
      "B767": 1.0
    },
    "BAW": {
      "B777": 1.0
    },
    "CUB": {
      "A320": 1.0
    },
    "DAL": {
      "CRJ9": 0.5,
      "CRJ7": 0.5
    },
    "STU": {
      "A330": 1.0
    },
    "GEC": {
      "A330": 1.0
    },
    "SWR": {
      "A330": 1.0
    },
    "POE": {
      "DH8D": 1.0
    },
    "QTR": {
      "B777": 1.0
    },
    "CRL": {
      "A330": 1.0
    },
    "TSC": {
      "B738": 1.0
    },
    "USA": {
      "B738": 0.6666666666666666,
      "CRJ9": 0.3333333333333333
    },
    "WJA": {
      "CRJ9": 1.0
    }
  },
  "hourly_profile": [],
  "delay_rate": 0.0,
  "delay_distribution": {},
  "mean_delay_minutes": 0.0,
  "data_source": "openflights",
  "region": "",
  "profile_date": "2026-03-21",
  "sample_size": 213
}