{
  "icao_code": "YVR",
  "iata_code": "YVR",
  "airline_shares": {
    "ACA": 0.228310502283105,
    "WJA": 0.228310502283105,
    "PCO": 0.0958904109589041,
    "AAL": 0.0593607305936073,
    "9M": 0.0547945205479452,
    "TSC": 0.045662100456621,
    "UAL": 0.0365296803652968,
    "BH": 0.0273972602739726,
    "ANT": 0.0182648401826484,
    "CPA": 0.0182648401826484,
    "GEC": 0.0182648401826484,
    "ANA": 0.0182648401826484,
    "PAL": 0.0182648401826484,
    "USA": 0.0182648401826484,
    "CSC": 0.0091324200913242,
    "ASA": 0.0091324200913242,
    "BAW": 0.0091324200913242,
    "EVA": 0.0091324200913242,
    "CCA": 0.0091324200913242,
    "CAL": 0.0091324200913242,
    "CSN": 0.0091324200913242,
    "CFG": 0.0091324200913242,
    "JAL": 0.0091324200913242,
    "KAL": 0.0091324200913242,
    "KLM": 0.0091324200913242,
    "CES": 0.0091324200913242,
    "ANZ": 0.0045662100456621
  },
  "domestic_route_shares": {
    "YYC": 0.16666666666666666,
    "YYZ": 0.16666666666666666,
    "YLW": 0.1111111111111111,
    "YYJ": 0.1111111111111111,
    "YEG": 0.1111111111111111,
    "YUL": 0.1111111111111111,
    "YWG": 0.1111111111111111,
    "YOW": 0.05555555555555555,
    "YXE": 0.05555555555555555
  },
  "international_route_shares": {
    "LAX": 0.04371584699453552,
    "LAS": 0.03278688524590164,
    "NRT": 0.03278688524590164,
    "ORD": 0.03278688524590164,
    "PVR": 0.03278688524590164,
    "SFO": 0.03278688524590164,
    "YBL": 0.0273224043715847,
    "YWL": 0.0273224043715847,
    "YXY": 0.02185792349726776,
    "YQQ": 0.02185792349726776,
    "DFW": 0.02185792349726776,
    "PHX": 0.02185792349726776,
    "EWR": 0.02185792349726776,
    "HKG": 0.02185792349726776,
    "HND": 0.02185792349726776,
    "HNL": 0.02185792349726776,
    "ICN": 0.02185792349726776,
    "LHR": 0.02185792349726776,
    "OGG": 0.02185792349726776,
    "PEK": 0.02185792349726776,
    "PVG": 0.02185792349726776,
    "YXT": 0.02185792349726776,
    "TPE": 0.02185792349726776,
    "FRA": 0.02185792349726776,
    "CUN": 0.02185792349726776,
    "YQZ": 0.01639344262295082,
    "SHE": 0.01092896174863388,
    "QBC": 0.01092896174863388,
    "YPW": 0.01092896174863388,
    "YXC": 0.01092896174863388,
    "YZT": 0.01092896174863388,
    "YZZ": 0.01092896174863388,
    "ZMT": 0.01092896174863388,
    "YDQ": 0.01092896174863388,
    "YKA": 0.01092896174863388,
    "MEX": 0.01092896174863388,
    "SYD": 0.01092896174863388,
    "AKL": 0.01092896174863388,
    "YPR": 0.01092896174863388,
    "YYD": 0.01092896174863388,
    "JFK": 0.01092896174863388,
    "CAN": 0.01092896174863388,
    "AMS": 0.01092896174863388,
    "MUC": 0.01092896174863388,
    "MNL": 0.01092896174863388,
    "LGW": 0.01092896174863388,
    "MAN": 0.01092896174863388,
    "DEN": 0.01092896174863388,
    "IAH": 0.01092896174863388,
    "KOA": 0.01092896174863388,
    "LIH": 0.01092896174863388,
    "PSP": 0.01092896174863388,
    "SJD": 0.01092896174863388,
    "SNA": 0.01092896174863388,
    "YQR": 0.01092896174863388,
    "YXJ": 0.01092896174863388,
    "YXS": 0.01092896174863388,
    "YAA": 0.00546448087431694,
    "PDX": 0.00546448087431694
  },
  "domestic_ratio": 0.164,
  "fleet_mix": {
    "ANT": {
      "B737": 1.0
    },
    "AAL": {
      "B737": 0.4,
      "B738": 0.13333333333333333,
      "B787": 0.13333333333333333,
      "A319": 0.13333333333333333,
      "A321": 0.13333333333333333,
      "DH8D": 0.06666666666666667
    },
    "ACA": {
      "A319": 0.23076923076923078,
      "B767": 0.20512820512820512,
      "B777": 0.16666666666666666,
      "A320": 0.16666666666666666,
      "E190": 0.1282051282051282,
      "A321": 0.0641025641025641,
      "A330": 0.038461538461538464
    },
    "ASA": {
      "B739": 1.0
    },
    "BAW": {
      "B744": 1.0
    },
    "EVA": {
      "B744": 1.0
    },
    "CPA": {
      "B777": 1.0
    },
    "CSN": {
      "B787": 1.0
    },
    "CFG": {
      "B767": 1.0
    },
    "JAL": {
      "B787": 1.0
    },
    "KAL": {
      "B777": 1.0
    },
    "GEC": {
      "B744": 0.5,
      "A330": 0.5
    },
    "CES": {
      "A330": 1.0
    },
    "ANA": {
      "A319": 0.5,
      "B767": 0.5
    },
    "ANZ": {
      "B777": 1.0
    },
    "PAL": {
      "B777": 1.0
    },
    "UAL": {
      "A319": 0.26666666666666666,
      "A320": 0.26666666666666666,
      "B739": 0.2,
      "B738": 0.13333333333333333,
      "B737": 0.13333333333333333
    },
    "USA": {
      "B738": 0.3333333333333333,
      "A319": 0.3333333333333333,
      "A321": 0.3333333333333333
    },
    "WJA": {
      "B738": 0.6666666666666666,
      "DH8D": 0.3333333333333333
    }
  },
  "hourly_profile": [],
  "delay_rate": 0.0,
  "delay_distribution": {},
  "mean_delay_minutes": 0.0,
  "data_source": "openflights",
  "region": "",
  "profile_date": "2026-03-21",
  "sample_size": 219
}