{
  "icao_code": "YYC",
  "iata_code": "YYC",
  "airline_shares": {
    "WJA": 0.47435897435897434,
    "ACA": 0.19230769230769232,
    "AAL": 0.08974358974358974,
    "TSC": 0.08974358974358974,
    "9M": 0.038461538461538464,
    "UAL": 0.038461538461538464,
    "USA": 0.02564102564102564,
    "ANT": 0.01282051282051282,
    "BAW": 0.01282051282051282,
    "DAL": 0.01282051282051282,
    "KLM": 0.01282051282051282
  },
  "domestic_route_shares": {
    "YEG": 0.17647058823529413,
    "YVR": 0.17647058823529413,
    "YOW": 0.11764705882352941,
    "YUL": 0.11764705882352941,
    "YYZ": 0.11764705882352941,
    "YHZ": 0.058823529411764705,
    "YLW": 0.058823529411764705,
    "YWG": 0.058823529411764705,
    "YXE": 0.058823529411764705,
    "YYJ": 0.058823529411764705
  },
  "international_route_shares": {
    "DFW": 0.04918032786885246,
    "LAS": 0.04918032786885246,
    "LAX": 0.04918032786885246,
    "ORD": 0.04918032786885246,
    "PHX": 0.04918032786885246,
    "CUN": 0.040983606557377046,
    "YXS": 0.03278688524590164,
    "JFK": 0.03278688524590164,
    "SAN": 0.03278688524590164,
    "FRA": 0.03278688524590164,
    "LHR": 0.03278688524590164,
    "PVR": 0.03278688524590164,
    "SJD": 0.03278688524590164,
    "AMS": 0.03278688524590164,
    "YLL": 0.01639344262295082,
    "EWR": 0.01639344262295082,
    "NRT": 0.01639344262295082,
    "VRA": 0.01639344262295082,
    "YQF": 0.01639344262295082,
    "MSP": 0.01639344262295082,
    "GLA": 0.01639344262295082,
    "LGW": 0.01639344262295082,
    "MAN": 0.01639344262295082,
    "DEN": 0.01639344262295082,
    "IAH": 0.01639344262295082,
    "MCO": 0.01639344262295082,
    "PSP": 0.01639344262295082,
    "SFO": 0.01639344262295082,
    "YBR": 0.01639344262295082,
    "YCD": 0.01639344262295082,
    "YHM": 0.01639344262295082,
    "YKA": 0.01639344262295082,
    "YKF": 0.01639344262295082,
    "YMM": 0.01639344262295082,
    "YQG": 0.01639344262295082,
    "YQQ": 0.01639344262295082,
    "YQR": 0.01639344262295082,
    "YQU": 0.01639344262295082,
    "YXJ": 0.01639344262295082,
    "YXU": 0.01639344262295082,
    "YXX": 0.01639344262295082,
    "YXY": 0.00819672131147541
  },
  "domestic_ratio": 0.218,
  "fleet_mix": {
    "ANT": {
      "B737": 1.0
    },
    "AAL": {
      "B737": 0.75,
      "B738": 0.125,
      "A319": 0.125
    },
    "ACA": {
      "A319": 0.4090909090909091,
      "E190": 0.20454545454545456,
      "A320": 0.18181818181818182,
      "A321": 0.06818181818181818,
      "B777": 0.045454545454545456,
      "A330": 0.045454545454545456,
      "B767": 0.045454545454545456
    },
    "BAW": {
      "B767": 1.0
    },
    "DAL": {
      "A319": 0.6666666666666666,
      "A320": 0.3333333333333333
    },
    "UAL": {
      "B738": 0.3333333333333333,
      "A320": 0.26666666666666666,
      "B739": 0.2,
      "B737": 0.2
    },
    "USA": {
      "B738": 0.5,
      "A319": 0.5
    },
    "WJA": {
      "B738": 0.5853658536585366,
      "DH8D": 0.4146341463414634
    }
  },
  "hourly_profile": [],
  "delay_rate": 0.0,
  "delay_distribution": {},
  "mean_delay_minutes": 0.0,
  "data_source": "openflights",
  "region": "",
  "profile_date": "2026-03-21",
  "sample_size": 156
}