{
  "icao_code": "YYT",
  "iata_code": "YYT",
  "airline_shares": {
    "ACA": 0.27586206896551724,
    "WJA": 0.27586206896551724,
    "PB": 0.2413793103448276,
    "POE": 0.06896551724137931,
    "SPM": 0.06896551724137931,
    "UAL": 0.06896551724137931
  },
  "domestic_route_shares": {
    "YHZ": 0.42857142857142855,
    "YYZ": 0.2857142857142857,
    "YUL": 0.14285714285714285,
    "YOW": 0.14285714285714285
  },
  "international_route_shares": {
    "LHR": 0.13333333333333333,
    "YAY": 0.13333333333333333,
    "YDF": 0.13333333333333333,
    "YYR": 0.13333333333333333,
    "FSP": 0.13333333333333333,
    "EWR": 0.13333333333333333,
    "MCO": 0.13333333333333333,
    "YJT": 0.06666666666666667
  },
  "domestic_ratio": 0.483,
  "fleet_mix": {
    "ACA": {
      "E190": 0.42857142857142855,
      "A319": 0.35714285714285715,
      "A320": 0.21428571428571427
    },
    "POE": {
      "DH8D": 1.0
    },
    "UAL": {
      "A319": 1.0
    },
    "WJA": {
      "B738": 1.0
    }
  },
  "hourly_profile": [],
  "delay_rate": 0.0,
  "delay_distribution": {},
  "mean_delay_minutes": 0.0,
  "data_source": "openflights",
  "region": "",
  "profile_date": "2026-03-21",
  "sample_size": 29
}