{
  "icao_code": "YYZ",
  "iata_code": "YYZ",
  "airline_shares": {
    "ACA": 0.39378238341968913,
    "WJA": 0.24611398963730569,
    "TSC": 0.07772020725388601,
    "USA": 0.031088082901554404,
    "AAL": 0.025906735751295335,
    "BWA": 0.02072538860103627,
    "PIA": 0.015544041450777202,
    "RZO": 0.015544041450777202,
    "AVA": 0.010362694300518135,
    "CUB": 0.010362694300518135,
    "ETD": 0.010362694300518135,
    "OLA": 0.010362694300518135,
    "DAL": 0.007772020725388601,
    "JAI": 0.0051813471502590676,
    "AFR": 0.0051813471502590676,
    "AZA": 0.0051813471502590676,
    "BAW": 0.0051813471502590676,
    "EVA": 0.0051813471502590676,
    "CMP": 0.0051813471502590676,
    "CPA": 0.0051813471502590676,
    "EIN": 0.0051813471502590676,
    "UAE": 0.0051813471502590676,
    "ETH": 0.0051813471502590676,
    "ICE": 0.0051813471502590676,
    "CHH": 0.0051813471502590676,
    "KAL": 0.0051813471502590676,
    "KLM": 0.0051813471502590676,
    "GEC": 0.0051813471502590676,
    "LOT": 0.0051813471502590676,
    "ELY": 0.0051813471502590676,
    "MSR": 0.0051813471502590676,
    "PAL": 0.0051813471502590676,
    "AFL": 0.0051813471502590676,
    "SVA": 0.0051813471502590676,
    "THY": 0.0051813471502590676,
    "UAL": 0.0051813471502590676,
    "TSO": 0.0051813471502590676
  },
  "domestic_route_shares": {
    "YUL": 0.12244897959183673,
    "YVR": 0.12244897959183673,
    "YEG": 0.08163265306122448,
    "YHZ": 0.08163265306122448,
    "YOW": 0.08163265306122448,
    "YWG": 0.08163265306122448,
    "YXE": 0.08163265306122448,
    "YYC": 0.08163265306122448,
    "YYJ": 0.08163265306122448,
    "YYT": 0.08163265306122448,
    "YQB": 0.061224489795918366,
    "YLW": 0.04081632653061224
  },
  "international_route_shares": {
    "KIN": 0.02373887240356083,
    "ORD": 0.020771513353115726,
    "DFW": 0.017804154302670624,
    "LAS": 0.017804154302670624,
    "LAX": 0.017804154302670624,
    "MCO": 0.017804154302670624,
    "MIA": 0.017804154302670624,
    "CDG": 0.017804154302670624,
    "CUN": 0.017804154302670624,
    "FCO": 0.017804154302670624,
    "LGA": 0.017804154302670624,
    "PUJ": 0.017804154302670624,
    "SNU": 0.017804154302670624,
    "JFK": 0.017804154302670624,
    "LHR": 0.01483679525222552,
    "BRU": 0.011869436201780416,
    "ANU": 0.011869436201780416,
    "AUA": 0.011869436201780416,
    "AUH": 0.011869436201780416,
    "AZS": 0.011869436201780416,
    "BDA": 0.011869436201780416,
    "BGI": 0.011869436201780416,
    "CCC": 0.011869436201780416,
    "FLL": 0.011869436201780416,
    "FRA": 0.011869436201780416,
    "GCM": 0.011869436201780416,
    "GND": 0.011869436201780416,
    "HKG": 0.011869436201780416,
    "IST": 0.011869436201780416,
    "LIR": 0.011869436201780416,
    "MBJ": 0.011869436201780416,
    "MEX": 0.011869436201780416,
    "NAS": 0.011869436201780416,
    "PEK": 0.011869436201780416,
    "PLS": 0.011869436201780416,
    "POP": 0.011869436201780416,
    "RSW": 0.011869436201780416,
    "TLV": 0.011869436201780416,
    "TPA": 0.011869436201780416,
    "UVF": 0.011869436201780416,
    "VRA": 0.011869436201780416,
    "WAW": 0.011869436201780416,
    "YDF": 0.011869436201780416,
    "YMM": 0.011869436201780416,
    "YQR": 0.011869436201780416,
    "GEO": 0.011869436201780416,
    "POS": 0.011869436201780416,
    "DUB": 0.011869436201780416,
    "AMS": 0.011869436201780416,
    "LIS": 0.011869436201780416,
    "OPO": 0.008902077151335312,
    "BOG": 0.005934718100890208,
    "BOS": 0.005934718100890208,
    "CPH": 0.005934718100890208,
    "DCA": 0.005934718100890208,
    "DEN": 0.005934718100890208,
    "EWR": 0.005934718100890208,
    "GGT": 0.005934718100890208,
    "GRU": 0.005934718100890208,
    "HAV": 0.005934718100890208,
    "HOG": 0.005934718100890208,
    "LIM": 0.005934718100890208,
    "MUC": 0.005934718100890208,
    "NRT": 0.005934718100890208,
    "PHL": 0.005934718100890208,
    "PHX": 0.005934718100890208,
    "PVG": 0.005934718100890208,
    "SAN": 0.005934718100890208,
    "SCL": 0.005934718100890208,
    "SEA": 0.005934718100890208,
    "SFO": 0.005934718100890208,
    "SJO": 0.005934718100890208,
    "YQG": 0.005934718100890208,
    "ZRH": 0.005934718100890208,
    "SAL": 0.005934718100890208,
    "TPE": 0.005934718100890208,
    "PTY": 0.005934718100890208,
    "CMW": 0.005934718100890208,
    "DXB": 0.005934718100890208,
    "KEF": 0.005934718100890208,
    "ICN": 0.005934718100890208,
    "CAI": 0.005934718100890208,
    "ISB": 0.005934718100890208,
    "KHI": 0.005934718100890208,
    "LHE": 0.005934718100890208,
    "PDL": 0.005934718100890208,
    "SVO": 0.005934718100890208,
    "JED": 0.005934718100890208,
    "ATH": 0.005934718100890208,
    "BCN": 0.005934718100890208,
    "GLA": 0.005934718100890208,
    "LGW": 0.005934718100890208,
    "MAN": 0.005934718100890208,
    "VCE": 0.005934718100890208,
    "VKO": 0.005934718100890208,
    "MYR": 0.005934718100890208,
    "SJU": 0.005934718100890208,
    "SXM": 0.005934718100890208,
    "YQM": 0.005934718100890208,
    "YQT": 0.005934718100890208,
    "YYG": 0.005934718100890208,
    "ATL": 0.002967359050445104,
    "ADD": 0.002967359050445104
  },
  "domestic_ratio": 0.127,
  "fleet_mix": {
    "JAI": {
      "A330": 1.0
    },
    "AAL": {
      "B737": 0.4,
      "B738": 0.4,
      "A319": 0.2
    },
    "ACA": {
      "A319": 0.29955947136563876,
      "E190": 0.1762114537444934,
      "A320": 0.13215859030837004,
      "B777": 0.1145374449339207,
      "B767": 0.1145374449339207,
      "E175": 0.07929515418502203,
      "A330": 0.039647577092511016,
      "A321": 0.03524229074889868,
      "B787": 0.00881057268722467
    },
    "AFR": {
      "B777": 1.0
    },
    "AVA": {
      "A319": 0.5,
      "A320": 0.5
    },
    "AZA": {
      "A330": 1.0
    },
    "BAW": {
      "B787": 0.5,
      "B744": 0.5
    },
    "EVA": {
      "B777": 1.0
    },
    "BWA": {
      "B738": 0.8,
      "B767": 0.2
    },
    "CMP": {
      "B738": 1.0
    },
    "CUB": {
      "A320": 1.0
    },
    "CPA": {
      "B777": 1.0
    },
    "DAL": {
      "CRJ7": 0.6666666666666666,
      "CRJ9": 0.3333333333333333
    },
    "UAE": {
      "A380": 1.0
    },
    "ETH": {
      "B777": 0.5,
      "B787": 0.5
    },
    "ETD": {
      "B777": 1.0
    },
    "CHH": {
      "B787": 1.0
    },
    "KAL": {
      "B777": 1.0
    },
    "GEC": {
      "B744": 1.0
    },
    "LOT": {
      "B787": 1.0
    },
    "ELY": {
      "B767": 1.0
    },
    "MSR": {
      "B777": 1.0
    },
    "OLA": {
      "B752": 1.0
    },
    "PIA": {
      "B777": 1.0
    },
    "PAL": {
      "B777": 1.0
    },
    "AFL": {
      "B767": 1.0
    },
    "SVA": {
      "B777": 1.0
    },
    "THY": {
      "B767": 0.5,
      "B777": 0.5
    },
    "TSC": {
      "B738": 1.0
    },
    "UAL": {
      "A320": 0.3333333333333333,
      "B737": 0.3333333333333333,
      "A319": 0.3333333333333333
    },
    "TSO": {
      "B777": 1.0
    },
    "USA": {
      "CRJ7": 0.5,
      "B738": 0.3333333333333333,
      "A319": 0.16666666666666666
    },
    "WJA": {
      "B738": 0.8484848484848485,
      "CRJ9": 0.06060606060606061,
      "CRJ7": 0.06060606060606061,
      "E175": 0.030303030303030304
    }
  },
  "hourly_profile": [],
  "delay_rate": 0.0,
  "delay_distribution": {},
  "mean_delay_minutes": 0.0,
  "data_source": "openflights",
  "region": "",
  "profile_date": "2026-03-21",
  "sample_size": 386
}