{
  "icao_code": "ZAD",
  "iata_code": "ZAD",
  "airline_shares": {
    "RYR": 0.5833333333333334,
    "GWI": 0.16666666666666666,
    "CTN": 0.16666666666666666,
    "ISK": 0.041666666666666664,
    "ELO": 0.041666666666666664
  },
  "domestic_route_shares": {
    "PUY": 0.5,
    "ZAG": 0.5
  },
  "international_route_shares": {
    "FDH": 0.045454545454545456,
    "CGN": 0.045454545454545456,
    "DUS": 0.045454545454545456,
    "STR": 0.045454545454545456,
    "TXL": 0.045454545454545456,
    "BLL": 0.045454545454545456,
    "BVA": 0.045454545454545456,
    "CRL": 0.045454545454545456,
    "DUB": 0.045454545454545456,
    "FKB": 0.045454545454545456,
    "GSE": 0.045454545454545456,
    "HAU": 0.045454545454545456,
    "HHN": 0.045454545454545456,
    "MAN": 0.045454545454545456,
    "MRS": 0.045454545454545456,
    "NRN": 0.045454545454545456,
    "NYO": 0.045454545454545456,
    "RYG": 0.045454545454545456,
    "STN": 0.045454545454545456,
    "WAW": 0.045454545454545456,
    "FRA": 0.045454545454545456,
    "MUC": 0.045454545454545456
  },
  "domestic_ratio": 0.083,
  "fleet_mix": {
    "ISK": {
      "AT76": 1.0
    },
    "GWI": {
      "A319": 0.75,
      "CRJ9": 0.25
    },
    "RYR": {
      "B738": 1.0
    },
    "ELO": {
      "DH8D": 1.0
    },
    "CTN": {
      "DH8D": 0.75,
      "A319": 0.25
    }
  },
  "hourly_profile": [],
  "delay_rate": 0.0,
  "delay_distribution": {},
  "mean_delay_minutes": 0.0,
  "data_source": "openflights",
  "region": "",
  "profile_date": "2026-03-21",
  "sample_size": 48
}