{
  "icao_code": "ZAG",
  "iata_code": "ZAG",
  "airline_shares": {
    "CTN": 0.5942028985507246,
    "GEC": 0.08695652173913043,
    "GWI": 0.057971014492753624,
    "AFR": 0.028985507246376812,
    "BAW": 0.028985507246376812,
    "NAX": 0.028985507246376812,
    "QTR": 0.028985507246376812,
    "AFL": 0.028985507246376812,
    "THY": 0.028985507246376812,
    "TAP": 0.028985507246376812,
    "EZY": 0.028985507246376812,
    "VLG": 0.028985507246376812
  },
  "domestic_route_shares": {
    "DBV": 0.2222222222222222,
    "RJK": 0.2222222222222222,
    "SPU": 0.2222222222222222,
    "ZAD": 0.2222222222222222,
    "PUY": 0.1111111111111111
  },
  "international_route_shares": {
    "CDG": 0.06666666666666667,
    "LHR": 0.06666666666666667,
    "CPH": 0.06666666666666667,
    "FRA": 0.06666666666666667,
    "MUC": 0.06666666666666667,
    "BCN": 0.06666666666666667,
    "IST": 0.06666666666666667,
    "CGN": 0.03333333333333333,
    "STR": 0.03333333333333333,
    "TXL": 0.03333333333333333,
    "AMS": 0.03333333333333333,
    "BRU": 0.03333333333333333,
    "BWK": 0.03333333333333333,
    "OSI": 0.03333333333333333,
    "PRN": 0.03333333333333333,
    "SJJ": 0.03333333333333333,
    "SKP": 0.03333333333333333,
    "VIE": 0.03333333333333333,
    "ZRH": 0.03333333333333333,
    "BUD": 0.03333333333333333,
    "SVO": 0.03333333333333333,
    "BLQ": 0.03333333333333333,
    "LGW": 0.03333333333333333
  },
  "domestic_ratio": 0.13,
  "fleet_mix": {
    "GWI": {
      "A319": 0.6666666666666666,
      "CRJ9": 0.3333333333333333
    },
    "BAW": {
      "A319": 0.5,
      "A320": 0.5
    },
    "NAX": {
      "B738": 1.0
    },
    "GEC": {
      "E190": 0.3333333333333333,
      "CRJ9": 0.3333333333333333,
      "A320": 0.3333333333333333
    },
    "CTN": {
      "DH8D": 0.43859649122807015,
      "A319": 0.3508771929824561,
      "A320": 0.21052631578947367
    },
    "QTR": {
      "A321": 0.5,
      "A320": 0.5
    },
    "AFL": {
      "A319": 1.0
    },
    "THY": {
      "B739": 0.25,
      "A319": 0.25,
      "A320": 0.25,
      "B738": 0.25
    },
    "TAP": {
      "A319": 0.5,
      "A320": 0.5
    },
    "EZY": {
      "A319": 1.0
    },
    "VLG": {
      "A320": 1.0
    }
  },
  "hourly_profile": [],
  "delay_rate": 0.0,
  "delay_distribution": {},
  "mean_delay_minutes": 0.0,
  "data_source": "openflights",
  "region": "",
  "profile_date": "2026-03-21",
  "sample_size": 69
}