{
  "icao_code": "ZAH",
  "iata_code": "ZAH",
  "airline_shares": {
    "IRC": 0.45454545454545453,
    "IRA": 0.45454545454545453,
    "BGD": 0.09090909090909091
  },
  "domestic_route_shares": {
    "MHD": 0.42857142857142855,
    "THR": 0.2857142857142857,
    "SYZ": 0.14285714285714285,
    "KER": 0.14285714285714285
  },
  "international_route_shares": {
    "GBT": 0.5,
    "DXB": 0.25,
    "ZBR": 0.25
  },
  "domestic_ratio": 0.636,
  "fleet_mix": {
    "IRA": {
      "A320": 1.0
    }
  },
  "hourly_profile": [],
  "delay_rate": 0.0,
  "delay_distribution": {},
  "mean_delay_minutes": 0.0,
  "data_source": "openflights",
  "region": "",
  "profile_date": "2026-03-21",
  "sample_size": 22
}