{
  "icao_code": "ZBAA",
  "iata_code": "PEK",
  "airline_shares": {
    "CCA": 0.3182374541003672,
    "CHH": 0.1383108935128519,
    "CSN": 0.11015911872705018,
    "CES": 0.0832313341493268,
    "JAS": 0.02692778457772338,
    "SBI": 0.02447980416156671,
    "CSZ": 0.02447980416156671,
    "CXA": 0.017135862913096694,
    "CDG": 0.014687882496940025,
    "YCP": 0.012239902080783354,
    "OZR": 0.012239902080783354,
    "CSC": 0.009791921664626682,
    "KAL": 0.009791921664626682,
    "UAL": 0.009791921664626682,
    "ANA": 0.0073439412484700125,
    "RHC": 0.004895960832313341,
    "ACA": 0.004895960832313341,
    "CAL": 0.004895960832313341,
    "DAL": 0.004895960832313341,
    "ETD": 0.004895960832313341,
    "CSH": 0.004895960832313341,
    "TAM": 0.004895960832313341,
    "JAL": 0.004895960832313341,
    "KZR": 0.004895960832313341,
    "GEC": 0.004895960832313341,
    "PIA": 0.004895960832313341,
    "AFL": 0.004895960832313341,
    "ALK": 0.0036719706242350062,
    "CEB": 0.0024479804161566705,
    "AAL": 0.0024479804161566705,
    "AFR": 0.0024479804161566705,
    "DAH": 0.0024479804161566705,
    "FIN": 0.0024479804161566705,
    "AZA": 0.0024479804161566705,
    "BAW": 0.0024479804161566705,
    "EVA": 0.0024479804161566705,
    "CPA": 0.0024479804161566705,
    "XAX": 0.0024479804161566705,
    "DTA": 0.0024479804161566705,
    "UAE": 0.0024479804161566705,
    "ETH": 0.0024479804161566705,
    "GIA": 0.0024479804161566705,
    "GUN": 0.0024479804161566705,
    "HAL": 0.0024479804161566705,
    "DKH": 0.0024479804161566705,
    "CRK": 0.0024479804161566705,
    "UZB": 0.0024479804161566705,
    "IRA": 0.0024479804161566705,
    "AHY": 0.0024479804161566705,
    "KOR": 0.0024479804161566705,
    "HDA": 0.0024479804161566705,
    "KLM": 0.0024479804161566705,
    "LOT": 0.0024479804161566705,
    "LBC": 0.0024479804161566705,
    "SWR": 0.0024479804161566705,
    "ELY": 0.0024479804161566705,
    "MAS": 0.0024479804161566705,
    "MAU": 0.0024479804161566705,
    "MSR": 0.0024479804161566705,
    "AMU": 0.0024479804161566705,
    "MGL": 0.0024479804161566705,
    "PAL": 0.0024479804161566705,
    "QFA": 0.0024479804161566705,
    "QTR": 0.0024479804161566705,
    "SYL": 0.0024479804161566705,
    "SAS": 0.0024479804161566705,
    "SQC": 0.0024479804161566705,
    "THA": 0.0024479804161566705,
    "THY": 0.0024479804161566705,
    "VEX": 0.0024479804161566705,
    "SVR": 0.0024479804161566705,
    "TSO": 0.0024479804161566705,
    "USA": 0.0024479804161566705,
    "HVN": 0.0024479804161566705,
    "VIR": 0.0024479804161566705,
    "Y7": 0.0024479804161566705,
    "SAA": 0.0012239902080783353
  },
  "domestic_route_shares": {
    "HGH": 0.03943661971830986,
    "INC": 0.036619718309859155,
    "SHA": 0.03380281690140845,
    "XMN": 0.03380281690140845,
    "CKG": 0.028169014084507043,
    "CTU": 0.028169014084507043,
    "KMG": 0.028169014084507043,
    "DLC": 0.028169014084507043,
    "HRB": 0.028169014084507043,
    "WUH": 0.028169014084507043,
    "CGQ": 0.022535211267605635,
    "CSX": 0.022535211267605635,
    "HAK": 0.022535211267605635,
    "HLD": 0.022535211267605635,
    "KWL": 0.022535211267605635,
    "LHW": 0.022535211267605635,
    "NGB": 0.022535211267605635,
    "NNG": 0.022535211267605635,
    "PVG": 0.022535211267605635,
    "SZX": 0.022535211267605635,
    "TAO": 0.022535211267605635,
    "XIY": 0.022535211267605635,
    "XNN": 0.022535211267605635,
    "CAN": 0.016901408450704224,
    "FOC": 0.016901408450704224,
    "HET": 0.016901408450704224,
    "HFE": 0.016901408450704224,
    "KHN": 0.016901408450704224,
    "KWE": 0.016901408450704224,
    "LJG": 0.016901408450704224,
    "NKG": 0.016901408450704224,
    "SYX": 0.016901408450704224,
    "URC": 0.016901408450704224,
    "WNZ": 0.016901408450704224,
    "WUX": 0.016901408450704224,
    "YNT": 0.016901408450704224,
    "BAV": 0.011267605633802818,
    "CGO": 0.011267605633802818,
    "DYG": 0.011267605633802818,
    "NDG": 0.011267605633802818,
    "SHE": 0.011267605633802818,
    "SWA": 0.011267605633802818,
    "TYN": 0.011267605633802818,
    "YIW": 0.011267605633802818,
    "ZUH": 0.011267605633802818,
    "DAT": 0.005633802816901409,
    "DSN": 0.005633802816901409,
    "LXA": 0.005633802816901409,
    "TXN": 0.005633802816901409,
    "YCU": 0.005633802816901409,
    "YNZ": 0.005633802816901409,
    "ZHA": 0.005633802816901409,
    "HSN": 0.005633802816901409,
    "JJN": 0.005633802816901409,
    "HIA": 0.005633802816901409,
    "LYA": 0.005633802816901409,
    "LYG": 0.005633802816901409,
    "TNA": 0.005633802816901409
  },
  "international_route_shares": {
    "HKG": 0.025974025974025976,
    "ORD": 0.017316017316017316,
    "TPE": 0.017316017316017316,
    "GMP": 0.017316017316017316,
    "ICN": 0.017316017316017316,
    "NRT": 0.017316017316017316,
    "SVO": 0.017316017316017316,
    "MNL": 0.012987012987012988,
    "CDG": 0.012987012987012988,
    "BKK": 0.012987012987012988,
    "HND": 0.012987012987012988,
    "MDG": 0.012987012987012988,
    "PUS": 0.012987012987012988,
    "YIH": 0.012987012987012988,
    "KHV": 0.012987012987012988,
    "KJA": 0.012987012987012988,
    "YVR": 0.008658008658008658,
    "YYZ": 0.008658008658008658,
    "HEL": 0.008658008658008658,
    "AUH": 0.008658008658008658,
    "LHR": 0.008658008658008658,
    "ADD": 0.008658008658008658,
    "CZX": 0.008658008658008658,
    "DQA": 0.008658008658008658,
    "DXB": 0.008658008658008658,
    "FNJ": 0.008658008658008658,
    "FRA": 0.008658008658008658,
    "HKT": 0.008658008658008658,
    "HNL": 0.008658008658008658,
    "IST": 0.008658008658008658,
    "JMU": 0.008658008658008658,
    "KIX": 0.008658008658008658,
    "KOW": 0.008658008658008658,
    "LGW": 0.008658008658008658,
    "MAD": 0.008658008658008658,
    "MFM": 0.008658008658008658,
    "MUC": 0.008658008658008658,
    "NGO": 0.008658008658008658,
    "SFO": 0.008658008658008658,
    "SIN": 0.008658008658008658,
    "TGO": 0.008658008658008658,
    "ULN": 0.008658008658008658,
    "WUA": 0.008658008658008658,
    "YNJ": 0.008658008658008658,
    "ZYI": 0.008658008658008658,
    "AMS": 0.008658008658008658,
    "CIH": 0.008658008658008658,
    "TAS": 0.008658008658008658,
    "KUL": 0.008658008658008658,
    "SEA": 0.008658008658008658,
    "ALA": 0.008658008658008658,
    "LED": 0.008658008658008658,
    "MLE": 0.008658008658008658,
    "OVB": 0.008658008658008658,
    "JXA": 0.008658008658008658,
    "CJU": 0.008658008658008658,
    "YKS": 0.008658008658008658,
    "SVX": 0.008658008658008658,
    "WXN": 0.004329004329004329,
    "ZHY": 0.004329004329004329,
    "LUM": 0.004329004329004329,
    "ALG": 0.004329004329004329,
    "ARN": 0.004329004329004329,
    "BHY": 0.004329004329004329,
    "CHG": 0.004329004329004329,
    "CIF": 0.004329004329004329,
    "CNX": 0.004329004329004329,
    "CTS": 0.004329004329004329,
    "DAX": 0.004329004329004329,
    "DDG": 0.004329004329004329,
    "DEL": 0.004329004329004329,
    "DUS": 0.004329004329004329,
    "FCO": 0.004329004329004329,
    "FUG": 0.004329004329004329,
    "GVA": 0.004329004329004329,
    "GYS": 0.004329004329004329,
    "HLH": 0.004329004329004329,
    "HMI": 0.004329004329004329,
    "HYN": 0.004329004329004329,
    "IAH": 0.004329004329004329,
    "JDZ": 0.004329004329004329,
    "JFK": 0.004329004329004329,
    "JGS": 0.004329004329004329,
    "LAX": 0.004329004329004329,
    "LZH": 0.004329004329004329,
    "MIG": 0.004329004329004329,
    "MXP": 0.004329004329004329,
    "NTG": 0.004329004329004329,
    "OKA": 0.004329004329004329,
    "REP": 0.004329004329004329,
    "RGN": 0.004329004329004329,
    "RLK": 0.004329004329004329,
    "SGN": 0.004329004329004329,
    "SYD": 0.004329004329004329,
    "TAE": 0.004329004329004329,
    "VIE": 0.004329004329004329,
    "XFN": 0.004329004329004329,
    "XIL": 0.004329004329004329,
    "YBP": 0.004329004329004329,
    "YTY": 0.004329004329004329,
    "KHH": 0.004329004329004329,
    "AOG": 0.004329004329004329,