{
  "icao_code": "ZHA",
  "iata_code": "ZHA",
  "airline_shares": {
    "GUN": 0.21428571428571427,
    "CSC": 0.14285714285714285,
    "CCA": 0.14285714285714285,
    "CSN": 0.14285714285714285,
    "9C": 0.07142857142857142,
    "PDC": 0.07142857142857142,
    "CSH": 0.07142857142857142,
    "KN": 0.07142857142857142,
    "CSZ": 0.07142857142857142
  },
  "domestic_route_shares": {
    "PVG": 0.16666666666666666,
    "CKG": 0.08333333333333333,
    "CSX": 0.08333333333333333,
    "CTU": 0.08333333333333333,
    "PEK": 0.08333333333333333,
    "CAN": 0.08333333333333333,
    "SYX": 0.08333333333333333,
    "HAK": 0.08333333333333333,
    "KMG": 0.08333333333333333,
    "SWA": 0.08333333333333333,
    "SZX": 0.08333333333333333
  },
  "international_route_shares": {
    "HKG": 0.5,
    "NAY": 0.5
  },
  "domestic_ratio": 0.857,
  "fleet_mix": {
    "CSC": {
      "A319": 1.0
    },
    "9C": {
      "A320": 1.0
    },
    "PDC": {
      "B738": 1.0
    },
    "CCA": {
      "A319": 0.5,
      "B738": 0.5
    },
    "CSN": {
      "E190": 0.5,
      "A319": 0.25,
      "A320": 0.25
    },
    "CSH": {
      "B737": 1.0
    },
    "GUN": {
      "E190": 1.0
    },
    "KN": {
      "B737": 1.0
    },
    "CSZ": {
      "B738": 1.0
    }
  },
  "hourly_profile": [],
  "delay_rate": 0.0,
  "delay_distribution": {},
  "mean_delay_minutes": 0.0,
  "data_source": "openflights",
  "region": "",
  "profile_date": "2026-03-21",
  "sample_size": 28
}