{
  "icao_code": "ZRH",
  "iata_code": "ZRH",
  "airline_shares": {
    "SWR": 0.3651685393258427,
    "BER": 0.10112359550561797,
    "OAW": 0.033707865168539325,
    "BHP": 0.028089887640449437,
    "ISK": 0.02247191011235955,
    "BBO": 0.02247191011235955,
    "ELO": 0.016853932584269662,
    "GEC": 0.016853932584269662,
    "CTN": 0.016853932584269662,
    "RJA": 0.016853932584269662,
    "SAS": 0.016853932584269662,
    "TAR": 0.016853932584269662,
    "USA": 0.016853932584269662,
    "GWI": 0.011235955056179775,
    "AAL": 0.011235955056179775,
    "ACA": 0.011235955056179775,
    "TAP": 0.011235955056179775,
    "EZY": 0.011235955056179775,
    "UAL": 0.011235955056179775,
    "CWA": 0.011235955056179775,
    "SXS": 0.011235955056179775,
    "AFR": 0.0056179775280898875,
    "RAM": 0.0056179775280898875,
    "FIN": 0.0056179775280898875,
    "AZA": 0.0056179775280898875,
    "BAW": 0.0056179775280898875,
    "BTI": 0.0056179775280898875,
    "CYP": 0.0056179775280898875,
    "DAL": 0.0056179775280898875,
    "EIN": 0.0056179775280898875,
    "UAE": 0.0056179775280898875,
    "LZB": 0.0056179775280898875,
    "ICE": 0.0056179775280898875,
    "NLY": 0.0056179775280898875,
    "IBE": 0.0056179775280898875,
    "ISS": 0.0056179775280898875,
    "BON": 0.0056179775280898875,
    "ADR": 0.0056179775280898875,
    "ASL": 0.0056179775280898875,
    "KAL": 0.0056179775280898875,
    "KLM": 0.0056179775280898875,
    "AMC": 0.0056179775280898875,
    "LOT": 0.0056179775280898875,
    "ELY": 0.0056179775280898875,
    "CSA": 0.0056179775280898875,
    "OZR": 0.0056179775280898875,
    "PGT": 0.0056179775280898875,
    "AUI": 0.0056179775280898875,
    "QTR": 0.0056179775280898875,
    "TVS": 0.0056179775280898875,
    "SIH": 0.0056179775280898875,
    "SQC": 0.0056179775280898875,
    "AFL": 0.0056179775280898875,
    "THA": 0.0056179775280898875,
    "THY": 0.0056179775280898875,
    "ALK": 0.0056179775280898875,
    "VLG": 0.0056179775280898875,
    "OMA": 0.0056179775280898875,
    "MGX": 0.0056179775280898875,
    "AEE": 0.0028089887640449437,
    "CHH": 0.0028089887640449437
  },
  "domestic_route_shares": {
    "GVA": 1.0
  },
  "international_route_shares": {
    "VIE": 0.02,
    "JFK": 0.017142857142857144,
    "DUS": 0.017142857142857144,
    "IST": 0.017142857142857144,
    "PRG": 0.017142857142857144,
    "SIN": 0.017142857142857144,
    "LIS": 0.014285714285714285,
    "TXL": 0.014285714285714285,
    "BDS": 0.011428571428571429,
    "LCA": 0.011428571428571429,
    "LPA": 0.011428571428571429,
    "RMF": 0.011428571428571429,
    "AYT": 0.011428571428571429,
    "CGN": 0.011428571428571429,
    "HAM": 0.011428571428571429,
    "PHL": 0.011428571428571429,
    "HEL": 0.011428571428571429,
    "NAP": 0.011428571428571429,
    "PMI": 0.011428571428571429,
    "YUL": 0.011428571428571429,
    "CDG": 0.011428571428571429,
    "FCO": 0.011428571428571429,
    "LHR": 0.011428571428571429,
    "DUB": 0.011428571428571429,
    "DXB": 0.011428571428571429,
    "MAD": 0.011428571428571429,
    "BEG": 0.011428571428571429,
    "AMS": 0.011428571428571429,
    "FRA": 0.011428571428571429,
    "MUC": 0.011428571428571429,
    "WAW": 0.011428571428571429,
    "ARN": 0.011428571428571429,
    "BCN": 0.011428571428571429,
    "BKK": 0.011428571428571429,
    "CPH": 0.011428571428571429,
    "EWR": 0.011428571428571429,
    "KBP": 0.011428571428571429,
    "OSL": 0.011428571428571429,
    "TLV": 0.011428571428571429,
    "MCT": 0.011428571428571429,
    "BOD": 0.005714285714285714,
    "BRS": 0.005714285714285714,
    "DRS": 0.005714285714285714,
    "EBA": 0.005714285714285714,
    "GRZ": 0.005714285714285714,
    "SZG": 0.005714285714285714,
    "HRG": 0.005714285714285714,
    "PRN": 0.005714285714285714,
    "SKP": 0.005714285714285714,
    "ACE": 0.005714285714285714,
    "ALC": 0.005714285714285714,
    "CTA": 0.005714285714285714,
    "FNC": 0.005714285714285714,
    "FUE": 0.005714285714285714,
    "GWT": 0.005714285714285714,
    "HER": 0.005714285714285714,
    "IBZ": 0.005714285714285714,
    "OLB": 0.005714285714285714,
    "SUF": 0.005714285714285714,
    "TFS": 0.005714285714285714,
    "YYZ": 0.005714285714285714,
    "CMN": 0.005714285714285714,
    "RIX": 0.005714285714285714,
    "ATL": 0.005714285714285714,
    "FLR": 0.005714285714285714,
    "LEJ": 0.005714285714285714,
    "TRN": 0.005714285714285714,
    "SOF": 0.005714285714285714,
    "KEF": 0.005714285714285714,
    "BNX": 0.005714285714285714,
    "LJU": 0.005714285714285714,
    "GDN": 0.005714285714285714,
    "KRK": 0.005714285714285714,
    "WRO": 0.005714285714285714,
    "MLA": 0.005714285714285714,
    "AGP": 0.005714285714285714,
    "ATH": 0.005714285714285714,
    "BHX": 0.005714285714285714,
    "BOM": 0.005714285714285714,
    "BOS": 0.005714285714285714,
    "BRU": 0.005714285714285714,
    "BUD": 0.005714285714285714,
    "CAI": 0.005714285714285714,
    "DEL": 0.005714285714285714,
    "DME": 0.005714285714285714,
    "GRU": 0.005714285714285714,
    "HAJ": 0.005714285714285714,
    "HKG": 0.005714285714285714,
    "JNB": 0.005714285714285714,
    "LAS": 0.005714285714285714,
    "LAX": 0.005714285714285714,
    "LED": 0.005714285714285714,
    "LUX": 0.005714285714285714,
    "LYS": 0.005714285714285714,
    "MAN": 0.005714285714285714,
    "MIA": 0.005714285714285714,
    "MXP": 0.005714285714285714,
    "NBO": 0.005714285714285714,
    "NCE": 0.005714285714285714,
    "NRT": 0.005714285714285714,
    "NUE": 0.005714285714285714,
    "ORD": 0.005714285714285714,
    "PEK": 0.005714285714285714,
    "PVG": 0.005714285714285714,
    "SFO": 0.005714285714285714,
    "STR": 0.005714285714285714,
    "VCE": 0.005714285714285714,
    "VLC": 0.005714285714285714,
    "DBV": 0.005714285714285714,
    "SPU": 0.005714285714285714,
    "ZAG": 0.005714285714285714,
    "SAW": 0.005714285714285714,
    "DOH": 0.005714285714285714,
    "AMM": 0.005714285714285714,
    "JER": 0.005714285714285714,
    "SVO": 0.005714285714285714,
    "OPO": 0.005714285714285714,
    "DJE": 0.005714285714285714,
    "NBE": 0.005714285714285714,
    "TUN": 0.005714285714285714,
    "LGW": 0.005714285714285714,
    "LTN": 0.005714285714285714,
    "IAD": 0.005714285714285714,
    "BRE": 0.005714285714285714,
    "FMO": 0.005714285714285714,
    "ADB": 0.005714285714285714,
    "TGD": 0.005714285714285714,
    "ICN": 0.002857142857142857
  },
  "domestic_ratio": 0.017,
  "fleet_mix": {
    "OAW": {
      "A319": 1.0
    },
    "BHP": {
      "A320": 1.0
    },
    "GWI": {
      "A319": 0.5,
      "A320": 0.25,
      "CRJ9": 0.25
    },
    "AEE": {
      "A320": 1.0
    },
    "AAL": {
      "B767": 1.0
    },
    "BER": {
      "A320": 0.48484848484848486,
      "A319": 0.15151515151515152,
      "B738": 0.12121212121212122,
      "A321": 0.09090909090909091,
      "B737": 0.09090909090909091,
      "DH8D": 0.030303030303030304,
      "A330": 0.030303030303030304
    },
    "ACA": {
      "A330": 1.0
    },
    "AFR": {
      "A318": 1.0
    },
    "RAM": {
      "B738": 0.5,
      "B737": 0.5
    },
    "FIN": {
      "A319": 0.5,
      "A320": 0.5
    },
    "AZA": {
      "E175": 0.5,
      "E190": 0.5
    },
    "BAW": {
      "A319": 0.3333333333333333,
      "A320": 0.3333333333333333,
      "A321": 0.3333333333333333
    },
    "CYP": {
      "A320": 1.0
    },
    "EIN": {
      "A320": 1.0
    },
    "UAE": {
      "A380": 0.5,
      "B777": 0.5
    },
    "LZB": {
      "E190": 1.0
    },
    "NLY": {
      "A321": 0.3333333333333333,
      "E190": 0.3333333333333333,
      "A320": 0.3333333333333333
    },
    "CHH": {
      "A319": 0.3333333333333333,
      "B738": 0.3333333333333333,
      "A320": 0.3333333333333333
    },
    "IBE": {
      "A319": 1.0
    },
    "ISS": {
      "A320": 1.0
    },
    "BON": {
      "AT76": 1.0
    },
    "ADR": {
      "CRJ9": 0.5,
      "A319": 0.5
    },
    "ASL": {
      "A319": 1.0
    },
    "ELO": {
      "DH8D": 1.0
    },