{
  "icao_code": "ZUH",
  "iata_code": "ZUH",
  "airline_shares": {
    "CSN": 0.32323232323232326,
    "CCA": 0.10101010101010101,
    "CDG": 0.10101010101010101,
    "GUN": 0.06060606060606061,
    "CSZ": 0.06060606060606061,
    "CSC": 0.04040404040404041,
    "PDC": 0.04040404040404041,
    "G5": 0.04040404040404041,
    "DKH": 0.04040404040404041,
    "CXA": 0.04040404040404041,
    "CES": 0.04040404040404041,
    "CHB": 0.04040404040404041,
    "9C": 0.030303030303030304,
    "CSH": 0.020202020202020204,
    "NS": 0.020202020202020204
  },
  "domestic_route_shares": {
    "PVG": 0.10588235294117647,
    "SHA": 0.09411764705882353,
    "HAK": 0.07058823529411765,
    "NNG": 0.07058823529411765,
    "SYX": 0.047058823529411764,
    "CKG": 0.047058823529411764,
    "PEK": 0.047058823529411764,
    "CGO": 0.047058823529411764,
    "KHN": 0.047058823529411764,
    "KWE": 0.047058823529411764,
    "FOC": 0.047058823529411764,
    "XMN": 0.047058823529411764,
    "TSN": 0.023529411764705882,
    "CTU": 0.023529411764705882,
    "CSX": 0.023529411764705882,
    "HFE": 0.023529411764705882,
    "HGH": 0.023529411764705882,
    "KMG": 0.023529411764705882,
    "SWA": 0.023529411764705882,
    "WUH": 0.023529411764705882,
    "YIW": 0.023529411764705882,
    "KWL": 0.023529411764705882,
    "NGB": 0.023529411764705882,
    "WNZ": 0.023529411764705882
  },
  "international_route_shares": {
    "HYN": 0.2857142857142857,
    "CZX": 0.14285714285714285,
    "MXZ": 0.14285714285714285,
    "LZH": 0.14285714285714285,
    "WUZ": 0.14285714285714285,
    "KOW": 0.14285714285714285
  },
  "domestic_ratio": 0.859,
  "fleet_mix": {
    "CSC": {
      "A320": 1.0
    },
    "9C": {
      "A320": 1.0
    },
    "PDC": {
      "B738": 1.0
    },
    "CCA": {
      "B738": 0.6666666666666666,
      "A319": 0.16666666666666666,
      "A321": 0.16666666666666666
    },
    "CSN": {
      "B738": 0.7368421052631579,
      "A320": 0.10526315789473684,
      "B737": 0.05263157894736842,
      "E190": 0.05263157894736842,
      "A321": 0.05263157894736842
    },
    "CSH": {
      "B738": 1.0
    },
    "G5": {
      "CRJ9": 1.0
    },
    "GUN": {
      "E190": 1.0
    },
    "DKH": {
      "A320": 1.0
    },
    "CXA": {
      "B737": 1.0
    },
    "CES": {
      "B738": 0.3333333333333333,
      "A320": 0.3333333333333333,
      "A321": 0.3333333333333333
    },
    "NS": {
      "E190": 1.0
    },
    "CHB": {
      "A320": 1.0
    },
    "CDG": {
      "B738": 0.8,
      "B737": 0.2
    },
    "CSZ": {
      "B738": 1.0
    }
  },
  "hourly_profile": [],
  "delay_rate": 0.0,
  "delay_distribution": {},
  "mean_delay_minutes": 0.0,
  "data_source": "openflights",
  "region": "",
  "profile_date": "2026-03-21",
  "sample_size": 99
}